componente,total_clusters,clusters_con_bioact
0,137050,2818
1,42,4
2,29,2
3,21,1
4,56,1
5,19,4
6,32,2
7,18,1
8,2485,27
9,384,2
10,156,1
11,478,1
12,43,1
13,17,1
14,58,4
15,26,1
16,10,1
17,6,1
18,187,28
19,168,1
20,265,5
21,181,15
22,879,64
23,100,6
24,54,2
25,71,1
26,504,4
27,2,1
28,33,1
29,111,5
30,10,2
31,608,1
32,191,1
33,352,1
34,2271,114
35,56,5
36,1205,7
37,3,1
38,165,4
39,5,1
40,1105,70
41,133,14
42,241,6
43,367,7
44,2740,332
45,3327,297
46,28,1
47,23,1
48,9,1
49,338,9
50,463,8
51,287,5
52,374,1
53,1128,147
54,118,3
55,192,7
56,68,1
57,81,23
58,1720,10
59,6,1
60,155,2
61,49,1
62,137,13
63,73,1
64,1432,145
65,2,1
66,34,4
67,239,1
68,262,6
69,78,1
70,2607,244
71,113,1
72,136,1
73,890,68
74,72,2
75,20213,1970
76,214,1
77,6666,300
78,120,9
79,14,1
80,64,4
81,50,1
82,50,1
83,20,1
84,1079,88
85,660,50
86,336,14
87,22,1
88,69,1
89,146,2
90,7,1
91,10,3
92,54,3
93,437,2
94,3567,196
95,63,12
96,921,93
97,107,3
98,2054,179
99,250,10
100,381,61
101,123,17
102,179,2
103,123,1
104,6,1
105,786,66
106,536,4
107,6,2
108,656,142
109,5,3
110,121,15
111,1645,353
112,1644,264
113,711,1
114,10,1
115,18,4
116,1355,33
117,72,3
118,15,1
119,64,3
120,322,11
121,2,1
122,19,1
123,124,7
124,483,21
125,151,7
126,457,38
127,8,2
128,454,24
129,116,1
130,107,4
131,2,1
132,20,2
133,2,1
134,90,16
135,77,1
136,265,6
137,591,30
138,508,20
139,90,1
140,688,20
141,172,14
142,423,3
143,10,1
144,2,1
145,157,10
146,167,9
147,121,12
148,740,76
149,18,1
150,117,24
151,46,4
152,57,1
153,354,9
154,463,26
155,322,16
156,167,1
157,847,11
158,351,12
159,84,2
160,32,2
161,3,1
162,190,1
163,183,2
164,4,1
165,53,1
166,165,4
167,171,3
168,38,1
169,20,2
170,70,1
171,3377,360
172,14,1
173,146,2
174,52,2
175,387,46
176,36,6
177,238,4
178,62,3
179,337,14
180,2,1
181,6,1
182,48,1
183,562,16
184,41,1
185,7,2
186,349,2
187,179,1
188,680,2
189,62,9
190,53,5
191,273,1
192,14,1
193,5,1
194,37,2
195,27,1
196,13,1
197,6,1
198,32,1
199,182,4
200,297,3
201,111,1
202,102,2
203,10,6
204,83,1
205,64,3
206,211,2
207,9,1
208,25,1
209,59,1
210,53,1
211,563,31
212,9,2
213,39,1
214,76,1
215,120,9
216,709,63
217,29,3
218,120,1
219,984,2
220,12,2
221,68,4
222,12,6
223,58,3
224,47,2
225,155,19
226,33,12
227,3,1
228,103,1
229,11,3
230,2,1
231,281,43
232,369,19
233,167,2
234,13,1
235,19,3
236,6,1
237,8,1
238,244,2
239,10,2
240,81,1
241,390,6
242,20,1
243,87,1
244,433,16
245,48,9
246,103,1
247,129,13
248,210,4
249,156,2
250,26,1
251,2,1
252,3,1
253,405,7
254,1051,72
255,52,1
256,17,4
257,165,1
258,13,2
259,1228,37
260,66,10
261,449,1
262,113,3
263,40,2
264,8,1
265,37,1
266,6,1
267,57,4
268,6,1
269,65,4
270,2,1
271,161,8
272,70,10
273,37,1
274,58,2
275,84,3
276,14,1
277,85,14
278,43,1
279,38,1
280,15,2
281,4,2
282,5,2
283,11,3
284,13,8
285,2,2
286,2,1
287,2,1
288,3,3
289,3,3
290,4,1
291,3,3
292,2,1
293,4,4
294,2,1
295,2,2
296,2,2
297,3,2
298,4,1
299,2,1
300,9,3
301,5,5
302,3,2
303,3,3
304,2,1
305,2,2
306,2,2
307,2,2
308,4,2
309,3,2
310,3,2
311,3,1
312,525,33
313,2,2
314,4,2
315,3,2
316,223,19
317,4,4
318,2,2
319,2,1
320,2,1
321,7,1
322,2,1
323,3,3
324,2,2
325,2,2
326,2,2
327,4,4
328,3,3
329,2,2
330,452,5
331,51,1
332,622,137
333,7,1
334,7,1
335,6,1
336,227,5
337,21,5
338,38,3
339,204,27
340,60,4
341,12,1
342,6,1
343,44,2
344,34,1
345,4,1
346,68,21
347,7,1
348,164,4
349,5,1
350,259,25
351,14,1
352,321,3
353,196,1
354,82,2
355,459,4
356,12,1
357,8,1
358,765,8
359,185,2
360,15,1
361,2,1
362,31,1
363,16,1
364,11,2
365,44,6
366,564,67
367,38,1
368,3,1
369,14,1
370,123,3
371,11,1
372,124,2
373,13,5
374,53,1
375,88,13
376,1155,21
377,2,1
378,171,2
379,36,2
380,4,1
381,13,1
382,51,2
383,14,5
384,15,1
385,82,1
386,230,13
387,53,3
388,171,10
389,59,2
390,13,1
391,22,1
392,410,33
393,195,8
394,43,4
395,347,25
396,143,4
397,4,1
398,26,1
399,10,1
400,84,2
401,27,1
402,1943,16
403,104,2
404,256,2
405,55,1
406,168,4
407,14,4
408,94,1
409,30,2
410,5,1
411,2,1
412,597,13
413,12,1
414,31,1
415,8,1
416,131,1
417,97,2
418,2685,84
419,36,1
420,145,2
421,303,8
422,11,2
423,34,6
424,23,4
425,36,6
426,27,7
427,27,1
428,3,1
429,186,1
430,561,2
431,237,5
432,100,1
433,80,2
434,63,8
435,19,1
436,208,1
437,12,1
438,6,2
439,248,24
440,5,1
441,6,1
442,18,3
443,54,1
444,330,2
445,57,4
446,92,2
447,33,5
448,18,2
449,13,1
450,1942,97
451,52,13
452,74,1
453,288,3
454,16,6
455,6,2
456,73,1
457,117,4
458,77,27
459,2119,36
460,229,78
461,3477,591
462,241,15
463,21,1
464,9,1
465,84,7
466,224,2
467,4111,326
468,55,26
469,158,3
470,778,111
471,148,2
472,54,5
473,134,7
474,6,1
475,91,2
476,362,1
477,524,118
478,357,8
479,219,13
480,290,61
481,68,13
482,330,23
483,26,3
484,10,2
485,42,4
486,14,1
487,147,4
488,16,4
489,97,19
490,78,7
491,36,2
492,7,2
493,129,9
494,6,1
495,57,4
496,108,6
497,173,21
498,19,3
499,135,13
500,76,15
501,16,1
502,146,5
503,145,29
504,123,3
505,53,5
506,105,5
507,428,7
508,250,45
509,20,2
510,232,6
511,15,7
512,16,2
513,200,20
514,13,2
515,156,44
516,51,10
517,2,1
518,150,45
519,384,15
520,6,1
521,10,1
522,143,6
523,20,1
524,21,4
525,36,14
526,19,3
527,13,4
528,79,1
529,6,2
530,43,28
531,1355,124
532,32,1
533,216,6
534,70,38
535,6,1
536,7,2
537,34,2
538,91,1
539,61,1
540,113,9
541,19,8
542,37,1
543,11,2
544,356,11
545,5,1
546,4,1
547,5,1
548,20,2
549,196,1
550,329,18
551,435,16
552,68,5
553,198,12
554,47,1
555,3,1
556,5,2
557,4,1
558,256,9
559,2,1
560,936,124
561,2,1
562,3,1
563,98,5
564,3,1
565,74,1
566,83,24
567,45,1
568,26,3
569,378,6
570,11,3
571,10,2
572,54,1
573,7,4
574,14,2
575,27,5
576,13,2
577,9,2
578,4,1
579,213,12
580,142,13
581,242,9
582,286,155
583,63,5
584,502,52
585,6,1
586,8,1
587,302,42
588,57,1
589,397,22
590,10,1
591,6,1
592,389,25
593,226,1
594,16,4
595,5,1
596,10,1
597,9,2
598,29,1
599,4,1
600,83,10
601,661,92
602,163,1
603,223,29
604,4,1
605,5,1
606,3,1
607,107,9
608,3,1
609,48,2
610,126,2
611,12,1
612,74,1
613,43,3
614,18,1
615,274,42
616,15,1
617,444,1
618,4,3
619,232,21
620,111,17
621,9,3
622,14,3
623,18,3
624,89,24
625,21,2
626,117,6
627,276,33
628,199,33
629,3,1
630,306,42
631,4,1
632,223,19
633,23,1
634,53,8
635,31,6
636,280,76
637,14,1
638,62,4
639,26,1
640,13,1
641,2,1
642,24,4
643,34,1
644,43,8
645,33,1
646,100,9
647,35,2
648,2,1
649,404,11
650,83,6
651,2,2
652,306,15
653,109,3
654,5,1
655,504,8
656,384,68
657,2,1
658,133,36
659,19,3
660,1477,117
661,28,3
662,2,1
663,43,2
664,6,1
665,500,50
666,32,3
667,34,20
668,416,2
669,21,1
670,115,3
671,80,1
672,2,1
673,17,2
674,3,1
675,50,2
676,32,1
677,405,56
678,30,2
679,63,4
680,15,1
681,24,5
682,359,13
683,6,1
684,3,1
685,28,2
686,6,1
687,564,78
688,11,3
689,1805,126
690,13,2
691,9,4
692,26,2
693,5,1
694,2,1
695,146,5
696,68,30
697,3,1
698,5,1
699,182,1
700,2,1
701,31,1
702,1264,64
703,105,1
704,649,189
705,35,1
706,29,2
707,2,1
708,75,6
709,14,3
710,117,7
711,40,3
712,60,6
713,18,7
714,191,5
715,43,9
716,102,17
717,34,13
718,39,3
719,7,1
720,214,38
721,28,3
722,155,29
723,11,2
724,106,2
725,13,1
726,115,4
727,217,37
728,62,4
729,1297,40
730,243,9
731,6,1
732,18,1
733,248,26
734,11,1
735,23,1
736,2,1
737,39,1
738,3,1
739,4,1
740,2,1
741,27,3
742,54,7
743,258,6
744,67,23
745,46,1
746,386,38
747,3,2
748,15,2
749,4,1
750,16,3
751,194,5
752,115,2
753,422,54
754,32,2
755,4,4
756,3,3
757,5,3
758,37,15
759,5,2
760,6,5
761,4,3
762,3,1
763,12,1
764,5,5
765,10,10
766,2,1
767,7,5
768,7,6
769,4,2
770,23,20
771,8,5
772,11,6
773,578,139
774,21,3
775,14,12
776,2,2
777,2,2
778,6,4
779,4,1
780,5,2
781,2,1
782,3,1
783,70,2
784,21,12
785,40,2
786,191,20
787,10,3
788,6,6
789,7,2
790,7,2
791,2,1
792,7,3
793,3,2
794,7,3
795,4,3
796,3,2
797,2,1
798,85,8
799,38,6
800,7,3
801,3,3
802,32,4
803,3,1
804,2,1
805,7,4
806,26,13
807,6,1
808,6,2
809,2,2
810,16,16
811,7,6
812,7,7
813,5,4
814,5,4
815,9,1
816,63,23
817,19,5
818,33,3
819,8,2
820,19,8
821,5,3
822,3,3
823,5,1
824,16,4
825,2,1
826,369,51
827,4,1
828,15,4
829,23,7
830,22,10
831,6,1
832,3,3
833,4,3
834,51,6
835,2,2
836,5,1
837,7,4
838,2,2
839,11,2
840,122,12
841,2,1
842,257,43
843,5,3
844,25,10
845,6,3
846,10,1
847,2,1
848,5,4
849,5,4
850,3,2
851,7,7
852,14,8
853,5,1
854,4,4
855,6,2
856,2,2
857,8,4
858,3,1
859,4,4
860,9,6
861,3,2
862,2,1
863,4,3
864,5,2
865,11,1
866,16,4
867,8,5
868,8,4
869,4,1
870,9,9
871,15,9
872,14,7
873,5,1
874,76,24
875,3,1
876,2,1
877,109,24
878,2,2
879,5,3
880,4,1
881,5,1
882,13,6
883,5,1
884,9,3
885,11,9
886,58,20
887,50,17
888,7,3
889,21,2
890,6,2
891,6,3
892,2,2
893,3,1
894,2,1
895,5,1
896,4,1
897,10,3
898,7,3
899,9,6
900,10,1
901,7,3
902,3,2
903,19,17
904,9,7
905,2,1
906,2,1
907,13,3
908,5,5
909,4,2
910,10,2
911,14,12
912,13,10
913,2,2
914,2,1
915,14,3
916,10,6
917,2,1
918,14,2
919,3,3
920,11,7
921,26,12
922,22,18
923,16,7
924,7,1
925,2,2
926,11,11
927,2,2
928,29,6
929,3,1
930,11,2
931,2,1
932,2,1
933,2,2
934,5,3
935,2,2
936,3,2
937,37,11
938,12,2
939,5,3
940,3,3
941,6,1
942,28,11
943,2,1
944,9,1
945,13,4
946,5,3
947,28,4
948,7,7
949,97,3
950,521,219
951,6,1
952,93,4
953,10,3
954,2,1
955,9,4
956,291,92
957,2,1
958,18,1
959,32,1
960,3,2
961,7,3
962,9,3
963,5,1
964,4,2
965,7,1
966,3,2
967,5,1
968,2,1
969,4,4
970,2,2
971,20,4
972,8,8
973,4,2
974,5,4
975,8,2
976,5,5
977,5,1
978,62,21
979,6,1
980,2,2
981,2,1
982,2,2
983,6,2
984,4,2
985,2,2
986,2,2
987,4,4
988,49,13
989,4,2
990,3,3
991,3,2
992,71,2
993,5,2
994,3,3
995,190,18
996,2,1
997,8,3
998,5,1
999,9,1
1000,3,2
1001,10,6
1002,2,2
1003,6,6
1004,17,1
1005,5,1
1006,4,2
1007,3,2
1008,8,3
1009,11,4
1010,3,1
1011,11,3
1012,4,4
1013,3,3
1014,3,2
1015,3,1
1016,9,5
1017,5,5
1018,5,1
1019,2,2
1020,18,4
1021,4,3
1022,18,12
1023,5,5
1024,29,5
1025,6,1
1026,38,24
1027,8,1
1028,6,3
1029,20,2
1030,14,4
1031,16,14
1032,3,1
1033,2,1
1034,10,1
1035,49,4
1036,5,5
1037,3,1
1038,4,3
1039,2,1
1040,23,4
1041,2,2
1042,3,3
1043,9,7
1044,4,4
1045,11,1
1046,66,17
1047,9,1
1048,18,2
1049,56,2
1050,7,2
1051,4,1
1052,6,2
1053,5,2
1054,3,3
1055,6,3
1056,3,1
1057,11,4
1058,106,25
1059,3,1
1060,25,8
1061,7,2
1062,3,1
1063,12,3
1064,5,4
1065,10,9
1066,34,14
1067,7,4
1068,3,3
1069,3,3
1070,60,23
1071,36,1
1072,5,1
1073,3,2
1074,9,8
1075,2,2
1076,43,11
1077,4,1
1078,36,3
1079,4,3
1080,5,2
1081,3,2
1082,58,15
1083,4,3
1084,2,1
1085,5,1
1086,9,1
1087,6,3
1088,14,2
1089,5,5
1090,3,1
1091,2,2
1092,26,3
1093,9,2
1094,3,1
1095,7,2
1096,10,2
1097,3,3
1098,2,2
1099,24,8
1100,23,5
1101,4,3
1102,32,7
1103,7,6
1104,2,2
1105,46,13
1106,2,1
1107,2,1
1108,5,4
1109,11,1
1110,18,6
1111,3,3
1112,2,1
1113,4,2
1114,7,2
1115,15,1
1116,4,3
1117,3,2
1118,47,15
1119,2,1
1120,2,2
1121,12,2
1122,3,1
1123,4,3
1124,20,13
1125,5,2
1126,5,2
1127,8,3
1128,84,1
1129,4,4
1130,2,1
1131,8,4
1132,10,1
1133,2,1
1134,2,1
1135,8,5
1136,3,1
1137,4,1
1138,4,4
1139,15,6
1140,3,1
1141,49,9
1142,19,2
1143,3,2
1144,2,1
1145,8,2
1146,13,6
1147,2,2
1148,14,12
1149,5,3
1150,3,2
1151,2,1
1152,5,2
1153,5,1
1154,3,3
1155,5,1
1156,4,4
1157,8,2
1158,4,4
1159,5,2
1160,4,3
1161,2,1
1162,2,2
1163,6,6
1164,6,6
1165,3,3
1166,13,4
1167,11,2
1168,3,2
1169,5,2
1170,5,2
1171,5,5
1172,5,3
1173,5,1
1174,6,4
1175,4,2
1176,17,7
1177,3,2
1178,7,1
1179,4,2
1180,7,7
1181,26,12
1182,2,2
1183,19,13
1184,4,1
1185,2,1
1186,7,1
1187,66,8
1188,4,3
1189,4,2
1190,7,2
1191,25,1
1192,3,2
1193,2,2
1194,2,1
1195,2,2
1196,6,1
1197,2,1
1198,40,10
1199,7,2
1200,10,1
1201,4,1
1202,5,4
1203,83,3
1204,17,4
1205,4,2
1206,2,1
1207,2,2
1208,2,1
1209,7,4
1210,3,1
1211,7,5
1212,4,4
1213,5,3
1214,114,13
1215,16,8
1216,8,5
1217,13,4
1218,3,3
1219,3,3
1220,3,2
1221,4,1
1222,8,8
1223,13,5
1224,4,1
1225,5,3
1226,2,1
1227,8,1
1228,4,3
1229,10,3
1230,3,1
1231,10,4
1232,20,14
1233,9,8
1234,672,78
1235,2,1
1236,3,1
1237,79,28
1238,2,2
1239,2,2
1240,3,1
1241,2,2
1242,5,3
1243,14,7
1244,7,3
1245,2,2
1246,2,1
1247,2,1
1248,2,2
1249,2,2
1250,6,1
1251,3,1
1252,9,5
1253,4,1
1254,25,3
1255,4,4
1256,8,5
1257,2,2
1258,34,4
1259,3,1
1260,3,2
1261,4,3
1262,8,2
1263,2,1
1264,4,2
1265,4,1
1266,50,1
1267,9,5
1268,12,2
1269,2455,336
1270,4,2
1271,2,2
1272,46,1
1273,38,6
1274,2,1
1275,5,2
1276,14,5
1277,3,3
1278,246,51
1279,7,1
1280,4,2
1281,2,1
1282,4,1
1283,5,2
1284,6,6
1285,3,3
1286,11,2
1287,4,2
1288,4,3
1289,8,6
1290,4,4
1291,2,2
1292,9,1
1293,3,1
1294,6,4
1295,3,3
1296,2,1
1297,27,1
1298,39,15
1299,5,1
1300,7,4
1301,80,8
1302,10,5
1303,4,1
1304,13,11
1305,3,1
1306,23,3
1307,7,2
1308,15,6
1309,29,1
1310,2,1
1311,3,1
1312,15,3
1313,2,2
1314,6,3
1315,2,1
1316,2,1
1317,2,1
1318,5,5
1319,4,2
1320,4,4
1321,2,2
1322,8,1
1323,6,1
1324,2,2
1325,3,1
1326,2,2
1327,2,2
1328,17,11
1329,4,2
1330,545,22
1331,4,2
1332,4,1
1333,2,1
1334,3,1
1335,3,1
1336,8,2
1337,3,2
1338,2,1
1339,548,30
1340,3,1
1341,237,10
1342,2,1
1343,3,1
1344,4,3
1345,2,1
1346,4,2
1347,2,1
1348,12,3
1349,14,3
1350,2,2
1351,8,4
1352,3,1
1353,6,4
1354,3,2
1355,11,3
1356,5,2
1357,2,2
1358,2,2
1359,2,1
1360,2,1
1361,11,2
1362,4,4
1363,9,1
1364,2,1
1365,15,8
1366,9,3
1367,182,4
1368,5,4
1369,2,1
1370,2,2
1371,24,1
1372,10,6
1373,8,1
1374,3,1
1375,2,2
1376,12,7
1377,23,7
1378,5,1
1379,20,12
1380,4,1
1381,3,1
1382,3,2
1383,3,1
1384,15,3
1385,8,4
1386,69,4
1387,28,1
1388,4,2
1389,3,2
1390,5,4
1391,6,5
1392,4,1
1393,36,1
1394,6,4
1395,2,1
1396,7,1
1397,15,3
1398,4,2
1399,3,2
1400,5,4
1401,7,1
1402,10,7
1403,6,2
1404,4,4
1405,4,3
1406,2,2
1407,10,1
1408,2,1
1409,8,7
1410,18,1
1411,10,4
1412,2,1
1413,3,3
1414,23,5
1415,2,2
1416,8,5
1417,2,1
1418,14,7
1419,50,1
1420,7,1
1421,6,6
1422,4,2
1423,4,2
1424,2,1
1425,15,11
1426,4,1
1427,9,1
1428,5,3
1429,18,1
1430,2,2
1431,2,2
1432,10,6
1433,4,1
1434,5,4
1435,3,1
1436,9,1
1437,2,2
1438,52,11
1439,2,2
1440,4,1
1441,164,19
1442,9,4
1443,4,1
1444,8,1
1445,2,2
1446,3,2
1447,2,1
1448,3,3
1449,4,3
1450,16,7
1451,2,2
1452,18,2
1453,12,5
1454,3,3
1455,2,1
1456,12,1
1457,9,4
1458,65,9
1459,4,3
1460,6,1
1461,2,1
1462,2,1
1463,3,2
1464,2,2
1465,2,1
1466,3,1
1467,4,1
1468,68,8
1469,2,1
1470,9,5
1471,2,1
1472,2,2
1473,3,1
1474,162,24
1475,3,2
1476,2,1
1477,41,2
1478,4,4
1479,5,4
1480,2,1
1481,4,4
1482,4,4
1483,5,1
1484,3,3
1485,4,1
1486,2,1
1487,7,4
1488,3,2
1489,3,2
1490,52,2
1491,11,3
1492,4,1
1493,5,4
1494,11,8
1495,7,2
1496,9,1
1497,3,2
1498,8,2
1499,33,3
1500,2,1
1501,232,39
1502,3,3
1503,5,2
1504,4,3
1505,11,4
1506,6,1
1507,4,1
1508,87,4
1509,5,2
1510,4,1
1511,2,2
1512,7,3
1513,2,2
1514,2,2
1515,2,1
1516,2,2
1517,6,1
1518,7,5
1519,3,2
1520,3,1
1521,4,3
1522,2,1
1523,5,4
1524,2,2
1525,2,2
1526,5,3
1527,3,1
1528,10,10
1529,10,2
1530,5,5
1531,2,1
1532,10,1
1533,2,2
1534,27,3
1535,2,1
1536,2,1
1537,8,5
1538,21,4
1539,2,2
1540,3,1
1541,2,2
1542,2,2
1543,3,1
1544,4,2
1545,4,2
1546,4,4
1547,2,1
1548,2,1
1549,3,2
1550,27,3
1551,6,2
1552,37,15
1553,2,1
1554,5,3
1555,73,15
1556,2,1
1557,5,1
1558,3,1
1559,2,1
1560,2,2
1561,2,2
1562,2,1
1563,2,1
1564,9,7
1565,3,1
1566,6,2
1567,7,3
1568,3,1
1569,4,1
1570,105,4
1571,3,3
1572,5,5
1573,2,2
1574,8,2
1575,5,1
1576,12,6
1577,3,1
1578,4,3
1579,6,3
1580,6,5
1581,8,3
1582,3,1
1583,7,2
1584,2,1
1585,4,2
1586,2,2
1587,3,3
1588,58,1
1589,2,1
1590,2,1
1591,2,1
1592,4,3
1593,3,2
1594,4,2
1595,2,1
1596,25,1
1597,7,6
1598,4,1
1599,2,1
1600,2,2
1601,9,1
1602,3,3
1603,2,2
1604,2,1
1605,4,2
1606,6,2
1607,5,3
1608,3,2
1609,2,2
1610,4,3
1611,2,1
1612,2,1
1613,7,1
1614,2,1
1615,2,1
1616,20,4
1617,5,3
1618,5,4
1619,5,1
1620,3,2
1621,3,3
1622,6,4
1623,5,2
1624,9,1
1625,6,3
1626,4,4
1627,11,4
1628,7,3
1629,3,3
1630,4,1
1631,5,3
1632,5,2
1633,2,1
1634,11,1
1635,21,3
1636,3,2
1637,6,3
1638,2,1
1639,7,1
1640,2,1
1641,2,1
1642,2,1
1643,2,1
1644,2,1
1645,6,3
1646,2,1
1647,4,2
1648,8,6
1649,3,1
1650,2,1
1651,7,3
1652,4,4
1653,2,2
1654,2,1
1655,3,1
1656,3,1
1657,2,1
1658,3,1
1659,2,1
1660,4,4
1661,5,2
1662,6,3
1663,5,5
1664,2,2
1665,8,1
1666,7,3
1667,3,1
1668,9,1
1669,3,1
1670,28,7
1671,7,2
1672,2,2
1673,4,4
1674,2,1
1675,2,2
1676,2,1
1677,4,3
1678,3,2
1679,5,1
1680,2,2
1681,4,3
1682,9,1
1683,9,6
1684,3,2
1685,4,1
1686,2,1
1687,3,1
1688,4,4
1689,3,3
1690,3,1
1691,15,1
1692,37,1
1693,16,3
1694,2,1
1695,4,1
1696,10,3
1697,15,6
1698,2,1
1699,2,2
1700,7,2
1701,13,6
1702,2,2
1703,15,7
1704,6,6
1705,4,3
1706,3,2
1707,6,3
1708,2,2
1709,4,2
1710,8,6
1711,2,2
1712,2,1
1713,3,2
1714,5,4
1715,3,3
1716,2,1
1717,11,2
1718,2,2
1719,2,2
1720,2,2
1721,2,2
1722,2,2
1723,5,4
1724,2,1
1725,2,2
1726,16,7
1727,5,4
1728,3,3
1729,4,2
1730,5,5
1731,3,3
1732,8,3
1733,2,2
1734,2,1
1735,8,2
1736,9,5
1737,4,3
1738,2,1
1739,2,2
1740,2,1
1741,3,3
1742,2,2
1743,2,2
1744,115,19
1745,2,1
1746,7,3
1747,4,4
1748,5,1
1749,3,1
1750,106,7
1751,6,1
1752,29,10
1753,13,8
1754,27,1
1755,2,1
1756,2,1
1757,7,5
1758,6,1
1759,4,4
1760,5,4
1761,2,1
1762,2,2
1763,3,3
1764,2,1
1765,3,1
1766,6,4
1767,10,5
1768,2,1
1769,4,4
1770,447,16
1771,20,6
1772,3,1
1773,2,1
1774,2,1
1775,2,1
1776,8,3
1777,6,3
1778,2,2
1779,5,3
1780,4,1
1781,2,2
1782,5,2
1783,5,2
1784,2,2
1785,3,1
1786,5,5
1787,6,2
1788,3,2
1789,2,1
1790,7,4
1791,4,3
1792,2,2
1793,4,3
1794,8,3
1795,4,4
1796,2,1
1797,2,2
1798,2,1
1799,6,1
1800,5,1
1801,10,1
1802,2,1
1803,2,1
1804,15,2
1805,3,3
1806,4,2
1807,31,4
1808,2,2
1809,2,2
1810,2,2
1811,4,2
1812,9,5
1813,8,3
1814,13,1
1815,2,2
1816,5,4
1817,2,2
1818,2,1
1819,2,1
1820,2,2
1821,2,2
1822,2,2
1823,6,2
1824,7,1
1825,6,2
1826,2,1
1827,2,2
1828,7,1
1829,57,39
1830,8,1
1831,5,4
1832,11,1
1833,2,2
1834,12,12
1835,2,2
1836,3,3
1837,3,1
1838,4,1
1839,3,1
1840,4,2
1841,6,4
1842,35,1
1843,13,4
1844,2,2
1845,9,3
1846,4,4
1847,88,18
1848,4,2
1849,11,5
1850,3,1
1851,3,3
1852,2,2
1853,9,1
1854,39,9
1855,4,1
1856,2,1
1857,89,9
1858,2,1
1859,7,4
1860,396,2
1861,2,2
1862,121,2
1863,58,1
1864,2,2
1865,2,1
1866,3,2
1867,2,1
1868,2,1
1869,3,1
1870,9,1
1871,3,1
1872,8,2
1873,4,1
1874,3,1
1875,2,2
1876,3,1
1877,122,8
1878,2,1
1879,12,6
1880,2,2
1881,2,2
1882,2,1
1883,3,1
1884,2,1
1885,3,1
1886,4,3
1887,4,2
1888,2,1
1889,2,1
1890,2,1
1891,2,2
1892,2,1
1893,184,17
1894,4,2
1895,2,2
1896,2,2
1897,2,2
1898,11,2
1899,11,3
1900,22,11
1901,31,4
1902,4,4
1903,5,1
1904,6,1
1905,4,1
1906,2,1
1907,2,1
1908,5,3
1909,2,2
1910,6,4
1911,2,1
1912,2,1
1913,9,1
1914,6,5
1915,2,2
1916,6,1
1917,20,4
1918,17,9
1919,2,1
1920,2,2
1921,72,2
1922,3,2
1923,6,1
1924,3,3
1925,3,2
1926,6,2
1927,9,5
1928,5,5
1929,3,2
1930,3,1
1931,4,3
1932,3,1
1933,10,3
1934,6,4
1935,3,1
1936,4,2
1937,2,1
1938,7,1
1939,2,2
1940,59,2
1941,3,1
1942,5,3
1943,3,1
1944,2,2
1945,2,2
1946,2,2
1947,2,1
1948,2,2
1949,4,2
1950,4,4
1951,5,1
1952,66,1
1953,3,2
1954,4,2
1955,4,1
1956,26,6
1957,10,8
1958,17,10
1959,2,1
1960,2,2
1961,2,2
1962,3,2
1963,2,1
1964,2,1
1965,11,1
1966,84,4
1967,3,1
1968,2,1
1969,26,2
1970,8,2
1971,3,3
1972,3,2
1973,2,1
1974,5,3
1975,5,3
1976,6,1
1977,10,1
1978,4,3
1979,4,1
1980,2,1
1981,6,5
1982,2,1
1983,3,2
1984,6,4
1985,2,2
1986,2,1
1987,2,1
1988,2,1
1989,82,6
1990,2,1
1991,10,2
1992,10,1
1993,3,1
1994,8,3
1995,2,2
1996,2,1
1997,6,1
1998,4,2
1999,5,4
2000,2,2
2001,2,2
2002,2,2
2003,3,1
2004,4,1
2005,4,3
2006,4,2
2007,6,5
2008,2,1
2009,2,1
2010,4,1
2011,2,2
2012,17,2
2013,2,1
2014,2,1
2015,5,2
2016,3,2
2017,5,4
2018,2,1
2019,3,2
2020,9,2
2021,3,1
2022,8,3
2023,2,1
2024,4,2
2025,2,1
2026,188,4
2027,3,2
2028,13,4
2029,3,1
2030,5,2
2031,2,2
2032,3,2
2033,4,3
2034,4,2
2035,4,1
2036,7,5
2037,2,1
2038,35,27
2039,6,2
2040,3,1
2041,15,1
2042,2,1
2043,13,2
2044,15,4
2045,14,2
2046,3,1
2047,2,2
2048,3,1
2049,10,1
2050,4,2
2051,6,2
2052,70,2
2053,5,2
2054,2,2
2055,2,2
2056,8,4
2057,2,1
2058,135,5
2059,2,1
2060,2,1
2061,9,2
2062,2,1
2063,2,1
2064,2,1
2065,17,3
2066,2,1
2067,2,2
2068,2,2
2069,2,1
2070,3,1
2071,2,2
2072,35,8
2073,2,2
2074,6,2
2075,4,2
2076,9,1
2077,9,4
2078,37,14
2079,3,2
2080,3,3
2081,3,1
2082,2,2
2083,6,3
2084,4,4
2085,3,2
2086,4,2
2087,11,2
2088,3,2
2089,2,1
2090,3,2
2091,5,4
2092,26,1
2093,2,1
2094,2,2
2095,4,1
2096,2,2
2097,395,75
2098,2,1
2099,5,2
2100,4,4
2101,5,2
2102,3,2
2103,2,1
2104,4,2
2105,5,2
2106,2,1
2107,4,1
2108,3,1
2109,3,2
2110,8,1
2111,3,3
2112,6,1
2113,2,1
2114,3,2
2115,2,1
2116,3,1
2117,4,3
2118,3,1
2119,2,1
2120,3,1
2121,6,1
2122,445,4
2123,2,1
2124,2,1
2125,2,2
2126,3,1
2127,2,1
2128,4,2
2129,2,1
2130,2,2
2131,2,2
2132,130,31
2133,2,1
2134,2,2
2135,2,1
2136,2,2
2137,2,2
2138,2,2
2139,3,1
2140,4,1
2141,3,2
2142,9,4
2143,7,1
2144,2,1
2145,19,5
2146,6,3
2147,4,2
2148,3,1
2149,8,3
2150,2,1
2151,2,2
2152,5,2
2153,2,1
2154,6,1
2155,2,2
2156,3,3
2157,2,2
2158,3,1
2159,5,1
2160,6,1
2161,33,3
2162,2,1
2163,2,2
2164,6,4
2165,6,6
2166,2,1
2167,12,4
2168,10,4
2169,8,4
2170,2,2
2171,3,2
2172,2,1
2173,3,2
2174,5,2
2175,4,2
2176,3,1
2177,2,1
2178,2,2
2179,5,1
2180,272,6
2181,6,2
2182,14,10
2183,22,1
2184,3,1
2185,2,2
2186,3,2
2187,2,1
2188,3,1
2189,11,1
2190,2,2
2191,4,3
2192,2,1
2193,3,2
2194,3,2
2195,3,1
2196,2,1
2197,4,1
2198,2,1
2199,4,2
2200,29,3
2201,2,1
2202,2,2
2203,3,3
2204,10,1
2205,4,1
2206,3,1
2207,4,4
2208,3,2
2209,3,1
2210,2,2
2211,2,2
2212,2,1
2213,4,1
2214,9,2
2215,17,3
2216,2,1
2217,5,3
2218,15,10
2219,2,1
2220,2,2
2221,3,1
2222,62,10
2223,2,1
2224,3,2
2225,2,1
2226,13,1
2227,3,2
2228,4,1
2229,3,1
2230,2,2
2231,2,1
2232,2,2
2233,3,1
2234,2,2
2235,23,3
2236,2,1
2237,16,1
2238,30,2
2239,4,3
2240,3,1
2241,3,1
2242,2,1
2243,3,1
2244,3,1
2245,4,1
2246,68,3
2247,4,1
2248,27,3
2249,5,1
2250,2,1
2251,2,2
2252,6,1
2253,4,2
2254,33,4
2255,7,4
2256,2,1
2257,5,4
2258,2,2
2259,3,1
2260,2,1
2261,2,1
2262,2,1
2263,2,2
2264,2,1
2265,7,2
2266,4,1
2267,2,2
2268,2,2
2269,118,1
2270,5,3
2271,2,2
2272,2,1
2273,2,1
2274,2,1
2275,6,2
2276,53,5
2277,4,1
2278,29,1
2279,3,1
2280,3,3
2281,10,5
2282,101,7
2283,4,2
2284,2,2
2285,2,2
2286,4,1
2287,2,2
2288,3,1
2289,2,1
2290,5,1
2291,2,1
2292,2,1
2293,4,2
2294,2,2
2295,6,3
2296,4,4
2297,2,1
2298,3,2
2299,6,1
2300,2,2
2301,2,2
2302,3,3
2303,4,3
2304,11,2
2305,2,1
2306,2,1
2307,4,2
2308,8,1
2309,5,3
2310,2,2
2311,7,2
2312,2,1
2313,2,2
2314,6,6
2315,14,1
2316,2,1
2317,2,2
2318,2,1
2319,2,1
2320,2,2
2321,6,3
2322,2,1
2323,2,1
2324,2,1
2325,3,1
2326,10,2
2327,2,1
2328,2,2
2329,2,1
2330,6,4
2331,3,2
2332,4,2
2333,4,1
2334,2,2
2335,2,1
2336,3,2
2337,5,1
2338,2,2
2339,20,11
2340,3,2
2341,3,1
2342,2,1
2343,2,2
2344,4,3
2345,2,2
2346,3,2
2347,5,2
2348,115,6
2349,2,2
2350,3,3
2351,4,2
2352,2,1
2353,3,2
2354,186,8
2355,3,1
2356,2,1
2357,2,1
2358,8,3
2359,2,1
2360,4,1
2361,5,2
2362,14,1
2363,42,2
2364,3,1
2365,3,3
2366,2,2
2367,2,1
2368,2,1
2369,3,2
2370,6,4
2371,15,1
2372,158,1
2373,2,2
2374,2,1
2375,8,3
2376,169,1
2377,2,1
2378,59,26
2379,64,18
2380,39,8
2381,213,1
2382,68,1
2383,358,3
2384,100,1
2385,5,1
2386,69,8
2387,57,2
2388,208,15
2389,14,3
2390,2,1
2391,120,1
2392,17,3
2393,4,1
2394,176,1
2395,47,1
2396,27,1
2397,3,1
2398,3,1
2399,2,1
2400,8,1
2401,3,1
2402,2,1
2403,2,1
2404,2,1
2405,2,1
2406,2,1
2407,2,1
2408,3,2
2409,3,2
2410,4,2
2411,3,1
2412,4,2
2413,4,1
2414,24,1
2415,3,1
2416,43,1
2417,2,1
2418,3,3
2419,4,2
2420,2,1
2421,2,2
2422,2,1
2423,13,1
2424,3,1
2425,260,1
2426,2,1
2427,104,2
2428,21,1
2429,3,1
2430,3,2
2431,7,3
2432,25,2
2433,64,2
2434,29,2
2435,7,1
2436,2,1
2437,2,2
2438,3,2
2439,9,2
2440,11,1
2441,4,3
2442,11,6
2443,13,4
2444,7,1
2445,3,1
2446,2,1
2447,2,1
2448,2,1
2449,4,1
2450,19,7
2451,3,1
2452,2,2
2453,36,2
2454,2,1
2455,2,1
2456,2,2
2457,2,1
2458,14,2
2459,3,3
2460,5,2
2461,2,2
2462,4,1
2463,2,1
2464,3,1
2465,7,1
2466,2,2
2467,2,1
2468,2,2
2469,2,1
2470,3,1
2471,2,1
2472,2,1
2473,3,2
2474,2,2
2475,2,1
2476,2,1
2477,5,1
2478,2,1
2479,4,1
2480,2,1
2481,707,73
2482,2,1
2483,5,2
2484,2,2
2485,12,2
2486,2,2
2487,13,5
2488,2,1
2489,2,2
2490,10,1
2491,16,2
2492,13,5
2493,2,1
2494,14,2
2495,5,1
2496,4,1
2497,2,1
2498,3,2
2499,2,2
2500,2,1
2501,3,1
2502,628,120
2503,2,2
2504,3,2
2505,7,1
2506,5,1
2507,6,3
2508,4,1
2509,191,3
2510,2,1
2511,3,3
2512,2,1
2513,3,1
2514,23,14
2515,4,2
2516,2,1
2517,2,1
2518,4,3
2519,6,4
2520,3,2
2521,2,1
2522,8,2
2523,6,1
2524,2,1
2525,2,1
2526,70,1
2527,2,1
2528,95,42
2529,332,69
2530,5,2
2531,5,2
2532,2,1
2533,6,4
2534,280,22
2535,2,2
2536,2,1
2537,3,1
2538,2,1
2539,6,4
2540,5,1
2541,801,145
2542,7,1
2543,2,2
2544,2,1
2545,3,1
2546,3,2
2547,11,1
2548,4,1
2549,3,1
2550,3,1
2551,4,2
2552,5,2
2553,3,1
2554,65,3
2555,16,2
2556,4,2
2557,2,1
2558,2,1
2559,2,2
2560,4,1
2561,2,1
2562,68,4
2563,290,2
2564,10,1
2565,30,2
2566,105,3
2567,5,1
2568,3,1
2569,76,3
2570,44,2
2571,709,15
2572,61,1
2573,28,1
2574,2,1
2575,2,1
2576,2,1
2577,3,1
2578,217,1
2579,3,1
2580,3,3
2581,2,1
2582,2,1
2583,232,4
2584,9,1
2585,393,1
2586,6,2
2587,2,1
2588,12,4
2589,174,3
2590,12,6
2591,2,1
2592,36,1
2593,3,2
2594,16,3
2595,23,1
2596,2,1
2597,51,2
2598,4,1
2599,145,4
2600,11,1
2601,2,1
2602,8,1
2603,12,1
2604,3,1
2605,4,1
2606,3,1
2607,35,1
2608,39,3
2609,6,2
2610,5,1
2611,8,1
2612,3,1
2613,2,1
2614,51,1
2615,2,1
2616,2,1
2617,60,7
2618,5,1
2619,49,8
2620,81,3
2621,3,1
2622,2,1
2623,34,12
2624,200,5
2625,11,1
2626,21,1
2627,476,1
2628,198,38
2629,253,14
2630,18,5
2631,13,1
2632,12,2
2633,198,8
2634,170,1
2635,96,5
2636,45,2
2637,63,3
2638,11,2
2639,20,1
2640,96,2
2641,58,1
2642,42,1
2643,41,1
2644,89,4
2645,4372,44
2646,5,1
2647,11,2
2648,64,2
2649,5,1
2650,40,1
2651,48,3
2652,36,1
2653,74,16
2654,23,1
2655,296,40
2656,137,1
2657,192,1
2658,6,3
2659,40,1
2660,20,7
2661,25,3
2662,6,1
2663,3,1
2664,345,2
2665,5,1
2666,8,3
2667,16,3
2668,17,2
2669,68,1
2670,31,1
2671,381,3
2672,79,1
2673,300,31
2674,4,2
2675,143,10
2676,2,1
2677,33,1
2678,124,4
2679,8,2
2680,55,17
2681,14,1
2682,4,1
2683,219,25
2684,151,26
2685,45,1
2686,2,1
2687,10,3
2688,108,27
2689,19,6
2690,34,1
2691,15,7
2692,41,2
2693,11,1
2694,400,2
2695,31,9
2696,847,70
2697,36,6
2698,248,15
2699,4,3
2700,41,6
2701,63,6
2702,287,10
2703,21,2
2704,6,1
2705,413,3
2706,230,28
2707,6,2
2708,20,2
2709,60,11
2710,26,3
2711,34,4
2712,8,1
2713,2270,108
2714,575,15
2715,40,1
2716,13,1
2717,12,1
2718,3,1
2719,14,2
2720,152,2
2721,190,4
2722,13,3
2723,8,4
2724,16,9
2725,54,6
2726,25,4
2727,11,1
2728,127,3
2729,11,1
2730,19,1
2731,37,3
2732,9,1
2733,50,4
2734,11,1
2735,24,7
2736,44,4
2737,61,2
2738,86,5
2739,6,3
2740,48,2
2741,7,3
2742,3,1
2743,117,5
2744,312,8
2745,75,2
2746,5,2
2747,58,2
2748,34,7
2749,14,4
2750,13,2
2751,12,1
2752,5,1
2753,135,6
2754,377,2
2755,17,11
2756,31,4
2757,11,1
2758,4,1
2759,40,1
2760,19,2
2761,7,3
2762,4,2
2763,2,1
2764,79,1
2765,2,2
2766,2,1
2767,102,1
2768,53,1
2769,83,4
2770,128,3
2771,91,16
2772,4,1
2773,20,1
2774,54,1
2775,9,1
2776,206,24
2777,167,7
2778,5,1
2779,36,5
2780,36,32
2781,151,4
2782,21,2
2783,4,1
2784,7,2
2785,24,3
2786,12,2
2787,6,1
2788,515,4
2789,12,1
2790,14,1
2791,101,17
2792,18,2
2793,12,1
2794,5,1
2795,20,1
2796,7,1
2797,16,1
2798,89,2
2799,183,1
2800,25,1
2801,51,1
2802,7,1
2803,17,1
2804,73,2
2805,6,1
2806,145,2
2807,6,1
2808,12,2
2809,10,1
2810,12,1
2811,54,9
2812,7,1
2813,68,1
2814,33,1
2815,64,1
2816,3,1
2817,76,2
2818,3,1
2819,151,2
2820,72,1
2821,52,5
2822,5,2
2823,44,1
2824,15,1
2825,290,20
2826,99,12
2827,84,4
2828,73,1
2829,172,1
2830,86,1
2831,549,9
2832,107,25
2833,39,2
2834,21,8
2835,44,1
2836,74,2
2837,583,39
2838,226,42
2839,56,2
2840,5,1
2841,5,2
2842,32,6
2843,173,3
2844,252,1
2845,46,1
2846,87,1
2847,378,3
2848,14,2
2849,48,1
2850,86,2
2851,58,1
2852,2,1
2853,38,1
2854,6,1
2855,14,6
2856,13,1
2857,5,2
2858,14,1
2859,66,1
2860,33,1
2861,57,2
2862,11,2
2863,5,1
2864,51,1
2865,95,2
2866,236,8
2867,28,5
2868,8,1
2869,209,17
2870,21,4
2871,32,1
2872,66,18
2873,11,1
2874,335,33
2875,58,2
2876,5,1
2877,2,1
2878,47,1
2879,165,11
2880,76,6
2881,145,1
2882,4,2
2883,31,1
2884,26,3
2885,298,8
2886,348,1
2887,5,1
2888,88,1
2889,188,18
2890,7,1
2891,5,1
2892,11,3
2893,21,1
2894,126,19
2895,50,7
2896,576,66
2897,31,3
2898,380,16
2899,145,13
2900,7,1
2901,10,1
2902,425,33
2903,2,1
2904,2,1
2905,161,2
2906,50,1
2907,35,1
2908,9,2
2909,298,12
2910,14,3
2911,35,6
2912,4,1
2913,5,1
2914,35,2
2915,6,1
2916,32,6
2917,70,2
2918,5,1
2919,397,5
2920,2,1
2921,5,1
2922,78,3
2923,97,4
2924,510,59
2925,15,1
2926,12,2
2927,95,4
2928,36,1
2929,5,1
2930,68,2
2931,49,1
2932,3,3
2933,17,2
2934,25,4
2935,5,2
2936,29,3
2937,109,9
2938,50,6
2939,44,3
2940,345,1
2941,9,1
2942,262,1
2943,4,1
2944,104,3
2945,107,4
2946,13,1
2947,179,5
2948,13,1
2949,4,1
2950,29,12
2951,5,2
2952,8,1
2953,8,1
2954,249,51
2955,74,18
2956,7,1
2957,24,1
2958,305,1
2959,7,3
2960,175,1
2961,62,7
2962,428,2
2963,4,1
2964,26,1
2965,163,1
2966,3,1
2967,47,16
2968,24,12
2969,178,26
2970,18,1
2971,32,2
2972,101,4
2973,10,1
2974,8,2
2975,19,5
2976,63,3
2977,8,1
2978,34,1
2979,2,1
2980,9,6
2981,2,2
2982,2,2
2983,9,9
2984,110,2
2985,77,4
2986,123,11
2987,26,8
2988,23,3
2989,4,2
2990,8,5
2991,17,1
2992,2,1
2993,83,3
2994,187,7
2995,105,1
2996,40,3
2997,16,1
2998,35,1
2999,21,1
3000,208,1
3001,16,4
3002,77,9
3003,2,1
3004,3,1
3005,9,3
3006,7,4
3007,16,1
3008,6,1
3009,4,1
3010,3,1
3011,12,1
3012,3,1
3013,187,22
3014,2262,250
3015,5,2
3016,10,1
3017,5,1
3018,31,1
3019,3,2
3020,19,1
3021,36,2
3022,20,2
3023,72,1
3024,26,2
3025,10,1
3026,10,1
3027,2,1
3028,56,4
3029,86,4
3030,33,4
3031,60,12
3032,8,1
3033,2,2
3034,25,1
3035,45,4
3036,94,11
3037,24,2
3038,5,1
3039,7,1
3040,11,2
3041,22,6
3042,20,7
3043,15,3
3044,28,1
3045,9,1
3046,8,1
3047,25,4
3048,6,1
3049,17,1
3050,229,8
3051,8,1
3052,63,6
3053,28,1
3054,185,19
3055,14,3
3056,3,2
3057,206,9
3058,2,1
3059,112,2
3060,226,9
3061,24,1
3062,13,1
3063,7,1
3064,4,2
3065,17,1
3066,136,2
3067,14,1
3068,6,1
3069,21,4
3070,23,5
3071,3,1
3072,6,1
3073,112,4
3074,63,2
3075,16,3
3076,50,2
3077,58,1
3078,8,1
3079,38,1
3080,5,1
3081,292,12
3082,28,6
3083,37,1
3084,5,1
3085,6,1
3086,28,1
3087,3,1
3088,15,2
3089,3,1
3090,457,15
3091,302,5
3092,10,1
3093,29,1
3094,80,1
3095,1228,31
3096,30,2
3097,3,2
3098,62,1
3099,22,1
3100,31,1
3101,12,1
3102,14,4
3103,16,1
3104,173,37
3105,5,2
3106,11,1
3107,17,2
3108,5,1
3109,22,1
3110,16,2
3111,34,1
3112,63,2
3113,78,3
3114,82,2
3115,71,5
3116,93,4
3117,24,10
3118,13,2
3119,102,3
3120,16,2
3121,10,4
3122,13,7
3123,122,15
3124,21,2
3125,60,1
3126,15,1
3127,27,11
3128,7,1
3129,19,1
3130,35,5
3131,2,1
3132,121,7
3133,3,1
3134,104,3
3135,35,1
3136,10,1
3137,254,4
3138,57,2
3139,6,1
3140,5,1
3141,15,1
3142,8,1
3143,42,10
3144,115,11
3145,27,1
3146,11,1
3147,4,1
3148,23,1
3149,18,1
3150,2,1
3151,45,2
3152,160,3
3153,45,16
3154,10,1
3155,454,2
3156,461,8
3157,8,1
3158,181,38
3159,103,3
3160,83,8
3161,10,2
3162,4,2
3163,68,1
3164,96,6
3165,23,1
3166,275,1
3167,15,1
3168,111,1
3169,2,1
3170,81,4
3171,28,1
3172,15,1
3173,6,3
3174,53,2
3175,296,4
3176,155,4
3177,720,3
3178,845,4
3179,41,1
3180,27,1
3181,46,1
3182,11,1
3183,4,2
3184,172,11
3185,38,1
3186,56,3
3187,51,3
3188,10,1
3189,20,1
3190,34,1
3191,103,5
3192,4,1
3193,135,1
3194,2,1
3195,4,1
3196,4,2
3197,74,19
3198,40,1
3199,79,7
3200,139,2
3201,8,1
3202,131,74
3203,233,68
3204,18,1
3205,54,1
3206,96,18
3207,150,16
3208,20,1
3209,58,4
3210,18,10
3211,3,1
3212,14,7
3213,27,6
3214,33,4
3215,21,4
3216,40,3
3217,20,2
3218,163,14
3219,26,20
3220,48,1
3221,34,3
3222,252,3
3223,19,1
3224,38,1
3225,25,1
3226,35,1
3227,190,28
3228,886,1
3229,87,24
3230,9,1
3231,3,1
3232,91,3
3233,98,1
3234,203,23
3235,2,1
3236,16,6
3237,48,1
3238,260,4
3239,20,3
3240,25,3
3241,5,1
3242,46,1
3243,29,14
3244,43,5
3245,22,4
3246,27,1
3247,14,1
3248,61,3
3249,348,11
3250,80,3
3251,47,1
3252,3,2
3253,28,1
3254,4,3
3255,5,1
3256,19,1
3257,5,1
3258,4,1
3259,16,1
3260,45,1
3261,40,1
3262,156,7
3263,6,1
3264,11,1
3265,4,1
3266,12,2
3267,17,2
3268,9,4
3269,34,2
3270,33,3
3271,2,2
3272,2,2
3273,4,3
3274,26,2
3275,6,1
3276,5,1
3277,29,1
3278,5,1
3279,3,2
3280,54,1
3281,2,2
3282,13,2
3283,14,9
3284,43,2
3285,16,1
3286,50,4
3287,85,14
3288,18,2
3289,6,2
3290,2,1
3291,28,2
3292,635,38
3293,6,2
3294,8,3
3295,4,1
3296,158,9
3297,77,2
3298,2,1
3299,7,1
3300,14,2
3301,14,6
3302,3,2
3303,248,9
3304,5,1
3305,190,31
3306,82,1
3307,8,1
3308,5,1
3309,8,1
3310,10,1
3311,61,6
3312,4,1
3313,66,9
3314,46,7
3315,29,1
3316,20,2
3317,46,2
3318,35,4
3319,9,2
3320,154,24
3321,31,5
3322,6,6
3323,15,1
3324,7,1
3325,12,1
3326,4,1
3327,237,3
3328,40,2
3329,2,1
3330,4,1
3331,2,1
3332,17,4
3333,52,8
3334,3,2
3335,16,1
3336,65,4
3337,10,2
3338,86,11
3339,7,3
3340,17,1
3341,17,1
3342,7,1
3343,83,4
3344,40,1
3345,10,1
3346,4,1
3347,3,1
3348,67,19
3349,73,9
3350,136,1
3351,47,2
3352,27,3
3353,104,23
3354,14,1
3355,4,1
3356,30,2
3357,214,17
3358,24,1
3359,25,3
3360,6,1
3361,78,1
3362,9,2
3363,29,1
3364,255,3
3365,18,10
3366,3,1
3367,6,2
3368,62,5
3369,43,2
3370,146,39
3371,24,4
3372,70,2
3373,61,1
3374,377,26
3375,48,1
3376,22,1
3377,55,2
3378,22,4
3379,42,2
3380,4,2
3381,85,7
3382,31,9
3383,146,1
3384,14,2
3385,4,2
3386,15,2
3387,56,7
3388,511,1
3389,5,2
3390,515,2
3391,22,2
3392,120,5
3393,30,2
3394,7,1
3395,12,1
3396,13,1
3397,8,2
3398,79,11
3399,59,2
3400,51,7
3401,2,1
3402,39,17
3403,31,1
3404,40,1
3405,4,3
3406,17,1
3407,18,2
3408,31,2
3409,5,1
3410,281,10
3411,29,1
3412,49,3
3413,36,3
3414,23,1
3415,14,3
3416,8,1
3417,2,1
3418,2,2
3419,23,1
3420,20,6
3421,8,2
3422,83,1
3423,104,1
3424,2,1
3425,4,1
3426,99,1
3427,246,1
3428,124,1
3429,192,72
3430,5,3
3431,10,3
3432,33,1
3433,24,5
3434,89,3
3435,35,1
3436,38,1
3437,639,83
3438,92,16
3439,26,1
3440,238,1
3441,29,1
3442,8,1
3443,22,1
3444,50,1
3445,59,1
3446,8,3
3447,73,1
3448,3,1
3449,5,1
3450,53,1
3451,148,2
3452,34,8
3453,3,1
3454,2,2
3455,10,2
3456,11,1
3457,13,2
3458,13,2
3459,170,9
3460,11,1
3461,16,3
3462,61,1
3463,2,1
3464,34,1
3465,2,1
3466,361,29
3467,9,2
3468,16,1
3469,59,2
3470,2,1
3471,22,1
3472,19,4
3473,100,10
3474,134,2
3475,13,2
3476,64,1
3477,95,10
3478,5,1
3479,211,9
3480,59,2
3481,7,1
3482,20,3
3483,19,3
3484,29,2
3485,49,1
3486,22,8
3487,13,1
3488,17,2
3489,55,10
3490,13,2
3491,5,1
3492,12,1
3493,134,7
3494,4,1
3495,36,1
3496,19,1
3497,6,1
3498,2,1
3499,391,1
3500,5,1
3501,56,3
3502,2,1
3503,2,1
3504,4,1
3505,132,4
3506,563,1
3507,60,1
3508,2,1
3509,6,1
3510,21,1
3511,5,1
3512,12,1
3513,20,1
3514,26,7
3515,13,1
3516,7,1
3517,8,6
3518,20,1
3519,3,3
3520,7,4
3521,7,2
3522,47,1
3523,3,1
3524,122,4
3525,56,1
3526,10,1
3527,18,1
3528,45,1
3529,2,1
3530,10,1
3531,11,4
3532,12,1
3533,11,2
3534,34,1
3535,56,1
3536,130,1
3537,2,1
3538,34,1
3539,9,1
3540,12,1
3541,101,7
3542,16,1
3543,19,3
3544,235,1
3545,11,1
3546,54,11
3547,34,4
3548,3,2
3549,2,1
3550,26,4
3551,247,23
3552,45,9
3553,58,9
3554,3,1
3555,58,2
3556,11,2
3557,68,1
3558,4,1
3559,2,1
3560,11,1
3561,13,5
3562,24,1
3563,6,2
3564,301,3
3565,46,3
3566,5,2
3567,17,1
3568,15,3
3569,20,2
3570,23,1
3571,38,1
3572,8,1
3573,107,13
3574,61,16
3575,9,4
3576,51,3
3577,8,1
3578,4,1
3579,4,1
3580,2,1
3581,63,1
3582,19,3
3583,17,1
3584,3,1
3585,7,1
3586,2,1
3587,45,8
3588,6,1
3589,5,2
3590,21,7
3591,6,1
3592,65,3
3593,37,3
3594,55,8
3595,2,1
3596,3,1
3597,52,2
3598,13,5
3599,160,1
3600,747,22
3601,17,1
3602,171,4
3603,12,4
3604,91,1
3605,46,23
3606,4,1
3607,6,1
3608,3,1
3609,11,1
3610,3,1
3611,36,3
3612,27,2
3613,2,1
3614,18,1
3615,215,6
3616,185,4
3617,3,1
3618,11,2
3619,58,2
3620,18,1
3621,303,3
3622,32,4
3623,4,2
3624,29,1
3625,7,1
3626,2,1
3627,3,1
3628,5,1
3629,17,1
3630,18,2
3631,35,6
3632,34,12
3633,27,1
3634,15,1
3635,65,15
3636,6,1
3637,390,8
3638,18,1
3639,56,6
3640,8,1
3641,28,8
3642,284,22
3643,24,1
3644,11,1
3645,43,2
3646,312,32
3647,25,1
3648,2,2
3649,2,1
3650,38,1
3651,20,2
3652,40,1
3653,12,2
3654,17,1
3655,36,2
3656,3,1
3657,10,1
3658,8,1
3659,3,1
3660,359,7
3661,24,1
3662,6,1
3663,12,1
3664,5,1
3665,2,1
3666,36,3
3667,2,1
3668,2,1
3669,2,1
3670,5,1
3671,2,1
3672,28,1
3673,15,1
3674,302,2
3675,15,1
3676,43,2
3677,65,8
3678,127,3
3679,94,1
3680,19,1
3681,4,1
3682,3,1
3683,2,1
3684,25,1
3685,21,6
3686,34,1
3687,19,2
3688,92,1
3689,6,1
3690,7,1
3691,93,3
3692,51,3
3693,4,1
3694,141,1
3695,3,1
3696,16,1
3697,48,1
3698,2,1
3699,9,2
3700,77,1
3701,58,20
3702,14,1
3703,4,1
3704,61,1
3705,388,4
3706,2,1
3707,30,2
3708,26,6
3709,4,1
3710,13,1
3711,46,11
3712,4,1
3713,2,1
3714,10,1
3715,44,1
3716,40,3
3717,4,2
3718,22,8
3719,12,1
3720,4,1
3721,5,1
3722,36,3
3723,5,1
3724,3,1
3725,16,10
3726,22,1
3727,71,10
3728,3,1
3729,30,3
3730,17,1
3731,5,1
3732,35,1
3733,18,1
3734,23,3
3735,10,2
3736,11,6
3737,12,6
3738,3,1
3739,15,1
3740,4,2
3741,79,1
3742,31,2
3743,21,1
3744,12,5
3745,12,1
3746,665,1
3747,742,1
3748,14,7
3749,20,4
3750,5,1
3751,11,1
3752,14,1
3753,4,1
3754,4,1
3755,23,1
3756,3,2
3757,36,1
3758,14,3
3759,2,2
3760,92,10
3761,23,1
3762,73,1
3763,7,6
3764,179,6
3765,196,1
3766,27,7
3767,170,7
3768,5,1
3769,8,1
3770,51,3
3771,9,2
3772,24,1
3773,147,13
3774,167,3
3775,50,2
3776,4,3
3777,14,1
3778,81,56
3779,63,1
3780,349,2
3781,43,1
3782,18,1
3783,542,126
3784,13,3
3785,44,4
3786,34,10
3787,30,1
3788,56,1
3789,181,1
3790,9,7
3791,99,1
3792,3,1
3793,46,7
3794,2,1
3795,13,1
3796,58,3
3797,2,1
3798,3,2
3799,57,1
3800,5,1
3801,47,1
3802,2,1
3803,17,3
3804,42,3
3805,109,4
3806,30,2
3807,106,1
3808,13,1
3809,36,2
3810,5,1
3811,30,1
3812,10,1
3813,80,9
3814,2,1
3815,6,2
3816,7,1
3817,30,2
3818,42,4
3819,11,1
3820,3,2
3821,31,2
3822,31,2
3823,135,4
3824,17,5
3825,96,1
3826,4,1
3827,4,1
3828,97,10
3829,37,3
3830,3,1
3831,161,29
3832,175,4
3833,40,1
3834,7,1
3835,20,2
3836,19,3
3837,20,1
3838,42,6
3839,4,1
3840,116,18
3841,174,25
3842,137,1
3843,9,1
3844,141,2
3845,3,1
3846,32,8
3847,5,1
3848,2,1
3849,7,6
3850,156,1
3851,152,1
3852,116,1
3853,90,4
3854,4,1
3855,12,2
3856,3,1
3857,19,1
3858,6,1
3859,286,4
3860,28,1
3861,58,1
3862,44,6
3863,4,1
3864,72,2
3865,6,3
3866,33,3
3867,7,2
3868,7,2
3869,20,1
3870,4,2
3871,89,8
3872,28,3
3873,156,38
3874,10,1
3875,19,1
3876,2,2
3877,430,4
3878,250,1
3879,30,1
3880,93,3
3881,35,1
3882,390,55
3883,26,1
3884,28,1
3885,7,1
3886,157,1
3887,70,4
3888,7,1
3889,49,2
3890,42,1
3891,113,2
3892,27,1
3893,24,1
3894,6,2
3895,3,1
3896,4,2
3897,8,1
3898,5,1
3899,5,2
3900,12,1
3901,20,1
3902,6,5
3903,3,1
3904,2,1
3905,5,1
3906,26,1
3907,76,2
3908,18,1
3909,45,1
3910,38,1
3911,22,3
3912,62,9
3913,18,1
3914,13,3
3915,52,1
3916,5,1
3917,22,1
3918,3,2
3919,6,3
3920,108,40
3921,5,1
3922,29,1
3923,10,3
3924,4,2
3925,24,2
3926,12,2
3927,10,1
3928,179,20
3929,60,3
3930,64,1
3931,8,2
3932,2,2
3933,42,1
3934,62,2
3935,33,1
3936,2,1
3937,13,1
3938,20,1
3939,8,2
3940,106,4
3941,9,1
3942,117,1
3943,3,1
3944,2,1
3945,3,1
3946,15,1
3947,16,3
3948,8,1
3949,95,5
3950,13,8
3951,7,1
3952,7,1
3953,28,2
3954,16,2
3955,56,1
3956,4,1
3957,29,5
3958,6,2
3959,3,1
3960,23,3
3961,83,1
3962,32,3
3963,43,1
3964,108,1
3965,129,3
3966,5,1
3967,19,7
3968,4,2
3969,9,1
3970,27,5
3971,5,1
3972,8,1
3973,29,2
3974,18,3
3975,15,3
3976,49,7
3977,300,15
3978,7,1
3979,64,5
3980,5,4
3981,17,7
3982,2,1
3983,20,2
3984,13,1
3985,4,1
3986,48,7
3987,77,5
3988,5,1
3989,5,1
3990,3,2
3991,19,1
3992,3,1
3993,11,1
3994,2,2
3995,3,2
3996,2,1
3997,2,2
3998,10,4
3999,23,1
4000,43,1
4001,85,28
4002,34,9
4003,29,4
4004,35,6
4005,9,9
4006,2,2
4007,2,2
4008,4,1
4009,87,2
4010,7,2
4011,2,1
4012,23,1
4013,6,1
4014,3,1
4015,23,1
4016,71,5
4017,5,1
4018,5,1
4019,3,1
4020,4,2
4021,53,1
4022,133,2
4023,21,1
4024,6,1
4025,2,1
4026,106,12
4027,13,2
4028,35,1
4029,26,2
4030,10,1
4031,30,2
4032,177,3
4033,3,1
4034,98,2
4035,133,2
4036,293,1
4037,19,1
4038,90,1
4039,21,3
4040,8,2
4041,6,1
4042,32,2
4043,21,4
4044,3,1
4045,20,3
4046,51,3
4047,2,1
4048,27,2
4049,2,1
4050,43,13
4051,5,1
4052,38,4
4053,14,1
4054,78,1
4055,45,1
4056,3,1
4057,3,1
4058,2,1
4059,39,1
4060,150,2
4061,8,4
4062,20,2
4063,184,1
4064,24,1
4065,5,1
4066,18,1
4067,25,2
4068,4,1
4069,15,2
4070,20,1
4071,2,1
4072,13,2
4073,32,2
4074,9,1
4075,5,1
4076,48,1
4077,36,2
4078,15,2
4079,8,1
4080,19,1
4081,142,1
4082,81,18
4083,28,1
4084,42,4
4085,48,2
4086,15,2
4087,10,1
4088,5,1
4089,75,4
4090,31,1
4091,14,1
4092,62,1
4093,5,1
4094,173,8
4095,4,1
4096,30,1
4097,11,3
4098,8,2
4099,72,1
4100,5,1
4101,35,7
4102,278,191
4103,13,1
4104,48,1
4105,41,1
4106,152,8
4107,5,2
4108,9,5
4109,9,6
4110,7,3
4111,8,1
4112,172,8
4113,6,2
4114,29,2
4115,196,3
4116,2,2
4117,37,14
4118,71,6
4119,8,1
4120,22,1
4121,137,2
4122,18,2
4123,45,1
4124,74,2
4125,3,2
4126,7,1
4127,18,1
4128,23,4
4129,6,1
4130,10,1
4131,127,7
4132,2,1
4133,75,7
4134,159,17
4135,25,3
4136,31,1
4137,35,14
4138,82,5
4139,336,8
4140,7,1
4141,4,3
4142,21,1
4143,27,1
4144,91,2
4145,4,2
4146,85,2
4147,19,11
4148,4,1
4149,65,2
4150,104,1
4151,26,5
4152,26,1
4153,629,58
4154,9,1
4155,9,5
4156,9,1
4157,58,1
4158,7,1
4159,152,9
4160,487,45
4161,123,42
4162,3,1
4163,2,1
4164,35,3
4165,57,2
4166,33,2
4167,2,1
4168,183,8
4169,3,1
4170,40,1
4171,439,18
4172,13,2
4173,35,2
4174,100,2
4175,426,2
4176,2,1
4177,60,11
4178,37,6
4179,17,1
4180,22,2
4181,66,2
4182,102,9
4183,237,16
4184,97,4
4185,40,1
4186,4,1
4187,38,1
4188,2,1
4189,2,2
4190,17,3
4191,7,3
4192,30,3
4193,20,2
4194,7,2
4195,34,1
4196,2,2
4197,2,2
4198,112,10
4199,11,2
4200,14,1
4201,14,1
4202,10,1
4203,6,1
4204,9,1
4205,16,1
4206,23,5
4207,8,1
4208,4,1
4209,7,4
4210,6,2
4211,17,1
4212,15,1
4213,7,7
4214,23,14
4215,8,1
4216,4,1
4217,80,3
4218,116,1
4219,2,1
4220,2,2
4221,36,1
4222,50,1
4223,8,1
4224,26,1
4225,114,8
4226,103,11
4227,10,4
4228,44,2
4229,8,1
4230,16,4
4231,7,7
4232,36,7
4233,111,10
4234,145,11
4235,108,5
4236,27,1
4237,17,1
4238,84,1
4239,4,1
4240,32,5
4241,17,2
4242,19,1
4243,5,2
4244,9,2
4245,157,2
4246,137,5
4247,6,4
4248,7,4
4249,3,1
4250,3,1
4251,37,1
4252,12,1
4253,21,1
4254,45,1
4255,53,10
4256,33,3
4257,20,1
4258,24,1
4259,2,1
4260,172,3
4261,2,2
4262,129,2
4263,12,1
4264,22,1
4265,28,3
4266,80,13
4267,3,2
4268,22,1
4269,129,9
4270,34,2
4271,31,2
4272,28,1
4273,44,8
4274,21,12
4275,2,1
4276,3,1
4277,75,4
4278,34,2
4279,6,1
4280,6,1
4281,54,1
4282,138,2
4283,2,1
4284,16,4
4285,19,1
4286,158,41
4287,24,1
4288,4,1
4289,229,17
4290,5,3
4291,59,2
4292,74,5
4293,8,1
4294,88,2
4295,99,1
4296,2,1
4297,11,1
4298,353,20
4299,142,1
4300,39,2
4301,17,1
4302,6,1
4303,30,5
4304,6,2
4305,2,1
4306,15,1
4307,45,7
4308,83,1
4309,6,1
4310,81,2
4311,7,3
4312,18,1
4313,19,1
4314,2,1
4315,59,1
4316,146,4
4317,7,1
4318,25,1
4319,2,1
4320,3,1
4321,5,1
4322,2,1
4323,11,1
4324,210,27
4325,13,1
4326,11,11
4327,9,1
4328,23,1
4329,15,1
4330,128,3
4331,48,1
4332,46,1
4333,75,10
4334,5,3
4335,8,1
4336,34,5
4337,236,18
4338,53,1
4339,232,8
4340,122,3
4341,109,1
4342,2,1
4343,97,4
4344,594,131
4345,145,2
4346,28,1
4347,7,1
4348,9,6
4349,35,5
4350,50,1
4351,23,1
4352,117,1
4353,48,13
4354,62,3
4355,20,1
4356,10,3
4357,9,1
4358,5,1
4359,5,1
4360,13,3
4361,14,1
4362,8,1
4363,94,1
4364,18,1
4365,29,11
4366,3,1
4367,12,2
4368,181,2
4369,3,1
4370,56,2
4371,39,1
4372,57,1
4373,37,2
4374,9,2
4375,127,13
4376,6,1
4377,7,1
4378,47,1
4379,13,1
4380,4,1
4381,41,14
4382,15,1
4383,10,3
4384,19,1
4385,12,1
4386,46,7
4387,80,28
4388,24,1
4389,5,1
4390,6,1
4391,64,1
4392,18,2
4393,19,3
4394,12,1
4395,43,1
4396,37,3
4397,68,7
4398,8,1
4399,42,1
4400,6,1
4401,3,1
4402,23,1
4403,143,14
4404,483,52
4405,38,2
4406,65,2
4407,9,2
4408,9,4
4409,23,10
4410,14,4
4411,14,7
4412,7,1
4413,28,4
4414,287,18
4415,3,1
4416,5,1
4417,9,2
4418,7,1
4419,4,2
4420,3,1
4421,25,1
4422,125,5
4423,19,1
4424,28,5
4425,128,51
4426,56,11
4427,9,5
4428,21,1
4429,70,12
4430,6,3
4431,5,3
4432,6,1
4433,9,1
4434,34,4
4435,16,4
4436,4,1
4437,23,5
4438,3,1
4439,5,2
4440,6,1
4441,6,1
4442,10,2
4443,7,3
4444,39,2
4445,45,9
4446,26,1
4447,2,1
4448,15,3
4449,6,1
4450,33,1
4451,15,1
4452,2,1
4453,3,1
4454,12,3
4455,77,25
4456,41,4
4457,8,1
4458,3,2
4459,6,3
4460,44,2
4461,46,1
4462,15,14
4463,9,1
4464,9,2
4465,123,1
4466,49,7
4467,136,12
4468,12,2
4469,10,2
4470,5,1
4471,8,3
4472,6,2
4473,17,1
4474,3,1
4475,23,4
4476,33,1
4477,10,1
4478,3,1
4479,5,1
4480,11,4
4481,5,1
4482,8,1
4483,120,1
4484,7,1
4485,5,1
4486,3,1
4487,41,1
4488,15,9
4489,12,1
4490,4,1
4491,20,2
4492,5,1
4493,3,1
4494,20,1
4495,14,3
4496,6,1
4497,7,1
4498,9,1
4499,8,1
4500,26,3
4501,9,1
4502,18,1
4503,14,1
4504,5,1
4505,112,14
4506,106,7
4507,19,1
4508,11,1
4509,3,1
4510,4,2
4511,38,1
4512,5,1
4513,6,1
4514,56,2
4515,9,2
4516,47,2
4517,9,1
4518,35,5
4519,19,1
4520,27,11
4521,11,1
4522,11,1
4523,52,5
4524,3,1
4525,15,2
4526,438,123
4527,15,1
4528,33,3
4529,42,1
4530,80,1
4531,5,1
4532,31,5
4533,6,1
4534,9,1
4535,30,2
4536,84,1
4537,18,1
4538,4,1
4539,8,2
4540,451,1
4541,5,2
4542,17,1
4543,14,2
4544,2,1
4545,147,7
4546,3,1
4547,13,1
4548,6,1
4549,25,2
4550,2,1
4551,35,3
4552,4,4
4553,48,1
4554,109,3
4555,48,1
4556,62,3
4557,24,3
4558,10,2
4559,8,1
4560,27,2
4561,109,3
4562,56,1
4563,2,1
4564,11,1
4565,29,6
4566,3,1
4567,9,1
4568,17,2
4569,14,1
4570,4,2
4571,30,3
4572,12,1
4573,68,8
4574,3,2
4575,7,2
4576,6,1
4577,55,1
4578,147,38
4579,51,15
4580,27,1
4581,62,8
4582,13,4
4583,7,1
4584,62,2
4585,15,2
4586,458,2
4587,54,1
4588,10,1
4589,18,3
4590,17,1
4591,22,1
4592,16,1
4593,5,1
4594,11,6
4595,49,1
4596,32,5
4597,2,1
4598,11,1
4599,8,2
4600,7,1
4601,23,2
4602,4,3
4603,28,1
4604,81,5
4605,47,1
4606,14,1
4607,8,2
4608,11,1
4609,7,2
4610,49,9
4611,3,1
4612,194,46
4613,3,1
4614,23,1
4615,19,19
4616,400,85
4617,21,2
4618,5,1
4619,10,2
4620,4,1
4621,153,1
4622,4,1
4623,8,4
4624,165,4
4625,14,1
4626,53,5
4627,2,1
4628,9,1
4629,5,1
4630,16,1
4631,5,1
4632,50,1
4633,203,54
4634,20,1
4635,73,1
4636,11,1
4637,16,1
4638,7,3
4639,51,1
4640,165,3
4641,32,2
4642,24,3
4643,17,1
4644,13,1
4645,20,2
4646,5,1
4647,17,1
4648,3,1
4649,16,7
4650,16,2
4651,11,3
4652,14,2
4653,8,3
4654,86,6
4655,32,9
4656,7,6
4657,12,4
4658,5,1
4659,22,1
4660,14,1
4661,6,3
4662,12,1
4663,17,1
4664,2,1
4665,14,1
4666,10,2
4667,20,4
4668,21,2
4669,3,2
4670,7,1
4671,41,3
4672,21,2
4673,5,1
4674,50,1
4675,29,2
4676,219,50
4677,50,2
4678,3,1
4679,16,2
4680,8,1
4681,45,1
4682,7,1
4683,5,5
4684,17,1
4685,26,15
4686,33,1
4687,174,7
4688,2,1
4689,3,1
4690,19,1
4691,4,1
4692,17,2
4693,6,1
4694,12,1
4695,23,1
4696,2,2
4697,3,1
4698,4,1
4699,91,1
4700,10,1
4701,3,1
4702,19,6
4703,13,2
4704,41,1
4705,3,2
4706,18,3
4707,12,1
4708,18,2
4709,2,1
4710,5,1
4711,29,4
4712,14,1
4713,17,1
4714,25,1
4715,11,1
4716,6,2
4717,5,1
4718,22,1
4719,26,5
4720,4,1
4721,32,6
4722,68,3
4723,14,1
4724,3,1
4725,55,1
4726,6,1
4727,3,1
4728,9,1
4729,36,3
4730,94,15
4731,3,1
4732,43,12
4733,2,1
4734,10,1
4735,5,1
4736,34,9
4737,14,2
4738,71,1
4739,23,4
4740,7,1
4741,2,1
4742,102,1
4743,28,9
4744,35,1
4745,12,2
4746,11,1
4747,295,1
4748,11,1
4749,50,1
4750,2,1
4751,40,1
4752,3,1
4753,11,1
4754,209,1
4755,9,2
4756,7,3
4757,20,7
4758,169,3
4759,47,2
4760,22,4
4761,13,1
4762,6,1
4763,32,1
4764,7,2
4765,4,1
4766,8,1
4767,14,1
4768,14,1
4769,65,1
4770,110,2
4771,3,1
4772,38,2
4773,5,2
4774,6,1
4775,20,1
4776,15,1
4777,2,1
4778,37,1
4779,13,1
4780,18,3
4781,233,1
4782,32,1
4783,3,1
4784,7,1
4785,4,1
4786,5,1
4787,14,2
4788,17,1
4789,7,2
4790,90,2
4791,12,1
4792,13,1
4793,10,1
4794,23,1
4795,40,1
4796,12,1
4797,12,2
4798,4,1
4799,6,5
4800,7,1
4801,89,2
4802,20,2
4803,9,1
4804,8,1
4805,2,1
4806,13,1
4807,13,1
4808,39,1
4809,7,1
4810,85,1
4811,17,1
4812,22,1
4813,19,1
4814,33,1
4815,14,1
4816,6,5
4817,9,1
4818,96,14
4819,4,1
4820,53,10
4821,7,1
4822,22,1
4823,2,1
4824,2,1
4825,2,1
4826,26,1
4827,22,5
4828,140,19
4829,168,31
4830,68,6
4831,10,2
4832,94,21
4833,501,8
4834,27,1
4835,13,2
4836,104,12
4837,9,2
4838,16,2
4839,4,1
4840,249,2
4841,33,13
4842,15,1
4843,20,2
4844,37,1
4845,67,1
4846,4,1
4847,11,1
4848,5,1
4849,5,3
4850,3,1
4851,2,1
4852,125,7
4853,9,2
4854,164,8
4855,447,48
4856,9,1
4857,128,16
4858,6,1
4859,19,5
4860,619,31
4861,43,1
4862,144,14
4863,15,3
4864,9,1
4865,3,1
4866,31,9
4867,111,1
4868,3,1
4869,24,5
4870,36,1
4871,22,4
4872,7,1
4873,85,15
4874,445,18
4875,9,1
4876,15,1
4877,15,1
4878,37,1
4879,27,11
4880,11,1
4881,17,4
4882,3,1
4883,12,2
4884,13,7
4885,12,2
4886,17,1
4887,27,1
4888,14,6
4889,3,2
4890,15,1
4891,4,1
4892,121,37
4893,27,6
4894,15,1
4895,106,4
4896,209,28
4897,11,1
4898,5,1
4899,36,1
4900,27,1
4901,4,2
4902,2,1
4903,15,1
4904,13,1
4905,237,6
4906,4,1
4907,6,1
4908,13,1
4909,79,7
4910,12,1
4911,47,1
4912,3,1
4913,14,5
4914,36,1
4915,12,1
4916,46,1
4917,8,1
4918,17,1
4919,39,1
4920,8,1
4921,14,1
4922,6,2
4923,21,2
4924,29,3
4925,60,1
4926,5,2
4927,36,1
4928,4,3
4929,9,3
4930,67,7
4931,29,1
4932,401,53
4933,17,3
4934,44,4
4935,27,1
4936,20,2
4937,70,1
4938,9,2
4939,6,1
4940,9,1
4941,37,1
4942,2,1
4943,17,1
4944,307,42
4945,56,2
4946,4,1
4947,6,2
4948,2,1
4949,23,2
4950,9,1
4951,13,1
4952,99,1
4953,42,1
4954,20,1
4955,51,3
4956,2,1
4957,5,1
4958,4,1
4959,15,2
4960,38,1
4961,30,1
4962,14,3
4963,7,1
4964,19,2
4965,19,1
4966,4,1
4967,28,2
4968,6,1
4969,7,1
4970,30,12
4971,4,1
4972,3,1
4973,20,6
4974,3,2
4975,9,5
4976,12,2
4977,28,6
4978,2,1
4979,4,1
4980,45,4
4981,39,2
4982,10,1
4983,4,1
4984,32,3
4985,35,1
4986,6,1
4987,5,1
4988,64,7
4989,91,12
4990,6,1
4991,7,1
4992,15,1
4993,89,1
4994,118,1
4995,104,5
4996,26,2
4997,64,3
4998,9,4
4999,13,1
5000,61,5
5001,17,1
5002,24,1
5003,88,24
5004,25,4
5005,173,8
5006,12,2
5007,12,2
5008,4,1
5009,7,2
5010,4,1
5011,16,1
5012,22,1
5013,7,1
5014,10,2
5015,21,1
5016,11,7
5017,23,15
5018,8,6
5019,3,1
5020,2,1
5021,2,2
5022,4,1
5023,19,1
5024,9,3
5025,13,5
5026,15,1
5027,15,3
5028,29,1
5029,84,1
5030,47,1
5031,41,5
5032,27,1
5033,74,10
5034,801,48
5035,3,1
5036,52,7
5037,25,9
5038,85,1
5039,3,1
5040,9,1
5041,50,3
5042,20,1
5043,86,3
5044,9,1
5045,96,1
5046,86,20
5047,18,1
5048,29,1
5049,5,1
5050,34,9
5051,7,1
5052,14,4
5053,216,10
5054,24,1
5055,61,2
5056,10,1
5057,2,1
5058,42,7
5059,50,1
5060,115,3
5061,56,8
5062,212,44
5063,9,1
5064,50,3
5065,4,1
5066,3,1
5067,11,1
5068,105,2
5069,129,3
5070,42,1
5071,331,103
5072,73,1
5073,18,4
5074,5,2
5075,2,1
5076,127,2
5077,2,1
5078,8,1
5079,37,4
5080,19,5
5081,24,1
5082,5,2
5083,24,1
5084,4,2
5085,25,2
5086,14,7
5087,6,1
5088,14,4
5089,9,1
5090,63,3
5091,184,1
5092,30,1
5093,86,1
5094,54,4
5095,8,2
5096,2,1
5097,5,1
5098,28,2
5099,3,1
5100,2,1
5101,8,1
5102,29,1
5103,2,1
5104,3,1
5105,22,1
5106,69,5
5107,84,8
5108,62,1
5109,2,1
5110,13,5
5111,15,1
5112,2,2
5113,7,1
5114,37,7
5115,23,3
5116,29,2
5117,8,1
5118,4,1
5119,2,1
5120,101,9
5121,7,2
5122,90,3
5123,17,1
5124,12,1
5125,8,4
5126,7,3
5127,2,1
5128,5,2
5129,3,1
5130,64,2
5131,16,2
5132,3,1
5133,11,1
5134,2,1
5135,4,1
5136,24,4
5137,48,12
5138,3,1
5139,14,2
5140,20,1
5141,4,1
5142,16,1
5143,25,9
5144,12,9
5145,10,2
5146,12,1
5147,16,2
5148,16,2
5149,36,14
5150,6,1
5151,3,1
5152,45,1
5153,6,4
5154,29,1
5155,86,1
5156,7,1
5157,31,1
5158,6,2
5159,20,9
5160,9,3
5161,46,6
5162,241,3
5163,3,1
5164,34,1
5165,61,1
5166,4,1
5167,18,1
5168,3,1
5169,39,1
5170,15,1
5171,2,2
5172,4,1
5173,8,1
5174,56,3
5175,5,1
5176,5,1
5177,30,2
5178,100,10
5179,23,1
5180,40,1
5181,2,1
5182,2,1
5183,25,1
5184,33,13
5185,22,1
5186,13,1
5187,11,2
5188,18,1
5189,28,1
5190,96,1
5191,38,1
5192,10,1
5193,15,2
5194,76,1
5195,58,3
5196,34,1
5197,8,2
5198,11,1
5199,6,1
5200,32,3
5201,31,1
5202,14,2
5203,205,2
5204,15,1
5205,49,8
5206,13,3
5207,2,1
5208,13,1
5209,15,1
5210,57,5
5211,22,2
5212,17,1
5213,20,7
5214,74,3
5215,41,2
5216,3,1
5217,7,1
5218,33,1
5219,3,1
5220,14,2
5221,29,1
5222,44,1
5223,2,1
5224,29,7
5225,3,1
5226,16,6
5227,10,1
5228,19,2
5229,17,1
5230,8,1
5231,15,5
5232,7,3
5233,4,2
5234,3,1
5235,2,1
5236,26,1
5237,49,1
5238,46,1
5239,44,2
5240,54,1
5241,17,1
5242,482,1
5243,197,1
5244,154,2
5245,51,7
5246,5,1
5247,248,2
5248,734,1
5249,208,8
5250,332,1
5251,112,1
5252,434,1
5253,7,1
5254,218,2
5255,35,1
5256,324,1
5257,117,1
5258,82,1
5259,24,1
5260,70,1
5261,480,3
5262,66,2
5263,281,2
5264,507,14
5265,359,21
5266,147,3
5267,173,1
5268,82,1
5269,6,1
5270,67,2
5271,220,1
5272,67,1
5273,36,1
5274,5,1
5275,193,2
5276,13,4
5277,22,1
5278,91,2
5279,64,1
5280,3,1
5281,7,2
5282,9,2
5283,3,1
5284,2,2
5285,24,10
5286,16,1
5287,29,2
5288,239,1
5289,6,1
5290,5,1
5291,55,2
5292,3,2
5293,36,1
5294,4,1
5295,6,1
5296,3,1
5297,5,1
5298,19,1
5299,91,3
5300,48,6
5301,11,6
5302,2,1
5303,69,1
5304,53,17
5305,7,1
5306,64,1
5307,5,1
5308,19,1
5309,16,1
5310,15,1
5311,18,4
5312,10,1
5313,43,1
5314,2,1
5315,14,1
5316,3,1
5317,30,3
5318,80,6
5319,18,1
5320,3,1
5321,20,2
5322,68,1
5323,5,1
5324,12,4
5325,4,1
5326,17,1
5327,13,6
5328,3,1
5329,29,14
5330,7,3
5331,6,1
5332,86,1
5333,4,1
5334,14,1
5335,20,1
5336,8,1
5337,49,3
5338,6,1
5339,11,4
5340,34,3
5341,75,1
5342,11,2
5343,27,4
5344,15,1
5345,11,1
5346,26,9
5347,3,1
5348,14,1
5349,45,1
5350,121,1
5351,56,3
5352,55,1
5353,2,1
5354,7,3
5355,8,2
5356,11,1
5357,3,1
5358,21,1
5359,13,1
5360,3,1
5361,45,4
5362,7,1
5363,20,1
5364,26,1
5365,2,1
5366,6,4
5367,4,1
5368,2,1
5369,8,1
5370,5,1
5371,4,1
5372,75,1
5373,41,2
5374,23,7
5375,3,1
5376,7,2
5377,17,2
5378,6,1
5379,2,1
5380,20,1
5381,17,1
5382,20,1
5383,10,1
5384,24,2
5385,99,21
5386,9,1
5387,15,1
5388,4,1
5389,12,1
5390,42,1
5391,3,1
5392,3,1
5393,3,1
5394,2,1
5395,12,1
5396,21,1
5397,62,1
5398,4,2
5399,58,1
5400,130,1
5401,16,2
5402,8,3
5403,2,1
5404,17,1
5405,2,1
5406,3,1
5407,65,1
5408,20,5
5409,26,1
5410,22,1
5411,7,1
5412,5,2
5413,82,1
5414,51,2
5415,254,3
5416,2,1
5417,12,2
5418,2,1
5419,22,2
5420,14,1
5421,7,1
5422,6,2
5423,61,1
5424,2,1
5425,28,3
5426,7,4
5427,12,1
5428,72,5
5429,10,2
5430,7,3
5431,131,12
5432,7,2
5433,9,4
5434,58,4
5435,4,1
5436,18,1
5437,17,1
5438,2,1
5439,19,2
5440,21,1
5441,4,1
5442,119,29
5443,16,1
5444,52,1
5445,10,1
5446,29,1
5447,4,1
5448,49,13
5449,7,4
5450,40,7
5451,33,1
5452,7,2
5453,58,1
5454,72,1
5455,2,2
5456,6,3
5457,16,2
5458,11,1
5459,4,2
5460,61,1
5461,21,1
5462,25,4
5463,9,3
5464,117,1
5465,7,1
5466,8,1
5467,3,1
5468,3,1
5469,74,1
5470,33,1
5471,3,1
5472,9,1
5473,75,2
5474,13,1
5475,10,1
5476,4,1
5477,25,2
5478,148,1
5479,43,2
5480,38,2
5481,16,3
5482,825,1
5483,81,44
5484,509,2
5485,99,1
5486,309,2
5487,12,1
5488,14,1
5489,18,2
5490,3,1
5491,7,2
5492,20,1
5493,28,1
5494,27,1
5495,8,2
5496,2,1
5497,2,2
5498,73,17
5499,308,3
5500,2,1
5501,3,3
5502,11,2
5503,37,19
5504,2,2
5505,9,3
5506,12,1
5507,21,1
5508,9,1
5509,4,1
5510,6,1
5511,9,3
5512,4,1
5513,25,4
5514,6,1
5515,59,13
5516,2,1
5517,70,14
5518,91,6
5519,4,3
5520,3,3
5521,3,1
5522,9,1
5523,68,6
5524,3,1
5525,157,7
5526,5,1
5527,3,1
5528,11,2
5529,41,4
5530,9,2
5531,19,2
5532,8,1
5533,3,1
5534,39,1
5535,20,1
5536,19,4
5537,14,1
5538,3,1
5539,11,1
5540,5,2
5541,2,1
5542,37,3
5543,12,2
5544,3,1
5545,3,1
5546,4,1
5547,8,1
5548,2,2
5549,20,1
5550,2,1
5551,60,3
5552,2,1
5553,20,2
5554,31,5
5555,16,1
5556,8,1
5557,131,1
5558,20,2
5559,6,1
5560,29,18
5561,8,1
5562,12,1
5563,19,5
5564,5,2
5565,30,2
5566,9,2
5567,9,1
5568,6,1
5569,5,2
5570,18,1
5571,3,1
5572,2,1
5573,2,1
5574,8,1
5575,2,2
5576,23,2
5577,10,1
5578,126,1
5579,27,3
5580,6,1
5581,101,1
5582,54,2
5583,41,20
5584,10,1
5585,30,8
5586,27,1
5587,84,3
5588,6,1
5589,15,3
5590,95,5
5591,159,12
5592,4,1
5593,69,18
5594,29,4
5595,6,2
5596,9,1
5597,8,2
5598,23,1
5599,5,3
5600,30,2
5601,2,1
5602,16,3
5603,4,1
5604,6,5
5605,2,1
5606,11,6
5607,2,1
5608,6,2
5609,5,3
5610,8,3
5611,5,1
5612,27,1
5613,29,1
5614,2,1
5615,9,3
5616,2,1
5617,3,1
5618,20,3
5619,11,6
5620,10,1
5621,80,7
5622,15,7
5623,3,1
5624,2,1
5625,139,3
5626,620,131
5627,2,1
5628,24,1
5629,36,4
5630,3,2
5631,8,1
5632,18,1
5633,23,1
5634,26,1
5635,51,2
5636,63,2
5637,3,1
5638,2,1
5639,10,1
5640,6,1
5641,11,2
5642,62,1
5643,64,1
5644,10,1
5645,28,11
5646,18,1
5647,10,1
5648,148,1
5649,12,1
5650,12,1
5651,2,1
5652,50,7
5653,35,5
5654,50,1
5655,38,12
5656,24,1
5657,2,1
5658,52,2
5659,11,3
5660,7,1
5661,10,1
5662,25,9
5663,7,1
5664,26,8
5665,12,4
5666,2,1
5667,26,1
5668,401,2
5669,65,2
5670,10,2
5671,6,1
5672,14,1
5673,27,1
5674,22,1
5675,14,3
5676,3,2
5677,83,1
5678,8,1
5679,2,1
5680,4,1
5681,7,1
5682,57,1
5683,11,1
5684,15,1
5685,3,1
5686,2,1
5687,8,4
5688,16,12
5689,7,1
5690,176,4
5691,2,1
5692,7,5
5693,27,4
5694,23,7
5695,6,6
5696,4,2
5697,12,5
5698,7,1
5699,10,1
5700,103,3
5701,14,2
5702,15,9
5703,10,1
5704,2,1
5705,69,1
5706,13,1
5707,12,3
5708,24,9
5709,2,1
5710,60,1
5711,32,2
5712,48,1
5713,35,1
5714,42,4
5715,3,1
5716,14,2
5717,47,9
5718,7,1
5719,8,1
5720,23,1
5721,20,1
5722,50,8
5723,19,7
5724,7,2
5725,22,1
5726,47,8
5727,5,2
5728,4,1
5729,47,4
5730,5,2
5731,25,1
5732,11,5
5733,16,1
5734,18,2
5735,85,2
5736,6,1
5737,3,2
5738,2,1
5739,36,1
5740,2,1
5741,2,1
5742,12,6
5743,3,1
5744,46,5
5745,86,13
5746,11,1
5747,3,1
5748,19,1
5749,82,1
5750,126,8
5751,2,2
5752,57,4
5753,21,2
5754,2,1
5755,19,2
5756,23,2
5757,29,1
5758,175,50
5759,110,1
5760,15,3
5761,4,1
5762,48,7
5763,41,2
5764,15,1
5765,46,1
5766,29,3
5767,39,3
5768,26,2
5769,79,28
5770,10,2
5771,3,1
5772,4,1
5773,47,8
5774,249,1
5775,2,1
5776,120,7
5777,23,1
5778,2,1
5779,6,1
5780,6,1
5781,9,3
5782,14,1
5783,84,3
5784,7,3
5785,18,1
5786,9,5
5787,19,3
5788,7,1
5789,2,1
5790,40,2
5791,89,3
5792,8,1
5793,92,2
5794,196,3
5795,22,4
5796,49,1
5797,56,2
5798,16,4
5799,63,9
5800,14,4
5801,59,1
5802,29,1
5803,36,1
5804,50,3
5805,2,1
5806,2,1
5807,25,3
5808,59,1
5809,60,1
5810,2,1
5811,29,1
5812,3,1
5813,73,1
5814,17,1
5815,34,19
5816,19,3
5817,2,1
5818,25,1
5819,43,2
5820,5,1
5821,27,6
5822,30,1
5823,28,1
5824,2,1
5825,59,1
5826,3,2
5827,22,4
5828,6,1
5829,6,1
5830,38,9
5831,6,3
5832,5,1
5833,73,9
5834,19,1
5835,5,1
5836,90,1
5837,70,7
5838,18,2
5839,31,1
5840,4,1
5841,33,1
5842,9,1
5843,6,1
5844,8,4
5845,16,1
5846,40,1
5847,13,1
5848,2,1
5849,38,1
5850,11,2
5851,17,2
5852,34,1
5853,88,15
5854,16,1
5855,68,1
5856,23,1
5857,39,1
5858,20,1
5859,8,1
5860,9,2
5861,8,1
5862,20,8
5863,8,1
5864,45,1
5865,118,7
5866,15,2
5867,140,2
5868,12,2
5869,7,1
5870,6,1
5871,5,1
5872,2,2
5873,3,1
5874,20,1
5875,3,1
5876,3,3
5877,18,2
5878,2,1
5879,6,2
5880,2,1
5881,8,1
5882,9,2
5883,16,3
5884,4,1
5885,47,1
5886,63,3
5887,15,1
5888,7,2
5889,5,1
5890,42,9
5891,217,8
5892,2,1
5893,47,1
5894,23,1
5895,19,1
5896,7,2
5897,55,1
5898,7,1
5899,52,1
5900,116,3
5901,13,1
5902,16,1
5903,7,2
5904,13,1
5905,5,2
5906,3,1
5907,91,34
5908,9,1
5909,3,1
5910,2,1
5911,10,1
5912,324,2
5913,13,1
5914,18,1
5915,9,4
5916,21,2
5917,327,1
5918,19,1
5919,18,1
5920,46,1
5921,16,1
5922,18,1
5923,23,1
5924,69,1
5925,64,1
5926,16,1
5927,5,1
5928,5,1
5929,52,2
5930,2,1
5931,8,1
5932,7,2
5933,2,1
5934,60,3
5935,14,5
5936,21,1
5937,2,1
5938,24,2
5939,6,1
5940,6,1
5941,21,1
5942,181,87
5943,22,8
5944,8,1
5945,8,1
5946,19,1
5947,27,1
5948,44,4
5949,99,8
5950,4,3
5951,2,1
5952,18,1
5953,4,1
5954,12,1
5955,3,1
5956,7,1
5957,3,1
5958,9,1
5959,70,1
5960,4,1
5961,5,2
5962,3,1
5963,22,1
5964,14,1
5965,4,1
5966,5,1
5967,14,3
5968,20,1
5969,311,1
5970,14,5
5971,40,1
5972,3,1
5973,69,5
5974,7,1
5975,1146,4
5976,15,2
5977,12,2
5978,9,1
5979,107,2
5980,70,14
5981,3,1
5982,60,30
5983,3,2
5984,66,1
5985,62,2
5986,6,1
5987,2,2
5988,4,1
5989,2,1
5990,8,1
5991,10,6
5992,11,1
5993,9,5
5994,2,1
5995,7,2
5996,3,1
5997,7,1
5998,19,3
5999,23,2
6000,6,2
6001,52,2
6002,26,1
6003,26,1
6004,4,1
6005,8,1
6006,11,1
6007,3,1
6008,9,2
6009,34,2
6010,3,2
6011,88,2
6012,4,2
6013,9,1
6014,25,1
6015,6,1
6016,5,1
6017,9,3
6018,3,2
6019,4,1
6020,3,1
6021,3,1
6022,2,1
6023,4,1
6024,9,1
6025,3,1
6026,9,3
6027,4,1
6028,3,1
6029,74,3
6030,24,2
6031,15,3
6032,29,3
6033,37,12
6034,32,6
6035,16,1
6036,6,1
6037,4,1
6038,14,1
6039,10,3
6040,18,2
6041,3,1
6042,19,2
6043,240,19
6044,22,1
6045,10,1
6046,9,2
6047,6,1
6048,2,1
6049,5,1
6050,13,2
6051,38,1
6052,26,5
6053,28,1
6054,16,12
6055,2,1
6056,31,8
6057,25,1
6058,4,1
6059,12,1
6060,14,6
6061,4,1
6062,11,1
6063,21,3
6064,12,3
6065,13,10
6066,8,2
6067,41,7
6068,4,1
6069,9,2
6070,2,2
6071,11,5
6072,28,1
6073,2,1
6074,44,1
6075,5,1
6076,19,1
6077,8,1
6078,36,1
6079,14,2
6080,8,1
6081,8,2
6082,30,1
6083,26,1
6084,8,1
6085,31,3
6086,39,3
6087,4,4
6088,45,4
6089,34,1
6090,3,1
6091,3,1
6092,8,1
6093,2,1
6094,25,9
6095,15,1
6096,8,2
6097,2,1
6098,24,1
6099,5,1
6100,8,1
6101,12,3
6102,12,5
6103,4,1
6104,96,1
6105,77,12
6106,3,1
6107,39,1
6108,17,1
6109,97,15
6110,72,1
6111,9,1
6112,24,1
6113,2,1
6114,87,8
6115,18,1
6116,21,2
6117,19,11
6118,6,1
6119,24,3
6120,20,1
6121,101,2
6122,6,1
6123,19,11
6124,12,1
6125,16,1
6126,6,1
6127,46,1
6128,14,2
6129,7,1
6130,11,2
6131,20,1
6132,2,1
6133,9,1
6134,70,1
6135,6,2
6136,21,3
6137,83,1
6138,3,1
6139,617,1
6140,39,1
6141,581,2
6142,68,1
6143,15,1
6144,97,2
6145,150,1
6146,5,3
6147,5,1
6148,505,1
6149,118,1
6150,235,1
6151,5,5
6152,138,2
6153,275,2
6154,222,1
6155,4,1
6156,238,3
6157,84,1
6158,15,1
6159,78,28
6160,9,9
6161,29,1
6162,16,2
6163,17,1
6164,234,1
6165,43,6
6166,156,1
6167,316,1
6168,130,3
6169,143,1
6170,94,25
6171,5,2
6172,82,22
6173,15,1
6174,20,1
6175,58,1
6176,35,1
6177,52,1
6178,5,1
6179,96,1
6180,111,1
6181,68,1
6182,10,2
6183,12,1
6184,13,1
6185,19,3
6186,23,1
6187,115,18
6188,8,5
6189,329,11
6190,4,1
6191,79,2
6192,66,1
6193,53,2
6194,240,33
6195,10,1
6196,12,1
6197,25,1
6198,91,1
6199,5,4
6200,34,1
6201,26,4
6202,26,1
6203,31,1
6204,29,1
6205,47,1
6206,92,1
6207,42,4
6208,9,1
6209,3,2
6210,42,4
6211,34,1
6212,11,6
6213,51,3
6214,5,1
6215,105,30
6216,64,2
6217,12,1
6218,63,13
6219,2,1
6220,8,1
6221,26,1
6222,14,11
6223,15,2
6224,4,4
6225,29,9
6226,15,3
6227,46,1
6228,20,2
6229,58,1
6230,27,15
6231,13,1
6232,10,3
6233,9,1
6234,74,4
6235,37,2
6236,32,2
6237,2,1
6238,21,1
6239,9,1
6240,20,1
6241,6,1
6242,5,1
6243,5,5
6244,25,6
6245,16,2
6246,12,1
6247,22,1
6248,22,4
6249,14,1
6250,15,3
6251,8,2
6252,86,3
6253,6,1
6254,16,1
6255,4,1
6256,15,2
6257,51,1
6258,6,6
6259,3,1
6260,16,1
6261,2,2
6262,16,2
6263,11,11
6264,7,2
6265,10,6
6266,22,1
6267,39,13
6268,61,1
6269,3,1
6270,2,2
6271,2,1
6272,52,1
6273,2,1
6274,4,2
6275,2,1
6276,16,1
6277,5,5
6278,6,1
6279,14,1
6280,7,2
6281,2,1
6282,24,1
6283,3,1
6284,42,11
6285,6,1
6286,7,1
6287,2,1
6288,6,1
6289,5,1
6290,10,2
6291,5,1
6292,28,10
6293,33,11
6294,11,1
6295,2,1
6296,2,1
6297,8,1
6298,12,1
6299,3,1
6300,33,6
6301,6,6
6302,43,2
6303,18,1
6304,6,1
6305,12,1
6306,27,2
6307,35,4
6308,3,1
6309,11,4
6310,4,2
6311,15,1
6312,3,3
6313,13,1
6314,4,2
6315,7,1
6316,7,4
6317,15,1
6318,4,2
6319,3,2
6320,121,8
6321,2,1
6322,13,2
6323,82,3
6324,394,7
6325,7,1
6326,42,3
6327,15,1
6328,19,2
6329,125,1
6330,20,7
6331,85,12
6332,12,3
6333,28,1
6334,8,2
6335,3,1
6336,30,2
6337,4,1
6338,4,1
6339,64,1
6340,5,1
6341,3,1
6342,8,7
6343,29,1
6344,35,1
6345,4,1
6346,14,1
6347,55,9
6348,26,1
6349,3,1
6350,2,2
6351,4,4
6352,10,1
6353,28,4
6354,39,6
6355,10,1
6356,6,3
6357,3,1
6358,6,2
6359,7,3
6360,14,1
6361,4,1
6362,5,1
6363,121,1
6364,48,2
6365,14,2
6366,41,34
6367,48,8
6368,18,8
6369,77,1
6370,8,1
6371,98,4
6372,71,1
6373,5,1
6374,23,1
6375,2,2
6376,2,1
6377,12,1
6378,21,19
6379,7,4
6380,72,1
6381,12,2
6382,6,1
6383,35,9
6384,31,2
6385,10,1
6386,6,1
6387,7,1
6388,32,8
6389,17,1
6390,11,1
6391,2,1
6392,108,3
6393,4,4
6394,108,10
6395,4,1
6396,4,1
6397,36,8
6398,13,1
6399,7,2
6400,2,1
6401,33,4
6402,8,1
6403,5,1
6404,64,8
6405,40,8
6406,14,1
6407,3,3
6408,155,7
6409,13,2
6410,273,42
6411,2,2
6412,14,2
6413,9,1
6414,5,5
6415,6,1
6416,8,1
6417,16,2
6418,55,1
6419,3,1
6420,5,2
6421,32,2
6422,2,1
6423,5,4
6424,2,2
6425,2,1
6426,4,1
6427,7,3
6428,138,45
6429,2,1
6430,17,8
6431,12,1
6432,7,3
6433,2,1
6434,88,30
6435,4,1
6436,86,1
6437,3,1
6438,12,2
6439,11,2
6440,11,1
6441,6,6
6442,4,1
6443,49,8
6444,9,1
6445,9,4
6446,4,1
6447,3,1
6448,11,2
6449,11,1
6450,12,1
6451,5,1
6452,18,1
6453,371,21
6454,3,1
6455,9,1
6456,5,1
6457,4,1
6458,59,1
6459,203,37
6460,11,2
6461,3,1
6462,3,1
6463,6,2
6464,6,1
6465,7,2
6466,4,2
6467,35,4
6468,5,1
6469,68,1
6470,17,1
6471,5,2
6472,12,1
6473,7,1
6474,4,1
6475,5,1
6476,3,3
6477,45,1
6478,2,1
6479,8,6
6480,19,2
6481,10,6
6482,2,1
6483,2,1
6484,5,1
6485,3,1
6486,104,2
6487,4,1
6488,10,7
6489,17,1
6490,14,3
6491,30,10
6492,199,34
6493,2,1
6494,253,19
6495,50,2
6496,15,8
6497,3,2
6498,13,6
6499,3,1
6500,2,2
6501,6,3
6502,2,1
6503,69,2
6504,451,58
6505,2,1
6506,61,7
6507,46,1
6508,16,2
6509,2,1
6510,50,2
6511,4,1
6512,3,2
6513,10,1
6514,26,1
6515,6,1
6516,14,1
6517,6,1
6518,5,1
6519,46,16
6520,7,1
6521,4,2
6522,5,1
6523,2,1
6524,2,1
6525,2,1
6526,9,2
6527,4,1
6528,10,2
6529,7,1
6530,8,1
6531,2,2
6532,5,1
6533,10,3
6534,14,1
6535,3,1
6536,2,1
6537,49,1
6538,4,1
6539,4,1
6540,4,1
6541,16,3
6542,24,3
6543,7,1
6544,38,5
6545,3,1
6546,2,1
6547,13,1
6548,3,1
6549,4,3
6550,2,1
6551,118,28
6552,11,1
6553,30,5
6554,2,1
6555,6,3
6556,4,1
6557,5,3
6558,4,1
6559,19,1
6560,2,1
6561,18,5
6562,13,2
6563,8,1
6564,11,1
6565,5,4
6566,8,1
6567,32,1
6568,26,1
6569,10,1
6570,4,2
6571,17,4
6572,14,7
6573,11,3
6574,7,3
6575,6,1
6576,49,1
6577,6,3
6578,6,1
6579,10,1
6580,25,1
6581,15,1
6582,4,1
6583,234,1
6584,2,1
6585,3,2
6586,12,2
6587,3,1
6588,77,8
6589,86,2
6590,22,2
6591,28,1
6592,2,1
6593,15,1
6594,20,4
6595,19,1
6596,18,4
6597,5,1
6598,44,1
6599,17,1
6600,9,2
6601,17,1
6602,10,1
6603,22,1
6604,10,1
6605,26,2
6606,15,4
6607,4,2
6608,86,5
6609,301,3
6610,79,1
6611,2,1
6612,29,1
6613,14,1
6614,6,2
6615,2,1
6616,4,1
6617,12,1
6618,22,1
6619,30,7
6620,64,1
6621,39,1
6622,35,1
6623,39,1
6624,20,1
6625,164,2
6626,3,2
6627,12,2
6628,16,1
6629,2,1
6630,3,1
6631,14,1
6632,7,3
6633,59,5
6634,15,1
6635,3,1
6636,58,7
6637,17,5
6638,4,2
6639,22,1
6640,5,1
6641,16,4
6642,6,2
6643,17,2
6644,4,1
6645,13,2
6646,5,4
6647,238,5
6648,22,1
6649,29,4
6650,92,2
6651,41,1
6652,10,2
6653,41,1
6654,83,9
6655,6,1
6656,21,3
6657,2,1
6658,46,1
6659,28,1
6660,12,1
6661,14,1
6662,19,11
6663,32,2
6664,9,1
6665,13,5
6666,138,29
6667,23,1
6668,42,1
6669,170,2
6670,49,1
6671,11,2
6672,22,1
6673,34,2
6674,16,1
6675,47,1
6676,9,3
6677,6,2
6678,43,1
6679,10,1
6680,80,4
6681,6,4
6682,5,1
6683,36,1
6684,39,4
6685,28,1
6686,29,1
6687,33,3
6688,20,2
6689,20,1
6690,8,1
6691,10,1
6692,76,1
6693,143,1
6694,14,2
6695,122,16
6696,2,1
6697,58,2
6698,29,4
6699,4,1
6700,8,1
6701,76,1
6702,78,1
6703,45,6
6704,11,1
6705,10,4
6706,12,1
6707,16,2
6708,5,1
6709,73,2
6710,96,1
6711,13,2
6712,72,13
6713,20,2
6714,4,2
6715,61,3
6716,19,1
6717,37,2
6718,7,3
6719,4,2
6720,13,1
6721,11,3
6722,27,1
6723,3,1
6724,11,3
6725,55,8
6726,46,26
6727,7,3
6728,12,2
6729,4,1
6730,32,1
6731,6,1
6732,3,1
6733,2,2
6734,24,1
6735,9,1
6736,62,2
6737,32,1
6738,2,1
6739,16,1
6740,4,3
6741,23,9
6742,4,1
6743,16,2
6744,11,1
6745,54,41
6746,14,2
6747,13,1
6748,40,4
6749,69,11
6750,14,1
6751,60,1
6752,25,1
6753,61,1
6754,8,1
6755,99,4
6756,2,1
6757,31,4
6758,17,14
6759,6,1
6760,29,3
6761,10,2
6762,7,1
6763,3,1
6764,13,1
6765,3,2
6766,32,5
6767,32,1
6768,3,3
6769,8,2
6770,39,3
6771,21,1
6772,3,1
6773,40,1
6774,6,1
6775,11,1
6776,131,17
6777,12,1
6778,18,2
6779,3,2
6780,44,9
6781,17,1
6782,10,1
6783,5,2
6784,71,1
6785,8,1
6786,8,4
6787,7,1
6788,12,1
6789,7,1
6790,20,4
6791,80,5
6792,74,2
6793,3,2
6794,12,2
6795,8,3
6796,8,1
6797,3,1
6798,4,1
6799,8,2
6800,2,1
6801,4,1
6802,2,1
6803,3,3
6804,5,1
6805,10,1
6806,6,1
6807,14,1
6808,7,1
6809,8,1
6810,5,1
6811,4,1
6812,7,2
6813,5,1
6814,5,1
6815,51,6
6816,12,2
6817,59,2
6818,3,1
6819,15,1
6820,3,1
6821,3,1
6822,37,4
6823,10,1
6824,109,10
6825,27,1
6826,204,14
6827,7,4
6828,9,2
6829,12,3
6830,15,4
6831,3,1
6832,5,1
6833,14,1
6834,34,3
6835,6,2
6836,10,5
6837,10,1
6838,13,1
6839,44,4
6840,36,5
6841,59,1
6842,6,2
6843,85,2
6844,2,1
6845,6,1
6846,43,1
6847,192,30
6848,6,1
6849,18,2
6850,51,3
6851,18,1
6852,38,3
6853,4,1
6854,4,1
6855,10,4
6856,3,1
6857,3,1
6858,82,3
6859,26,5
6860,4,1
6861,21,4
6862,4,2
6863,4,1
6864,19,11
6865,6,1
6866,4,1
6867,5,1
6868,9,2
6869,20,4
6870,2,1
6871,3,1
6872,6,2
6873,35,1
6874,26,4
6875,42,9
6876,3,3
6877,80,14
6878,3,2
6879,2,1
6880,4,1
6881,11,2
6882,12,1
6883,4,1
6884,13,2
6885,25,6
6886,69,4
6887,14,2
6888,54,9
6889,40,1
6890,2,1
6891,2,1
6892,17,2
6893,3,1
6894,18,1
6895,5,1
6896,4,4
6897,14,1
6898,10,2
6899,5,1
6900,2,1
6901,50,1
6902,7,1
6903,27,7
6904,17,1
6905,2,1
6906,2,1
6907,6,2
6908,2,1
6909,6,1
6910,72,8
6911,18,1
6912,20,3
6913,70,1
6914,4,2
6915,3,1
6916,19,1
6917,3,1
6918,10,1
6919,6,1
6920,31,1
6921,6,1
6922,8,3
6923,50,8
6924,24,1
6925,13,2
6926,3,1
6927,12,1
6928,2,1
6929,3,1
6930,75,1
6931,6,2
6932,2,1
6933,3,1
6934,17,1
6935,2,1
6936,3,1
6937,5,1
6938,13,1
6939,6,2
6940,4,2
6941,6,3
6942,4,1
6943,17,1
6944,34,5
6945,2,1
6946,2,1
6947,63,11
6948,3,1
6949,10,1
6950,6,2
6951,6,1
6952,5,1
6953,47,2
6954,2,1
6955,5,2
6956,61,2
6957,3,1
6958,14,1
6959,4,2
6960,10,2
6961,19,1
6962,57,1
6963,143,13
6964,2,1
6965,3,1
6966,4,1
6967,52,1
6968,2,1
6969,18,4
6970,12,1
6971,13,1
6972,9,1
6973,29,1
6974,24,3
6975,2,1
6976,41,1
6977,11,9
6978,10,3
6979,4,1
6980,2,1
6981,9,1
6982,3,1
6983,58,3
6984,4,1
6985,7,2
6986,58,5
6987,3,1
6988,2,1
6989,2,1
6990,4,1
6991,2,1
6992,3,1
6993,21,2
6994,8,1
6995,45,2
6996,7,1
6997,3,1
6998,2,1
6999,9,2
7000,2,1
7001,2,1
7002,7,1
7003,16,6
7004,2,1
7005,3,2
7006,2,1
7007,22,1
7008,8,1
7009,18,1
7010,2,1
7011,2,1
7012,15,4
7013,8,1
7014,4,2
7015,4,1
7016,7,1
7017,7,1
7018,2,1
7019,9,1
7020,19,3
7021,6,2
7022,3,1
7023,3,1
7024,32,1
7025,43,6
7026,73,19
7027,15,1
7028,15,3
7029,10,1
7030,16,1
7031,4,4
7032,14,2
7033,2,1
7034,5,1
7035,10,1
7036,3,1
7037,6,1
7038,4,1
7039,25,1
7040,3,1
7041,16,1
7042,76,20
7043,10,1
7044,15,2
7045,5,1
7046,8,5
7047,4,2
7048,2,1
7049,3,1
7050,6,1
7051,10,2
7052,5,2
7053,107,3
7054,24,1
7055,17,5
7056,59,2
7057,45,2
7058,31,1
7059,34,1
7060,29,3
7061,3,3
7062,13,1
7063,3,1
7064,6,2
7065,8,3
7066,13,2
7067,8,1
7068,22,9
7069,7,1
7070,10,1
7071,2,1
7072,10,7
7073,6,1
7074,10,1
7075,16,2
7076,39,12
7077,5,1
7078,7,1
7079,29,1
7080,17,4
7081,6,2
7082,26,2
7083,8,5
7084,11,2
7085,4,1
7086,5,4
7087,15,2
7088,3,1
7089,20,9
7090,16,2
7091,10,2
7092,61,3
7093,8,1
7094,8,1
7095,6,1
7096,3,1
7097,29,1
7098,8,1
7099,7,2
7100,52,1
7101,4,1
7102,2,1
7103,6,4
7104,23,8
7105,52,9
7106,53,3
7107,24,1
7108,91,1
7109,86,1
7110,24,1
7111,30,1
7112,2,1
7113,16,9
7114,20,2
7115,7,1
7116,2,1
7117,20,1
7118,72,10
7119,11,2
7120,58,1
7121,64,5
7122,8,1
7123,43,5
7124,12,1
7125,22,1
7126,6,4
7127,22,5
7128,73,10
7129,35,1
7130,28,3
7131,10,2
7132,2,1
7133,9,3
7134,4,2
7135,4,3
7136,73,7
7137,15,1
7138,2,1
7139,7,5
7140,6,2
7141,17,5
7142,5,3
7143,22,1
7144,48,9
7145,18,1
7146,9,1
7147,6,3
7148,53,6
7149,44,1
7150,4,1
7151,5,1
7152,5,2
7153,8,1
7154,27,1
7155,23,1
7156,38,1
7157,17,1
7158,3,1
7159,2,1
7160,3,1
7161,9,1
7162,14,9
7163,5,2
7164,30,11
7165,5,1
7166,2,1
7167,6,1
7168,43,1
7169,9,2
7170,9,2
7171,12,2
7172,3,1
7173,3,1
7174,34,1
7175,23,2
7176,7,1
7177,6,6
7178,6,1
7179,17,2
7180,18,3
7181,3,2
7182,26,7
7183,10,1
7184,50,5
7185,5,2
7186,5,1
7187,5,1
7188,12,2
7189,4,1
7190,12,4
7191,7,1
7192,2,1
7193,13,1
7194,10,1
7195,6,1
7196,3,1
7197,6,6
7198,5,5
7199,3,1
7200,18,1
7201,3,1
7202,7,1
7203,5,1
7204,3,1
7205,6,1
7206,2,2
7207,10,2
7208,12,1
7209,11,3
7210,8,2
7211,4,1
7212,6,1
7213,13,1
7214,97,17
7215,138,19
7216,12,3
7217,3,1
7218,2,1
7219,11,1
7220,7,1
7221,2,1
7222,5,1
7223,35,1
7224,14,1
7225,30,5
7226,115,1
7227,7,1
7228,21,7
7229,2,1
7230,2,1
7231,6,1
7232,11,7
7233,2,2
7234,20,14
7235,10,1
7236,2,1
7237,12,1
7238,11,2
7239,6,1
7240,28,3
7241,4,1
7242,34,1
7243,3,1
7244,3,1
7245,42,6
7246,2,1
7247,20,1
7248,7,2
7249,9,3
7250,2,1
7251,6,2
7252,2,1
7253,2,1
7254,5,1
7255,5,2
7256,3,1
7257,3,1
7258,5,1
7259,6,2
7260,17,5
7261,12,1
7262,2,1
7263,2,1
7264,5,2
7265,30,4
7266,2,1
7267,5,1
7268,5,2
7269,9,3
7270,25,1
7271,3,1
7272,7,3
7273,29,13
7274,7,2
7275,6,1
7276,3,1
7277,5,1
7278,2,1
7279,7,1
7280,34,4
7281,67,1
7282,5,1
7283,2,1
7284,4,1
7285,2,1
7286,30,4
7287,3,1
7288,70,1
7289,15,1
7290,5,2
7291,11,1
7292,6,1
7293,2,1
7294,5,5
7295,7,1
7296,25,2
7297,6,2
7298,27,2
7299,107,1
7300,10,1
7301,56,1
7302,6,1
7303,7,2
7304,28,3
7305,8,1
7306,51,2
7307,65,2
7308,4,2
7309,45,2
7310,23,1
7311,12,1
7312,20,3
7313,11,1
7314,9,2
7315,4,1
7316,9,4
7317,2,1
7318,5,1
7319,4,1
7320,6,1
7321,4,1
7322,6,1
7323,4,1
7324,3,3
7325,8,1
7326,14,2
7327,9,1
7328,89,6
7329,4,1
7330,24,12
7331,10,1
7332,13,1
7333,7,1
7334,12,1
7335,39,2
7336,13,1
7337,12,4
7338,17,1
7339,34,1
7340,17,2
7341,19,2
7342,10,1
7343,2,1
7344,200,11
7345,21,2
7346,18,1
7347,8,3
7348,3,2
7349,12,1
7350,18,1
7351,2,1
7352,12,1
7353,5,2
7354,3,1
7355,3,1
7356,2,1
7357,8,5
7358,3,1
7359,11,1
7360,16,5
7361,4,3
7362,2,1
7363,7,1
7364,9,1
7365,10,2
7366,3,1
7367,11,1
7368,10,1
7369,41,11
7370,62,1
7371,20,1
7372,3,1
7373,39,1
7374,7,5
7375,44,24
7376,8,1
7377,21,1
7378,5,3
7379,10,3
7380,2,1
7381,4,1
7382,5,1
7383,22,8
7384,3,1
7385,4,1
7386,2,1
7387,4,1
7388,3,1
7389,3,3
7390,2,2
7391,16,3
7392,2,1
7393,6,1
7394,13,3
7395,7,1
7396,34,2
7397,8,1
7398,10,3
7399,2,1
7400,4,1
7401,42,8
7402,11,4
7403,11,3
7404,14,1
7405,2,1
7406,4,3
7407,9,3
7408,2,1
7409,3,1
7410,4,1
7411,26,4
7412,16,2
7413,2,1
7414,6,1
7415,26,2
7416,2,1
7417,4,3
7418,4,1
7419,32,1
7420,36,1
7421,6,1
7422,4,1
7423,4,2
7424,23,2
7425,39,1
7426,8,1
7427,57,1
7428,4,1
7429,4,2
7430,33,1
7431,18,1
7432,20,6
7433,19,1
7434,7,1
7435,131,2
7436,7,2
7437,8,2
7438,2,1
7439,2,1
7440,4,1
7441,4,1
7442,7,1
7443,2,2
7444,5,2
7445,59,2
7446,38,4
7447,43,5
7448,2,1
7449,8,1
7450,67,13
7451,33,14
7452,5,1
7453,2,1
7454,24,2
7455,5,1
7456,33,3
7457,2,2
7458,2,1
7459,5,1
7460,8,1
7461,6,1
7462,6,1
7463,2,1
7464,2,1
7465,20,1
7466,15,1
7467,11,1
7468,19,2
7469,48,1
7470,12,1
7471,7,1
7472,4,1
7473,27,2
7474,9,1
7475,4,1
7476,19,1
7477,3,2
7478,19,11
7479,12,6
7480,6,4
7481,32,1
7482,3,1
7483,3,1
7484,6,1
7485,2,1
7486,4,1
7487,4,2
7488,4,1
7489,2,1
7490,12,3
7491,5,1
7492,12,1
7493,5,4
7494,2,1
7495,2,1
7496,8,1
7497,7,1
7498,4,1
7499,5,1
7500,7,3
7501,3,1
7502,24,1
7503,14,2
7504,30,1
7505,3,2
7506,39,5
7507,2,1
7508,25,3
7509,4,1
7510,6,2
7511,14,1
7512,118,9
7513,7,1
7514,18,4
7515,8,1
7516,18,2
7517,16,2
7518,44,1
7519,9,1
7520,24,8
7521,8,1
7522,35,3
7523,36,8
7524,8,2
7525,21,5
7526,5,1
7527,4,4
7528,67,10
7529,9,1
7530,15,6
7531,6,3
7532,7,1
7533,31,2
7534,12,3
7535,10,1
7536,99,2
7537,4,1
7538,88,2
7539,16,1
7540,5,1
7541,26,3
7542,21,1
7543,14,1
7544,60,3
7545,8,1
7546,75,1
7547,12,3
7548,3,1
7549,7,1
7550,7,3
7551,6,1
7552,17,1
7553,6,1
7554,24,4
7555,4,1
7556,3,1
7557,7,1
7558,7,2
7559,5,1
7560,5,1
7561,9,1
7562,4,2
7563,5,2
7564,3,1
7565,3,2
7566,38,5
7567,4,1
7568,3,1
7569,12,1
7570,4,1
7571,5,1
7572,4,1
7573,24,3
7574,8,5
7575,28,1
7576,6,1
7577,3,1
7578,2,2
7579,34,1
7580,3,1
7581,8,1
7582,2,1
7583,12,2
7584,10,2
7585,3,1
7586,96,2
7587,15,2
7588,49,6
7589,5,1
7590,17,1
7591,2,1
7592,25,8
7593,2,2
7594,9,2
7595,6,2
7596,9,2
7597,7,1
7598,4,1
7599,6,4
7600,14,1
7601,37,3
7602,16,10
7603,4,1
7604,114,9
7605,13,6
7606,2,1
7607,13,1
7608,2,1
7609,4,2
7610,31,7
7611,8,1
7612,13,5
7613,47,13
7614,2,1
7615,2,1
7616,27,1
7617,3,2
7618,20,2
7619,40,1
7620,33,1
7621,4,1
7622,6,1
7623,20,3
7624,28,1
7625,11,2
7626,24,9
7627,2,2
7628,31,5
7629,17,7
7630,18,4
7631,4,1
7632,2,1
7633,33,5
7634,157,14
7635,11,1
7636,2,1
7637,92,13
7638,2,1
7639,2,1
7640,18,1
7641,14,3
7642,6,1
7643,18,4
7644,3,1
7645,4,1
7646,28,4
7647,14,2
7648,6,3
7649,7,1
7650,7,1
7651,41,12
7652,20,2
7653,24,2
7654,5,1
7655,42,20
7656,12,1
7657,92,5
7658,32,2
7659,9,1
7660,6,1
7661,37,11
7662,29,11
7663,7,2
7664,8,3
7665,3,1
7666,6,5
7667,10,8
7668,8,2
7669,3,2
7670,444,87
7671,41,11
7672,8,2
7673,4,1
7674,6,4
7675,19,9
7676,3,1
7677,20,12
7678,42,7
7679,2,1
7680,2,1
7681,3,1
7682,26,12
7683,3,1
7684,12,5
7685,6,3
7686,11,9
7687,7,1
7688,6,2
7689,43,21
7690,7,1
7691,24,1
7692,2,1
7693,6,2
7694,49,3
7695,3,1
7696,8,1
7697,26,14
7698,260,1
7699,5,2
7700,3,1
7701,2,1
7702,8,1
7703,4,1
7704,2,1
7705,5,3
7706,5,3
7707,7,1
7708,10,6
7709,7,1
7710,7,1
7711,9,3
7712,5,1
7713,2,1
7714,47,1
7715,38,2
7716,8,1
7717,6,1
7718,40,2
7719,2,1
7720,5,3
7721,44,2
7722,6,3
7723,8,2
7724,7,1
7725,35,5
7726,6,6
7727,119,8
7728,22,4
7729,6,5
7730,7,2
7731,4,1
7732,9,2
7733,37,6
7734,9,2
7735,9,2
7736,48,1
7737,28,1
7738,7,2
7739,4,1
7740,12,1
7741,16,3
7742,120,1
7743,29,1
7744,6,1
7745,101,1
7746,7,2
7747,15,1
7748,135,18
7749,31,2
7750,46,1
7751,15,1
7752,36,1
7753,6,2
7754,99,1
7755,23,16
7756,15,3
7757,2,1
7758,9,1
7759,29,1
7760,2,1
7761,20,2
7762,22,1
7763,33,1
7764,10,1
7765,25,3
7766,19,9
7767,33,2
7768,29,3
7769,7,2
7770,3,2
7771,4,1
7772,7,3
7773,33,2
7774,2,1
7775,8,1
7776,5,1
7777,18,2
7778,17,1
7779,25,10
7780,67,1
7781,4,1
7782,17,1
7783,4,1
7784,11,1
7785,32,1
7786,56,1
7787,20,1
7788,31,2
7789,31,3
7790,10,1
7791,39,1
7792,17,3
7793,31,1
7794,45,1
7795,101,6
7796,53,4
7797,9,1
7798,31,1
7799,5,2
7800,13,2
7801,10,10
7802,9,1
7803,401,3
7804,20,2
7805,8,1
7806,30,4
7807,7,1
7808,11,1
7809,37,2
7810,3,1
7811,28,1
7812,7,3
7813,58,1
7814,3,1
7815,10,1
7816,5,2
7817,279,6
7818,36,11
7819,8,3
7820,3,2
7821,2,1
7822,41,1
7823,13,3
7824,95,5
7825,21,2
7826,24,7
7827,19,2
7828,2,1
7829,47,3
7830,2,1
7831,14,1
7832,10,1
7833,15,2
7834,18,4
7835,53,3
7836,61,1
7837,63,1
7838,5,1
7839,8,2
7840,20,1
7841,13,1
7842,30,7
7843,2,1
7844,9,1
7845,8,1
7846,19,2
7847,9,1
7848,2,1
7849,7,1
7850,10,1
7851,5,1
7852,38,5
7853,10,1
7854,9,1
7855,11,1
7856,9,2
7857,4,4
7858,16,2
7859,9,1
7860,63,1
7861,16,2
7862,12,1
7863,3,1
7864,128,4
7865,11,1
7866,16,1
7867,14,1
7868,13,1
7869,318,12
7870,13,1
7871,15,1
7872,11,6
7873,21,4
7874,2,1
7875,33,2
7876,20,1
7877,9,1
7878,27,5
7879,9,2
7880,2,1
7881,24,4
7882,31,1
7883,2,1
7884,3,2
7885,3,2
7886,26,1
7887,12,1
7888,6,1
7889,22,6
7890,14,2
7891,11,1
7892,3,1
7893,7,1
7894,7,1
7895,9,1
7896,26,2
7897,3,2
7898,17,2
7899,5,1
7900,61,1
7901,7,1
7902,6,1
7903,5,2
7904,2,1
7905,5,1
7906,15,1
7907,3,1
7908,26,4
7909,30,9
7910,26,2
7911,16,1
7912,2,1
7913,7,1
7914,12,3
7915,41,1
7916,20,1
7917,10,1
7918,14,2
7919,18,1
7920,41,1
7921,13,2
7922,10,3
7923,5,1
7924,3,2
7925,2,1
7926,194,23
7927,7,1
7928,4,1
7929,7,1
7930,15,4
7931,157,5
7932,42,4
7933,6,1
7934,16,1
7935,5,1
7936,17,1
7937,13,2
7938,76,1
7939,18,1
7940,7,2
7941,2,1
7942,11,1
7943,3,3
7944,3,1
7945,2,1
7946,8,2
7947,7,1
7948,14,1
7949,21,4
7950,6,2
7951,38,3
7952,16,2
7953,5,5
7954,6,1
7955,12,9
7956,14,1
7957,13,2
7958,3,1
7959,3,1
7960,3,1
7961,3,3
7962,5,2
7963,69,7
7964,3,1
7965,49,1
7966,5,1
7967,17,1
7968,27,1
7969,9,2
7970,8,3
7971,113,5
7972,11,4
7973,3,1
7974,3,1
7975,14,1
7976,6,3
7977,3,1
7978,56,2
7979,14,1
7980,7,4
7981,5,1
7982,5,4
7983,2,2
7984,4,3
7985,22,4
7986,6,1
7987,6,1
7988,22,3
7989,5,2
7990,2,1
7991,6,3
7992,8,2
7993,18,1
7994,7,1
7995,16,2
7996,4,2
7997,15,1
7998,6,2
7999,3,2
8000,5,1
8001,14,1
8002,3,1
8003,4,1
8004,5,1
8005,7,3
8006,3,1
8007,6,3
8008,2,1
8009,3,1
8010,5,1
8011,5,2
8012,7,1
8013,13,2
8014,6,3
8015,3,1
8016,53,1
8017,66,25
8018,6,1
8019,2,1
8020,3,1
8021,7,2
8022,3,2
8023,19,1
8024,2,1
8025,3,2
8026,3,1
8027,2,1
8028,21,2
8029,16,1
8030,4,3
8031,2,2
8032,4,1
8033,2,2
8034,3,1
8035,3,1
8036,37,4
8037,4,1
8038,6,1
8039,6,2
8040,2,1
8041,2,1
8042,2,1
8043,3,2
8044,23,11
8045,6,1
8046,5,1
8047,6,2
8048,8,1
8049,3,2
8050,5,1
8051,32,5
8052,15,2
8053,4,1
8054,11,2
8055,22,4
8056,11,1
8057,37,1
8058,2,1
8059,37,12
8060,9,1
8061,80,2
8062,98,4
8063,8,3
8064,70,2
8065,3,1
8066,2,2
8067,4,1
8068,7,1
8069,2,1
8070,10,1
8071,9,1
8072,5,1
8073,8,1
8074,7,1
8075,43,7
8076,27,5
8077,16,4
8078,16,1
8079,12,5
8080,26,26
8081,3,1
8082,26,1
8083,8,1
8084,78,64
8085,4,2
8086,15,2
8087,13,1
8088,4,1
8089,23,2
8090,5,1
8091,5,1
8092,6,1
8093,5,2
8094,66,3
8095,9,1
8096,7,1
8097,2,1
8098,2,1
8099,3,1
8100,26,1
8101,10,1
8102,3,3
8103,4,1
8104,9,2
8105,4,1
8106,116,4
8107,2,1
8108,2,1
8109,3,1
8110,6,4
8111,18,18
8112,41,14
8113,6,1
8114,20,3
8115,3,1
8116,3,1
8117,11,3
8118,30,16
8119,60,8
8120,30,1
8121,31,1
8122,47,4
8123,35,1
8124,4,1
8125,2,2
8126,18,1
8127,20,1
8128,3,1
8129,4,1
8130,2,1
8131,10,2
8132,16,1
8133,4,1
8134,3,1
8135,5,2
8136,3,1
8137,2,1
8138,34,3
8139,64,13
8140,2,2
8141,33,2
8142,2,1
8143,4,1
8144,7,1
8145,2,1
8146,8,1
8147,12,1
8148,6,3
8149,2,1
8150,4,2
8151,2,1
8152,3,2
8153,2,1
8154,50,1
8155,26,8
8156,6,1
8157,398,10
8158,18,1
8159,2,2
8160,5,1
8161,11,2
8162,43,21
8163,5,1
8164,26,5
8165,9,5
8166,2,1
8167,22,9
8168,7,2
8169,6,3
8170,7,2
8171,5,1
8172,6,2
8173,2,1
8174,10,2
8175,2,1
8176,44,1
8177,6,1
8178,13,2
8179,21,1
8180,46,4
8181,6,2
8182,3,1
8183,7,2
8184,14,1
8185,3,1
8186,3,3
8187,3,2
8188,7,1
8189,11,1
8190,17,1
8191,5,1
8192,7,1
8193,11,2
8194,48,1
8195,23,3
8196,21,15
8197,5,2
8198,7,2
8199,2,1
8200,3,1
8201,4,1
8202,14,9
8203,13,1
8204,5,2
8205,4,1
8206,6,1
8207,21,2
8208,6,2
8209,2,1
8210,4,1
8211,7,1
8212,19,10
8213,3,1
8214,3,1
8215,5,1
8216,15,2
8217,7,2
8218,40,3
8219,36,5
8220,5,2
8221,3,2
8222,2,1
8223,28,19
8224,9,4
8225,11,1
8226,3,3
8227,14,3
8228,2,1
8229,15,3
8230,7,1
8231,2,1
8232,3,2
8233,2,1
8234,2,1
8235,92,1
8236,9,3
8237,36,5
8238,2,1
8239,54,6
8240,5,1
8241,14,4
8242,27,1
8243,109,7
8244,11,1
8245,222,3
8246,2,1
8247,588,4
8248,4,1
8249,12,2
8250,5,1
8251,25,1
8252,2,1
8253,4,1
8254,56,21
8255,5,2
8256,9,3
8257,2,1
8258,7,1
8259,4,1
8260,15,1
8261,7,2
8262,10,3
8263,3,1
8264,7,1
8265,31,2
8266,4,1
8267,3,2
8268,14,1
8269,6,1
8270,39,3
8271,2,1
8272,7,3
8273,94,2
8274,23,7
8275,2,1
8276,3,3
8277,3,1
8278,5,2
8279,25,1
8280,2,1
8281,4,1
8282,19,1
8283,3,1
8284,4,1
8285,120,2
8286,5,1
8287,59,28
8288,2,1
8289,15,4
8290,10,3
8291,6,1
8292,34,17
8293,4,1
8294,4,2
8295,3,1
8296,7,1
8297,34,4
8298,4,1
8299,36,8
8300,5,1
8301,4,1
8302,47,4
8303,6,1
8304,11,1
8305,6,3
8306,6,3
8307,7,1
8308,4,1
8309,25,2
8310,5,1
8311,5,1
8312,4,1
8313,5,1
8314,5,2
8315,22,14
8316,3,1
8317,6,1
8318,2,1
8319,3,1
8320,2,1
8321,17,1
8322,5,2
8323,117,1
8324,8,1
8325,47,4
8326,2,1
8327,6,3
8328,4,2
8329,4,2
8330,3,1
8331,5,2
8332,31,1
8333,12,1
8334,114,14
8335,7,3
8336,6,1
8337,9,1
8338,125,5
8339,3,1
8340,5,2
8341,17,1
8342,8,1
8343,37,12
8344,5,1
8345,84,19
8346,86,13
8347,48,1
8348,12,2
8349,4,1
8350,70,23
8351,4,1
8352,3,1
8353,3,1
8354,51,7
8355,3,1
8356,14,3
8357,4,1
8358,3,1
8359,11,1
8360,4,1
8361,8,1
8362,5,2
8363,2,1
8364,7,1
8365,4,2
8366,67,9
8367,17,1
8368,6,2
8369,24,1
8370,21,1
8371,5,2
8372,2,1
8373,3,2
8374,9,1
8375,2,1
8376,3,1
8377,2,1
8378,36,3
8379,2,1
8380,5,1
8381,2,1
8382,9,1
8383,21,5
8384,3,1
8385,11,2
8386,4,1
8387,9,1
8388,2,1
8389,6,1
8390,10,3
8391,5,1
8392,3,1
8393,21,1
8394,3,1
8395,4,1
8396,3,1
8397,39,2
8398,6,3
8399,14,7
8400,64,11
8401,2,1
8402,16,2
8403,3,1
8404,12,4
8405,6,3
8406,5,1
8407,5,1
8408,12,2
8409,3,1
8410,4,1
8411,3,1
8412,39,2
8413,9,3
8414,4,1
8415,20,1
8416,2,1
8417,29,2
8418,25,7
8419,62,3
8420,13,3
8421,3,1
8422,6,1
8423,15,4
8424,5,2
8425,2,1
8426,116,55
8427,9,1
8428,6,2
8429,5,1
8430,2,1
8431,4,1
8432,2,1
8433,3,1
8434,2,1
8435,53,8
8436,5,1
8437,40,4
8438,2,2
8439,2,1
8440,5,1
8441,11,1
8442,10,4
8443,2,1
8444,3,1
8445,319,47
8446,3,1
8447,3,1
8448,6,1
8449,7,1
8450,4,2
8451,56,3
8452,2,1
8453,12,1
8454,28,6
8455,2,1
8456,8,4
8457,3,1
8458,3,1
8459,5,1
8460,5,2
8461,11,5
8462,34,1
8463,5,1
8464,4,1
8465,6,1
8466,6,3
8467,8,1
8468,4,1
8469,4,1
8470,6,1
8471,2,1
8472,3,1
8473,6,2
8474,2,1
8475,14,1
8476,49,2
8477,4,1
8478,4,1
8479,5,1
8480,9,4
8481,11,3
8482,9,7
8483,7,1
8484,4,1
8485,13,1
8486,13,2
8487,8,2
8488,20,4
8489,5,2
8490,11,6
8491,4,2
8492,16,11
8493,6,2
8494,2,1
8495,7,2
8496,5,1
8497,6,1
8498,2,1
8499,7,1
8500,6,2
8501,3,1
8502,2,1
8503,11,1
8504,4,2
8505,2,1
8506,13,4
8507,108,35
8508,9,1
8509,31,2
8510,4,1
8511,5,2
8512,22,4
8513,2,1
8514,4,1
8515,26,1
8516,3,1
8517,3,1
8518,2,1
8519,7,1
8520,4,1
8521,3,1
8522,3,1
8523,10,2
8524,16,1
8525,14,2
8526,9,2
8527,10,1
8528,13,1
8529,6,1
8530,29,12
8531,2,1
8532,11,4
8533,14,1
8534,4,1
8535,3,1
8536,2,1
8537,3,1
8538,22,8
8539,9,2
8540,6,1
8541,8,1
8542,8,1
8543,63,29
8544,2,1
8545,3,2
8546,2,1
8547,2,1
8548,35,1
8549,26,10
8550,4,1
8551,6,1
8552,9,4
8553,24,8
8554,2,1
8555,16,6
8556,10,1
8557,7,1
8558,2,1
8559,14,2
8560,13,1
8561,6,1
8562,54,18
8563,24,1
8564,3,1
8565,24,1
8566,17,2
8567,8,1
8568,3,3
8569,2,1
8570,9,1
8571,13,4
8572,19,3
8573,64,42
8574,4,1
8575,2,1
8576,2,1
8577,5,1
8578,2,2
8579,23,1
8580,3,1
8581,6,1
8582,25,10
8583,54,10
8584,20,1
8585,10,1
8586,19,6
8587,12,6
8588,3,1
8589,110,12
8590,4,2
8591,2,1
8592,4,1
8593,11,2
8594,4,1
8595,22,1
8596,7,5
8597,10,2
8598,20,4
8599,2,1
8600,54,2
8601,8,4
8602,4,1
8603,11,2
8604,3,1
8605,9,4
8606,20,1
8607,14,4
8608,4,2
8609,8,1
8610,5,2
8611,3,1
8612,11,3
8613,2,1
8614,2,1
8615,7,1
8616,2,1
8617,6,1
8618,4,1
8619,3,1
8620,24,4
8621,5,1
8622,6,2
8623,2,1
8624,3,1
8625,4,1
8626,8,1
8627,5,2
8628,2,1
8629,3,1
8630,4,2
8631,2,1
8632,41,1
8633,2,2
8634,17,1
8635,24,7
8636,3,1
8637,3,1
8638,4,3
8639,38,1
8640,58,6
8641,9,1
8642,6,2
8643,2,1
8644,9,2
8645,2,1
8646,3,1
8647,21,5
8648,5,1
8649,24,2
8650,4,1
8651,7,1
8652,7,4
8653,70,2
8654,38,16
8655,22,1
8656,2,1
8657,84,33
8658,8,1
8659,4,1
8660,8,1
8661,11,8
8662,9,1
8663,3,1
8664,7,1
8665,3,1
8666,9,4
8667,6,1
8668,4,1
8669,3,1
8670,67,15
8671,92,1
8672,5,1
8673,3,1
8674,7,2
8675,6,3
8676,8,3
8677,16,5
8678,9,7
8679,5,1
8680,2,1
8681,7,5
8682,2,1
8683,3,1
8684,3,2
8685,41,2
8686,2,1
8687,5,1
8688,4,2
8689,5,1
8690,8,1
8691,15,1
8692,42,1
8693,2,1
8694,5,1
8695,5,2
8696,6,1
8697,4,1
8698,5,3
8699,10,1
8700,5,1
8701,3,1
8702,2,1
8703,3,1
8704,2,1
8705,20,3
8706,2,1
8707,364,39
8708,5,4
8709,2,1
8710,14,1
8711,14,2
8712,2,1
8713,145,54
8714,2,2
8715,3,1
8716,3,1
8717,2,1
8718,15,6
8719,16,4
8720,14,2
8721,3,1
8722,2,1
8723,4,1
8724,23,6
8725,30,1
8726,3,1
8727,3,1
8728,9,1
8729,42,19
8730,3,1
8731,10,1
8732,2,1
8733,209,67
8734,3,1
8735,3,1
8736,2,1
8737,8,2
8738,7,4
8739,6,1
8740,2,1
8741,36,1
8742,2,1
8743,10,1
8744,18,1
8745,7,1
8746,18,15
8747,6,1
8748,15,1
8749,12,2
8750,10,6
8751,4,2
8752,22,8
8753,38,2
8754,3,1
8755,3,1
8756,10,4
8757,7,1
8758,2,1
8759,2,1
8760,5,2
8761,2,1
8762,17,1
8763,4,1
8764,11,1
8765,23,1
8766,6,1
8767,47,1
8768,78,15
8769,7,1
8770,7,1
8771,2,1
8772,8,1
8773,36,1
8774,28,1
8775,197,8
8776,13,2
8777,2,1
8778,5,1
8779,22,5
8780,13,1
8781,4,1
8782,2,1
8783,43,2
8784,2,1
8785,13,4
8786,8,2
8787,8,1
8788,3,1
8789,11,1
8790,14,2
8791,4,2
8792,32,2
8793,3,1
8794,2,1
8795,28,1
8796,15,6
8797,9,1
8798,5,3
8799,3,1
8800,6,1
8801,9,1
8802,22,2
8803,5,1
8804,3,2
8805,17,4
8806,3,2
8807,3,1
8808,58,4
8809,11,1
8810,7,1
8811,11,3
8812,5,1
8813,2,1
8814,5,1
8815,19,7
8816,3,1
8817,2,1
8818,3,1
8819,9,1
8820,12,1
8821,8,1
8822,7,3
8823,5,1
8824,20,3
8825,18,1
8826,10,1
8827,3,1
8828,31,1
8829,9,1
8830,5,1
8831,3,1
8832,2,1
8833,29,25
8834,2,1
8835,2,1
8836,3,1
8837,2,1
8838,5,2
8839,7,2
8840,2,1
8841,2,1
8842,2,1
8843,3,2
8844,4,1
8845,3,1
8846,4,1
8847,2,1
8848,9,2
8849,3,2
8850,5,3
8851,5,1
8852,218,2
8853,3,1
8854,34,1
8855,2,1
8856,3,2
8857,6,1
8858,3,1
8859,12,1
8860,5,4
8861,2,1
8862,2,1
8863,2,1
8864,3,1
8865,5,1
8866,3,2
8867,4,1
8868,2,1
8869,5,1
8870,35,3
8871,2,1
8872,9,8
8873,13,4
8874,24,3
8875,15,1
8876,11,5
8877,22,2
8878,2,1
8879,4,1
8880,4,1
8881,4,2
8882,2,1
8883,2,1
8884,2,1
8885,2,1
8886,4,1
8887,3,1
8888,3,1
8889,2,1
8890,5,1
8891,55,1
8892,2,1
8893,2,1
8894,2,2
8895,3,2
8896,10,1
8897,22,1
8898,10,2
8899,21,1
8900,11,3
8901,9,2
8902,2,1
8903,22,16
8904,15,1
8905,11,5
8906,15,3
8907,3,1
8908,52,4
8909,17,1
8910,13,2
8911,8,8
8912,16,1
8913,148,1
8914,7,1
8915,5,1
8916,2,1
8917,6,1
8918,18,1
8919,7,6
8920,9,1
8921,5,1
8922,16,1
8923,3,3
8924,23,2
8925,63,1
8926,3,1
8927,4,1
8928,6,2
8929,3,1
8930,25,1
8931,20,6
8932,48,4
8933,7,2
8934,57,1
8935,10,1
8936,2,1
8937,22,1
8938,9,2
8939,2,2
8940,4,3
8941,13,1
8942,5,5
8943,64,2
8944,11,1
8945,13,1
8946,43,4
8947,15,12
8948,17,1
8949,57,2
8950,8,2
8951,22,1
8952,17,1
8953,13,1
8954,10,1
8955,54,14
8956,14,1
8957,32,10
8958,22,3
8959,38,1
8960,15,1
8961,7,1
8962,35,1
8963,12,1
8964,50,1
8965,9,1
8966,3,1
8967,57,7
8968,7,1
8969,3,1
8970,33,1
8971,13,1
8972,18,1
8973,4,1
8974,29,1
8975,47,1
8976,5,1
8977,16,2
8978,8,1
8979,20,2
8980,88,12
8981,9,1
8982,25,4
8983,7,1
8984,7,1
8985,19,1
8986,2,2
8987,4,1
8988,10,8
8989,273,25
8990,29,1
8991,13,2
8992,61,1
8993,10,2
8994,21,7
8995,8,3
8996,11,1
8997,17,2
8998,19,1
8999,18,1
9000,44,6
9001,113,12
9002,4,1
9003,12,2
9004,24,2
9005,5,2
9006,7,1
9007,2,1
9008,5,3
9009,2,1
9010,8,3
9011,8,1
9012,79,4
9013,16,1
9014,5,1
9015,4,2
9016,22,4
9017,18,3
9018,11,4
9019,7,7
9020,2,1
9021,11,1
9022,6,4
9023,6,1
9024,17,1
9025,2,1
9026,47,6
9027,7,1
9028,49,2
9029,15,5
9030,6,2
9031,3,1
9032,15,2
9033,24,2
9034,6,1
9035,2,1
9036,23,1
9037,10,3
9038,3,1
9039,10,1
9040,25,1
9041,4,1
9042,8,1
9043,3,1
9044,5,1
9045,6,1
9046,23,1
9047,5,1
9048,6,1
9049,12,1
9050,13,1
9051,4,1
9052,6,2
9053,7,1
9054,2,2
9055,16,1
9056,32,3
9057,5,1
9058,5,1
9059,9,1
9060,3,1
9061,2,1
9062,4,1
9063,7,1
9064,7,1
9065,4,1
9066,4,2
9067,5,1
9068,5,1
9069,5,1
9070,3,1
9071,8,1
9072,4,1
9073,2,1
9074,3,1
9075,3,2
9076,6,1
9077,5,1
9078,2,1
9079,5,3
9080,4,1
9081,5,2
9082,5,1
9083,4,2
9084,3,1
9085,21,4
9086,25,3
9087,61,8
9088,48,17
9089,8,2
9090,45,1
9091,9,2
9092,4,1
9093,14,3
9094,5,2
9095,6,1
9096,2,1
9097,33,9
9098,6,3
9099,2,1
9100,4,1
9101,6,4
9102,10,1
9103,2,1
9104,16,1
9105,3,1
9106,3,1
9107,2,1
9108,46,5
9109,2,1
9110,225,22
9111,2,1
9112,12,1
9113,3,1
9114,5,2
9115,3,1
9116,5,2
9117,8,6
9118,202,13
9119,3,1
9120,13,1
9121,115,1
9122,39,4
9123,11,2
9124,9,3
9125,11,3
9126,5,3
9127,5,1
9128,7,1
9129,11,3
9130,34,7
9131,4,3
9132,11,2
9133,17,1
9134,21,2
9135,6,4
9136,17,1
9137,2,1
9138,28,12
9139,31,1
9140,8,1
9141,15,1
9142,28,2
9143,9,4
9144,3,1
9145,4,1
9146,3,2
9147,29,7
9148,4,2
9149,32,1
9150,20,1
9151,9,1
9152,24,3
9153,26,1
9154,16,4
9155,6,1
9156,113,33
9157,24,1
9158,2,1
9159,3,1
9160,12,1
9161,22,3
9162,19,7
9163,12,4
9164,2,1
9165,2,1
9166,3,1
9167,2,1
9168,36,4
9169,5,2
9170,10,1
9171,3,1
9172,4,1
9173,3,1
9174,2,1
9175,11,1
9176,2,1
9177,4,1
9178,4,1
9179,44,1
9180,7,2
9181,2,1
9182,3,1
9183,4,1
9184,3,1
9185,3,1
9186,3,2
9187,2,1
9188,2,1
9189,15,5
9190,5,2
9191,3,1
9192,3,3
9193,6,1
9194,3,1
9195,3,1
9196,2,1
9197,5,3
9198,2,1
9199,4,1
9200,2,1
9201,6,2
9202,14,2
9203,6,1
9204,4,2
9205,103,1
9206,31,6
9207,2,2
9208,4,3
9209,3,1
9210,4,1
9211,6,2
9212,4,1
9213,2,2
9214,4,3
9215,2,1
9216,4,1
9217,2,1
9218,15,7
9219,10,2
9220,2,1
9221,7,1
9222,11,5
9223,118,50
9224,2,1
9225,33,1
9226,8,1
9227,8,2
9228,33,1
9229,2,1
9230,2,1
9231,8,1
9232,9,3
9233,6,1
9234,5,1
9235,3,2
9236,8,2
9237,6,1
9238,120,15
9239,19,2
9240,15,10
9241,2,1
9242,23,6
9243,41,1
9244,135,1
9245,59,1
9246,16,1
9247,17,1
9248,4,1
9249,31,1
9250,42,1
9251,2,2
9252,11,1
9253,15,1
9254,7,1
9255,24,9
9256,2,1
9257,15,1
9258,11,3
9259,27,1
9260,17,1
9261,8,1
9262,34,2
9263,21,3
9264,16,2
9265,25,1
9266,33,1
9267,11,2
9268,24,4
9269,10,2
9270,6,3
9271,23,1
9272,2,1
9273,31,3
9274,22,11
9275,4,1
9276,20,3
9277,80,2
9278,4,3
9279,30,11
9280,4,1
9281,2,1
9282,24,13
9283,16,2
9284,32,2
9285,4,1
9286,9,2
9287,5,1
9288,21,3
9289,37,1
9290,30,1
9291,2,1
9292,65,2
9293,3,1
9294,20,1
9295,6,2
9296,66,5
9297,30,3
9298,2,1
9299,9,1
9300,7,1
9301,4,1
9302,14,8
9303,33,1
9304,8,1
9305,15,10
9306,3,3
9307,2,1
9308,28,2
9309,5,1
9310,17,4
9311,6,5
9312,5,2
9313,7,6
9314,2,1
9315,13,1
9316,20,2
9317,5,1
9318,14,1
9319,77,6
9320,140,2
9321,8,2
9322,3,1
9323,11,2
9324,3,2
9325,55,6
9326,5,2
9327,3,1
9328,2,1
9329,2,1
9330,6,1
9331,5,1
9332,3,1
9333,7,2
9334,3,1
9335,15,4
9336,4,4
9337,3,2
9338,121,5
9339,5,2
9340,2,1
9341,7,1
9342,5,1
9343,3,1
9344,13,1
9345,23,1
9346,4,1
9347,2,1
9348,3,1
9349,5,1
9350,2,1
9351,2,1
9352,2,1
9353,6,1
9354,2,1
9355,2,1
9356,3,1
9357,4,1
9358,6,1
9359,2,1
9360,3,1
9361,2,1
9362,100,1
9363,5,1
9364,2,1
9365,2,1
9366,5,3
9367,5,1
9368,2,1
9369,3,1
9370,2,1
9371,7,1
9372,3,3
9373,2,1
9374,17,4
9375,5,1
9376,5,1
9377,7,2
9378,3,2
9379,2,1
9380,16,1
9381,5,1
9382,7,1
9383,5,1
9384,3,1
9385,7,1
9386,2,1
9387,16,6
9388,2,2
9389,2,1
9390,14,1
9391,3,1
9392,5,1
9393,2,2
9394,2,1
9395,19,1
9396,2,1
9397,2,1
9398,18,1
9399,3,1
9400,46,3
9401,2,1
9402,2,1
9403,3,1
9404,3,1
9405,2,1
9406,3,1
9407,158,5
9408,2,1
9409,10,1
9410,3,1
9411,22,1
9412,5,1
9413,93,2
9414,170,12
9415,199,25
9416,3,1
9417,50,3
9418,14,2
9419,28,1
9420,17,1
9421,51,1
9422,27,1
9423,13,3
9424,37,13
9425,2,2
9426,6,3
9427,16,1
9428,134,23
9429,135,1
9430,16,4
9431,5,3
9432,3,1
9433,115,3
9434,156,11
9435,3,1
9436,3,1
9437,64,5
9438,352,2
9439,2,1
9440,2,1
9441,3,1
9442,31,3
9443,46,6
9444,22,2
9445,9,2
9446,14,1
9447,125,22
9448,61,4
9449,3,1
9450,8,1
9451,9,1
9452,13,1
9453,6,2
9454,16,2
9455,5,1
9456,250,48
9457,85,1
9458,3,1
9459,57,3
9460,10,2
9461,4,1
9462,6,2
9463,2,1
9464,12,3
9465,107,21
9466,3,1
9467,40,3
9468,20,4
9469,11,1
9470,7,1
9471,4,1
9472,29,1
9473,4,1
9474,12,1
9475,4,1
9476,2,2
9477,79,3
9478,1181,49
9479,40,2
9480,4,1
9481,14,1
9482,8,2
9483,22,1
9484,3,1
9485,32,10
9486,15,1
9487,22,1
9488,10,1
9489,27,1
9490,3,1
9491,48,1
9492,5,1
9493,3,2
9494,76,67
9495,5,1
9496,13,1
9497,43,8
9498,386,29
9499,9,2
9500,16,3
9501,11,4
9502,21,10
9503,6,1
9504,36,5
9505,22,3
9506,51,4
9507,8,1
9508,8,1
9509,4,1
9510,12,1
9511,9,1
9512,21,13
9513,33,4
9514,23,1
9515,3,1
9516,124,10
9517,3,1
9518,21,1
9519,34,4
9520,9,9
9521,27,1
9522,13,4
9523,14,3
9524,5,1
9525,11,3
9526,8,1
9527,5,1
9528,18,3
9529,7,3
9530,8,1
9531,10,1
9532,28,8
9533,42,16
9534,9,1
9535,49,4
9536,4,1
9537,6,1
9538,68,6
9539,38,6
9540,18,1
9541,8,1
9542,7,1
9543,2,1
9544,14,2
9545,4,1
9546,6,1
9547,3,1
9548,4,4
9549,11,11
9550,28,15
9551,3,1
9552,52,6
9553,2,1
9554,13,5
9555,215,16
9556,26,2
9557,3,1
9558,53,32
9559,5,1
9560,3,1
9561,6,1
9562,182,33
9563,48,8
9564,7,2
9565,8,1
9566,2,1
9567,8,2
9568,4,1
9569,7,1
9570,27,8
9571,264,32
9572,9,1
9573,5,3
9574,2,1
9575,58,1
9576,45,12
9577,9,1
9578,4,1
9579,92,18
9580,4,1
9581,2,1
9582,21,1
9583,15,1
9584,29,9
9585,41,3
9586,10,2
9587,50,1
9588,13,5
9589,74,22
9590,3,2
9591,2,1
9592,22,1
9593,9,1
9594,112,6
9595,48,15
9596,4,1
9597,5,2
9598,3,2
9599,15,1
9600,68,1
9601,29,6
9602,3,1
9603,3,1
9604,6,3
9605,319,12
9606,3,1
9607,89,14
9608,21,11
9609,8,1
9610,3,1
9611,2,1
9612,44,5
9613,7,1
9614,10,2
9615,16,5
9616,37,2
9617,11,3
9618,13,1
9619,2,1
9620,12,4
9621,4,1
9622,3,1
9623,10,5
9624,65,1
9625,10,4
9626,4,1
9627,7,1
9628,2,1
9629,18,3
9630,12,1
9631,8,2
9632,4,2
9633,8,3
9634,13,6
9635,4,1
9636,25,2
9637,6,2
9638,4,1
9639,3,1
9640,5,1
9641,22,6
9642,9,2
9643,2,1
9644,23,2
9645,24,1
9646,9,1
9647,4,1
9648,2,1
9649,14,10
9650,5,3
9651,3,1
9652,4,1
9653,17,1
9654,361,24
9655,2,1
9656,4,2
9657,11,8
9658,3,1
9659,13,1
9660,5,1
9661,6,2
9662,3,1
9663,41,2
9664,18,4
9665,17,3
9666,15,1
9667,8,1
9668,35,1
9669,11,1
9670,26,4
9671,37,15
9672,9,1
9673,105,2
9674,158,12
9675,4,1
9676,19,1
9677,3,1
9678,27,1
9679,20,5
9680,36,3
9681,6,2
9682,32,3
9683,4,1
9684,5,1
9685,24,15
9686,12,1
9687,5,1
9688,2,2
9689,2,1
9690,12,5
9691,119,5
9692,9,1
9693,90,22
9694,6,4
9695,3,2
9696,23,5
9697,6,1
9698,2,1
9699,11,1
9700,14,1
9701,3,1
9702,20,1
9703,6,2
9704,9,1
9705,19,1
9706,2,1
9707,32,4
9708,9,4
9709,22,12
9710,108,6
9711,6,1
9712,47,3
9713,5,1
9714,3,1
9715,29,5
9716,4,1
9717,10,3
9718,8,1
9719,21,3
9720,32,1
9721,21,3
9722,2,1
9723,8,2
9724,3,2
9725,7,6
9726,6,1
9727,2,1
9728,7,2
9729,5,3
9730,2,1
9731,44,1
9732,5,2
9733,3,1
9734,51,12
9735,2,1
9736,6,3
9737,9,4
9738,6,1
9739,2,1
9740,9,1
9741,13,5
9742,3,1
9743,16,2
9744,2,1
9745,2,2
9746,4,1
9747,122,33
9748,68,10
9749,6,2
9750,18,5
9751,32,1
9752,113,19
9753,2,1
9754,4,1
9755,12,4
9756,94,11
9757,2,1
9758,9,2
9759,8,5
9760,4,1
9761,3,1
9762,21,6
9763,7,1
9764,40,15
9765,7,4
9766,3,1
9767,16,1
9768,13,1
9769,3,1
9770,2,1
9771,59,9
9772,3,3
9773,3,1
9774,17,4
9775,11,1
9776,2,1
9777,38,5
9778,51,1
9779,23,2
9780,30,15
9781,2,1
9782,4,1
9783,46,7
9784,88,5
9785,2,1
9786,25,1
9787,5,1
9788,14,1
9789,12,1
9790,14,1
9791,50,2
9792,6,1
9793,19,1
9794,15,2
9795,10,1
9796,229,2
9797,2,1
9798,8,1
9799,4,1
9800,7,2
9801,5,1
9802,20,2
9803,33,4
9804,62,5
9805,11,6
9806,3,1
9807,4,1
9808,2,1
9809,16,6
9810,3,1
9811,2,1
9812,4,1
9813,2,1
9814,85,5
9815,335,1
9816,34,3
9817,34,2
9818,8,4
9819,2,1
9820,4,2
9821,3,2
9822,11,1
9823,6,5
9824,10,1
9825,4,2
9826,11,1
9827,6,1
9828,96,7
9829,32,8
9830,21,3
9831,36,14
9832,12,1
9833,4,2
9834,3,1
9835,2,1
9836,33,1
9837,6,1
9838,73,7
9839,7,3
9840,6,1
9841,4,1
9842,5,1
9843,6,1
9844,3,2
9845,5,1
9846,54,3
9847,10,2
9848,4,1
9849,12,2
9850,11,2
9851,10,1
9852,17,1
9853,2,1
9854,5,1
9855,3,2
9856,2,1
9857,8,1
9858,76,8
9859,10,3
9860,15,3
9861,37,1
9862,2,1
9863,19,2
9864,2,1
9865,24,12
9866,96,6
9867,5,1
9868,2,1
9869,16,3
9870,33,1
9871,4,1
9872,5,1
9873,2,1
9874,2,1
9875,8,5
9876,50,3
9877,50,1
9878,3,1
9879,69,15
9880,3,1
9881,12,1
9882,2,1
9883,15,4
9884,2,2
9885,7,1
9886,11,2
9887,14,2
9888,22,1
9889,10,1
9890,10,1
9891,6,4
9892,26,3
9893,2,1
9894,5,1
9895,15,1
9896,8,1
9897,200,105
9898,6,2
9899,2,1
9900,2,1
9901,50,6
9902,6,1
9903,2,2
9904,3,1
9905,33,1
9906,10,2
9907,8,2
9908,2,1
9909,3,2
9910,3,2
9911,461,10
9912,4,1
9913,7,3
9914,3,2
9915,43,19
9916,17,1
9917,3,1
9918,7,1
9919,12,1
9920,3,1
9921,77,27
9922,2,1
9923,72,1
9924,14,7
9925,10,1
9926,2,1
9927,4,1
9928,2,1
9929,2,1
9930,2,1
9931,7,1
9932,28,6
9933,9,2
9934,42,6
9935,39,3
9936,2,1
9937,57,27
9938,65,11
9939,6,1
9940,5,1
9941,16,4
9942,4,4
9943,3,3
9944,7,3
9945,20,5
9946,3,3
9947,2,2
9948,2,1
9949,8,3
9950,6,1
9951,14,1
9952,2,1
9953,22,1
9954,57,4
9955,8,2
9956,2,1
9957,5,2
9958,5,2
9959,2,1
9960,46,13
9961,30,8
9962,18,1
9963,9,2
9964,5,1
9965,4,4
9966,3,2
9967,2,1
9968,9,2
9969,9,1
9970,12,9
9971,4,2
9972,75,15
9973,2,1
9974,66,27
9975,18,1
9976,4,4
9977,284,29
9978,4,3
9979,470,35
9980,3,1
9981,26,11
9982,94,39
9983,4,1
9984,66,3
9985,42,1
9986,118,30
9987,113,8
9988,3,2
9989,13,2
9990,3,1
9991,5,1
9992,185,17
9993,6,1
9994,58,8
9995,2,2
9996,3,2
9997,11,10
9998,2,1
9999,12,2
10000,16,4
10001,46,5
10002,16,3
10003,3,1
10004,2,1
10005,4,1
10006,15,2
10007,115,24
10008,83,11
10009,12,1
10010,2,1
10011,3,2
10012,5,1
10013,16,1
10014,9,4
10015,9,3
10016,4,2
10017,59,17
10018,16,2
10019,5,1
10020,5,3
10021,5,2
10022,18,3
10023,2,1
10024,4,1
10025,7,5
10026,806,275
10027,15,8
10028,4,3
10029,6,1
10030,23,4
10031,38,4
10032,6,6
10033,18,9
10034,3,1
10035,2,1
10036,7,7
10037,43,10
10038,2,1
10039,6,2
10040,15,4
10041,3,2
10042,2,1
10043,2,1
10044,84,2
10045,94,6
10046,30,3
10047,13,8
10048,5,4
10049,9,6
10050,2,2
10051,2,2
10052,175,22
10053,12,1
10054,4,3
10055,5,3
10056,2,1
10057,3,3
10058,2,1
10059,2,1
10060,4,2
10061,5,1
10062,23,7
10063,11,2
10064,2,1
10065,51,5
10066,6,1
10067,4,3
10068,15,3
10069,30,5
10070,2,1
10071,8,2
10072,2,1
10073,5,3
10074,2,2
10075,24,1
10076,6,1
10077,4,3
10078,2,2
10079,19,7
10080,36,8
10081,17,1
10082,36,7
10083,5,4
10084,3,3
10085,2,2
10086,29,7
10087,5,2
10088,3,1
10089,26,4
10090,155,95
10091,2,2
10092,3,1
10093,7,4
10094,4,1
10095,4,1
10096,11,1
10097,48,2
10098,3,2
10099,11,1
10100,11,2
10101,11,2
10102,4,4
10103,17,6
10104,2,1
10105,34,1
10106,2,1
10107,2,2
10108,2,1
10109,10,3
10110,6,4
10111,2,2
10112,9,2
10113,3,2
10114,65,6
10115,8,7
10116,5,4
10117,5,1
10118,22,15
10119,6,1
10120,25,1
10121,4,2
10122,4,4
10123,3,1
10124,178,58
10125,10,2
10126,6,2
10127,4,2
10128,4,1
10129,23,3
10130,15,1
10131,20,1
10132,6,1
10133,9,1
10134,5,4
10135,2,2
10136,8,1
10137,2,1
10138,2,1
10139,2,1
10140,3,3
10141,4,3
10142,15,4
10143,6,2
10144,82,14
10145,44,4
10146,40,1
10147,2,1
10148,40,20
10149,2,1
10150,2,2
10151,4,4
10152,20,3
10153,25,20
10154,4,1
10155,4,1
10156,19,2
10157,4,4
10158,57,20
10159,5,1
10160,81,21
10161,6,2
10162,3,1
10163,5,3
10164,7,2
10165,2,2
10166,16,5
10167,197,1
10168,12,2
10169,2,1
10170,243,54
10171,2,1
10172,48,20
10173,3,2
10174,29,2
10175,5,2
10176,34,4
10177,2,2
10178,8,4
10179,18,5
10180,17,6
10181,15,1
10182,10,2
10183,11,2
10184,8,2
10185,19,4
10186,2,1
10187,97,49
10188,8,8
10189,77,1
10190,3,2
10191,3,1
10192,8,1
10193,221,8
10194,34,9
10195,7,6
10196,10,1
10197,6,4
10198,3,3
10199,6,1
10200,2,2
10201,5,2
10202,3,1
10203,5,4
10204,2,2
10205,2,2
10206,18,1
10207,2,2
10208,3,1
10209,6,1
10210,3,2
10211,51,7
10212,29,8
10213,8,1
10214,11,2
10215,25,3
10216,3,2
10217,50,2
10218,2,2
10219,3,1
10220,2,1
10221,2,1
10222,2,1
10223,8,1
10224,18,3
10225,9,1
10226,137,50
10227,35,8
10228,23,3
10229,3,3
10230,18,4
10231,5,1
10232,119,54
10233,5,4
10234,7,1
10235,12,1
10236,5,2
10237,5,1
10238,7,1
10239,2,1
10240,3,3
10241,45,22
10242,13,2
10243,5,2
10244,2,2
10245,2,2
10246,3,1
10247,39,2
10248,10,8
10249,149,2
10250,67,6
10251,6,1
10252,15,1
10253,2,2
10254,9,3
10255,12,4
10256,3,2
10257,16,4
10258,3,1
10259,2,1
10260,2,1
10261,4,3
10262,3,1
10263,26,10
10264,2,1
10265,10,1
10266,5,3
10267,7,1
10268,3,2
10269,6,2
10270,4,3
10271,5,1
10272,8,6
10273,2,1
10274,3,2
10275,13,1
10276,5,1
10277,50,5
10278,25,6
10279,13,1
10280,3,2
10281,300,61
10282,56,8
10283,4,2
10284,2,1
10285,10,4
10286,32,2
10287,15,3
10288,4,1
10289,3,1
10290,6,1
10291,6,6
10292,2,2
10293,38,8
10294,22,3
10295,4,3
10296,2,2
10297,6,4
10298,7,1
10299,3,2
10300,3,1
10301,11,2
10302,13,3
10303,2,1
10304,9,2
10305,13,3
10306,3,1
10307,4,1
10308,2,2
10309,172,22
10310,2,1
10311,9,5
10312,7,1
10313,4,1
10314,9,2
10315,12,3
10316,3,3
10317,2,1
10318,5,2
10319,2,2
10320,5,1
10321,225,11
10322,2,1
10323,7,6
10324,2,1
10325,3,1
10326,2,2
10327,31,22
10328,2,2
10329,16,5
10330,183,22
10331,4,1
10332,11,5
10333,7,1
10334,18,5
10335,44,3
10336,2,1
10337,4,1
10338,11,1
10339,6,3
10340,3,2
10341,2,2
10342,66,11
10343,2,2
10344,8,8
10345,4,2
10346,3,3
10347,7,1
10348,9,5
10349,6,1
10350,2,1
10351,3,1
10352,15,3
10353,14,12
10354,7,2
10355,3,1
10356,7,6
10357,5,1
10358,5,1
10359,5,4
10360,8,3
10361,173,26
10362,69,12
10363,7,3
10364,3,3
10365,2,1
10366,79,28
10367,14,5
10368,7,1
10369,8,2
10370,39,11
10371,3,2
10372,19,6
10373,3,3
10374,16,1
10375,9,3
10376,22,3
10377,7,2
10378,5,1
10379,2,1
10380,7,1
10381,71,12
10382,3,3
10383,7,3
10384,45,22
10385,2,2
10386,2,2
10387,45,25
10388,5,2
10389,74,13
10390,15,2
10391,23,4
10392,2,1
10393,12,10
10394,7,3
10395,15,1
10396,4,1
10397,90,19
10398,10,4
10399,4,4
10400,6,1
10401,19,1
10402,199,127
10403,12,4
10404,16,12
10405,4,1
10406,13,1
10407,42,19
10408,3,1
10409,4,2
10410,17,1
10411,8,3
10412,18,10
10413,32,2
10414,9,6
10415,3,1
10416,3,3
10417,2,1
10418,200,28
10419,6,3
10420,25,5
10421,2,2
10422,7,3
10423,25,13
10424,20,8
10425,8,1
10426,9,2
10427,11,1
10428,2,2
10429,15,1
10430,4,1
10431,27,1
10432,8,2
10433,58,13
10434,6,1
10435,5,2
10436,2,2
10437,9,4
10438,93,9
10439,4,2
10440,6,6
10441,2,1
10442,16,9
10443,32,8
10444,3,1
10445,5,4
10446,5,1
10447,36,2
10448,24,1
10449,5,1
10450,8,2
10451,2,1
10452,14,2
10453,7,1
10454,4,3
10455,7,3
10456,7,1
10457,9,2
10458,2,1
10459,2,1
10460,2,2
10461,8,5
10462,7,1
10463,4,3
10464,5,1
10465,4,4
10466,8,2
10467,10,1
10468,3,1
10469,7,1
10470,3,1
10471,28,4
10472,10,2
10473,3,2
10474,2,2
10475,17,2
10476,4,1
10477,26,13
10478,2,2
10479,242,50
10480,3,1
10481,10,1
10482,4,1
10483,4,1
10484,31,20
10485,30,6
10486,7,2
10487,2,1
10488,11,5
10489,8,2
10490,58,7
10491,2,1
10492,5,1
10493,5,1
10494,5,1
10495,34,19
10496,14,6
10497,3,2
10498,6,2
10499,12,7
10500,6,4
10501,19,2
10502,5,1
10503,59,6
10504,23,2
10505,9,1
10506,13,8
10507,15,1
10508,2,2
10509,19,4
10510,40,4
10511,3,3
10512,2,1
10513,14,6
10514,5,5
10515,4,1
10516,4,1
10517,2,1
10518,2,2
10519,24,6
10520,38,3
10521,15,6
10522,7,4
10523,5,1
10524,23,1
10525,2,1
10526,4,3
10527,7,4
10528,3,1
10529,3,1
10530,2,1
10531,3,1
10532,9,6
10533,13,3
10534,6,5
10535,11,2
10536,4,3
10537,93,20
10538,3,1
10539,8,7
10540,9,5
10541,18,1
10542,3,2
10543,2,1
10544,11,1
10545,15,3
10546,3,1
10547,2,1
10548,4,3
10549,38,20
10550,97,37
10551,4,1
10552,129,3
10553,6,4
10554,29,12
10555,41,23
10556,4,1
10557,5,2
10558,2,1
10559,2,1
10560,2,2
10561,10,1
10562,4,4
10563,4,4
10564,23,7
10565,13,4
10566,14,3
10567,6,2
10568,5,3
10569,3,1
10570,10,2
10571,17,5
10572,2,2
10573,3,1
10574,5,1
10575,7,1
10576,3,3
10577,3,1
10578,4,1
10579,21,4
10580,6,4
10581,12,2
10582,14,9
10583,2,2
10584,10,7
10585,2,1
10586,2,1
10587,13,1
10588,9,3
10589,13,6
10590,18,10
10591,8,1
10592,3,2
10593,10,10
10594,8,2
10595,9,1
10596,11,1
10597,3,1
10598,2,1
10599,7,7
10600,2,1
10601,3,1
10602,3,1
10603,18,1
10604,57,9
10605,6,3
10606,15,7
10607,4,1
10608,6,1
10609,5,2
10610,7,1
10611,23,1
10612,12,2
10613,2,1
10614,45,1
10615,5,1
10616,18,10
10617,4,4
10618,10,1
10619,3,1
10620,19,4
10621,8,4
10622,4,1
10623,6,1
10624,2,1
10625,3,1
10626,5,1
10627,10,6
10628,2,1
10629,2,2
10630,11,1
10631,6,1
10632,3,1
10633,21,2
10634,3,2
10635,5,1
10636,39,14
10637,70,8
10638,4,4
10639,4,2
10640,2,1
10641,6,2
10642,7,2
10643,4,1
10644,3,2
10645,3,1
10646,15,1
10647,5,1
10648,3,2
10649,7,2
10650,3,1
10651,175,26
10652,2,2
10653,6,1
10654,17,8
10655,4,4
10656,2,2
10657,2,1
10658,2,1
10659,9,2
10660,43,1
10661,3,3
10662,63,1
10663,6,3
10664,3,2
10665,5,1
10666,141,1
10667,15,1
10668,5,1
10669,13,7
10670,4,1
10671,4,3
10672,4,1
10673,103,1
10674,3,1
10675,5,2
10676,2,1
10677,10,8
10678,4,4
10679,5,1
10680,92,14
10681,30,3
10682,2,1
10683,3,1
10684,17,2
10685,5,1
10686,7,2
10687,17,1
10688,61,1
10689,16,4
10690,56,1
10691,5,3
10692,9,3
10693,3,2
10694,3,1
10695,4,2
10696,146,3
10697,28,2
10698,12,5
10699,29,4
10700,2,2
10701,10,2
10702,15,1
10703,123,41
10704,11,1
10705,3,2
10706,5,1
10707,5,1
10708,15,2
10709,3,1
10710,2,2
10711,4,2
10712,3,3
10713,34,2
10714,4,2
10715,5,2
10716,4,2
10717,9,1
10718,69,8
10719,5,3
10720,6,1
10721,8,4
10722,4,1
10723,3,2
10724,12,4
10725,83,21
10726,57,7
10727,105,7
10728,8,2
10729,8,3
10730,5,5
10731,21,8
10732,2,2
10733,41,1
10734,2,1
10735,2,1
10736,44,16
10737,29,1
10738,3,2
10739,9,1
10740,19,1
10741,12,2
10742,4,1
10743,10,1
10744,321,43
10745,14,1
10746,7,4
10747,5,2
10748,2,2
10749,14,6
10750,3,1
10751,28,17
10752,8,3
10753,2,2
10754,3,1
10755,8,4
10756,2,1
10757,11,9
10758,5,1
10759,36,4
10760,8,6
10761,25,2
10762,10,2
10763,31,30
10764,3,1
10765,4,1
10766,11,2
10767,5,2
10768,26,13
10769,3,2
10770,7,7
10771,16,2
10772,2,1
10773,15,1
10774,40,2
10775,5,5
10776,4,3
10777,4,1
10778,20,5
10779,2,1
10780,3,3
10781,2,1
10782,3,2
10783,2,2
10784,43,5
10785,13,3
10786,4,1
10787,6,1
10788,10,2
10789,7,1
10790,10,1
10791,2,2
10792,10,1
10793,4,1
10794,5,1
10795,4,1
10796,3,1
10797,7,3
10798,3,1
10799,4,1
10800,3,2
10801,7,7
10802,9,2
10803,3,1
10804,2,1
10805,4,1
10806,6,2
10807,29,2
10808,8,1
10809,9,4
10810,7,1
10811,3,2
10812,8,6
10813,4,1
10814,11,2
10815,2,1
10816,4,1
10817,94,40
10818,114,6
10819,4,1
10820,4,3
10821,2,1
10822,3,3
10823,4,2
10824,15,11
10825,33,15
10826,25,18
10827,9,1
10828,13,1
10829,14,3
10830,16,5
10831,4,2
10832,28,4
10833,2,1
10834,4,1
10835,4,1
10836,3,1
10837,3,2
10838,10,1
10839,17,5
10840,2,2
10841,39,1
10842,3,3
10843,12,1
10844,4,4
10845,7,1
10846,28,8
10847,4,1
10848,2,1
10849,9,7
10850,4,2
10851,18,4
10852,7,3
10853,2,1
10854,2,2
10855,8,1
10856,2,1
10857,8,5
10858,6,2
10859,21,3
10860,9,8
10861,3,2
10862,3,1
10863,6,1
10864,19,1
10865,3,1
10866,27,6
10867,37,9
10868,6,2
10869,14,2
10870,6,1
10871,44,2
10872,9,1
10873,68,7
10874,5,1
10875,2,2
10876,52,29
10877,2,2
10878,2,2
10879,3,1
10880,12,1
10881,50,5
10882,10,3
10883,2,2
10884,23,8
10885,27,1
10886,4,2
10887,6,4
10888,12,1
10889,4,4
10890,6,1
10891,23,3
10892,2,1
10893,3,1
10894,3,2
10895,24,11
10896,6,1
10897,8,8
10898,14,2
10899,13,12
10900,6,3
10901,3,2
10902,6,4
10903,20,8
10904,6,2
10905,2,1
10906,6,6
10907,4,1
10908,4,1
10909,5,3
10910,3,1
10911,20,2
10912,2,2
10913,224,4
10914,2,2
10915,5,1
10916,19,8
10917,73,2
10918,12,1
10919,2,2
10920,8,4
10921,5,2
10922,5,1
10923,125,4
10924,4,1
10925,16,6
10926,3,2
10927,2,1
10928,25,5
10929,4,1
10930,13,4
10931,2,2
10932,2,1
10933,9,1
10934,2,1
10935,3,1
10936,4,2
10937,3,1
10938,58,7
10939,4,4
10940,2,2
10941,3,1
10942,3,1
10943,10,3
10944,15,3
10945,3,1
10946,7,4
10947,2,1
10948,2,1
10949,6,4
10950,3,2
10951,8,5
10952,16,9
10953,12,8
10954,18,3
10955,9,1
10956,5,1
10957,3,3
10958,3,3
10959,26,5
10960,3,1
10961,4,2
10962,6,3
10963,5,4
10964,5,1
10965,2,2
10966,22,9
10967,2,2
10968,7,2
10969,119,14
10970,3,1
10971,5,3
10972,2,2
10973,16,1
10974,14,9
10975,6,1
10976,22,1
10977,8,2
10978,3,2
10979,3,1
10980,3,1
10981,3,2
10982,2,2
10983,14,4
10984,3,1
10985,2,2
10986,231,64
10987,3,2
10988,29,2
10989,12,1
10990,3,1
10991,2,1
10992,14,1
10993,74,5
10994,3,1
10995,8,3
10996,6,3
10997,23,3
10998,11,3
10999,21,14
11000,4,1
11001,2,2
11002,11,3
11003,8,2
11004,2,1
11005,15,13
11006,100,13
11007,3,1
11008,2,1
11009,17,10
11010,3,3
11011,4,2
11012,5,2
11013,15,10
11014,5,1
11015,2,1
11016,4,3
11017,5,3
11018,5,3
11019,10,2
11020,2,1
11021,12,1
11022,2,2
11023,2,1
11024,3,1
11025,9,7
11026,7,4
11027,42,18
11028,3,1
11029,10,7
11030,2,1
11031,3,1
11032,3,1
11033,7,2
11034,20,2
11035,5,1
11036,4,4
11037,9,3
11038,24,8
11039,11,3
11040,4,1
11041,8,3
11042,13,7
11043,2,1
11044,8,4
11045,3,1
11046,3,2
11047,2,1
11048,3,2
11049,3,2
11050,87,32
11051,5,2
11052,3,2
11053,3,3
11054,5,5
11055,4,1
11056,2,1
11057,13,2
11058,7,3
11059,6,1
11060,11,9
11061,2,1
11062,71,3
11063,5,3
11064,8,1
11065,2,1
11066,2,1
11067,2,2
11068,3,2
11069,4,1
11070,10,2
11071,31,1
11072,8,4
11073,5,2
11074,22,6
11075,2,1
11076,4,1
11077,67,1
11078,7,5
11079,11,9
11080,2,1
11081,14,3
11082,9,3
11083,2,2
11084,7,6
11085,2,1
11086,11,1
11087,16,1
11088,2,2
11089,26,7
11090,3,1
11091,4,3
11092,9,1
11093,14,3
11094,8,3
11095,3,3
11096,4,1
11097,6,1
11098,6,2
11099,5,2
11100,2,2
11101,5,2
11102,3,1
11103,13,11
11104,2,1
11105,3,1
11106,10,10
11107,10,9
11108,19,2
11109,12,1
11110,3,1
11111,5,1
11112,45,3
11113,2,2
11114,10,3
11115,7,7
11116,45,4
11117,17,3
11118,5,4
11119,5,4
11120,2,1
11121,8,3
11122,6,1
11123,17,1
11124,3,1
11125,12,5
11126,12,2
11127,2,2
11128,3,2
11129,2,2
11130,2,1
11131,13,1
11132,33,5
11133,3,3
11134,7,1
11135,3,2
11136,10,2
11137,13,4
11138,2,1
11139,2,1
11140,2,1
11141,3,1
11142,7,4
11143,9,2
11144,3,1
11145,7,5
11146,2,1
11147,3,1
11148,101,15
11149,7,2
11150,4,2
11151,5,2
11152,4,1
11153,4,1
11154,24,1
11155,24,7
11156,60,4
11157,3,1
11158,15,1
11159,10,6
11160,2,1
11161,3,1
11162,3,3
11163,11,1
11164,8,2
11165,2,1
11166,5,1
11167,8,1
11168,8,5
11169,2,1
11170,5,1
11171,6,3
11172,10,2
11173,32,6
11174,8,3
11175,13,1
11176,14,8
11177,4,4
11178,17,2
11179,26,6
11180,7,1
11181,7,1
11182,12,1
11183,9,1
11184,2,2
11185,5,1
11186,7,4
11187,5,1
11188,6,2
11189,2,1
11190,5,5
11191,16,6
11192,14,2
11193,70,39
11194,61,6
11195,6,1
11196,2,2
11197,5,2
11198,3,1
11199,2,2
11200,3,1
11201,15,1
11202,3,1
11203,6,1
11204,7,1
11205,6,5
11206,4,3
11207,21,10
11208,7,1
11209,24,6
11210,7,2
11211,9,3
11212,3,1
11213,17,2
11214,4,2
11215,5,4
11216,3,1
11217,4,1
11218,3,2
11219,3,2
11220,5,1
11221,4,4
11222,3,1
11223,10,8
11224,6,1
11225,23,8
11226,16,1
11227,5,1
11228,12,1
11229,10,9
11230,34,6
11231,6,1
11232,2,1
11233,27,6
11234,11,1
11235,13,9
11236,2,1
11237,4,1
11238,5,1
11239,5,1
11240,4,2
11241,6,2
11242,24,1
11243,6,2
11244,4,1
11245,26,2
11246,5,1
11247,27,1
11248,8,3
11249,13,5
11250,4,2
11251,2,2
11252,2,1
11253,2,2
11254,7,2
11255,18,2
11256,3,1
11257,10,2
11258,2,1
11259,2,1
11260,2,2
11261,6,3
11262,41,5
11263,26,11
11264,5,1
11265,55,1
11266,31,5
11267,2,1
11268,7,1
11269,8,1
11270,4,2
11271,3,1
11272,3,3
11273,3,1
11274,3,3
11275,3,1
11276,136,9
11277,6,3
11278,11,1
11279,6,2
11280,3,2
11281,3,1
11282,3,2
11283,2,1
11284,4,1
11285,2,2
11286,3,1
11287,2,2
11288,4,2
11289,2,1
11290,5,4
11291,2,1
11292,2,1
11293,8,3
11294,11,4
11295,5,2
11296,71,10
11297,6,4
11298,16,1
11299,44,41
11300,31,14
11301,4,4
11302,12,5
11303,2,2
11304,2,1
11305,6,1
11306,25,1
11307,64,8
11308,56,1
11309,6,3
11310,34,2
11311,7,2
11312,10,1
11313,73,1
11314,17,1
11315,3,2
11316,56,1
11317,17,5
11318,9,1
11319,6,4
11320,19,1
11321,8,1
11322,5,1
11323,3,2
11324,28,1
11325,14,3
11326,3,1
11327,10,2
11328,3,1
11329,3,1
11330,44,1
11331,15,1
11332,32,3
11333,21,3
11334,19,1
11335,37,2
11336,3,3
11337,9,1
11338,7,1
11339,23,1
11340,50,1
11341,12,2
11342,3,1
11343,11,1
11344,7,1
11345,5,4
11346,2,2
11347,14,3
11348,3,2
11349,25,1
11350,2,2
11351,2,1
11352,2,1
11353,12,3
11354,2,1
11355,16,2
11356,23,3
11357,3,1
11358,12,1
11359,22,3
11360,17,1
11361,4,4
11362,2,1
11363,4,2
11364,24,4
11365,39,2
11366,8,1
11367,4,2
11368,8,3
11369,41,1
11370,33,1
11371,2,1
11372,14,7
11373,8,4
11374,9,1
11375,2,1
11376,2,2
11377,3,1
11378,2,1
11379,6,6
11380,12,12
11381,2,2
11382,13,3
11383,8,1
11384,3,1
11385,2,1
11386,32,2
11387,10,7
11388,2,1
11389,3,1
11390,4,2
11391,17,10
11392,13,2
11393,15,5
11394,3,1
11395,199,45
11396,4,2
11397,15,4
11398,2,2
11399,3,1
11400,3,2
11401,3,1
11402,3,1
11403,6,1
11404,27,2
11405,2,1
11406,20,19
11407,10,1
11408,21,1
11409,2,2
11410,3,3
11411,40,1
11412,35,1
11413,83,13
11414,2,1
11415,9,2
11416,6,5
11417,5,2
11418,4,1
11419,2,1
11420,3,2
11421,11,2
11422,20,5
11423,19,2
11424,4,3
11425,3,3
11426,155,92
11427,3,1
11428,10,3
11429,2,1
11430,4,4
11431,22,9
11432,2,2
11433,3,1
11434,3,1
11435,7,1
11436,293,13
11437,5,3
11438,3,1
11439,4,1
11440,12,12
11441,6,1
11442,21,13
11443,3,2
11444,33,4
11445,3,2
11446,3,3
11447,4,1
11448,3,1
11449,3,1
11450,4,1
11451,3,2
11452,3,1
11453,2,2
11454,2,1
11455,14,9
11456,28,2
11457,2,1
11458,2,1
11459,3,3
11460,5,1
11461,3,2
11462,127,21
11463,2,2
11464,29,1
11465,8,2
11466,2,2
11467,9,1
11468,4,1
11469,3,3
11470,2,1
11471,6,1
11472,23,2
11473,17,1
11474,87,17
11475,4,2
11476,12,5
11477,19,7
11478,2,1
11479,9,8
11480,42,5
11481,7,1
11482,2,1
11483,87,11
11484,2,1
11485,5,1
11486,3,1
11487,2,1
11488,12,1
11489,18,1
11490,48,6
11491,11,5
11492,2,1
11493,11,2
11494,5,1
11495,20,5
11496,3,1
11497,6,4
11498,7,4
11499,2,1
11500,6,2
11501,8,3
11502,81,5
11503,69,2
11504,3,1
11505,2,2
11506,7,4
11507,10,6
11508,9,1
11509,11,3
11510,5,1
11511,7,1
11512,2,2
11513,3,1
11514,11,1
11515,2,1
11516,20,4
11517,6,2
11518,6,1
11519,10,6
11520,6,1
11521,2,2
11522,4,1
11523,6,1
11524,3,1
11525,3,1
11526,10,8
11527,10,5
11528,16,4
11529,8,1
11530,2,1
11531,3,1
11532,9,1
11533,2,1
11534,15,1
11535,7,1
11536,6,1
11537,4,1
11538,2,2
11539,19,10
11540,47,3
11541,88,9
11542,50,2
11543,7,1
11544,3,1
11545,4,1
11546,4,1
11547,3,1
11548,9,1
11549,5,3
11550,7,5
11551,3,1
11552,3,2
11553,5,5
11554,7,1
11555,2,2
11556,12,2
11557,3,1
11558,40,2
11559,25,1
11560,2,1
11561,3,1
11562,4,3
11563,16,3
11564,2,1
11565,3,2
11566,5,1
11567,41,1
11568,2,2
11569,7,5
11570,11,1
11571,3,1
11572,2,1
11573,9,1
11574,5,1
11575,3,3
11576,3,1
11577,10,4
11578,5,1
11579,7,5
11580,10,1
11581,8,1
11582,5,3
11583,13,3
11584,8,1
11585,25,4
11586,125,57
11587,3,1
11588,3,1
11589,7,1
11590,6,1
11591,6,2
11592,22,18
11593,7,5
11594,5,3
11595,6,1
11596,7,1
11597,5,3
11598,11,2
11599,6,1
11600,3,1
11601,5,1
11602,19,1
11603,7,2
11604,2,2
11605,39,18
11606,2,2
11607,78,9
11608,2,1
11609,11,1
11610,4,1
11611,4,4
11612,3,2
11613,10,4
11614,3,1
11615,31,6
11616,6,1
11617,51,8
11618,3,1
11619,20,2
11620,17,7
11621,5,1
11622,12,1
11623,5,3
11624,2,2
11625,2,1
11626,7,1
11627,7,3
11628,8,3
11629,8,2
11630,3,1
11631,19,2
11632,5,1
11633,88,7
11634,15,4
11635,7,4
11636,4,3
11637,4,3
11638,2,1
11639,5,3
11640,10,9
11641,3,1
11642,2,1
11643,4,1
11644,5,2
11645,6,3
11646,19,1
11647,3,1
11648,24,4
11649,66,2
11650,9,6
11651,10,6
11652,6,4
11653,8,3
11654,14,2
11655,2,1
11656,11,1
11657,41,12
11658,17,3
11659,6,1
11660,3,2
11661,3,1
11662,2,1
11663,13,1
11664,4,1
11665,7,2
11666,7,1
11667,2,1
11668,6,2
11669,17,10
11670,11,6
11671,3,1
11672,2,1
11673,5,3
11674,2,1
11675,8,7
11676,44,4
11677,4,1
11678,4,4
11679,5,1
11680,2,1
11681,14,4
11682,2,1
11683,3,1
11684,2,1
11685,25,17
11686,18,1
11687,5,2
11688,3,1
11689,5,1
11690,21,3
11691,11,8
11692,5,5
11693,2,1
11694,2,1
11695,2,1
11696,2,2
11697,3,1
11698,11,1
11699,11,10
11700,5,3
11701,2,1
11702,2,1
11703,10,3
11704,4,2
11705,2,2
11706,5,1
11707,4,1
11708,6,1
11709,4,1
11710,3,1
11711,3,1
11712,3,2
11713,2,1
11714,3,1
11715,15,2
11716,16,1
11717,19,7
11718,7,1
11719,2,2
11720,20,6
11721,20,2
11722,8,1
11723,4,1
11724,5,2
11725,11,1
11726,23,3
11727,2,1
11728,18,2
11729,6,3
11730,3,3
11731,17,3
11732,2,1
11733,2,2
11734,2,2
11735,12,10
11736,4,1
11737,16,1
11738,4,3
11739,6,3
11740,48,3
11741,4,1
11742,36,13
11743,2,1
11744,22,2
11745,12,1
11746,75,28
11747,5,4
11748,15,1
11749,5,5
11750,44,8
11751,7,2
11752,4,1
11753,3,3
11754,28,1
11755,6,1
11756,3,1
11757,13,6
11758,3,3
11759,9,5
11760,16,9
11761,12,1
11762,4,2
11763,5,3
11764,2,1
11765,4,2
11766,3,2
11767,22,1
11768,2,2
11769,2,1
11770,19,1
11771,5,1
11772,2,1
11773,3,2
11774,9,8
11775,5,3
11776,23,4
11777,4,1
11778,6,3
11779,2,2
11780,2,2
11781,53,1
11782,6,2
11783,17,3
11784,4,1
11785,3,1
11786,57,2
11787,4,1
11788,3,1
11789,5,1
11790,6,4
11791,4,2
11792,2,1
11793,2,2
11794,3,2
11795,7,4
11796,2,2
11797,34,2
11798,2,1
11799,2,2
11800,10,3
11801,2,2
11802,5,1
11803,10,1
11804,10,8
11805,8,4
11806,2,1
11807,2,1
11808,2,1
11809,3,1
11810,2,1
11811,2,2
11812,37,5
11813,4,1
11814,4,1
11815,2,1
11816,5,3
11817,2,1
11818,2,1
11819,18,4
11820,6,1
11821,3,1
11822,46,2
11823,2,2
11824,9,1
11825,3,3
11826,2,2
11827,2,1
11828,3,2
11829,5,1
11830,4,1
11831,10,4
11832,3,1
11833,7,1
11834,2,1
11835,3,1
11836,23,1
11837,2,1
11838,16,1
11839,2,1
11840,3,1
11841,3,3
11842,3,1
11843,2,1
11844,21,1
11845,6,1
11846,7,2
11847,5,1
11848,8,5
11849,3,1
11850,23,2
11851,41,14
11852,21,1
11853,8,2
11854,2,1
11855,9,7
11856,2,1
11857,4,2
11858,5,3
11859,2,2
11860,3,1
11861,2,1
11862,5,1
11863,3,1
11864,3,1
11865,16,2
11866,3,1
11867,3,1
11868,2,1
11869,18,10
11870,7,1
11871,7,4
11872,16,9
11873,2,1
11874,46,6
11875,8,1
11876,10,2
11877,7,3
11878,7,2
11879,2,2
11880,3,3
11881,15,3
11882,14,3
11883,8,3
11884,3,2
11885,9,3
11886,6,4
11887,3,2
11888,3,2
11889,24,2
11890,5,2
11891,2,2
11892,3,2
11893,42,1
11894,23,3
11895,2,2
11896,5,5
11897,2,2
11898,3,3
11899,140,4
11900,7,2
11901,27,5
11902,5,2
11903,13,8
11904,18,9
11905,2,1
11906,11,1
11907,3,1
11908,10,7
11909,12,8
11910,9,6
11911,14,5
11912,3,1
11913,6,2
11914,11,7
11915,3,1
11916,61,10
11917,6,1
11918,3,3
11919,2,1
11920,8,5
11921,4,2
11922,5,4
11923,2,2
11924,8,1
11925,38,13
11926,6,1
11927,11,4
11928,3,1
11929,4,1
11930,5,1
11931,2,1
11932,4,4
11933,2,1
11934,7,5
11935,11,2
11936,4,1
11937,3,1
11938,3,1
11939,9,2
11940,2,1
11941,33,18
11942,4,2
11943,5,3
11944,2,2
11945,3,2
11946,22,1
11947,6,4
11948,2,1
11949,20,3
11950,17,4
11951,16,1
11952,5,2
11953,5,2
11954,4,4
11955,26,2
11956,2,1
11957,116,7
11958,12,4
11959,43,3
11960,3,1
11961,4,1
11962,5,1
11963,6,1
11964,4,3
11965,6,3
11966,4,1
11967,11,2
11968,2,1
11969,2,2
11970,2,1
11971,4,1
11972,4,2
11973,3,3
11974,6,6
11975,7,7
11976,2,1
11977,4,1
11978,4,2
11979,10,4
11980,12,1
11981,20,5
11982,20,3
11983,6,2
11984,11,3
11985,2,2
11986,9,4
11987,3,1
11988,2,1
11989,4,3
11990,6,4
11991,3,2
11992,5,1
11993,10,3
11994,3,1
11995,2,1
11996,3,1
11997,21,3
11998,9,2
11999,4,2
12000,3,2
12001,5,1
12002,4,3
12003,9,4
12004,4,2
12005,3,3
12006,4,1
12007,25,4
12008,2,2
12009,2,1
12010,9,6
12011,32,10
12012,2,1
12013,6,1
12014,4,1
12015,7,6
12016,11,3
12017,21,1
12018,6,6
12019,2,2
12020,6,1
12021,2,2
12022,6,1
12023,7,5
12024,3,2
12025,10,3
12026,3,2
12027,2,1
12028,2,1
12029,10,2
12030,2,1
12031,9,1
12032,3,1
12033,3,1
12034,2,2
12035,2,2
12036,3,1
12037,95,65
12038,2,2
12039,11,1
12040,28,3
12041,7,4
12042,4,1
12043,4,2
12044,4,1
12045,7,2
12046,13,3
12047,2,2
12048,7,4
12049,16,3
12050,5,4
12051,5,3
12052,2,1
12053,4,2
12054,3,1
12055,5,2
12056,2,1
12057,3,1
12058,10,4
12059,5,1
12060,2,1
12061,7,2
12062,7,2
12063,3,1
12064,2,1
12065,2,1
12066,11,6
12067,17,3
12068,4,3
12069,18,7
12070,2,1
12071,6,1
12072,3,1
12073,27,2
12074,4,4
12075,3,1
12076,10,1
12077,2,2
12078,2,1
12079,4,1
12080,7,4
12081,10,2
12082,21,6
12083,12,11
12084,3,1
12085,4,1
12086,30,10
12087,5,1
12088,18,10
12089,4,1
12090,10,1
12091,12,4
12092,89,22
12093,7,5
12094,3,1
12095,5,2
12096,3,3
12097,14,1
12098,2,1
12099,9,1
12100,9,8
12101,2,2
12102,3,1
12103,7,7
12104,4,1
12105,6,1
12106,3,2
12107,4,1
12108,5,1
12109,2,1
12110,2,1
12111,75,6
12112,2,1
12113,7,3
12114,13,11
12115,41,17
12116,13,3
12117,10,3
12118,6,2
12119,3,2
12120,9,5
12121,6,4
12122,4,2
12123,23,1
12124,9,5
12125,3,1
12126,11,2
12127,2,1
12128,10,1
12129,2,2
12130,66,5
12131,3,2
12132,4,3
12133,3,3
12134,2,1
12135,2,1
12136,10,2
12137,2,1
12138,2,2
12139,6,3
12140,21,1
12141,68,8
12142,5,5
12143,3,3
12144,4,2
12145,15,1
12146,13,5
12147,17,3
12148,6,1
12149,2,1
12150,2,1
12151,7,2
12152,11,2
12153,2,1
12154,3,3
12155,5,1
12156,3,1
12157,2,1
12158,5,3
12159,6,6
12160,14,1
12161,3,2
12162,11,2
12163,5,1
12164,4,1
12165,2,1
12166,7,7
12167,2,1
12168,2,1
12169,9,7
12170,37,4
12171,10,3
12172,4,1
12173,5,2
12174,11,1
12175,3,2
12176,5,1
12177,4,2
12178,8,1
12179,4,1
12180,24,22
12181,7,4
12182,7,1
12183,2,2
12184,4,1
12185,48,1
12186,4,4
12187,9,1
12188,8,3
12189,4,3
12190,3,1
12191,7,3
12192,4,3
12193,7,3
12194,3,2
12195,6,1
12196,18,6
12197,2,1
12198,5,5
12199,2,2
12200,4,1
12201,2,1
12202,4,1
12203,8,1
12204,2,2
12205,3,3
12206,8,2
12207,5,5
12208,6,2
12209,13,6
12210,6,3
12211,7,3
12212,8,1
12213,2,2
12214,9,4
12215,15,4
12216,7,5
12217,2,1
12218,22,20
12219,2,1
12220,5,3
12221,14,1
12222,28,2
12223,4,1
12224,22,1
12225,14,5
12226,3,1
12227,2,1
12228,15,2
12229,3,1
12230,11,2
12231,2,1
12232,4,4
12233,2,2
12234,7,7
12235,3,1
12236,35,2
12237,8,2
12238,5,1
12239,10,5
12240,3,2
12241,3,3
12242,17,6
12243,2,1
12244,3,1
12245,3,1
12246,5,4
12247,5,2
12248,2,1
12249,2,1
12250,2,1
12251,59,15
12252,4,1
12253,2,1
12254,4,2
12255,113,3
12256,8,7
12257,3,2
12258,2,2
12259,2,1
12260,3,2
12261,5,1
12262,12,3
12263,7,5
12264,2,1
12265,22,4
12266,2,1
12267,5,2
12268,10,5
12269,13,2
12270,2,1
12271,2,2
12272,2,2
12273,5,1
12274,2,1
12275,2,1
12276,8,1
12277,23,5
12278,2,1
12279,2,1
12280,8,1
12281,2,1
12282,2,2
12283,2,2
12284,12,6
12285,8,2
12286,17,7
12287,4,1
12288,10,2
12289,8,6
12290,4,1
12291,4,1
12292,159,38
12293,4,4
12294,7,1
12295,3,1
12296,4,1
12297,4,4
12298,2,1
12299,16,4
12300,2,2
12301,3,3
12302,2,1
12303,2,2
12304,3,1
12305,66,6
12306,11,1
12307,23,2
12308,154,11
12309,2,1
12310,3,2
12311,5,2
12312,49,5
12313,7,1
12314,3,1
12315,9,1
12316,2,2
12317,16,4
12318,5,2
12319,5,4
12320,10,2
12321,6,6
12322,3,1
12323,9,4
12324,9,2
12325,19,4
12326,5,5
12327,2,1
12328,7,3
12329,7,3
12330,27,4
12331,4,1
12332,3,1
12333,2,1
12334,2,2
12335,12,2
12336,9,2
12337,4,1
12338,22,3
12339,4,1
12340,2,2
12341,2,2
12342,14,1
12343,6,2
12344,19,3
12345,2,2
12346,6,1
12347,7,1
12348,21,1
12349,4,3
12350,3,1
12351,12,1
12352,27,2
12353,6,1
12354,10,1
12355,2,2
12356,2,1
12357,4,4
12358,3,1
12359,5,1
12360,3,3
12361,3,1
12362,2,1
12363,18,1
12364,14,4
12365,3,1
12366,55,22
12367,5,2
12368,9,2
12369,7,3
12370,59,3
12371,14,1
12372,24,2
12373,7,3
12374,16,1
12375,24,1
12376,6,1
12377,2,1
12378,40,7
12379,2,1
12380,6,1
12381,2,2
12382,14,2
12383,20,3
12384,6,1
12385,7,1
12386,3,1
12387,11,1
12388,5,1
12389,19,8
12390,67,7
12391,18,1
12392,3,3
12393,3,1
12394,5,2
12395,2,1
12396,2,1
12397,4,3
12398,3,2
12399,6,1
12400,5,3
12401,3,1
12402,11,2
12403,5,1
12404,2,1
12405,3,2
12406,4,2
12407,2,2
12408,11,2
12409,2,1
12410,11,6
12411,5,1
12412,11,1
12413,2,1
12414,8,4
12415,13,2
12416,16,3
12417,3,1
12418,9,7
12419,3,1
12420,8,2
12421,2,2
12422,2,1
12423,7,1
12424,7,2
12425,24,5
12426,5,1
12427,2,2
12428,16,2
12429,4,1
12430,3,1
12431,3,2
12432,13,2
12433,3,2
12434,7,6
12435,2,2
12436,7,6
12437,2,2
12438,7,1
12439,2,1
12440,6,6
12441,4,1
12442,6,1
12443,2,2
12444,16,1
12445,9,9
12446,7,5
12447,5,1
12448,4,2
12449,4,1
12450,2,1
12451,2,1
12452,3,1
12453,4,3
12454,7,5
12455,5,2
12456,13,12
12457,2,1
12458,10,2
12459,2,1
12460,4,2
12461,40,14
12462,3,2
12463,2,1
12464,14,1
12465,5,4
12466,4,1
12467,3,3
12468,6,4
12469,2,1
12470,2,1
12471,2,1
12472,2,1
12473,9,1
12474,6,1
12475,10,1
12476,7,2
12477,5,4
12478,4,3
12479,3,2
12480,3,3
12481,7,7
12482,2,1
12483,2,1
12484,4,1
12485,2,1
12486,10,1
12487,4,1
12488,13,9
12489,13,1
12490,2,2
12491,7,1
12492,11,2
12493,4,1
12494,18,6
12495,2,1
12496,4,2
12497,4,1
12498,26,5
12499,8,1
12500,3,1
12501,3,2
12502,28,3
12503,43,2
12504,2,1
12505,81,2
12506,3,1
12507,2,1
12508,8,4
12509,2,1
12510,2,1
12511,6,2
12512,29,3
12513,2,2
12514,3,2
12515,6,2
12516,19,17
12517,6,2
12518,7,2
12519,4,1
12520,2,2
12521,23,13
12522,7,5
12523,27,13
12524,2,2
12525,8,1
12526,16,8
12527,3,1
12528,4,2
12529,8,1
12530,3,1
12531,18,2
12532,4,1
12533,19,9
12534,2,1
12535,3,1
12536,12,1
12537,4,2
12538,5,2
12539,10,2
12540,3,2
12541,8,6
12542,3,1
12543,6,1
12544,9,1
12545,4,2
12546,6,1
12547,5,1
12548,6,2
12549,5,3
12550,6,3
12551,3,3
12552,8,1
12553,8,2
12554,13,3
12555,3,1
12556,3,1
12557,2,1
12558,3,3
12559,4,1
12560,3,1
12561,3,1
12562,122,28
12563,5,1
12564,2,1
12565,14,13
12566,17,2
12567,4,1
12568,6,4
12569,4,1
12570,6,1
12571,6,2
12572,5,2
12573,10,4
12574,15,5
12575,2,1
12576,41,11
12577,8,6
12578,3,2
12579,2,2
12580,2,1
12581,33,3
12582,8,1
12583,7,1
12584,19,3
12585,11,2
12586,8,2
12587,6,4
12588,3,2
12589,3,2
12590,2,1
12591,5,1
12592,4,4
12593,10,1
12594,31,3
12595,16,7
12596,2,1
12597,2,1
12598,5,1
12599,4,3
12600,2,2
12601,15,2
12602,6,1
12603,3,3
12604,5,2
12605,2,2
12606,2,1
12607,2,1
12608,3,1
12609,3,3
12610,2,1
12611,4,1
12612,2,1
12613,9,1
12614,2,1
12615,3,2
12616,7,1
12617,7,5
12618,14,3
12619,3,1
12620,6,5
12621,20,3
12622,7,5
12623,2,1
12624,2,2
12625,4,1
12626,6,1
12627,2,2
12628,4,1
12629,26,3
12630,3,1
12631,4,3
12632,6,1
12633,3,2
12634,8,5
12635,2,2
12636,2,2
12637,53,18
12638,2,2
12639,3,1
12640,5,1
12641,23,1
12642,13,8
12643,15,1
12644,6,6
12645,2,1
12646,2,1
12647,2,1
12648,12,1
12649,11,2
12650,4,1
12651,3,1
12652,3,1
12653,5,2
12654,4,3
12655,5,1
12656,14,2
12657,2,1
12658,2,1
12659,7,2
12660,5,1
12661,4,1
12662,6,2
12663,7,1
12664,14,4
12665,4,1
12666,6,1
12667,3,1
12668,7,6
12669,15,5
12670,2,2
12671,2,1
12672,3,1
12673,11,1
12674,3,3
12675,2,2
12676,2,1
12677,2,2
12678,2,1
12679,3,1
12680,22,6
12681,2,2
12682,4,3
12683,7,2
12684,5,2
12685,4,2
12686,4,1
12687,2,1
12688,141,9
12689,5,1
12690,2,1
12691,11,5
12692,7,6
12693,24,8
12694,5,2
12695,33,6
12696,9,2
12697,2,1
12698,15,6
12699,2,1
12700,2,2
12701,2,1
12702,4,1
12703,5,4
12704,2,1
12705,4,1
12706,5,2
12707,4,1
12708,8,2
12709,43,9
12710,125,22
12711,6,1
12712,3,2
12713,4,1
12714,18,6
12715,2,1
12716,3,3
12717,33,12
12718,46,25
12719,3,1
12720,11,9
12721,7,1
12722,3,1
12723,2,2
12724,2,2
12725,2,1
12726,16,2
12727,3,2
12728,2,2
12729,49,4
12730,11,1
12731,4,1
12732,75,24
12733,3,1
12734,7,5
12735,4,2
12736,7,3
12737,3,3
12738,6,2
12739,10,1
12740,16,1
12741,4,3
12742,3,1
12743,3,2
12744,37,1
12745,2,2
12746,12,2
12747,19,2
12748,2,2
12749,10,1
12750,21,3
12751,6,2
12752,4,2
12753,8,1
12754,7,4
12755,3,2
12756,2,2
12757,82,7
12758,6,1
12759,2,2
12760,2,2
12761,3,1
12762,3,3
12763,6,1
12764,9,1
12765,5,2
12766,12,8
12767,15,14
12768,17,3
12769,8,1
12770,10,5
12771,4,1
12772,7,5
12773,2,1
12774,4,1
12775,7,6
12776,7,2
12777,4,2
12778,3,1
12779,14,5
12780,2,1
12781,4,1
12782,2,2
12783,8,1
12784,3,1
12785,4,1
12786,4,1
12787,2,1
12788,9,1
12789,5,4
12790,2,2
12791,3,1
12792,8,1
12793,2,2
12794,2,1
12795,2,1
12796,2,1
12797,5,1
12798,3,1
12799,8,1
12800,17,3
12801,2,2
12802,11,5
12803,78,5
12804,3,2
12805,16,4
12806,26,6
12807,6,1
12808,5,1
12809,4,2
12810,28,5
12811,3,1
12812,4,3
12813,2,1
12814,5,5
12815,2,1
12816,31,6
12817,2,2
12818,8,1
12819,3,1
12820,6,6
12821,3,1
12822,7,5
12823,2,1
12824,24,13
12825,10,6
12826,4,1
12827,4,1
12828,2,2
12829,18,3
12830,2,1
12831,2,1
12832,10,8
12833,8,3
12834,4,4
12835,10,8
12836,2,2
12837,4,1
12838,2,1
12839,3,2
12840,2,1
12841,8,2
12842,8,1
12843,48,8
12844,8,2
12845,20,1
12846,2,1
12847,34,2
12848,13,3
12849,4,1
12850,6,3
12851,4,2
12852,2,1
12853,3,2
12854,5,3
12855,8,3
12856,7,1
12857,9,3
12858,2,2
12859,18,4
12860,4,1
12861,27,16
12862,2,1
12863,2,1
12864,2,1
12865,6,1
12866,3,3
12867,2,1
12868,2,1
12869,8,1
12870,8,3
12871,5,1
12872,6,3
12873,4,4
12874,13,12
12875,13,1
12876,6,3
12877,2,1
12878,8,1
12879,3,1
12880,10,6
12881,12,8
12882,3,1
12883,3,2
12884,30,7
12885,4,2
12886,6,3
12887,6,4
12888,4,3
12889,37,5
12890,2,1
12891,10,1
12892,6,1
12893,31,2
12894,5,1
12895,3,3
12896,2,1
12897,8,5
12898,3,2
12899,2,2
12900,2,1
12901,2,1
12902,4,1
12903,2,1
12904,2,1
12905,13,2
12906,28,2
12907,3,3
12908,2,2
12909,22,1
12910,3,2
12911,3,1
12912,2,2
12913,7,1
12914,12,2
12915,2,1
12916,4,1
12917,32,1
12918,20,1
12919,50,14
12920,12,1
12921,3,1
12922,4,1
12923,22,1
12924,3,1
12925,2,2
12926,5,3
12927,6,1
12928,3,1
12929,20,5
12930,3,1
12931,2,1
12932,2,1
12933,57,2
12934,8,2
12935,4,1
12936,12,1
12937,3,2
12938,3,1
12939,20,1
12940,3,1
12941,9,1
12942,2,1
12943,8,3
12944,8,1
12945,4,2
12946,2,1
12947,4,3
12948,2,2
12949,2,2
12950,4,2
12951,4,1
12952,4,3
12953,28,3
12954,3,1
12955,35,7
12956,2,1
12957,46,10
12958,3,1
12959,24,1
12960,3,1
12961,9,2
12962,3,2
12963,5,1
12964,4,1
12965,2,1
12966,3,1
12967,3,2
12968,3,3
12969,5,1
12970,2,2
12971,2,1
12972,33,4
12973,4,1
12974,3,1
12975,9,1
12976,2,2
12977,2,1
12978,2,1
12979,2,1
12980,4,1
12981,9,1
12982,2,2
12983,2,2
12984,3,1
12985,4,4
12986,2,2
12987,2,2
12988,22,14
12989,72,43
12990,17,4
12991,18,9
12992,4,4
12993,2,2
12994,2,1
12995,4,4
12996,30,1
12997,9,1
12998,4,2
12999,8,1
13000,2,1
13001,2,1
13002,7,1
13003,2,1
13004,6,3
13005,4,1
13006,4,1
13007,5,2
13008,2,1
13009,53,4
13010,2,1
13011,4,1
13012,20,4
13013,2,1
13014,3,2
13015,2,1
13016,2,2
13017,11,2
13018,2,2
13019,12,2
13020,97,14
13021,2,1
13022,7,2
13023,16,6
13024,2,1
13025,3,1
13026,3,2
13027,10,3
13028,4,2
13029,6,4
13030,26,24
13031,6,2
13032,4,1
13033,13,2
13034,2,1
13035,2,1
13036,9,8
13037,2,2
13038,16,1
13039,2,1
13040,2,1
13041,3,2
13042,17,1
13043,2,2
13044,3,1
13045,2,1
13046,6,1
13047,10,5
13048,2,2
13049,6,4
13050,2,1
13051,5,1
13052,10,3
13053,4,3
13054,2,1
13055,9,6
13056,3,3
13057,3,1
13058,5,3
13059,8,5
13060,5,5
13061,5,3
13062,3,1
13063,20,4
13064,27,8
13065,3,3
13066,40,3
13067,6,3
13068,8,6
13069,8,1
13070,2,2
13071,7,2
13072,2,1
13073,2,1
13074,6,4
13075,3,1
13076,2,1
13077,4,3
13078,3,1
13079,2,2
13080,5,2
13081,2,2
13082,10,2
13083,4,1
13084,3,1
13085,3,2
13086,6,5
13087,2,2
13088,31,1
13089,3,2
13090,8,6
13091,2,1
13092,2,1
13093,12,1
13094,2,1
13095,45,5
13096,83,7
13097,3,1
13098,7,4
13099,11,5
13100,2,2
13101,5,1
13102,2,2
13103,4,2
13104,2,1
13105,5,1
13106,5,2
13107,15,6
13108,3,1
13109,5,2
13110,13,4
13111,4,3
13112,6,5
13113,6,2
13114,2,1
13115,5,1
13116,2,1
13117,4,1
13118,8,2
13119,3,1
13120,6,1
13121,2,2
13122,4,2
13123,7,2
13124,5,4
13125,2,1
13126,3,2
13127,2,1
13128,4,1
13129,3,1
13130,8,3
13131,3,1
13132,9,3
13133,5,2
13134,4,3
13135,2,1
13136,6,1
13137,5,1
13138,9,6
13139,2,2
13140,5,1
13141,9,1
13142,2,2
13143,7,1
13144,3,1
13145,2,1
13146,3,1
13147,3,2
13148,27,11
13149,2,2
13150,4,3
13151,2,1
13152,6,1
13153,4,2
13154,38,4
13155,81,12
13156,6,1
13157,17,7
13158,10,8
13159,2,2
13160,4,3
13161,10,7
13162,6,1
13163,10,1
13164,2,1
13165,3,2
13166,6,4
13167,7,4
13168,5,1
13169,17,6
13170,8,4
13171,15,1
13172,4,1
13173,9,1
13174,38,2
13175,2,1
13176,2,1
13177,9,2
13178,8,1
13179,23,1
13180,18,1
13181,6,1
13182,28,2
13183,38,16
13184,22,1
13185,19,1
13186,25,4
13187,24,3
13188,35,3
13189,2,2
13190,5,1
13191,27,1
13192,27,1
13193,35,3
13194,810,305
13195,3,1
13196,3,2
13197,53,1
13198,2,2
13199,4,1
13200,9,2
13201,40,1
13202,5,1
13203,64,26
13204,21,1
13205,5,1
13206,20,6
13207,2,2
13208,27,5
13209,10,3
13210,34,3
13211,28,1
13212,7,1
13213,2,1
13214,7,1
13215,2,1
13216,33,1
13217,36,1
13218,25,2
13219,5,5
13220,9,1
13221,5,2
13222,12,2
13223,53,1
13224,5,1
13225,4,1
13226,34,1
13227,46,1
13228,107,22
13229,15,2
13230,3,1
13231,15,1
13232,11,4
13233,9,1
13234,2,1
13235,68,5
13236,28,1
13237,18,1
13238,26,9
13239,22,1
13240,35,1
13241,20,2
13242,16,1
13243,34,3
13244,16,1
13245,16,1
13246,15,1
13247,33,1
13248,5,4
13249,33,1
13250,40,1
13251,94,83
13252,3,1
13253,57,1
13254,28,1
13255,143,2
13256,86,36
13257,28,2
13258,5,1
13259,2,2
13260,18,2
13261,53,16
13262,27,1
13263,16,1
13264,162,58
13265,2,1
13266,27,1
13267,29,2
13268,21,4
13269,48,16
13270,4,1
13271,3,2
13272,101,11
13273,57,1
13274,14,2
13275,16,2
13276,19,1
13277,25,1
13278,2,1
13279,16,2
13280,4,2
13281,3,1
13282,41,3
13283,13,1
13284,10,2
13285,10,1
13286,69,6
13287,15,3
13288,35,2
13289,2,2
13290,2,1
13291,4,1
13292,17,9
13293,6,1
13294,9,2
13295,109,11
13296,32,1
13297,3,3
13298,35,1
13299,8,2
13300,17,1
13301,23,1
13302,17,2
13303,15,6
13304,3,2
13305,10,2
13306,31,1
13307,19,1
13308,98,22
13309,55,5
13310,2,1
13311,81,6
13312,7,6
13313,9,1
13314,10,1
13315,5,3
13316,7,4
13317,3,1
13318,9,3
13319,49,6
13320,25,6
13321,12,1
13322,55,1
13323,29,1
13324,9,1
13325,31,14
13326,11,2
13327,8,1
13328,47,2
13329,66,6
13330,8,1
13331,3,1
13332,13,2
13333,7,1
13334,3,1
13335,2,1
13336,4,1
13337,7,7
13338,6,1
13339,9,2
13340,13,5
13341,4,2
13342,128,2
13343,12,1
13344,2,1
13345,16,3
13346,5,3
13347,4,1
13348,11,5
13349,10,3
13350,6,2
13351,16,3
13352,8,1
13353,20,2
13354,15,2
13355,43,4
13356,2,1
13357,15,1
13358,13,1
13359,16,1
13360,11,1
13361,4,1
13362,11,2
13363,4,1
13364,11,7
13365,4,2
13366,5,1
13367,2,1
13368,6,1
13369,10,1
13370,91,3
13371,3,3
13372,2,1
13373,5,1
13374,8,5
13375,2,1
13376,21,2
13377,63,2
13378,4,2
13379,7,1
13380,18,3
13381,2,1
13382,19,2
13383,3,1
13384,7,3
13385,7,1
13386,2,1
13387,2,2
13388,51,2
13389,11,1
13390,32,2
13391,8,1
13392,37,26
13393,2,1
13394,3,2
13395,70,5
13396,2,1
13397,5,2
13398,20,1
13399,10,2
13400,8,1
13401,22,1
13402,16,7
13403,2,1
13404,2,2
13405,8,1
13406,81,6
13407,27,2
13408,4,3
13409,36,3
13410,4,1
13411,5,3
13412,4,1
13413,9,1
13414,16,3
13415,13,1
13416,100,29
13417,12,1
13418,4,1
13419,16,2
13420,10,1
13421,5,2
13422,2,2
13423,23,2
13424,2,2
13425,25,6
13426,8,1
13427,62,5
13428,142,4
13429,18,8
13430,27,1
13431,11,4
13432,16,3
13433,3,1
13434,6,2
13435,10,1
13436,11,1
13437,5,1
13438,3,1
13439,11,1
13440,87,10
13441,9,8
13442,22,1
13443,9,6
13444,10,1
13445,7,1
13446,71,9
13447,7,1
13448,237,17
13449,26,1
13450,2,1
13451,73,2
13452,14,2
13453,10,1
13454,24,2
13455,11,1
13456,39,8
13457,5,4
13458,8,1
13459,16,1
13460,5,1
13461,43,13
13462,46,9
13463,7,1
13464,20,1
13465,7,1
13466,14,2
13467,2,1
13468,2,2
13469,3,1
13470,4,2
13471,49,5
13472,157,2
13473,58,1
13474,11,2
13475,3,2
13476,15,1
13477,4,2
13478,12,2
13479,6,1
13480,2,1
13481,13,1
13482,26,4
13483,6,2
13484,18,1
13485,4,1
13486,30,4
13487,82,26
13488,2,1
13489,20,1
13490,20,5
13491,8,2
13492,15,9
13493,9,1
13494,2,1
13495,27,12
13496,3,1
13497,112,17
13498,25,4
13499,7,1
13500,13,4
13501,9,1
13502,2,1
13503,72,1
13504,12,2
13505,46,10
13506,2,1
13507,2,1
13508,10,1
13509,8,1
13510,2,1
13511,3,2
13512,35,5
13513,10,2
13514,2,1
13515,6,4
13516,19,2
13517,4,1
13518,14,1
13519,9,1
13520,3,1
13521,15,1
13522,81,1
13523,2,1
13524,2,1
13525,7,3
13526,9,1
13527,26,4
13528,23,2
13529,8,3
13530,12,1
13531,2,2
13532,16,1
13533,25,1
13534,2,1
13535,84,22
13536,4,2
13537,3,1
13538,15,1
13539,22,2
13540,3,3
13541,22,1
13542,27,11
13543,2,2
13544,2,2
13545,11,1
13546,4,1
13547,2,1
13548,19,2
13549,6,3
13550,11,3
13551,3,1
13552,7,1
13553,25,2
13554,30,3
13555,11,1
13556,24,3
13557,30,5
13558,4,1
13559,36,7
13560,14,1
13561,13,1
13562,7,1
13563,11,7
13564,40,1
13565,21,3
13566,3,1
13567,9,1
13568,36,7
13569,3,1
13570,3,1
13571,48,23
13572,5,2
13573,3,1
13574,22,15
13575,8,6
13576,3,1
13577,37,1
13578,4,1
13579,10,1
13580,61,1
13581,45,5
13582,2,1
13583,3,1
13584,19,6
13585,2,2
13586,2,2
13587,5,3
13588,9,1
13589,18,7
13590,5,1
13591,4,3
13592,5,1
13593,2,1
13594,31,3
13595,13,4
13596,101,7
13597,10,2
13598,9,3
13599,4,3
13600,20,3
13601,4,1
13602,4,4
13603,5,3
13604,2,1
13605,3,1
13606,7,4
13607,34,2
13608,18,4
13609,4,1
13610,2,2
13611,2,1
13612,2,2
13613,4,1
13614,11,3
13615,4,1
13616,9,2
13617,19,2
13618,2,2
13619,2,2
13620,3,1
13621,6,6
13622,7,1
13623,4,2
13624,20,3
13625,6,4
13626,2,1
13627,3,2
13628,42,7
13629,4,1
13630,7,1
13631,13,2
13632,6,1
13633,35,1
13634,2,1
13635,16,1
13636,18,1
13637,3,3
13638,10,2
13639,2,2
13640,10,3
13641,6,1
13642,13,1
13643,11,1
13644,2,2
13645,21,6
13646,2,1
13647,2,2
13648,7,4
13649,26,8
13650,6,1
13651,12,4
13652,10,2
13653,7,1
13654,2,1
13655,6,1
13656,4,1
13657,35,4
13658,10,7
13659,20,4
13660,18,4
13661,18,3
13662,5,4
13663,13,12
13664,5,1
13665,11,4
13666,23,8
13667,3,1
13668,9,1
13669,5,1
13670,2,2
13671,6,1
13672,98,24
13673,11,2
13674,6,3
13675,6,2
13676,3,1
13677,4,1
13678,4,1
13679,3,1
13680,3,1
13681,4,1
13682,6,5
13683,40,1
13684,2,1
13685,4,2
13686,6,1
13687,2,2
13688,8,2
13689,23,4
13690,12,5
13691,4,1
13692,29,22
13693,5,2
13694,5,1
13695,2,1
13696,2,1
13697,5,1
13698,4,2
13699,5,3
13700,10,6
13701,4,1
13702,9,1
13703,3,1
13704,15,1
13705,6,2
13706,3,3
13707,2,2
13708,2,1
13709,4,1
13710,41,9
13711,19,1
13712,7,1
13713,4,1
13714,10,1
13715,9,2
13716,34,6
13717,12,2
13718,24,1
13719,5,1
13720,51,3
13721,4,1
13722,13,3
13723,11,9
13724,19,1
13725,31,1
13726,7,2
13727,15,3
13728,4,1
13729,36,3
13730,8,1
13731,4,1
13732,3,2
13733,163,59
13734,3,1
13735,34,8
13736,85,2
13737,25,3
13738,19,3
13739,2,1
13740,10,1
13741,6,1
13742,2,1
13743,2,2
13744,25,4
13745,13,1
13746,5,1
13747,49,7
13748,11,5
13749,2,2
13750,14,7
13751,2,1
13752,7,2
13753,8,1
13754,11,1
13755,58,4
13756,115,13
13757,2,1
13758,27,3
13759,4,1
13760,2,2
13761,4,2
13762,2,1
13763,34,6
13764,3,1
13765,6,1
13766,11,1
13767,8,6
13768,10,4
13769,11,1
13770,10,2
13771,11,3
13772,18,2
13773,2,1
13774,4,4
13775,5,1
13776,2,1
13777,9,1
13778,7,1
13779,3,2
13780,2,1
13781,2,1
13782,50,9
13783,5,4
13784,8,5
13785,2,2
13786,9,1
13787,10,5
13788,4,2
13789,18,1
13790,80,1
13791,6,1
13792,6,5
13793,12,1
13794,53,7
13795,3,1
13796,7,2
13797,3,1
13798,7,1
13799,2,1
13800,19,1
13801,6,1
13802,6,1
13803,2,2
13804,2,2
13805,11,3
13806,64,11
13807,21,8
13808,19,9
13809,2,1
13810,6,2
13811,7,4
13812,28,5
13813,3,1
13814,4,1
13815,8,1
13816,3,1
13817,2,1
13818,2,1
13819,10,1
13820,4,2
13821,2,1
13822,3,1
13823,12,4
13824,2,2
13825,19,19
13826,6,1
13827,3,2
13828,12,2
13829,9,1
13830,9,8
13831,6,3
13832,3,1
13833,5,1
13834,9,1
13835,10,3
13836,11,1
13837,9,1
13838,21,3
13839,4,1
13840,11,7
13841,2,1
13842,34,1
13843,12,2
13844,17,2
13845,2,2
13846,7,4
13847,4,4
13848,7,1
13849,21,3
13850,12,1
13851,2,1
13852,6,1
13853,9,1
13854,2,1
13855,17,1
13856,2,1
13857,3,1
13858,2,2
13859,3,1
13860,6,1
13861,2,1
13862,4,1
13863,22,4
13864,20,5
13865,5,3
13866,37,5
13867,10,2
13868,6,1
13869,3,2
13870,24,3
13871,8,6
13872,12,1
13873,2,1
13874,2,1
13875,2,1
13876,7,7
13877,10,1
13878,3,1
13879,37,5
13880,3,1
13881,3,1
13882,5,1
13883,4,1
13884,32,1
13885,7,4
13886,2,1
13887,3,2
13888,3,1
13889,3,2
13890,27,7
13891,10,4
13892,3,2
13893,26,4
13894,2,1
13895,22,2
13896,30,3
13897,18,2
13898,3,1
13899,2,1
13900,18,1
13901,9,1
13902,10,1
13903,2,2
13904,5,1
13905,4,2
13906,5,3
13907,2,1
13908,19,10
13909,2,2
13910,14,2
13911,6,6
13912,6,2
13913,3,1
13914,2,1
13915,2,1
13916,3,1
13917,46,6
13918,17,1
13919,5,2
13920,3,1
13921,5,3
13922,4,2
13923,4,2
13924,3,1
13925,4,4
13926,4,3
13927,55,1
13928,4,1
13929,5,1
13930,3,1
13931,7,3
13932,16,1
13933,8,1
13934,12,1
13935,3,1
13936,3,1
13937,5,4
13938,33,2
13939,2,1
13940,10,6
13941,2,2
13942,5,1
13943,2,1
13944,3,1
13945,10,7
13946,2,1
13947,4,1
13948,5,2
13949,26,1
13950,3,1
13951,4,2
13952,4,2
13953,2,1
13954,7,1
13955,2,1
13956,11,2
13957,3,1
13958,4,1
13959,59,3
13960,4,3
13961,2,1
13962,3,1
13963,20,4
13964,2,1
13965,2,1
13966,3,2
13967,3,1
13968,2,1
13969,9,1
13970,4,2
13971,9,1
13972,2,1
13973,2,1
13974,13,3
13975,3,3
13976,2,1
13977,3,1
13978,19,2
13979,30,1
13980,5,1
13981,20,3
13982,6,2
13983,12,7
13984,2,1
13985,5,1
13986,5,3
13987,6,2
13988,10,6
13989,5,1
13990,28,6
13991,4,2
13992,4,1
13993,2,2
13994,3,2
13995,2,1
13996,4,1
13997,3,2
13998,3,2
13999,2,1
14000,4,3
14001,9,3
14002,3,2
14003,25,1
14004,2,1
14005,2,1
14006,7,5
14007,6,5
14008,3,1
14009,14,1
14010,35,8
14011,43,1
14012,2,1
14013,5,2
14014,3,1
14015,17,2
14016,2,2
14017,9,2
14018,2,2
14019,2,1
14020,5,5
14021,16,1
14022,3,1
14023,3,2
14024,16,4
14025,2,1
14026,3,1
14027,15,3
14028,2,1
14029,12,2
14030,3,2
14031,2,1
14032,11,7
14033,5,4
14034,10,3
14035,8,2
14036,2,2
14037,30,8
14038,2,2
14039,2,1
14040,11,7
14041,8,2
14042,13,4
14043,2,1
14044,3,1
14045,2,1
14046,2,2
14047,2,1
14048,3,1
14049,7,3
14050,7,2
14051,4,1
14052,2,1
14053,8,1
14054,30,3
14055,5,1
14056,2,1
14057,11,5
14058,12,4
14059,3,2
14060,2,2
14061,56,5
14062,10,1
14063,3,2
14064,2,1
14065,3,2
14066,2,1
14067,9,3
14068,2,2
14069,2,1
14070,5,2
14071,37,1
14072,13,4
14073,8,3
14074,2,1
14075,59,11
14076,4,2
14077,2,2
14078,24,9
14079,2,1
14080,3,1
14081,22,8
14082,2,1
14083,2,2
14084,8,4
14085,8,1
14086,2,1
14087,5,3
14088,26,3
14089,4,1
14090,2,1
14091,32,1
14092,4,1
14093,9,2
14094,13,2
14095,6,1
14096,5,1
14097,5,2
14098,5,1
14099,49,7
14100,14,1
14101,4,1
14102,2,1
14103,10,2
14104,2,1
14105,2,1
14106,5,4
14107,5,2
14108,4,1
14109,7,6
14110,2,2
14111,4,2
14112,10,5
14113,7,2
14114,10,9
14115,5,1
14116,2,1
14117,4,3
14118,4,1
14119,3,2
14120,3,1
14121,17,10
14122,3,2
14123,4,1
14124,11,2
14125,10,1
14126,6,1
14127,2,1
14128,7,1
14129,5,4
14130,2,2
14131,4,1
14132,11,4
14133,13,6
14134,3,2
14135,3,3
14136,10,6
14137,7,1
14138,10,5
14139,25,1
14140,2,2
14141,3,3
14142,3,1
14143,5,1
14144,60,16
14145,18,5
14146,2,2
14147,12,5
14148,2,1
14149,2,1
14150,2,1
14151,7,1
14152,4,2
14153,8,2
14154,4,2
14155,17,2
14156,8,2
14157,4,2
14158,3,1
14159,2,2
14160,5,1
14161,15,11
14162,4,4
14163,18,5
14164,9,5
14165,4,2
14166,3,1
14167,12,1
14168,2,1
14169,5,1
14170,2,1
14171,2,1
14172,6,1
14173,12,1
14174,3,1
14175,10,4
14176,2,1
14177,2,1
14178,2,1
14179,2,1
14180,13,1
14181,6,5
14182,6,4
14183,4,2
14184,12,1
14185,6,3
14186,5,1
14187,3,1
14188,15,1
14189,2,1
14190,2,1
14191,4,3
14192,5,3
14193,4,1
14194,3,1
14195,17,1
14196,9,2
14197,11,2
14198,51,5
14199,4,1
14200,9,2
14201,9,1
14202,2,2
14203,8,4
14204,7,4
14205,12,8
14206,11,1
14207,13,11
14208,2,2
14209,12,7
14210,14,2
14211,2,1
14212,2,2
14213,4,2
14214,3,3
14215,6,3
14216,4,2
14217,7,4
14218,2,1
14219,8,1
14220,13,4
14221,9,1
14222,12,1
14223,7,2
14224,4,2
14225,3,3
14226,53,5
14227,4,2
14228,28,1
14229,9,1
14230,3,3
14231,3,3
14232,2,1
14233,4,1
14234,2,1
14235,5,1
14236,4,2
14237,6,1
14238,5,4
14239,2,1
14240,3,1
14241,3,1
14242,8,1
14243,4,3
14244,4,2
14245,2,1
14246,8,1
14247,2,1
14248,24,1
14249,2,1
14250,2,1
14251,5,3
14252,9,4
14253,8,4
14254,8,3
14255,9,3
14256,4,2
14257,3,1
14258,7,2
14259,13,1
14260,2,2
14261,9,1
14262,4,1
14263,3,1
14264,2,1
14265,4,1
14266,4,4
14267,5,2
14268,3,1
14269,8,2
14270,2,1
14271,2,1
14272,2,1
14273,2,1
14274,7,4
14275,3,3
14276,3,1
14277,2,1
14278,22,4
14279,49,1
14280,2,1
14281,4,2
14282,3,1
14283,20,2
14284,2,2
14285,7,1
14286,6,2
14287,3,1
14288,3,1
14289,16,1
14290,7,1
14291,5,1
14292,6,1
14293,3,3
14294,21,5
14295,2,1
14296,3,2
14297,8,6
14298,3,1
14299,7,3
14300,4,4
14301,3,2
14302,8,1
14303,5,5
14304,3,3
14305,8,5
14306,5,3
14307,4,4
14308,5,4
14309,3,2
14310,13,2
14311,2,2
14312,8,3
14313,11,11
14314,9,1
14315,11,6
14316,5,2
14317,3,1
14318,2,1
14319,7,1
14320,6,6
14321,5,1
14322,2,1
14323,2,1
14324,4,2
14325,4,1
14326,6,2
14327,2,2
14328,4,1
14329,2,1
14330,4,2
14331,2,2
14332,28,6
14333,5,2
14334,6,1
14335,7,1
14336,5,1
14337,3,2
14338,22,8
14339,8,5
14340,18,2
14341,2,1
14342,10,3
14343,3,3
14344,5,2
14345,3,3
14346,4,3
14347,7,1
14348,4,2
14349,10,1
14350,19,15
14351,5,3
14352,8,3
14353,2,2
14354,9,7
14355,3,1
14356,6,2
14357,11,9
14358,9,6
14359,14,3
14360,5,4
14361,7,1
14362,2,1
14363,6,2
14364,13,1
14365,2,2
14366,5,1
14367,3,2
14368,2,1
14369,2,2
14370,3,1
14371,9,2
14372,4,1
14373,3,3
14374,5,1
14375,8,1
14376,3,3
14377,29,4
14378,3,2
14379,8,2
14380,8,1
14381,7,2
14382,8,1
14383,3,1
14384,8,4
14385,11,1
14386,11,4
14387,5,4
14388,4,3
14389,2,2
14390,5,1
14391,19,10
14392,2,2
14393,3,3
14394,3,3
14395,8,1
14396,19,15
14397,2,1
14398,11,3
14399,5,5
14400,4,1
14401,6,2
14402,2,1
14403,10,3
14404,6,3
14405,12,2
14406,32,1
14407,2,1
14408,3,1
14409,21,3
14410,2,1
14411,9,9
14412,8,2
14413,6,2
14414,11,1
14415,5,1
14416,2,1
14417,9,9
14418,8,4
14419,3,1
14420,2,1
14421,8,1
14422,7,3
14423,2,2
14424,10,1
14425,2,2
14426,14,1
14427,2,1
14428,6,6
14429,2,1
14430,16,1
14431,10,2
14432,4,3
14433,8,1
14434,2,2
14435,3,2
14436,16,7
14437,3,3
14438,3,1
14439,2,2
14440,4,1
14441,5,1
14442,10,9
14443,6,1
14444,2,1
14445,12,9
14446,4,2
14447,4,4
14448,4,3
14449,5,4
14450,2,1
14451,3,2
14452,24,4
14453,8,1
14454,4,1
14455,5,4
14456,2,2
14457,4,2
14458,4,2
14459,11,4
14460,8,3
14461,34,2
14462,2,1
14463,10,1
14464,13,1
14465,2,1
14466,8,7
14467,7,4
14468,2,2
14469,2,2
14470,2,1
14471,4,4
14472,4,3
14473,4,1
14474,4,1
14475,10,1
14476,9,1
14477,4,3
14478,17,2
14479,2,1
14480,5,1
14481,7,2
14482,7,1
14483,2,1
14484,23,7
14485,2,1
14486,2,2
14487,2,2
14488,3,3
14489,4,2
14490,3,1
14491,11,1
14492,3,1
14493,4,3
14494,6,4
14495,17,11
14496,8,1
14497,2,2
14498,5,1
14499,4,1
14500,2,1
14501,12,2
14502,8,1
14503,4,1
14504,4,3
14505,2,1
14506,10,5
14507,11,1
14508,4,1
14509,6,1
14510,4,1
14511,8,6
14512,4,1
14513,8,1
14514,3,1
14515,5,3
14516,14,1
14517,2,1
14518,3,2
14519,21,6
14520,2,1
14521,6,1
14522,6,1
14523,7,1
14524,5,4
14525,4,1
14526,6,1
14527,4,1
14528,62,2
14529,2,1
14530,22,3
14531,12,6
14532,2,2
14533,4,1
14534,5,2
14535,5,1
14536,4,2
14537,8,4
14538,4,4
14539,2,1
14540,4,1
14541,4,2
14542,9,2
14543,11,1
14544,5,1
14545,4,1
14546,3,3
14547,4,3
14548,25,1
14549,2,1
14550,2,1
14551,8,1
14552,3,1
14553,4,4
14554,8,4
14555,8,1
14556,3,1
14557,3,2
14558,3,3
14559,4,1
14560,18,3
14561,20,1
14562,5,1
14563,2,2
14564,5,3
14565,3,2
14566,12,2
14567,5,4
14568,3,1
14569,3,3
14570,15,2
14571,2,1
14572,10,1
14573,6,2
14574,5,5
14575,4,4
14576,9,1
14577,3,3
14578,9,1
14579,2,2
14580,12,4
14581,24,3
14582,7,5
14583,2,1
14584,4,4
14585,15,1
14586,27,2
14587,11,4
14588,2,1
14589,2,1
14590,2,1
14591,13,3
14592,6,4
14593,8,2
14594,25,10
14595,6,2
14596,10,1
14597,2,2
14598,2,2
14599,2,2
14600,8,2
14601,10,4
14602,3,2
14603,3,1
14604,4,2
14605,2,1
14606,3,1
14607,3,2
14608,2,2
14609,4,1
14610,25,10
14611,9,1
14612,2,2
14613,38,1
14614,3,2
14615,41,21
14616,2,1
14617,6,6
14618,11,1
14619,6,1
14620,2,1
14621,2,1
14622,9,1
14623,3,1
14624,3,1
14625,7,4
14626,6,1
14627,2,2
14628,9,3
14629,2,2
14630,3,2
14631,3,2
14632,5,4
14633,3,3
14634,8,8
14635,3,1
14636,9,2
14637,5,2
14638,2,1
14639,3,1
14640,3,2
14641,2,1
14642,6,5
14643,4,2
14644,6,4
14645,6,1
14646,14,1
14647,20,11
14648,8,1
14649,20,2
14650,3,2
14651,4,4
14652,4,1
14653,9,4
14654,4,4
14655,4,2
14656,4,1
14657,9,3
14658,7,6
14659,5,1
14660,36,15
14661,2,1
14662,6,1
14663,2,2
14664,4,4
14665,3,1
14666,4,1
14667,20,3
14668,2,1
14669,3,1
14670,2,1
14671,2,1
14672,4,1
14673,6,1
14674,8,1
14675,5,1
14676,2,1
14677,3,1
14678,4,1
14679,3,2
14680,2,2
14681,5,4
14682,35,3
14683,14,7
14684,9,1
14685,2,2
14686,8,3
14687,2,1
14688,14,2
14689,9,2
14690,5,1
14691,5,1
14692,10,3
14693,21,4
14694,4,1
14695,4,1
14696,42,2
14697,13,1
14698,20,4
14699,4,1
14700,8,1
14701,9,4
14702,4,3
14703,3,1
14704,6,1
14705,13,1
14706,5,1
14707,3,3
14708,2,1
14709,4,2
14710,3,1
14711,12,4
14712,4,4
14713,7,1
14714,5,1
14715,7,2
14716,2,1
14717,28,11
14718,3,2
14719,17,1
14720,4,2
14721,13,1
14722,5,1
14723,8,3
14724,2,1
14725,3,2
14726,3,3
14727,4,1
14728,6,2
14729,2,1
14730,5,3
14731,6,1
14732,6,4
14733,21,1
14734,2,2
14735,3,3
14736,17,3
14737,6,2
14738,2,1
14739,4,2
14740,5,3
14741,3,1
14742,5,5
14743,4,1
14744,3,1
14745,38,10
14746,3,2
14747,9,1
14748,20,3
14749,17,7
14750,8,3
14751,28,1
14752,2,1
14753,2,1
14754,4,4
14755,3,1
14756,27,1
14757,22,1
14758,16,1
14759,13,4
14760,3,1
14761,4,3
14762,2,1
14763,27,1
14764,21,1
14765,4,1
14766,8,5
14767,4,1
14768,4,2
14769,6,2
14770,3,1
14771,3,1
14772,5,2
14773,6,2
14774,3,2
14775,3,1
14776,4,1
14777,4,1
14778,16,1
14779,6,2
14780,4,1
14781,5,1
14782,5,2
14783,6,3
14784,4,2
14785,6,1
14786,7,2
14787,14,4
14788,11,6
14789,2,2
14790,11,5
14791,3,3
14792,11,1
14793,6,4
14794,5,1
14795,4,4
14796,3,3
14797,2,1
14798,5,4
14799,3,1
14800,8,1
14801,14,3
14802,10,1
14803,4,2
14804,5,5
14805,2,1
14806,2,1
14807,2,1
14808,2,2
14809,7,1
14810,4,1
14811,6,1
14812,11,1
14813,3,1
14814,5,1
14815,5,2
14816,20,7
14817,6,5
14818,2,2
14819,4,1
14820,4,2
14821,3,1
14822,3,1
14823,2,1
14824,4,3
14825,4,1
14826,2,1
14827,2,1
14828,4,2
14829,3,1
14830,9,4
14831,4,4
14832,4,1
14833,11,8
14834,7,2
14835,3,1
14836,2,1
14837,20,3
14838,8,5
14839,6,3
14840,7,4
14841,6,4
14842,4,1
14843,7,3
14844,2,1
14845,3,2
14846,3,1
14847,27,14
14848,3,1
14849,2,1
14850,7,6
14851,8,1
14852,2,1
14853,15,3
14854,2,1
14855,10,1
14856,8,1
14857,15,1
14858,9,2
14859,2,2
14860,12,11
14861,18,1
14862,5,1
14863,4,2
14864,3,1
14865,2,1
14866,5,4
14867,6,1
14868,10,8
14869,4,2
14870,2,1
14871,2,2
14872,2,2
14873,5,2
14874,2,2
14875,8,1
14876,3,1
14877,8,3
14878,2,1
14879,30,5
14880,8,1
14881,2,1
14882,2,2
14883,12,1
14884,2,1
14885,6,1
14886,3,1
14887,3,3
14888,3,2
14889,31,13
14890,3,1
14891,2,1
14892,38,3
14893,5,2
14894,7,1
14895,16,1
14896,3,1
14897,6,4
14898,2,1
14899,2,2
14900,5,1
14901,2,2
14902,6,3
14903,2,1
14904,3,1
14905,5,2
14906,7,1
14907,5,3
14908,8,6
14909,6,5
14910,4,3
14911,5,1
14912,13,2
14913,15,6
14914,2,1
14915,2,1
14916,10,5
14917,6,2
14918,15,1
14919,3,1
14920,21,1
14921,5,1
14922,3,2
14923,11,1
14924,2,1
14925,2,2
14926,5,1
14927,27,6
14928,3,1
14929,3,1
14930,21,6
14931,29,1
14932,4,2
14933,8,2
14934,10,6
14935,4,4
14936,4,3
14937,16,3
14938,2,1
14939,7,2
14940,7,7
14941,5,4
14942,3,1
14943,2,2
14944,3,2
14945,4,1
14946,2,1
14947,2,1
14948,2,1
14949,4,3
14950,2,1
14951,2,2
14952,9,1
14953,2,1
14954,2,1
14955,2,1
14956,6,2
14957,2,2
14958,9,2
14959,43,16
14960,2,1
14961,6,5
14962,4,2
14963,3,2
14964,9,8
14965,4,2
14966,3,1
14967,9,6
14968,5,2
14969,3,1
14970,2,1
14971,12,2
14972,14,9
14973,5,3
14974,2,1
14975,8,1
14976,3,1
14977,15,2
14978,5,5
14979,4,4
14980,2,1
14981,6,1
14982,2,1
14983,2,1
14984,3,3
14985,4,3
14986,12,1
14987,2,1
14988,7,5
14989,6,6
14990,12,2
14991,2,2
14992,2,1
14993,15,4
14994,26,1
14995,2,2
14996,3,3
14997,3,1
14998,6,1
14999,4,1
15000,14,1
15001,11,1
15002,3,1
15003,21,3
15004,2,1
15005,8,1
15006,10,1
15007,2,2
15008,2,1
15009,5,3
15010,6,3
15011,5,2
15012,4,1
15013,3,3
15014,6,1
15015,6,1
15016,2,1
15017,13,1
15018,15,1
15019,3,1
15020,2,1
15021,4,1
15022,2,1
15023,3,1
15024,4,1
15025,3,1
15026,3,2
15027,2,1
15028,2,1
15029,3,2
15030,3,2
15031,6,2
15032,8,3
15033,6,2
15034,3,2
15035,6,2
15036,3,1
15037,2,1
15038,4,1
15039,2,2
15040,12,2
15041,3,1
15042,3,1
15043,3,1
15044,4,3
15045,29,2
15046,7,6
15047,3,1
15048,2,2
15049,2,2
15050,2,1
15051,2,1
15052,6,4
15053,6,2
15054,11,9
15055,9,1
15056,6,1
15057,3,1
15058,3,1
15059,3,3
15060,4,1
15061,2,1
15062,3,1
15063,3,1
15064,14,1
15065,10,4
15066,10,7
15067,4,4
15068,6,4
15069,8,2
15070,4,1
15071,2,1
15072,3,3
15073,3,2
15074,8,1
15075,3,2
15076,2,1
15077,4,2
15078,5,2
15079,2,1
15080,2,1
15081,3,2
15082,6,1
15083,4,4
15084,5,2
15085,16,3
15086,14,2
15087,3,1
15088,7,5
15089,3,1
15090,3,1
15091,4,2
15092,6,1
15093,3,2
15094,6,5
15095,12,2
15096,2,2
15097,4,2
15098,4,1
15099,4,1
15100,2,1
15101,6,2
15102,6,2
15103,3,1
15104,3,1
15105,4,2
15106,3,1
15107,4,4
15108,6,3
15109,4,1
15110,5,1
15111,4,2
15112,6,4
15113,2,2
15114,2,1
15115,10,2
15116,3,1
15117,9,1
15118,8,4
15119,5,4
15120,11,1
15121,2,1
15122,4,4
15123,13,8
15124,2,1
15125,3,3
15126,3,1
15127,3,2
15128,2,1
15129,6,2
15130,6,1
15131,2,2
15132,5,1
15133,2,1
15134,16,2
15135,10,3
15136,3,1
15137,12,9
15138,7,5
15139,3,2
15140,5,1
15141,2,1
15142,8,1
15143,12,1
15144,4,1
15145,9,6
15146,27,3
15147,8,5
15148,4,2
15149,2,1
15150,6,6
15151,5,2
15152,4,1
15153,3,1
15154,9,1
15155,4,3
15156,2,2
15157,3,1
15158,3,2
15159,7,2
15160,4,1
15161,5,2
15162,6,1
15163,5,1
15164,12,1
15165,10,4
15166,3,1
15167,10,1
15168,2,1
15169,5,1
15170,15,2
15171,11,10
15172,5,1
15173,19,4
15174,6,2
15175,3,1
15176,3,1
15177,5,1
15178,4,2
15179,2,1
15180,35,6
15181,3,1
15182,7,2
15183,3,3
15184,5,2
15185,20,16
15186,4,2
15187,3,1
15188,2,1
15189,9,1
15190,2,1
15191,4,4
15192,18,2
15193,3,1
15194,3,2
15195,22,4
15196,2,2
15197,10,8
15198,2,1
15199,16,2
15200,2,1
15201,11,1
15202,9,2
15203,3,1
15204,2,1
15205,5,3
15206,3,1
15207,3,1
15208,9,3
15209,4,2
15210,34,2
15211,8,1
15212,3,3
15213,6,1
15214,2,1
15215,5,3
15216,7,1
15217,2,2
15218,8,1
15219,4,1
15220,2,1
15221,17,1
15222,28,14
15223,4,2
15224,8,1
15225,2,1
15226,2,1
15227,2,2
15228,6,2
15229,2,1
15230,7,1
15231,2,1
15232,2,2
15233,2,1
15234,6,1
15235,9,1
15236,6,2
15237,3,3
15238,4,4
15239,3,1
15240,2,1
15241,2,1
15242,13,12
15243,13,1
15244,25,1
15245,3,2
15246,26,1
15247,2,2
15248,33,11
15249,7,6
15250,3,1
15251,3,1
15252,7,1
15253,9,2
15254,12,8
15255,5,1
15256,2,1
15257,7,2
15258,9,6
15259,16,1
15260,3,1
15261,2,2
15262,4,3
15263,8,1
15264,15,12
15265,2,1
15266,5,3
15267,4,4
15268,20,1
15269,11,1
15270,2,1
15271,2,1
15272,2,1
15273,20,6
15274,7,7
15275,2,1
15276,2,2
15277,5,1
15278,5,5
15279,2,1
15280,2,1
15281,3,1
15282,35,1
15283,7,3
15284,28,5
15285,18,2
15286,4,3
15287,10,2
15288,5,4
15289,4,1
15290,2,1
15291,6,3
15292,3,2
15293,6,5
15294,17,4
15295,2,1
15296,4,1
15297,5,3
15298,2,1
15299,6,1
15300,5,2
15301,5,1
15302,3,1
15303,4,1
15304,2,1
15305,5,2
15306,12,1
15307,2,1
15308,4,3
15309,2,2
15310,3,1
15311,9,1
15312,3,1
15313,2,1
15314,6,2
15315,4,2
15316,4,4
15317,5,1
15318,2,1
15319,2,1
15320,2,1
15321,6,3
15322,34,7
15323,2,2
15324,2,1
15325,5,2
15326,5,1
15327,2,1
15328,4,4
15329,2,1
15330,4,2
15331,28,1
15332,2,1
15333,2,2
15334,4,1
15335,2,1
15336,2,1
15337,10,4
15338,2,1
15339,2,1
15340,4,2
15341,5,3
15342,2,2
15343,2,2
15344,3,2
15345,8,1
15346,2,2
15347,20,3
15348,2,2
15349,4,1
15350,11,3
15351,2,1
15352,4,2
15353,7,7
15354,17,1
15355,26,7
15356,2,2
15357,7,1
15358,3,2
15359,11,1
15360,6,1
15361,8,1
15362,8,3
15363,3,2
15364,4,1
15365,4,3
15366,4,2
15367,7,1
15368,21,1
15369,27,7
15370,4,1
15371,2,1
15372,6,1
15373,3,1
15374,2,1
15375,5,3
15376,4,2
15377,17,2
15378,2,1
15379,2,1
15380,2,1
15381,3,3
15382,2,1
15383,8,8
15384,15,10
15385,6,3
15386,4,3
15387,3,1
15388,4,2
15389,42,4
15390,5,4
15391,5,4
15392,11,3
15393,10,9
15394,4,3
15395,7,1
15396,6,3
15397,6,1
15398,2,1
15399,8,1
15400,2,2
15401,11,6
15402,5,2
15403,2,2
15404,2,2
15405,6,1
15406,2,2
15407,5,2
15408,3,3
15409,3,2
15410,2,2
15411,13,6
15412,3,3
15413,2,1
15414,12,5
15415,2,1
15416,8,2
15417,8,6
15418,4,1
15419,3,1
15420,2,2
15421,2,2
15422,4,1
15423,8,4
15424,9,3
15425,3,2
15426,12,6
15427,6,3
15428,10,1
15429,9,1
15430,5,4
15431,3,2
15432,7,1
15433,2,1
15434,5,1
15435,4,1
15436,2,2
15437,2,1
15438,3,1
15439,3,1
15440,2,1
15441,6,1
15442,3,2
15443,26,2
15444,6,3
15445,9,6
15446,2,2
15447,3,1
15448,2,1
15449,2,1
15450,2,2
15451,4,4
15452,3,3
15453,2,1
15454,2,2
15455,4,3
15456,3,3
15457,4,2
15458,3,1
15459,2,1
15460,2,2
15461,21,21
15462,9,2
15463,2,2
15464,4,4
15465,2,2
15466,4,4
15467,2,1
15468,3,3
15469,2,2
15470,11,1
15471,19,19
15472,8,3
15473,2,1
15474,2,2
15475,2,2
15476,2,2
15477,3,1
15478,2,2
15479,4,4
15480,2,2
15481,5,4
15482,3,3
15483,3,3
15484,5,5
15485,2,2
15486,2,2
15487,2,2
15488,2,1
15489,3,3
15490,3,3
15491,2,2
15492,2,2
15493,2,2
15494,6,1
15495,2,2
15496,3,3
15497,8,8
15498,3,3
15499,5,5
15500,5,2
15501,5,5
15502,8,6
15503,2,2
15504,2,2
15505,2,2
15506,2,2
15507,2,2
15508,16,1
15509,2,2
15510,3,2
15511,3,3
15512,2,2
15513,3,3
15514,3,3
15515,2,2
15516,12,5
15517,3,1
15518,4,4
15519,6,6
15520,2,2
15521,2,2
15522,4,2
15523,2,2
15524,2,2
15525,2,2
15526,4,4
15527,5,5
15528,2,2
15529,5,2
15530,2,2
15531,8,7
15532,2,2
15533,2,1
15534,2,1
15535,4,1
15536,2,1
15537,3,2
15538,10,10
15539,2,1
15540,2,2
15541,7,5
15542,5,4
15543,2,2
15544,12,12
15545,2,2
15546,2,2
15547,2,2
15548,2,2
15549,2,2
15550,20,5
15551,2,2
15552,2,2
15553,2,2
15554,2,2
15555,3,3
15556,11,7
15557,10,5
15558,2,1
15559,2,2
15560,2,1
15561,3,3
15562,5,5
15563,6,6
15564,2,2
15565,2,2
15566,2,2
15567,15,11
15568,2,2
15569,2,2
15570,2,2
15571,2,2
15572,6,6
15573,8,4
15574,2,2
15575,2,2
15576,3,2
15577,10,10
15578,4,2
15579,2,2
15580,2,2
15581,3,3
15582,2,2
15583,3,2
15584,6,1
15585,2,2
15586,3,2
15587,4,2
15588,7,7
15589,6,6
15590,4,2
15591,3,3
15592,2,2
15593,2,2
15594,5,3
15595,5,5
15596,13,4
15597,5,5
15598,7,7
15599,6,6
15600,2,1
15601,2,2
15602,2,2
15603,2,2
15604,13,11
15605,3,1
15606,2,2
15607,2,2
15608,3,3
15609,2,2
15610,4,4
15611,2,2
15612,3,3
15613,12,12
15614,2,2
15615,3,3
15616,2,2
15617,3,3
15618,2,2
15619,4,4
15620,2,1
15621,3,3
15622,4,4
15623,5,5
15624,3,3
15625,21,3
15626,4,4
15627,2,2
15628,3,3
15629,2,2
15630,2,2
15631,2,2
15632,6,6
15633,3,3
15634,2,1
15635,2,2
15636,2,2
15637,4,4
15638,2,2
15639,2,2
15640,4,4
15641,2,2
15642,2,2
15643,3,2
15644,2,2
15645,2,2
15646,15,12
15647,24,11
15648,5,5
15649,2,1
15650,3,3
15651,2,2
15652,2,2
15653,6,5
15654,2,1
15655,2,2
15656,3,3
15657,3,3
15658,2,2
15659,3,3
15660,8,8
15661,3,3
15662,3,1
15663,2,1
15664,2,2
15665,3,3
15666,6,1
15667,6,4
15668,6,6
15669,6,6
15670,2,2
15671,3,2
15672,3,2
15673,8,5
15674,10,9
15675,3,3
15676,3,3
15677,2,2
15678,3,3
15679,2,2
15680,5,2
15681,7,7
15682,2,2
15683,2,2
15684,2,2
15685,3,1
15686,3,3
15687,2,2
15688,3,2
15689,2,2
15690,2,2
15691,12,4
15692,2,2
15693,3,3
15694,2,2
15695,3,3
15696,2,2
15697,25,1
15698,4,4
15699,4,4
15700,6,6
15701,3,3
15702,2,2
15703,3,1
15704,5,5
15705,5,2
15706,2,2
15707,2,2
15708,9,9
15709,4,1
15710,2,2
15711,3,3
15712,3,3
15713,2,2
15714,2,2
15715,2,2
15716,4,2
15717,3,3
15718,5,1
15719,13,13
15720,2,2
15721,2,2
15722,11,3
15723,5,5
15724,3,2
15725,2,2
15726,3,3
15727,2,2
15728,18,18
15729,16,1
15730,4,4
15731,5,5
15732,2,2
15733,3,3
15734,2,2
15735,3,3
15736,2,1
15737,2,2
15738,2,2
15739,2,2
15740,4,4
15741,15,15
15742,2,2
15743,2,2
15744,2,2
15745,2,2
15746,2,2
15747,12,2
15748,2,2
15749,3,3
15750,3,3
15751,4,4
15752,2,2
15753,3,3
15754,2,2
15755,2,2
15756,2,2
15757,3,3
15758,2,2
15759,2,2
15760,5,1
15761,43,4
15762,8,1
15763,2,2
15764,3,3
15765,5,5
15766,3,3
15767,3,3
15768,2,2
15769,3,1
15770,2,2
15771,2,2
15772,2,2
15773,2,1
15774,2,2
15775,2,2
15776,2,2
15777,2,2
15778,3,3
15779,4,4
15780,2,2
15781,2,2
15782,3,3
15783,2,2
15784,2,1
15785,7,4
15786,3,2
15787,10,5
15788,2,1
15789,2,1
15790,16,15
15791,2,2
15792,9,8
15793,2,1
15794,2,2
15795,3,3
15796,2,2
15797,2,1
15798,5,4
15799,2,2
15800,4,4
15801,5,1
15802,2,2
15803,2,1
15804,3,3
15805,6,2
15806,2,2
15807,4,4
15808,2,1
15809,10,3
15810,5,4
15811,2,2
15812,3,2
15813,11,11
15814,2,2
15815,2,2
15816,6,5
15817,2,2
15818,2,2
15819,2,2
15820,2,1
15821,3,2
15822,7,7
15823,3,3
15824,2,2
15825,4,4
15826,4,2
15827,2,1
15828,2,2
15829,2,2
15830,2,2
15831,3,2
15832,2,1
15833,2,1
15834,13,4
15835,4,1
15836,2,2
15837,2,2
15838,21,14
15839,14,6
15840,2,2
15841,2,2
15842,13,3
15843,2,2
15844,2,2
15845,2,2
15846,2,2
15847,2,2
15848,12,2
15849,4,4
15850,8,2
15851,4,1
15852,4,2
15853,3,2
15854,3,3
15855,2,2
15856,3,3
15857,2,2
15858,2,2
15859,2,2
15860,2,2
15861,2,1
15862,2,1
15863,2,1
15864,2,2
15865,3,2
15866,2,1
15867,2,2
15868,4,4
15869,9,6
15870,3,2
15871,5,5
15872,4,4
15873,3,3
15874,2,1
15875,3,2
15876,2,2
15877,2,1
15878,2,2
15879,2,2
15880,4,4
15881,26,2
15882,5,2
15883,2,2
15884,2,1
15885,4,4
15886,10,2
15887,4,2
15888,2,2
15889,2,2
15890,2,1
15891,2,2
15892,2,1
15893,4,4
15894,2,2
15895,2,2
15896,6,6
15897,2,2
15898,2,1
15899,2,2
15900,5,5
15901,2,2
15902,3,3
15903,2,2
15904,2,2
15905,2,1
15906,5,2
15907,5,5
15908,2,1
15909,4,1
15910,2,2
15911,4,2
15912,8,7
15913,3,3
15914,2,2
15915,2,2
15916,2,1
15917,4,4
15918,2,2
15919,2,2
15920,2,1
15921,3,2
15922,16,1
15923,2,2
15924,5,5
15925,2,2
15926,2,2
15927,7,2
15928,3,3
15929,2,2
15930,2,2
15931,2,2
15932,8,1
15933,2,2
15934,2,1
15935,4,1
15936,2,2
15937,3,2
15938,6,2
15939,2,2
15940,2,2
15941,2,1
15942,2,2
15943,2,2
15944,2,1
15945,2,2
15946,3,2
15947,4,3
15948,6,1
15949,2,2
15950,3,3
15951,23,1
15952,2,2
15953,2,2
15954,3,1
15955,2,2
15956,3,3
15957,3,3
15958,3,3
15959,2,2
15960,5,4
15961,2,2
15962,2,2
15963,2,2
15964,3,3
15965,2,2
15966,5,5
15967,2,2
15968,2,2
15969,2,2
15970,3,2
15971,2,2
15972,9,9
15973,2,2
15974,4,4
15975,2,2
15976,2,2
15977,4,2
15978,2,2
15979,2,1
15980,2,2
15981,7,5
15982,2,2
15983,30,1
15984,2,2
15985,3,3
15986,2,2
15987,2,2
15988,2,2
15989,6,3
15990,5,3
15991,5,5
15992,2,2
15993,2,2
15994,2,2
15995,2,2
15996,4,4
15997,2,2
15998,13,2
15999,2,2
16000,3,3
16001,8,3
16002,3,1
16003,2,1
16004,3,3
16005,7,2
16006,2,2
16007,5,5
16008,3,3
16009,5,1
16010,9,9
16011,4,1
16012,2,1
16013,13,12
16014,7,6
16015,2,2
16016,2,1
16017,2,2
16018,4,4
16019,2,2
16020,14,1
16021,2,2
16022,2,2
16023,2,2
16024,4,2
16025,2,1
16026,2,2
16027,2,2
16028,3,3
16029,2,2
16030,2,2
16031,8,5
16032,2,2
16033,10,4
16034,2,2
16035,2,2
16036,2,2
16037,2,2
16038,2,2
16039,5,1
16040,6,5
16041,8,1
16042,2,1
16043,3,3
16044,6,6
16045,4,2
16046,2,2
16047,6,1
16048,2,2
16049,3,3
16050,3,3
16051,2,2
16052,8,1
16053,3,3
16054,4,1
16055,2,2
16056,2,2
16057,7,1
16058,2,1
16059,2,2
16060,2,2
16061,2,2
16062,2,2
16063,2,2
16064,2,2
16065,2,2
16066,2,2
16067,2,2
16068,9,2
16069,2,2
16070,16,16
16071,55,55
16072,2,2
16073,3,1
16074,2,2
16075,2,2
16076,4,4
16077,2,2
16078,2,1
16079,7,7
16080,2,2
16081,6,6
16082,2,2
16083,2,2
16084,2,2
16085,2,1
16086,7,7
16087,2,2
16088,5,4
16089,2,2
16090,2,2
16091,5,5
16092,7,7
16093,2,2
16094,4,2
16095,4,2
16096,3,2
16097,2,2
16098,2,2
16099,9,5
16100,3,3
16101,5,3
16102,2,2
16103,2,2
16104,2,1
16105,2,2
16106,2,2
16107,2,2
16108,9,1
16109,2,2
16110,2,2
16111,6,1
16112,2,2
16113,2,2
16114,3,1
16115,3,3
16116,2,2
16117,14,10
16118,8,3
16119,3,3
16120,2,2
16121,4,1
16122,2,2
16123,2,2
16124,3,1
16125,15,15
16126,2,2
16127,5,4
16128,2,1
16129,2,2
16130,2,2
16131,2,2
16132,3,3
16133,3,3
16134,3,2
16135,12,12
16136,4,4
16137,23,6
16138,3,3
16139,2,2
16140,3,3
16141,4,4
16142,2,2
16143,6,3
16144,2,2
16145,2,2
16146,2,2
16147,2,1
16148,2,2
16149,2,2
16150,2,2
16151,2,2
16152,2,2
16153,2,2
16154,2,2
16155,2,2
16156,2,2
16157,2,2
16158,17,8
16159,2,2
16160,2,1
16161,2,2
16162,2,2
16163,2,2
16164,3,3
16165,2,1
16166,2,2
16167,2,2
16168,2,2
16169,3,3
16170,2,2
16171,2,2
16172,39,2
16173,2,2
16174,2,2
16175,4,3
16176,4,1
16177,2,2
16178,2,2
16179,4,2
16180,2,2
16181,4,4
16182,2,2
16183,2,2
16184,2,2
16185,2,2
16186,3,3
16187,2,2
16188,2,2
16189,2,1
16190,14,1
16191,2,1
16192,3,1
16193,2,2
16194,2,2
16195,26,26
16196,2,2
16197,4,4
16198,7,1
16199,2,2
16200,2,2
16201,3,3
16202,3,1
16203,2,2
16204,2,2
16205,6,2
16206,2,2
16207,2,1
16208,5,5
16209,7,4
16210,2,2
16211,2,1
16212,5,1
16213,5,5
16214,2,1
16215,2,2
16216,5,1
16217,3,3
16218,4,4
16219,2,2
16220,5,1
16221,3,3
16222,4,4
16223,2,2
16224,17,7
16225,11,11
16226,4,4
16227,4,4
16228,2,2
16229,20,12
16230,2,2
16231,2,2
16232,2,2
16233,2,2
16234,3,3
16235,2,2
16236,5,5
16237,6,6
16238,29,28
16239,2,2
16240,2,1
16241,5,2
16242,5,5
16243,2,2
16244,4,4
16245,3,2
16246,2,2
16247,2,2
16248,2,2
16249,5,3
16250,3,3
16251,3,3
16252,2,2
16253,2,2
16254,2,2
16255,2,2
16256,2,1
16257,3,1
16258,2,2
16259,2,2
16260,2,2
16261,2,2
16262,4,3
16263,3,2
16264,48,1
16265,2,2
16266,3,3
16267,2,1
16268,7,7
16269,2,2
16270,4,4
16271,2,2
16272,2,2
16273,9,9
16274,2,2
16275,2,1
16276,2,2
16277,4,2
16278,2,1
16279,2,1
16280,2,2
16281,9,4
16282,3,3
16283,3,3
16284,3,3
16285,2,2
16286,2,1
16287,21,21
16288,12,4
16289,2,2
16290,2,1
16291,2,2
16292,2,2
16293,9,4
16294,3,3
16295,2,2
16296,5,5
16297,2,2
16298,6,1
16299,3,2
16300,3,2
16301,2,2
16302,2,2
16303,2,1
16304,2,2
16305,14,1
16306,3,3
16307,9,6
16308,2,2
16309,5,2
16310,2,1
16311,2,2
16312,2,2
16313,6,5
16314,2,2
16315,2,1
16316,4,4
16317,2,2
16318,2,2
16319,3,1
16320,5,5
16321,4,4
16322,19,11
16323,2,1
16324,4,3
16325,3,3
16326,2,2
16327,3,3
16328,3,3
16329,2,2
16330,2,2
16331,2,2
16332,2,2
16333,2,2
16334,2,1
16335,2,2
16336,2,1
16337,2,2
16338,2,1
16339,2,2
16340,2,2
16341,2,2
16342,2,2
16343,2,1
16344,2,1
16345,2,2
16346,2,2
16347,2,2
16348,2,2
16349,2,2
16350,2,2
16351,2,2
16352,2,1
16353,10,3
16354,2,2
16355,4,2
16356,2,2
16357,2,2
16358,4,4
16359,2,2
16360,3,1
16361,2,2
16362,3,3
16363,2,2
16364,5,1
16365,2,2
16366,2,2
16367,3,1
16368,4,2
16369,3,3
16370,3,1
16371,2,1
16372,3,2
16373,2,2
16374,27,10
16375,2,1
16376,3,1
16377,2,2
16378,2,1
16379,2,2
16380,2,2
16381,3,3
16382,3,3
16383,2,1
16384,2,2
16385,13,1
16386,3,3
16387,6,6
16388,2,1
16389,10,2
16390,2,2
16391,3,3
16392,2,2
16393,2,2
16394,2,2
16395,2,2
16396,4,3
16397,8,4
16398,2,2
16399,2,2
16400,2,2
16401,10,3
16402,5,4
16403,3,3
16404,2,2
16405,2,2
16406,5,5
16407,2,2
16408,3,1
16409,8,3
16410,3,2
16411,2,1
16412,6,6
16413,2,2
16414,7,7
16415,4,4
16416,2,1
16417,2,2
16418,2,2
16419,2,2
16420,21,3
16421,5,1
16422,11,3
16423,4,1
16424,2,2
16425,2,2
16426,3,3
16427,2,2
16428,2,2
16429,2,2
16430,4,4
16431,7,2
16432,2,2
16433,2,2
16434,4,3
16435,6,6
16436,2,1
16437,2,2
16438,21,1
16439,2,2
16440,6,2
16441,2,1
16442,3,3
16443,3,1
16444,2,2
16445,4,2
16446,2,2
16447,12,5
16448,2,2
16449,2,2
16450,4,3
16451,2,2
16452,3,1
16453,3,3
16454,3,1
16455,21,2
16456,3,2
16457,10,2
16458,20,6
16459,22,3
16460,3,3
16461,2,2
16462,3,2
16463,3,1
16464,10,1
16465,2,1
16466,3,1
16467,2,1
16468,3,1
16469,3,1
16470,21,2
16471,2,1
16472,3,1
16473,2,1
16474,17,2
16475,6,2
16476,3,3
16477,3,2
16478,2,2
16479,9,2
16480,17,4
16481,2,2
16482,2,2
16483,2,1
16484,4,1
16485,3,1
16486,2,2
16487,2,1
16488,7,6
16489,2,1
16490,6,6
16491,3,1
16492,3,1
16493,3,3
16494,2,2
16495,6,1
16496,7,3
16497,23,3
16498,5,4
16499,3,1
16500,3,1
16501,15,1
16502,2,1
16503,2,2
16504,18,1
16505,2,1
16506,2,1
16507,6,5
16508,5,3
16509,6,4
16510,4,4
16511,9,2
16512,5,2
16513,3,1
16514,6,4
16515,6,2
16516,2,1
16517,9,9
16518,4,1
16519,2,1
16520,5,2
16521,2,1
16522,18,3
16523,4,1
16524,12,1
16525,17,4
16526,3,2
16527,10,3
16528,2,1
16529,8,1
16530,3,3
16531,3,1
16532,3,1
16533,5,1
16534,4,1
16535,12,8
16536,12,5
16537,6,1
16538,9,1
16539,5,5
16540,2,1
16541,2,2
16542,2,2
16543,9,3
16544,3,2
16545,3,1
16546,3,1
16547,6,1
16548,2,1
16549,2,2
16550,3,1
16551,2,1
16552,6,1
16553,4,4
16554,15,1
16555,2,1
16556,3,2
16557,5,3
16558,2,2
16559,5,1
16560,2,1
16561,6,5
16562,4,3
16563,2,2
16564,12,9
16565,2,2
16566,2,2
16567,5,1
16568,2,1
16569,2,1
16570,3,1
16571,2,2
16572,3,1
16573,7,7
16574,14,3
16575,2,2
16576,2,1
16577,7,1
16578,3,1
16579,5,1
16580,18,8
16581,11,1
16582,4,1
16583,3,2
16584,5,3
16585,3,2
16586,7,1
16587,6,1
16588,4,1
16589,2,2
16590,2,1
16591,2,2
16592,8,2
16593,2,2
16594,14,2
16595,2,2
16596,3,1
16597,2,1
16598,6,2
16599,3,1
16600,7,1
16601,8,5
16602,2,2
16603,5,2
16604,6,3
16605,2,1
16606,4,1
16607,4,1
16608,11,5
16609,2,2
16610,7,5
16611,2,1
16612,3,1
16613,9,2
16614,8,3
16615,3,2
16616,2,1
16617,2,1
16618,3,2
16619,3,3
16620,2,2
16621,3,1
16622,2,1
16623,2,2
16624,2,1
16625,3,3
16626,10,1
16627,11,1
16628,8,3
16629,9,3
16630,4,1
16631,3,3
16632,2,1
16633,7,6
16634,2,2
16635,3,1
16636,3,3
16637,3,3
16638,2,2
16639,4,1
16640,4,1
16641,5,4
16642,4,1
16643,2,1
16644,12,2
16645,6,5
16646,10,3
16647,2,1
16648,2,2
16649,5,3
16650,2,1
16651,4,1
16652,15,4
16653,9,4
16654,15,2
16655,4,1
16656,4,3
16657,4,2
16658,3,1
16659,2,2
16660,10,7
16661,6,1
16662,8,2
16663,2,2
16664,2,1
16665,4,1
16666,5,2
16667,5,1
16668,2,2
16669,3,3
16670,6,2
16671,3,1
16672,4,1
16673,3,1
16674,7,7
16675,2,2
16676,3,1
16677,9,4
16678,4,1
16679,5,2
16680,7,2
16681,13,4
16682,7,2
16683,3,3
16684,4,4
16685,5,1
16686,2,1
16687,13,5
16688,12,5
16689,70,6
16690,2,1
16691,5,1
16692,3,1
16693,15,2
16694,4,1
16695,8,1
16696,2,1
16697,2,1
16698,5,2
16699,19,15
16700,2,1
16701,6,5
16702,2,1
16703,8,1
16704,15,11
16705,3,1
16706,3,1
16707,3,1
16708,4,1
16709,14,4
16710,5,4
16711,6,5
16712,5,2
16713,9,1
16714,2,2
16715,3,1
16716,5,2
16717,19,2
16718,3,1
16719,10,5
16720,2,1
16721,4,1
16722,2,2
16723,8,3
16724,2,1
16725,8,7
16726,6,3
16727,3,1
16728,2,1
16729,2,2
16730,8,2
16731,5,2
16732,2,1
16733,2,2
16734,3,1
16735,9,1
16736,11,7
16737,19,2
16738,5,4
16739,9,1
16740,7,3
16741,3,1
16742,8,2
16743,2,1
16744,8,1
16745,5,1
16746,2,1
16747,18,1
16748,14,2
16749,5,2
16750,5,5
16751,3,3
16752,8,2
16753,2,2
16754,14,2
16755,2,2
16756,2,1
16757,2,1
16758,4,2
16759,13,10
16760,3,1
16761,2,2
16762,5,1
16763,19,3
16764,2,1
16765,6,1
16766,15,12
16767,4,2
16768,8,4
16769,4,2
16770,2,1
16771,7,1
16772,2,2
16773,2,1
16774,7,4
16775,23,4
16776,3,1
16777,2,2
16778,12,4
16779,8,4
16780,2,1
16781,3,2
16782,5,4
16783,2,1
16784,2,1
16785,3,1
16786,2,1
16787,54,1
16788,3,1
16789,2,2
16790,2,1
16791,2,2
16792,8,2
16793,3,2
16794,9,1
16795,8,8
16796,3,1
16797,3,2
16798,4,1
16799,13,1
16800,8,2
16801,5,4
16802,3,2
16803,5,3
16804,3,1
16805,3,2
16806,9,3
16807,3,2
16808,2,1
16809,9,3
16810,3,1
16811,2,1
16812,4,3
16813,5,1
16814,9,2
16815,2,1
16816,3,1
16817,5,4
16818,4,3
16819,13,1
16820,4,3
16821,2,2
16822,2,1
16823,2,1
16824,6,2
16825,3,1
16826,2,1
16827,4,1
16828,4,4
16829,3,3
16830,3,1
16831,2,1
16832,4,1
16833,5,3
16834,2,1
16835,4,2
16836,2,1
16837,2,2
16838,2,1
16839,2,1
16840,3,1
16841,17,7
16842,7,3
16843,3,1
16844,2,2
16845,2,2
16846,2,2
16847,3,2
16848,2,2
16849,3,3
16850,6,4
16851,9,1
16852,2,1
16853,8,1
16854,5,2
16855,3,1
16856,6,1
16857,6,4
16858,2,2
16859,3,2
16860,2,1
16861,2,1
16862,5,2
16863,4,2
16864,4,1
16865,4,2
16866,3,2
16867,18,2
16868,3,2
16869,2,2
16870,3,1
16871,5,5
16872,8,1
16873,8,6
16874,15,1
16875,5,3
16876,3,1
16877,6,1
16878,2,2
16879,6,3
16880,5,2
16881,6,2
16882,6,3
16883,4,2
16884,5,1
16885,7,1
16886,7,2
16887,13,3
16888,3,1
16889,7,6
16890,3,1
16891,13,1
16892,3,1
16893,3,1
16894,7,1
16895,3,1
16896,7,6
16897,17,2
16898,4,2
16899,2,1
16900,3,1
16901,3,2
16902,4,2
16903,8,1
16904,5,4
16905,2,1
16906,11,1
16907,26,3
16908,2,1
16909,15,2
16910,2,1
16911,3,1
16912,4,3
16913,2,2
16914,3,3
16915,4,4
16916,6,1
16917,33,3
16918,5,1
16919,4,2
16920,3,1
16921,6,1
16922,2,1
16923,4,1
16924,12,1
16925,5,1
16926,6,6
16927,3,3
16928,13,3
16929,3,1
16930,3,1
16931,2,1
16932,2,1
16933,3,1
16934,2,1
16935,2,2
16936,3,3
16937,3,1
16938,2,1
16939,6,3
16940,5,1
16941,2,2
16942,5,2
16943,4,1
16944,5,1
16945,6,1
16946,3,1
16947,6,6
16948,3,1
16949,10,4
16950,7,2
16951,4,2
16952,4,3
16953,8,1
16954,6,1
16955,2,1
16956,13,10
16957,4,1
16958,3,1
16959,20,2
16960,3,1
16961,4,1
16962,2,1
16963,2,1
16964,2,2
16965,2,2
16966,8,1
16967,2,1
16968,3,1
16969,2,1
16970,8,1
16971,16,4
16972,2,2
16973,2,1
16974,2,1
16975,5,2
16976,2,2
16977,5,3
16978,2,1
16979,3,2
16980,2,1
16981,7,1
16982,5,4
16983,10,9
16984,2,1
16985,2,1
16986,9,1
16987,4,3
16988,2,1
16989,3,1
16990,3,1
16991,6,1
16992,3,1
16993,2,2
16994,3,1
16995,5,1
16996,3,1
16997,12,2
16998,5,1
16999,9,3
17000,3,2
17001,3,1
17002,4,2
17003,4,3
17004,2,1
17005,3,1
17006,5,3
17007,37,4
17008,2,1
17009,3,1
17010,3,2
17011,3,2
17012,2,1
17013,3,3
17014,3,3
17015,3,1
17016,5,3
17017,2,2
17018,2,1
17019,6,1
17020,5,3
17021,3,1
17022,8,2
17023,6,1
17024,6,1
17025,6,5
17026,5,2
17027,6,1
17028,5,2
17029,2,1
17030,5,1
17031,10,1
17032,15,1
17033,2,2
17034,3,1
17035,3,1
17036,12,1
17037,2,2
17038,2,2
17039,2,1
17040,4,1
17041,2,1
17042,5,3
17043,4,2
17044,2,1
17045,17,2
17046,7,4
17047,2,1
17048,5,3
17049,5,3
17050,2,2
17051,3,2
17052,5,1
17053,2,1
17054,5,3
17055,3,2
17056,2,1
17057,5,4
17058,3,2
17059,5,2
17060,2,2
17061,2,1
17062,2,1
17063,3,2
17064,2,1
17065,3,2
17066,14,1
17067,8,1
17068,2,1
17069,3,3
17070,4,1
17071,2,1
17072,2,1
17073,2,1
17074,7,1
17075,4,1
17076,9,1
17077,5,4
17078,8,6
17079,4,2
17080,2,1
17081,7,2
17082,9,1
17083,2,1
17084,4,2
17085,2,1
17086,4,1
17087,5,4
17088,4,1
17089,24,2
17090,2,1
17091,2,2
17092,4,1
17093,5,2
17094,4,4
17095,2,2
17096,2,2
17097,2,1
17098,2,1
17099,7,1
17100,5,2
17101,2,2
17102,8,1
17103,4,1
17104,5,4
17105,24,1
17106,3,1
17107,18,8
17108,2,1
17109,4,2
17110,2,2
17111,5,1
17112,9,2
17113,2,2
17114,8,4
17115,2,2
17116,2,1
17117,15,4
17118,4,2
17119,6,1
17120,8,1
17121,2,1
17122,2,2
17123,4,3
17124,2,2
17125,3,2
17126,2,2
17127,2,1
17128,12,2
17129,5,2
17130,12,10
17131,5,2
17132,2,1
17133,4,1
17134,4,1
17135,4,1
17136,2,2
17137,5,1
17138,4,3
17139,4,3
17140,6,1
17141,12,3
17142,2,2
17143,12,1
17144,2,2
17145,11,1
17146,3,3
17147,2,1
17148,5,4
17149,6,2
17150,4,4
17151,3,2
17152,4,4
17153,11,3
17154,9,1
17155,12,7
17156,2,1
17157,3,2
17158,7,5
17159,6,5
17160,3,2
17161,10,1
17162,8,2
17163,2,1
17164,4,1
17165,25,3
17166,14,3
17167,2,2
17168,7,1
17169,6,3
17170,2,2
17171,16,1
17172,11,1
17173,2,1
17174,6,1
17175,5,1
17176,6,2
17177,18,3
17178,2,1
17179,8,1
17180,6,4
17181,2,2
17182,6,2
17183,3,3
17184,3,1
17185,8,8
17186,2,2
17187,3,2
17188,9,5
17189,5,2
17190,3,3
17191,15,1
17192,4,1
17193,41,3
17194,2,2
17195,2,1
17196,2,2
17197,5,1
17198,8,3
17199,5,3
17200,2,1
17201,6,2
17202,2,1
17203,11,8
17204,12,6
17205,3,1
17206,23,2
17207,5,1
17208,4,4
17209,9,1
17210,4,3
17211,2,1
17212,5,1
17213,3,2
17214,2,2
17215,3,3
17216,2,1
17217,2,1
17218,3,1
17219,4,2
17220,5,1
17221,10,1
17222,2,2
17223,2,1
17224,2,2
17225,3,1
17226,4,3
17227,5,5
17228,5,3
17229,7,2
17230,6,3
17231,2,2
17232,2,1
17233,4,1
17234,3,1
17235,6,1
17236,5,2
17237,3,2
17238,2,1
17239,4,1
17240,2,1
17241,2,1
17242,2,2
17243,4,1
17244,2,1
17245,9,3
17246,6,3
17247,2,1
17248,6,2
17249,6,5
17250,4,4
17251,5,2
17252,2,2
17253,4,1
17254,6,2
17255,5,5
17256,11,2
17257,4,3
17258,4,1
17259,5,1
17260,4,1
17261,6,6
17262,8,2
17263,2,2
17264,2,2
17265,6,2
17266,11,1
17267,3,3
17268,2,1
17269,2,1
17270,10,3
17271,8,5
17272,3,1
17273,7,1
17274,2,1
17275,7,2
17276,2,2
17277,2,1
17278,2,1
17279,3,2
17280,35,4
17281,16,10
17282,6,1
17283,4,4
17284,3,2
17285,7,1
17286,6,3
17287,4,1
17288,9,2
17289,2,2
17290,6,4
17291,2,2
17292,3,2
17293,5,1
17294,7,7
17295,2,1
17296,3,1
17297,7,1
17298,7,1
17299,4,1
17300,6,3
17301,2,2
17302,2,2
17303,6,2
17304,6,1
17305,13,2
17306,6,3
17307,5,1
17308,4,1
17309,4,3
17310,2,1
17311,2,2
17312,11,2
17313,3,3
17314,32,14
17315,5,1
17316,2,1
17317,11,5
17318,4,1
17319,3,1
17320,4,2
17321,5,4
17322,2,2
17323,2,2
17324,5,1
17325,2,2
17326,2,2
17327,14,8
17328,2,1
17329,4,1
17330,10,4
17331,6,1
17332,5,3
17333,3,1
17334,6,3
17335,8,6
17336,2,2
17337,6,1
17338,2,1
17339,2,1
17340,15,2
17341,7,2
17342,4,2
17343,4,2
17344,3,2
17345,4,1
17346,3,1
17347,5,1
17348,5,1
17349,3,1
17350,2,1
17351,4,2
17352,2,1
17353,21,1
17354,5,2
17355,64,5
17356,4,4
17357,10,8
17358,3,1
17359,9,1
17360,6,3
17361,3,1
17362,4,3
17363,2,1
17364,2,1
17365,5,2
17366,3,2
17367,3,2
17368,6,1
17369,5,3
17370,3,1
17371,6,1
17372,2,2
17373,19,5
17374,5,1
17375,3,1
17376,3,3
17377,7,6
17378,3,1
17379,13,3
17380,7,5
17381,4,3
17382,4,1
17383,7,1
17384,2,1
17385,5,1
17386,24,3
17387,6,1
17388,4,1
17389,2,2
17390,3,1
17391,2,1
17392,3,1
17393,3,1
17394,4,1
17395,2,1
17396,11,2
17397,2,2
17398,3,1
17399,2,2
17400,4,3
17401,9,1
17402,4,1
17403,6,1
17404,2,1
17405,2,1
17406,14,2
17407,2,1
17408,2,2
17409,5,3
17410,3,1
17411,5,3
17412,5,2
17413,4,3
17414,3,1
17415,2,1
17416,2,2
17417,4,3
17418,2,1
17419,2,2
17420,3,2
17421,2,2
17422,6,1
17423,8,1
17424,3,1
17425,2,1
17426,3,1
17427,4,1
17428,2,1
17429,2,2
17430,3,1
17431,12,6
17432,2,1
17433,2,1
17434,4,2
17435,3,1
17436,5,2
17437,11,1
17438,2,1
17439,2,1
17440,2,1
17441,3,3
17442,3,3
17443,7,6
17444,5,1
17445,2,2
17446,3,3
17447,3,1
17448,6,5
17449,6,4
17450,3,2
17451,3,3
17452,3,1
17453,11,1
17454,2,2
17455,3,1
17456,4,1
17457,3,2
17458,3,1
17459,21,1
17460,11,5
17461,5,2
17462,3,1
17463,6,1
17464,2,2
17465,27,18
17466,2,2
17467,2,1
17468,3,2
17469,2,1
17470,3,3
17471,2,1
17472,7,1
17473,2,1
17474,9,3
17475,4,4
17476,2,1
17477,3,3
17478,4,2
17479,17,6
17480,3,2
17481,11,6
17482,2,2
17483,3,2
17484,8,3
17485,3,1
17486,3,2
17487,2,1
17488,2,1
17489,2,2
17490,14,2
17491,13,3
17492,2,1
17493,2,2
17494,11,1
17495,2,1
17496,9,4
17497,4,2
17498,7,7
17499,2,1
17500,3,2
17501,3,3
17502,3,3
17503,5,1
17504,2,2
17505,4,4
17506,6,2
17507,8,3
17508,2,1
17509,3,2
17510,2,1
17511,2,2
17512,3,2
17513,2,2
17514,4,1
17515,7,3
17516,2,2
17517,3,1
17518,4,4
17519,2,1
17520,4,2
17521,11,6
17522,4,2
17523,2,1
17524,2,2
17525,4,1
17526,2,2
17527,7,1
17528,5,3
17529,9,1
17530,7,2
17531,62,2
17532,3,3
17533,5,2
17534,2,1
17535,3,2
17536,13,1
17537,5,3
17538,3,1
17539,2,2
17540,11,7
17541,2,2
17542,6,1
17543,2,1
17544,5,2
17545,38,19
17546,2,1
17547,2,1
17548,2,1
17549,2,2
17550,26,1
17551,5,1
17552,3,1
17553,2,1
17554,6,1
17555,4,2
17556,2,1
17557,2,2
17558,4,2
17559,5,5
17560,6,6
17561,18,14
17562,2,1
17563,3,3
17564,5,2
17565,14,2
17566,5,1
17567,2,2
17568,2,1
17569,4,3
17570,3,2
17571,3,1
17572,2,2
17573,7,4
17574,2,2
17575,15,6
17576,5,1
17577,20,5
17578,2,2
17579,4,2
17580,3,1
17581,2,2
17582,2,2
17583,2,2
17584,4,1
17585,3,3
17586,4,2
17587,2,1
17588,11,3
17589,11,1
17590,7,2
17591,3,1
17592,4,1
17593,5,4
17594,6,2
17595,12,1
17596,2,1
17597,11,6
17598,3,1
17599,12,1
17600,3,1
17601,2,1
17602,2,1
17603,7,5
17604,12,5
17605,9,5
17606,2,2
17607,6,5
17608,2,2
17609,10,2
17610,2,1
17611,4,3
17612,3,3
17613,4,2
17614,7,2
17615,3,1
17616,4,2
17617,5,3
17618,2,1
17619,5,4
17620,5,2
17621,11,2
17622,2,1
17623,7,2
17624,5,3
17625,3,1
17626,4,2
17627,28,19
17628,11,1
17629,2,2
17630,11,3
17631,3,1
17632,2,1
17633,5,3
17634,2,1
17635,3,2
17636,5,4
17637,5,2
17638,15,2
17639,4,1
17640,4,3
17641,3,2
17642,5,1
17643,4,2
17644,5,3
17645,3,1
17646,3,3
17647,9,1
17648,2,1
17649,6,6
17650,7,1
17651,7,1
17652,7,1
17653,2,1
17654,4,1
17655,3,3
17656,4,4
17657,16,7
17658,2,1
17659,3,1
17660,11,3
17661,4,4
17662,2,2
17663,3,1
17664,2,1
17665,6,4
17666,5,1
17667,2,1
17668,2,2
17669,2,2
17670,2,1
17671,2,2
17672,5,1
17673,5,1
17674,9,1
17675,2,1
17676,17,3
17677,2,1
17678,4,2
17679,18,1
17680,2,1
17681,3,1
17682,4,2
17683,7,2
17684,11,1
17685,4,3
17686,2,2
17687,2,1
17688,4,2
17689,2,1
17690,2,2
17691,2,1
17692,4,1
17693,8,1
17694,4,1
17695,7,1
17696,3,2
17697,6,1
17698,4,2
17699,2,1
17700,2,1
17701,3,3
17702,7,3
17703,4,4
17704,5,4
17705,2,1
17706,2,1
17707,6,3
17708,2,2
17709,3,2
17710,4,1
17711,5,2
17712,4,2
17713,3,1
17714,7,5
17715,3,2
17716,2,2
17717,2,1
17718,3,3
17719,6,4
17720,2,2
17721,5,3
17722,3,2
17723,4,1
17724,3,3
17725,3,1
17726,5,1
17727,2,1
17728,7,3
17729,2,2
17730,3,1
17731,9,6
17732,7,4
17733,2,2
17734,6,1
17735,6,3
17736,4,1
17737,4,2
17738,2,1
17739,3,2
17740,2,1
17741,6,1
17742,3,2
17743,19,11
17744,3,3
17745,2,2
17746,2,2
17747,13,2
17748,9,1
17749,4,1
17750,2,2
17751,2,1
17752,5,5
17753,2,1
17754,5,2
17755,4,4
17756,11,5
17757,2,2
17758,13,2
17759,4,4
17760,5,2
17761,2,1
17762,5,1
17763,6,6
17764,2,2
17765,6,1
17766,10,8
17767,5,1
17768,4,1
17769,5,1
17770,8,3
17771,2,1
17772,2,2
17773,2,1
17774,2,2
17775,2,1
17776,6,2
17777,4,1
17778,3,2
17779,2,1
17780,3,3
17781,2,2
17782,3,2
17783,6,6
17784,2,2
17785,2,2
17786,3,3
17787,14,1
17788,2,2
17789,5,2
17790,2,1
17791,3,1
17792,4,2
17793,5,1
17794,12,2
17795,3,2
17796,3,1
17797,2,1
17798,9,7
17799,7,3
17800,2,1
17801,7,6
17802,2,2
17803,2,1
17804,3,2
17805,8,1
17806,4,4
17807,2,2
17808,7,1
17809,3,2
17810,3,1
17811,2,2
17812,2,2
17813,4,2
17814,3,3
17815,7,5
17816,2,1
17817,2,1
17818,2,1
17819,3,1
17820,3,3
17821,4,1
17822,2,2
17823,3,1
17824,5,4
17825,2,1
17826,2,1
17827,3,1
17828,4,4
17829,2,2
17830,2,1
17831,6,6
17832,2,2
17833,3,1
17834,2,1
17835,6,1
17836,2,1
17837,3,1
17838,3,1
17839,3,1
17840,2,2
17841,5,1
17842,2,1
17843,4,3
17844,6,2
17845,2,1
17846,4,1
17847,3,1
17848,2,1
17849,4,2
17850,3,2
17851,2,1
17852,3,1
17853,4,3
17854,5,2
17855,7,1
17856,4,2
17857,9,2
17858,8,7
17859,2,1
17860,11,1
17861,2,1
17862,4,1
17863,12,1
17864,2,1
17865,4,1
17866,2,1
17867,11,4
17868,4,2
17869,4,2
17870,4,2
17871,4,2
17872,2,1
17873,5,2
17874,2,1
17875,10,5
17876,2,1
17877,2,1
17878,10,7
17879,5,1
17880,2,2
17881,2,2
17882,8,1
17883,5,3
17884,5,1
17885,2,1
17886,2,2
17887,17,1
17888,5,3
17889,2,1
17890,4,2
17891,2,1
17892,2,1
17893,2,2
17894,2,1
17895,2,1
17896,2,2
17897,7,4
17898,2,1
17899,2,1
17900,3,1
17901,2,1
17902,17,1
17903,4,4
17904,2,1
17905,3,1
17906,10,2
17907,8,8
17908,12,2
17909,7,3
17910,4,1
17911,2,2
17912,2,2
17913,3,1
17914,10,2
17915,2,2
17916,2,1
17917,7,3
17918,14,6
17919,3,3
17920,5,5
17921,4,4
17922,4,1
17923,2,1
17924,3,1
17925,13,1
17926,4,1
17927,2,2
17928,2,1
17929,2,2
17930,2,1
17931,2,1
17932,5,3
17933,11,2
17934,4,1
17935,2,2
17936,2,1
17937,3,3
17938,2,2
17939,2,2
17940,3,1
17941,7,6
17942,4,1
17943,3,2
17944,10,2
17945,2,2
17946,5,1
17947,4,2
17948,3,2
17949,14,7
17950,3,2
17951,10,3
17952,2,1
17953,3,1
17954,3,3
17955,2,1
17956,2,1
17957,3,3
17958,12,8
17959,4,1
17960,2,1
17961,6,1
17962,2,1
17963,2,1
17964,2,2
17965,12,1
17966,14,1
17967,2,1
17968,2,1
17969,2,1
17970,4,2
17971,4,1
17972,4,1
17973,5,4
17974,4,2
17975,2,2
17976,3,1
17977,2,1
17978,5,3
17979,3,2
17980,4,2
17981,11,1
17982,2,1
17983,4,1
17984,3,1
17985,2,1
17986,9,6
17987,2,1
17988,4,1
17989,5,5
17990,4,1
17991,7,2
17992,20,13
17993,3,1
17994,2,2
17995,6,1
17996,2,1
17997,7,2
17998,3,3
17999,2,1
18000,3,3
18001,6,2
18002,16,1
18003,2,1
18004,3,1
18005,27,3
18006,16,3
18007,2,1
18008,5,3
18009,4,2
18010,3,1
18011,2,1
18012,8,7
18013,2,1
18014,2,1
18015,6,3
18016,2,1
18017,26,2
18018,14,2
18019,6,3
18020,2,2
18021,4,1
18022,4,1
18023,2,2
18024,5,1
18025,2,1
18026,3,1
18027,12,6
18028,5,2
18029,2,1
18030,5,5
18031,5,2
18032,2,2
18033,2,1
18034,10,10
18035,8,1
18036,3,1
18037,9,6
18038,4,2
18039,2,1
18040,2,1
18041,4,3
18042,3,1
18043,3,2
18044,2,1
18045,2,1
18046,2,2
18047,5,1
18048,5,4
18049,3,2
18050,7,1
18051,8,2
18052,3,1
18053,6,4
18054,4,1
18055,3,1
18056,3,3
18057,2,2
18058,4,1
18059,2,1
18060,5,3
18061,3,2
18062,2,1
18063,3,1
18064,3,1
18065,3,1
18066,7,3
18067,4,1
18068,2,1
18069,4,1
18070,27,3
18071,2,1
18072,3,2
18073,13,7
18074,2,2
18075,3,2
18076,3,1
18077,6,2
18078,2,1
18079,5,4
18080,10,8
18081,3,2
18082,3,1
18083,11,2
18084,2,1
18085,2,2
18086,3,2
18087,2,1
18088,2,1
18089,3,1
18090,8,6
18091,2,1
18092,2,1
18093,3,1
18094,4,3
18095,2,1
18096,5,2
18097,8,1
18098,14,14
18099,3,2
18100,4,1
18101,7,1
18102,15,3
18103,3,3
18104,2,1
18105,4,1
18106,8,2
18107,3,2
18108,2,1
18109,25,5
18110,3,1
18111,6,3
18112,5,1
18113,2,2
18114,4,1
18115,6,2
18116,9,2
18117,3,1
18118,3,1
18119,4,1
18120,25,3
18121,2,2
18122,3,1
18123,25,3
18124,2,1
18125,6,1
18126,2,2
18127,3,1
18128,3,2
18129,3,1
18130,6,1
18131,4,2
18132,2,1
18133,4,2
18134,5,3
18135,13,6
18136,5,2
18137,3,2
18138,7,4
18139,18,2
18140,6,1
18141,2,2
18142,4,1
18143,2,1
18144,5,1
18145,2,1
18146,18,15
18147,4,4
18148,3,1
18149,2,1
18150,5,4
18151,3,2
18152,6,6
18153,3,3
18154,4,3
18155,8,1
18156,5,3
18157,2,1
18158,12,1
18159,2,1
18160,2,2
18161,7,4
18162,5,1
18163,5,1
18164,2,1
18165,4,3
18166,6,5
18167,3,3
18168,2,1
18169,4,1
18170,3,1
18171,4,2
18172,2,1
18173,4,2
18174,8,6
18175,2,1
18176,2,1
18177,2,1
18178,4,1
18179,3,2
18180,8,2
18181,5,5
18182,2,2
18183,7,1
18184,7,3
18185,3,1
18186,2,2
18187,4,2
18188,2,2
18189,2,1
18190,6,2
18191,13,1
18192,2,1
18193,4,3
18194,4,2
18195,4,1
18196,4,1
18197,2,1
18198,5,4
18199,2,1
18200,5,1
18201,2,1
18202,2,1
18203,5,1
18204,3,2
18205,5,5
18206,8,4
18207,3,2
18208,7,1
18209,3,1
18210,2,1
18211,5,2
18212,2,1
18213,2,1
18214,2,1
18215,3,1
18216,3,3
18217,3,1
18218,2,1
18219,6,5
18220,2,1
18221,6,5
18222,7,3
18223,2,2
18224,3,1
18225,2,1
18226,8,1
18227,3,1
18228,4,3
18229,14,8
18230,3,1
18231,3,3
18232,2,2
18233,2,2
18234,2,1
18235,2,2
18236,2,2
18237,4,4
18238,5,5
18239,2,1
18240,3,1
18241,2,1
18242,2,1
18243,4,1
18244,2,2
18245,5,2
18246,3,2
18247,2,1
18248,2,2
18249,2,1
18250,4,3
18251,7,3
18252,2,1
18253,4,4
18254,4,1
18255,2,2
18256,3,2
18257,2,1
18258,2,2
18259,2,2
18260,3,2
18261,5,2
18262,6,2
18263,3,1
18264,5,2
18265,2,1
18266,6,3
18267,4,3
18268,4,2
18269,12,5
18270,2,1
18271,3,1
18272,7,1
18273,14,1
18274,2,1
18275,11,5
18276,4,3
18277,2,1
18278,8,1
18279,2,1
18280,7,5
18281,5,3
18282,4,2
18283,3,2
18284,6,4
18285,4,2
18286,2,2
18287,9,2
18288,2,1
18289,4,2
18290,3,1
18291,4,2
18292,9,4
18293,5,4
18294,14,2
18295,3,3
18296,4,1
18297,5,2
18298,2,2
18299,2,1
18300,4,1
18301,3,2
18302,2,2
18303,3,1
18304,3,3
18305,5,2
18306,3,2
18307,3,3
18308,2,1
18309,7,2
18310,2,1
18311,2,1
18312,4,4
18313,15,3
18314,2,2
18315,5,4
18316,6,2
18317,2,2
18318,10,2
18319,2,1
18320,3,2
18321,8,6
18322,3,1
18323,6,2
18324,2,1
18325,2,1
18326,4,1
18327,3,1
18328,2,2
18329,2,1
18330,10,1
18331,2,2
18332,6,1
18333,10,1
18334,2,1
18335,7,2
18336,2,1
18337,4,2
18338,2,2
18339,9,3
18340,10,1
18341,5,2
18342,5,2
18343,9,1
18344,4,3
18345,2,1
18346,2,2
18347,3,2
18348,2,1
18349,5,1
18350,4,2
18351,10,1
18352,4,3
18353,2,1
18354,11,5
18355,6,1
18356,2,2
18357,2,1
18358,6,2
18359,6,1
18360,5,4
18361,7,5
18362,7,7
18363,5,1
18364,3,1
18365,2,1
18366,2,1
18367,2,2
18368,3,1
18369,3,2
18370,4,1
18371,2,1
18372,8,1
18373,2,1
18374,5,2
18375,2,1
18376,3,2
18377,2,1
18378,3,2
18379,2,2
18380,2,2
18381,4,2
18382,2,1
18383,2,1
18384,3,1
18385,4,2
18386,2,1
18387,2,1
18388,4,1
18389,5,1
18390,2,2
18391,5,1
18392,2,1
18393,4,1
18394,3,1
18395,5,2
18396,3,3
18397,3,1
18398,2,1
18399,2,1
18400,7,4
18401,9,2
18402,3,1
18403,8,2
18404,2,2
18405,2,2
18406,2,1
18407,2,2
18408,2,2
18409,11,1
18410,2,2
18411,2,1
18412,4,1
18413,4,1
18414,3,1
18415,3,1
18416,3,1
18417,3,2
18418,3,1
18419,2,2
18420,2,1
18421,2,1
18422,12,1
18423,2,1
18424,6,2
18425,5,3
18426,2,2
18427,3,1
18428,13,3
18429,6,3
18430,3,1
18431,4,2
18432,10,2
18433,4,4
18434,4,4
18435,3,3
18436,4,3
18437,6,4
18438,4,4
18439,2,1
18440,2,1
18441,2,2
18442,2,1
18443,3,3
18444,2,1
18445,3,1
18446,6,4
18447,9,1
18448,5,1
18449,3,1
18450,3,2
18451,2,1
18452,14,5
18453,9,3
18454,2,1
18455,3,3
18456,2,1
18457,3,3
18458,2,1
18459,9,1
18460,3,1
18461,2,2
18462,10,1
18463,2,1
18464,4,1
18465,4,4
18466,2,1
18467,4,2
18468,3,1
18469,3,1
18470,4,1
18471,2,1
18472,2,1
18473,10,2
18474,4,1
18475,4,1
18476,5,2
18477,3,1
18478,2,1
18479,4,3
18480,2,2
18481,2,1
18482,11,4
18483,3,1
18484,3,1
18485,4,1
18486,2,1
18487,2,1
18488,3,2
18489,4,4
18490,30,1
18491,3,2
18492,5,4
18493,4,3
18494,6,4
18495,6,1
18496,11,7
18497,3,1
18498,33,1
18499,3,3
18500,9,7
18501,4,3
18502,11,2
18503,5,3
18504,2,2
18505,2,2
18506,5,1
18507,2,2
18508,5,4
18509,5,2
18510,2,1
18511,3,1
18512,4,3
18513,2,1
18514,3,1
18515,3,1
18516,2,1
18517,2,1
18518,2,2
18519,3,1
18520,2,2
18521,6,1
18522,4,1
18523,2,1
18524,3,1
18525,3,1
18526,3,2
18527,7,2
18528,3,2
18529,3,2
18530,4,1
18531,8,1
18532,2,2
18533,3,2
18534,5,1
18535,2,1
18536,2,1
18537,2,1
18538,10,9
18539,2,1
18540,4,1
18541,7,6
18542,2,2
18543,12,2
18544,5,3
18545,6,3
18546,2,1
18547,3,2
18548,3,1
18549,2,2
18550,5,3
18551,2,1
18552,2,2
18553,4,1
18554,2,1
18555,2,1
18556,4,2
18557,4,4
18558,2,2
18559,4,3
18560,2,1
18561,2,2
18562,17,1
18563,2,1
18564,2,1
18565,5,2
18566,4,3
18567,3,3
18568,11,4
18569,2,2
18570,3,2
18571,2,2
18572,5,2
18573,2,1
18574,15,1
18575,2,2
18576,6,1
18577,2,2
18578,4,2
18579,2,1
18580,4,2
18581,2,1
18582,17,14
18583,3,2
18584,5,1
18585,3,1
18586,2,1
18587,4,1
18588,3,2
18589,3,1
18590,7,1
18591,2,1
18592,10,7
18593,6,1
18594,2,1
18595,11,2
18596,3,1
18597,4,3
18598,44,3
18599,2,1
18600,3,1
18601,3,2
18602,3,2
18603,3,1
18604,11,1
18605,3,1
18606,3,1
18607,2,2
18608,3,1
18609,3,2
18610,2,2
18611,2,1
18612,3,3
18613,2,2
18614,4,1
18615,2,1
18616,2,1
18617,2,1
18618,2,1
18619,8,2
18620,3,2
18621,17,5
18622,4,1
18623,2,2
18624,14,1
18625,3,3
18626,2,2
18627,4,2
18628,2,1
18629,2,1
18630,3,2
18631,3,1
18632,7,4
18633,4,1
18634,2,2
18635,3,3
18636,2,1
18637,2,2
18638,2,1
18639,12,2
18640,3,3
18641,11,6
18642,3,3
18643,3,3
18644,3,1
18645,2,1
18646,2,1
18647,3,2
18648,2,1
18649,4,2
18650,3,2
18651,3,2
18652,3,1
18653,4,1
18654,10,3
18655,10,5
18656,2,1
18657,4,3
18658,2,1
18659,2,1
18660,4,1
18661,3,1
18662,8,4
18663,2,2
18664,3,2
18665,3,1
18666,4,3
18667,6,2
18668,7,3
18669,3,1
18670,4,2
18671,4,2
18672,2,2
18673,2,1
18674,7,4
18675,2,1
18676,7,1
18677,5,2
18678,3,1
18679,8,1
18680,6,5
18681,2,1
18682,5,2
18683,6,2
18684,12,1
18685,3,2
18686,3,1
18687,7,4
18688,2,1
18689,5,1
18690,2,2
18691,16,6
18692,7,1
18693,7,1
18694,13,8
18695,8,1
18696,2,2
18697,29,3
18698,2,1
18699,2,1
18700,6,5
18701,2,1
18702,2,1
18703,3,1
18704,15,3
18705,2,2
18706,2,1
18707,6,2
18708,11,5
18709,2,1
18710,3,1
18711,4,1
18712,17,1
18713,2,1
18714,2,2
18715,3,1
18716,5,2
18717,8,3
18718,3,2
18719,8,2
18720,3,1
18721,4,2
18722,5,1
18723,7,6
18724,12,1
18725,7,1
18726,4,1
18727,2,1
18728,7,1
18729,2,2
18730,2,1
18731,17,2
18732,2,1
18733,2,1
18734,6,4
18735,4,1
18736,4,1
18737,2,2
18738,5,1
18739,2,1
18740,9,2
18741,2,1
18742,5,2
18743,2,1
18744,3,3
18745,2,1
18746,5,2
18747,5,3
18748,2,2
18749,5,1
18750,4,1
18751,5,5
18752,4,3
18753,6,1
18754,2,1
18755,4,2
18756,2,1
18757,9,4
18758,9,7
18759,2,1
18760,5,3
18761,3,1
18762,5,4
18763,2,2
18764,2,1
18765,8,5
18766,7,4
18767,14,2
18768,8,1
18769,3,1
18770,5,3
18771,3,1
18772,2,2
18773,2,1
18774,5,4
18775,4,1
18776,2,1
18777,5,3
18778,4,4
18779,2,1
18780,3,1
18781,5,1
18782,2,1
18783,7,1
18784,5,1
18785,3,2
18786,2,1
18787,3,1
18788,11,6
18789,2,2
18790,18,2
18791,2,1
18792,7,1
18793,2,2
18794,3,3
18795,4,1
18796,2,1
18797,3,1
18798,5,1
18799,4,4
18800,2,1
18801,2,1
18802,2,1
18803,3,2
18804,6,2
18805,2,1
18806,6,1
18807,9,4
18808,2,1
18809,3,1
18810,5,2
18811,3,1
18812,3,1
18813,2,1
18814,6,1
18815,4,2
18816,7,3
18817,3,2
18818,3,2
18819,7,3
18820,2,2
18821,3,2
18822,2,1
18823,5,2
18824,14,2
18825,2,2
18826,3,1
18827,2,1
18828,2,2
18829,2,2
18830,7,4
18831,8,3
18832,8,1
18833,6,1
18834,6,1
18835,5,3
18836,2,1
18837,2,2
18838,10,2
18839,4,1
18840,2,2
18841,2,1
18842,3,3
18843,5,1
18844,17,4
18845,3,3
18846,2,1
18847,5,1
18848,3,1
18849,3,2
18850,3,1
18851,3,2
18852,8,2
18853,3,1
18854,2,2
18855,2,1
18856,11,2
18857,2,1
18858,2,1
18859,7,2
18860,7,7
18861,2,2
18862,3,2
18863,10,2
18864,4,1
18865,2,1
18866,2,1
18867,2,2
18868,5,3
18869,5,4
18870,3,2
18871,2,2
18872,3,1
18873,2,2
18874,4,3
18875,2,1
18876,2,2
18877,2,1
18878,7,2
18879,2,1
18880,2,1
18881,2,1
18882,5,5
18883,2,1
18884,3,3
18885,5,2
18886,4,1
18887,3,1
18888,3,1
18889,5,5
18890,8,2
18891,3,3
18892,2,1
18893,4,1
18894,4,1
18895,5,1
18896,2,2
18897,10,2
18898,2,1
18899,2,1
18900,3,2
18901,4,3
18902,7,1
18903,2,2
18904,2,2
18905,2,1
18906,3,2
18907,2,1
18908,8,1
18909,2,2
18910,2,1
18911,3,3
18912,4,1
18913,3,1
18914,3,3
18915,4,1
18916,5,1
18917,3,2
18918,2,1
18919,4,2
18920,4,2
18921,5,4
18922,4,1
18923,2,1
18924,2,1
18925,4,1
18926,4,1
18927,4,1
18928,2,2
18929,2,2
18930,2,1
18931,3,1
18932,2,1
18933,2,2
18934,2,1
18935,3,1
18936,5,1
18937,8,3
18938,6,1
18939,2,1
18940,4,2
18941,4,1
18942,3,2
18943,3,1
18944,2,1
18945,2,1
18946,7,5
18947,4,1
18948,3,3
18949,2,1
18950,6,5
18951,3,2
18952,2,1
18953,2,2
18954,6,4
18955,4,2
18956,11,1
18957,4,3
18958,6,2
18959,7,1
18960,9,1
18961,17,5
18962,4,3
18963,7,2
18964,2,1
18965,2,2
18966,3,2
18967,5,2
18968,2,1
18969,2,2
18970,2,2
18971,7,1
18972,3,2
18973,3,2
18974,6,1
18975,2,1
18976,2,1
18977,3,3
18978,2,1
18979,21,2
18980,3,1
18981,2,1
18982,6,6
18983,2,1
18984,6,2
18985,9,4
18986,4,1
18987,4,1
18988,28,5
18989,8,4
18990,2,1
18991,13,4
18992,3,1
18993,2,1
18994,3,3
18995,2,2
18996,5,2
18997,3,1
18998,6,1
18999,3,1
19000,6,1
19001,9,1
19002,3,1
19003,2,1
19004,2,1
19005,2,2
19006,12,4
19007,33,1
19008,3,2
19009,6,2
19010,5,1
19011,7,2
19012,2,1
19013,7,2
19014,2,1
19015,2,1
19016,10,7
19017,2,1
19018,3,1
19019,6,4
19020,3,3
19021,6,1
19022,2,2
19023,2,2
19024,2,1
19025,4,3
19026,4,1
19027,2,2
19028,3,2
19029,3,1
19030,4,1
19031,4,3
19032,3,2
19033,4,1
19034,2,1
19035,2,1
19036,7,2
19037,4,2
19038,4,1
19039,5,1
19040,2,1
19041,7,1
19042,7,1
19043,6,2
19044,2,1
19045,6,2
19046,4,1
19047,5,1
19048,9,1
19049,4,1
19050,2,2
19051,5,2
19052,2,1
19053,4,2
19054,2,1
19055,8,1
19056,8,5
19057,2,2
19058,8,7
19059,2,2
19060,9,8
19061,3,2
19062,5,1
19063,3,1
19064,2,2
19065,7,4
19066,3,2
19067,4,1
19068,3,2
19069,2,1
19070,4,2
19071,4,1
19072,3,1
19073,5,5
19074,2,1
19075,6,1
19076,14,5
19077,21,2
19078,18,1
19079,7,2
19080,6,3
19081,3,1
19082,99,1
19083,4,1
19084,3,1
19085,6,3
19086,2,1
19087,3,1
19088,2,2
19089,2,2
19090,2,1
19091,2,1
19092,9,1
19093,3,1
19094,10,2
19095,2,1
19096,13,1
19097,13,1
19098,2,1
19099,2,1
19100,2,2
19101,6,2
19102,3,1
19103,10,2
19104,4,3
19105,7,5
19106,2,2
19107,8,4
19108,2,1
19109,5,5
19110,4,1
19111,18,1
19112,27,6
19113,5,1
19114,2,1
19115,8,3
19116,4,1
19117,2,1
19118,2,1
19119,3,2
19120,9,1
19121,6,1
19122,11,1
19123,17,1
19124,2,1
19125,4,1
19126,2,1
19127,8,3
19128,4,1
19129,2,1
19130,4,1
19131,2,1
19132,4,3
19133,7,6
19134,9,3
19135,5,1
19136,9,2
19137,5,1
19138,7,3
19139,4,2
19140,3,3
19141,6,1
19142,2,1
19143,2,1
19144,6,2
19145,16,12
19146,2,1
19147,11,4
19148,2,1
19149,4,1
19150,7,1
19151,29,4
19152,2,2
19153,6,2
19154,3,2
19155,24,13
19156,5,2
19157,12,1
19158,6,5
19159,2,2
19160,3,1
19161,8,2
19162,9,1
19163,5,1
19164,22,4
19165,10,1
19166,19,4
19167,4,3
19168,5,2
19169,3,1
19170,14,1
19171,16,1
19172,5,2
19173,5,1
19174,2,1
19175,2,1
19176,16,5
19177,8,4
19178,9,2
19179,3,1
19180,3,2
19181,8,2
19182,3,1
19183,13,1
19184,2,2
19185,3,3
19186,2,1
19187,10,4
19188,6,1
19189,3,1
19190,12,8
19191,7,1
19192,6,2
19193,4,1
19194,7,4
19195,3,1
19196,4,2
19197,20,2
19198,3,1
19199,6,1
19200,2,1
19201,10,1
19202,5,2
19203,3,1
19204,2,1
19205,10,1
19206,19,1
19207,4,3
19208,4,1
19209,7,3
19210,7,1
19211,6,1
19212,3,1
19213,15,2
19214,15,1
19215,11,1
19216,4,1
19217,3,1
19218,2,1
19219,5,1
19220,10,4
19221,6,1
19222,3,2
19223,2,1
19224,17,4
19225,5,4
19226,7,6
19227,3,2
19228,4,1
19229,5,3
19230,6,2
19231,3,2
19232,6,2
19233,7,1
19234,20,1
19235,11,1
19236,2,2
19237,6,3
19238,4,3
19239,2,1
19240,6,1
19241,3,3
19242,5,3
19243,4,2
19244,5,1
19245,5,4
19246,8,4
19247,2,1
19248,2,2
19249,2,1
19250,2,1
19251,5,1
19252,15,1
19253,3,3
19254,8,4
19255,3,2
19256,2,1
19257,7,3
19258,4,2
19259,2,1
19260,3,1
19261,6,2
19262,2,1
19263,8,4
19264,5,3
19265,2,1
19266,2,1
19267,5,2
19268,3,3
19269,4,3
19270,3,3
19271,3,1
19272,10,2
19273,4,2
19274,4,2
19275,5,2
19276,3,2
19277,5,1
19278,3,3
19279,2,1
19280,2,1
19281,2,2
19282,2,2
19283,8,1
19284,4,2
19285,7,1
19286,3,1
19287,6,2
19288,3,2
19289,2,1
19290,5,3
19291,2,2
19292,5,1
19293,5,2
19294,2,1
19295,2,1
19296,2,1
19297,3,3
19298,2,2
19299,3,1
19300,4,3
19301,2,2
19302,2,1
19303,3,3
19304,2,1
19305,9,1
19306,5,4
19307,2,2
19308,2,1
19309,3,2
19310,2,1
19311,3,3
19312,7,1
19313,12,4
19314,13,5
19315,2,1
19316,2,1
19317,2,1
19318,31,1
19319,2,2
19320,5,1
19321,2,2
19322,2,1
19323,6,1
19324,5,1
19325,9,1
19326,2,2
19327,7,1
19328,2,1
19329,2,2
19330,12,5
19331,6,2
19332,15,1
19333,7,5
19334,4,1
19335,2,1
19336,15,9
19337,2,1
19338,5,2
19339,5,1
19340,17,6
19341,10,5
19342,5,1
19343,9,1
19344,4,2
19345,2,2
19346,8,1
19347,6,1
19348,2,1
19349,2,1
19350,6,1
19351,10,2
19352,6,3
19353,5,4
19354,2,1
19355,18,1
19356,2,2
19357,5,1
19358,7,2
19359,6,5
19360,4,2
19361,2,2
19362,3,1
19363,2,1
19364,5,1
19365,3,1
19366,6,1
19367,4,1
19368,2,2
19369,5,2
19370,2,2
19371,7,4
19372,6,1
19373,3,2
19374,3,2
19375,3,2
19376,9,1
19377,2,1
19378,7,2
19379,4,2
19380,6,3
19381,4,4
19382,13,2
19383,4,1
19384,4,3
19385,2,1
19386,3,2
19387,8,2
19388,4,1
19389,3,3
19390,7,1
19391,3,2
19392,4,1
19393,5,1
19394,2,1
19395,3,1
19396,3,2
19397,5,1
19398,9,1
19399,2,1
19400,7,3
19401,3,3
19402,2,1
19403,4,4
19404,10,1
19405,18,9
19406,3,1
19407,3,2
19408,4,1
19409,8,1
19410,3,3
19411,11,5
19412,6,4
19413,13,1
19414,3,1
19415,8,2
19416,2,1
19417,3,1
19418,6,2
19419,2,2
19420,8,1
19421,3,3
19422,2,2
19423,4,1
19424,2,1
19425,3,2
19426,2,2
19427,2,1
19428,7,1
19429,3,3
19430,4,3
19431,2,1
19432,3,1
19433,4,1
19434,2,1
19435,3,1
19436,4,3
19437,4,1
19438,10,1
19439,4,1
19440,2,1
19441,2,2
19442,4,2
19443,10,5
19444,4,2
19445,5,1
19446,7,2
19447,9,1
19448,3,2
19449,2,1
19450,3,3
19451,3,1
19452,2,2
19453,5,5
19454,2,2
19455,2,1
19456,7,2
19457,3,2
19458,6,1
19459,2,1
19460,2,1
19461,2,1
19462,2,2
19463,10,4
19464,5,2
19465,2,1
19466,6,1
19467,3,1
19468,4,1
19469,4,1
19470,2,1
19471,3,2
19472,3,1
19473,2,1
19474,4,1
19475,3,1
19476,4,1
19477,5,2
19478,3,1
19479,2,2
19480,5,1
19481,4,3
19482,3,1
19483,4,1
19484,4,1
19485,7,2
19486,5,4
19487,3,1
19488,2,1
19489,2,1
19490,2,1
19491,2,2
19492,3,1
19493,5,2
19494,2,1
19495,2,1
19496,4,2
19497,8,1
19498,5,1
19499,17,5
19500,4,2
19501,3,2
19502,6,3
19503,3,2
19504,3,2
19505,4,2
19506,4,1
19507,17,4
19508,2,1
19509,2,1
19510,3,2
19511,2,1
19512,3,2
19513,3,1
19514,5,2
19515,3,1
19516,3,3
19517,3,2
19518,19,3
19519,3,2
19520,4,1
19521,3,2
19522,2,1
19523,7,4
19524,2,1
19525,4,2
19526,2,1
19527,8,2
19528,2,2
19529,12,3
19530,8,2
19531,13,3
19532,2,1
19533,4,2
19534,4,2
19535,7,2
19536,3,1
19537,2,2
19538,4,2
19539,3,1
19540,7,3
19541,5,1
19542,3,1
19543,2,1
19544,2,1
19545,2,2
19546,4,1
19547,21,4
19548,6,2
19549,8,4
19550,2,1
19551,3,1
19552,5,3
19553,9,1
19554,2,1
19555,5,1
19556,2,2
19557,8,2
19558,2,1
19559,2,2
19560,3,2
19561,2,1
19562,4,2
19563,3,3
19564,2,2
19565,2,1
19566,2,1
19567,6,3
19568,5,2
19569,4,2
19570,5,1
19571,3,2
19572,2,2
19573,2,1
19574,4,3
19575,6,1
19576,3,2
19577,2,1
19578,3,2
19579,5,2
19580,2,1
19581,4,4
19582,6,3
19583,5,2
19584,2,1
19585,5,3
19586,3,3
19587,2,1
19588,2,2
19589,3,3
19590,4,1
19591,2,1
19592,6,1
19593,3,1
19594,24,6
19595,2,2
19596,2,2
19597,2,2
19598,3,1
19599,5,1
19600,4,2
19601,5,1
19602,4,1
19603,5,1
19604,4,1
19605,8,1
19606,2,1
19607,8,1
19608,4,1
19609,2,1
19610,2,2
19611,2,1
19612,2,2
19613,3,2
19614,3,1
19615,3,3
19616,2,1
19617,2,1
19618,5,1
19619,2,1
19620,4,1
19621,3,3
19622,4,2
19623,2,1
19624,2,1
19625,2,2
19626,2,1
19627,3,2
19628,6,2
19629,2,1
19630,8,1
19631,2,1
19632,2,1
19633,2,1
19634,4,3
19635,2,1
19636,6,2
19637,2,2
19638,3,1
19639,2,2
19640,6,2
19641,2,1
19642,2,1
19643,6,3
19644,4,1
19645,2,1
19646,4,3
19647,3,3
19648,3,3
19649,2,2
19650,5,1
19651,7,6
19652,6,1
19653,5,2
19654,3,1
19655,18,4
19656,2,1
19657,9,1
19658,2,1
19659,7,1
19660,3,1
19661,2,1
19662,2,1
19663,2,2
19664,5,1
19665,3,1
19666,2,2
19667,8,6
19668,7,3
19669,12,2
19670,2,1
19671,2,1
19672,2,2
19673,5,1
19674,6,6
19675,3,2
19676,3,1
19677,9,1
19678,2,1
19679,6,1
19680,4,4
19681,4,1
19682,2,2
19683,5,1
19684,10,2
19685,3,1
19686,2,2
19687,3,2
19688,5,2
19689,2,1
19690,2,1
19691,2,1
19692,8,2
19693,3,1
19694,2,1
19695,4,1
19696,6,4
19697,3,1
19698,4,1
19699,4,1
19700,2,2
19701,2,1
19702,2,1
19703,3,2
19704,13,1
19705,2,1
19706,3,1
19707,4,2
19708,2,1
19709,2,1
19710,3,1
19711,2,1
19712,2,2
19713,2,1
19714,4,3
19715,4,1
19716,7,1
19717,2,1
19718,11,8
19719,4,4
19720,2,1
19721,6,4
19722,5,1
19723,5,1
19724,8,7
19725,3,3
19726,7,2
19727,3,3
19728,5,5
19729,3,1
19730,6,1
19731,3,1
19732,4,1
19733,2,1
19734,4,2
19735,4,1
19736,3,2
19737,5,2
19738,3,1
19739,3,3
19740,3,2
19741,8,8
19742,2,1
19743,10,5
19744,3,3
19745,2,1
19746,2,2
19747,3,2
19748,4,4
19749,3,2
19750,4,2
19751,6,3
19752,2,2
19753,2,2
19754,6,1
19755,4,1
19756,2,1
19757,7,5
19758,3,1
19759,5,1
19760,3,2
19761,9,2
19762,8,7
19763,3,2
19764,2,1
19765,8,3
19766,4,3
19767,4,1
19768,2,2
19769,3,1
19770,2,2
19771,6,2
19772,3,1
19773,2,1
19774,3,2
19775,7,2
19776,4,3
19777,3,3
19778,7,2
19779,3,1
19780,11,1
19781,4,1
19782,10,4
19783,12,1
19784,8,1
19785,7,1
19786,3,1
19787,3,2
19788,2,2
19789,11,3
19790,9,2
19791,8,1
19792,12,7
19793,6,5
19794,2,1
19795,3,2
19796,3,1
19797,6,1
19798,6,1
19799,5,3
19800,4,1
19801,6,1
19802,6,2
19803,6,1
19804,7,1
19805,2,2
19806,5,1
19807,2,2
19808,8,1
19809,5,1
19810,3,2
19811,2,2
19812,14,1
19813,4,3
19814,7,5
19815,3,3
19816,2,1
19817,7,1
19818,2,1
19819,2,1
19820,3,3
19821,2,1
19822,9,2
19823,2,1
19824,3,1
19825,3,3
19826,6,1
19827,18,6
19828,9,3
19829,6,1
19830,4,2
19831,2,1
19832,3,1
19833,4,1
19834,2,1
19835,11,4
19836,5,4
19837,2,1
19838,2,1
19839,6,4
19840,4,2
19841,7,1
19842,5,2
19843,2,2
19844,2,1
19845,3,2
19846,5,1
19847,2,1
19848,4,1
19849,6,1
19850,2,1
19851,6,4
19852,2,1
19853,2,1
19854,4,2
19855,5,5
19856,2,2
19857,2,2
19858,3,1
19859,4,1
19860,5,3
19861,2,2
19862,3,2
19863,3,1
19864,8,1
19865,5,3
19866,28,2
19867,5,3
19868,2,1
19869,2,1
19870,14,6
19871,3,1
19872,3,1
19873,2,1
19874,2,1
19875,5,3
19876,3,2
19877,2,2
19878,3,2
19879,7,7
19880,10,1
19881,5,3
19882,7,7
19883,9,5
19884,2,1
19885,3,1
19886,3,3
19887,2,1
19888,2,1
19889,3,1
19890,2,1
19891,2,1
19892,3,1
19893,10,2
19894,4,1
19895,2,1
19896,2,1
19897,3,2
19898,3,1
19899,7,7
19900,4,1
19901,2,1
19902,6,2
19903,2,2
19904,2,1
19905,5,2
19906,3,1
19907,3,2
19908,4,2
19909,3,1
19910,4,1
19911,4,1
19912,2,1
19913,5,1
19914,4,1
19915,2,1
19916,4,1
19917,15,5
19918,5,4
19919,10,1
19920,4,1
19921,18,10
19922,3,1
19923,3,3
19924,3,3
19925,5,1
19926,11,10
19927,8,4
19928,5,3
19929,2,1
19930,7,2
19931,3,3
19932,7,1
19933,5,3
19934,2,1
19935,9,2
19936,4,3
19937,3,3
19938,12,2
19939,10,1
19940,4,1
19941,2,2
19942,5,1
19943,2,1
19944,5,3
19945,3,3
19946,5,3
19947,5,4
19948,5,2
19949,3,2
19950,5,2
19951,4,3
19952,2,2
19953,2,1
19954,2,1
19955,2,2
19956,4,2
19957,2,1
19958,2,1
19959,4,1
19960,2,1
19961,4,2
19962,2,1
19963,2,1
19964,4,1
19965,2,2
19966,2,2
19967,8,2
19968,4,1
19969,2,1
19970,2,1
19971,9,1
19972,3,1
19973,3,2
19974,5,3
19975,4,4
19976,3,1
19977,4,4
19978,2,1
19979,2,1
19980,2,1
19981,5,1
19982,2,2
19983,4,1
19984,2,2
19985,2,2
19986,7,2
19987,10,2
19988,2,2
19989,2,1
19990,2,1
19991,7,6
19992,3,1
19993,4,1
19994,9,1
19995,6,1
19996,2,1
19997,2,1
19998,2,2
19999,2,2
20000,8,4
20001,2,2
20002,2,2
20003,3,3
20004,3,2
20005,6,1
20006,11,1
20007,2,2
20008,5,1
20009,4,1
20010,2,2
20011,17,7
20012,10,1
20013,5,3
20014,3,1
20015,7,1
20016,2,2
20017,3,2
20018,2,1
20019,3,2
20020,7,2
20021,3,1
20022,2,2
20023,3,3
20024,2,2
20025,8,1
20026,6,1
20027,3,1
20028,4,4
20029,3,1
20030,3,2
20031,2,1
20032,4,3
20033,4,1
20034,4,2
20035,3,1
20036,11,5
20037,6,6
20038,6,3
20039,7,5
20040,2,2
20041,5,1
20042,2,2
20043,2,1
20044,2,2
20045,6,1
20046,5,1
20047,2,1
20048,3,3
20049,2,1
20050,6,3
20051,2,1
20052,2,1
20053,4,1
20054,3,1
20055,2,1
20056,7,2
20057,4,4
20058,3,3
20059,3,2
20060,9,3
20061,3,1
20062,5,1
20063,2,1
20064,5,2
20065,3,2
20066,11,1
20067,3,2
20068,11,2
20069,3,3
20070,2,1
20071,2,1
20072,2,1
20073,3,1
20074,2,1
20075,2,1
20076,2,1
20077,5,1
20078,2,1
20079,2,2
20080,3,2
20081,2,2
20082,3,1
20083,3,3
20084,2,1
20085,4,1
20086,3,3
20087,5,4
20088,3,1
20089,4,4
20090,4,1
20091,2,1
20092,6,3
20093,2,2
20094,7,3
20095,3,3
20096,2,1
20097,2,2
20098,4,4
20099,3,1
20100,3,1
20101,2,2
20102,3,2
20103,2,2
20104,2,1
20105,5,1
20106,9,2
20107,2,1
20108,4,1
20109,3,3
20110,2,1
20111,2,1
20112,2,1
20113,5,1
20114,3,1
20115,3,2
20116,2,1
20117,6,6
20118,3,2
20119,4,1
20120,5,1
20121,2,1
20122,5,1
20123,5,3
20124,4,2
20125,3,1
20126,2,2
20127,8,3
20128,2,1
20129,2,1
20130,3,3
20131,11,2
20132,2,1
20133,3,1
20134,16,2
20135,2,1
20136,11,2
20137,2,1
20138,2,1
20139,4,1
20140,2,1
20141,4,2
20142,25,2
20143,2,2
20144,3,1
20145,2,1
20146,3,2
20147,11,5
20148,2,1
20149,10,8
20150,3,1
20151,3,1
20152,2,1
20153,3,1
20154,2,1
20155,4,4
20156,5,4
20157,5,5
20158,2,1
20159,2,1
20160,10,1
20161,3,1
20162,4,1
20163,12,5
20164,4,3
20165,3,1
20166,2,2
20167,2,1
20168,3,2
20169,3,3
20170,6,6
20171,4,2
20172,2,2
20173,3,1
20174,2,2
20175,4,4
20176,2,1
20177,3,1
20178,3,1
20179,2,2
20180,2,1
20181,5,4
20182,13,7
20183,2,1
20184,10,1
20185,3,2
20186,6,1
20187,2,1
20188,2,2
20189,7,2
20190,2,1
20191,3,2
20192,8,6
20193,4,1
20194,3,1
20195,2,1
20196,2,1
20197,4,1
20198,8,2
20199,4,3
20200,2,1
20201,3,1
20202,3,2
20203,2,1
20204,2,2
20205,5,2
20206,2,2
20207,2,2
20208,2,2
20209,2,1
20210,3,1
20211,2,1
20212,4,1
20213,3,1
20214,2,1
20215,7,4
20216,6,1
20217,10,2
20218,3,2
20219,6,2
20220,14,1
20221,7,3
20222,2,2
20223,2,1
20224,13,3
20225,2,1
20226,5,3
20227,4,1
20228,5,1
20229,11,4
20230,8,3
20231,4,2
20232,10,1
20233,2,1
20234,3,1
20235,2,1
20236,2,2
20237,4,1
20238,2,2
20239,2,2
20240,4,3
20241,2,2
20242,2,1
20243,5,1
20244,4,2
20245,3,1
20246,3,1
20247,3,2
20248,3,3
20249,5,1
20250,7,1
20251,3,2
20252,2,2
20253,2,1
20254,2,2
20255,3,1
20256,3,1
20257,2,1
20258,2,2
20259,3,2
20260,3,1
20261,4,3
20262,5,2
20263,6,2
20264,11,4
20265,2,2
20266,7,1
20267,3,1
20268,5,3
20269,7,5
20270,3,1
20271,3,1
20272,4,2
20273,3,2
20274,4,1
20275,3,1
20276,4,1
20277,3,3
20278,7,1
20279,2,2
20280,2,2
20281,2,1
20282,10,1
20283,3,1
20284,2,1
20285,2,2
20286,2,1
20287,2,2
20288,4,4
20289,6,1
20290,10,3
20291,4,1
20292,2,2
20293,11,1
20294,4,2
20295,2,1
20296,2,1
20297,2,2
20298,2,1
20299,4,2
20300,2,1
20301,5,4
20302,6,1
20303,2,1
20304,5,3
20305,4,1
20306,3,3
20307,2,1
20308,2,1
20309,2,1
20310,9,5
20311,6,1
20312,4,2
20313,2,1
20314,3,1
20315,4,1
20316,4,1
20317,3,1
20318,9,1
20319,2,1
20320,3,3
20321,7,1
20322,2,2
20323,2,1
20324,3,1
20325,2,1
20326,3,1
20327,3,3
20328,2,1
20329,5,3
20330,4,2
20331,4,2
20332,2,2
20333,2,2
20334,4,3
20335,6,5
20336,2,2
20337,5,1
20338,3,1
20339,2,1
20340,2,2
20341,10,1
20342,2,1
20343,3,2
20344,3,1
20345,3,3
20346,4,1
20347,3,1
20348,3,1
20349,6,1
20350,3,2
20351,3,1
20352,7,1
20353,2,1
20354,3,1
20355,4,3
20356,8,3
20357,2,1
20358,2,1
20359,10,1
20360,4,2
20361,3,2
20362,3,2
20363,5,2
20364,19,7
20365,3,1
20366,2,1
20367,2,1
20368,11,6
20369,4,2
20370,3,1
20371,8,2
20372,2,2
20373,2,1
20374,2,1
20375,3,2
20376,2,2
20377,4,1
20378,2,1
20379,2,1
20380,2,2
20381,2,1
20382,3,3
20383,2,1
20384,2,2
20385,2,1
20386,2,1
20387,2,1
20388,2,2
20389,5,1
20390,8,8
20391,7,2
20392,9,4
20393,2,1
20394,2,1
20395,2,2
20396,2,1
20397,3,1
20398,2,1
20399,3,1
20400,2,1
20401,2,1
20402,3,2
20403,4,2
20404,2,1
20405,2,1
20406,2,1
20407,7,6
20408,2,1
20409,2,2
20410,2,1
20411,4,2
20412,2,1
20413,4,2
20414,3,1
20415,2,2
20416,2,1
20417,2,2
20418,2,1
20419,5,3
20420,4,2
20421,4,3
20422,4,3
20423,3,1
20424,2,1
20425,3,2
20426,9,4
20427,20,2
20428,4,4
20429,2,1
20430,2,1
20431,5,1
20432,2,1
20433,6,2
20434,3,3
20435,2,1
20436,5,4
20437,3,3
20438,3,1
20439,6,5
20440,10,1
20441,2,1
20442,9,2
20443,2,1
20444,7,7
20445,6,2
20446,3,1
20447,6,5
20448,2,1
20449,14,7
20450,4,1
20451,4,3
20452,2,1
20453,2,1
20454,3,1
20455,3,2
20456,3,1
20457,6,2
20458,3,1
20459,2,1
20460,4,2
20461,8,2
20462,6,5
20463,2,2
20464,14,7
20465,4,2
20466,5,1
20467,6,4
20468,2,1
20469,2,1
20470,3,1
20471,5,2
20472,2,1
20473,3,1
20474,2,1
20475,3,2
20476,4,2
20477,3,1
20478,3,1
20479,2,1
20480,2,1
20481,2,2
20482,2,1
20483,2,1
20484,2,1
20485,2,2
20486,3,2
20487,4,1
20488,2,2
20489,2,2
20490,4,3
20491,14,5
20492,4,1
20493,2,2
20494,2,2
20495,4,1
20496,4,3
20497,4,1
20498,5,2
20499,5,5
20500,2,1
20501,7,7
20502,7,4
20503,2,1
20504,2,2
20505,12,1
20506,6,1
20507,3,1
20508,2,1
20509,4,2
20510,2,2
20511,2,1
20512,3,1
20513,2,2
20514,8,1
20515,2,1
20516,3,1
20517,2,2
20518,6,2
20519,2,1
20520,2,1
20521,9,1
20522,4,2
20523,4,1
20524,7,2
20525,7,1
20526,2,2
20527,3,2
20528,2,1
20529,2,1
20530,7,4
20531,3,1
20532,2,2
20533,5,2
20534,9,1
20535,5,1
20536,2,2
20537,2,1
20538,4,3
20539,6,1
20540,3,1
20541,2,1
20542,3,1
20543,3,3
20544,3,1
20545,2,2
20546,3,3
20547,3,1
20548,4,1
20549,13,1
20550,2,1
20551,2,2
20552,2,1
20553,9,1
20554,4,1
20555,3,1
20556,2,1
20557,3,3
20558,2,2
20559,2,1
20560,2,2
20561,2,2
20562,2,2
20563,8,2
20564,4,1
20565,10,1
20566,2,1
20567,3,1
20568,3,1
20569,3,2
20570,2,1
20571,6,6
20572,10,2
20573,7,3
20574,3,3
20575,4,2
20576,2,2
20577,4,1
20578,2,1
20579,2,1
20580,2,1
20581,3,1
20582,2,1
20583,2,1
20584,4,3
20585,4,1
20586,4,3
20587,6,2
20588,2,2
20589,3,1
20590,7,6
20591,2,1
20592,3,2
20593,3,1
20594,2,1
20595,7,3
20596,6,2
20597,2,2
20598,5,3
20599,2,1
20600,3,1
20601,5,1
20602,3,3
20603,2,1
20604,2,1
20605,2,1
20606,2,1
20607,5,1
20608,2,1
20609,3,1
20610,2,1
20611,3,1
20612,9,2
20613,7,1
20614,12,5
20615,2,1
20616,4,1
20617,4,2
20618,3,3
20619,3,1
20620,2,1
20621,2,1
20622,3,1
20623,10,3
20624,2,2
20625,3,2
20626,14,1
20627,3,1
20628,3,3
20629,2,1
20630,2,2
20631,2,1
20632,2,1
20633,2,2
20634,2,1
20635,2,1
20636,3,1
20637,3,2
20638,2,1
20639,2,1
20640,2,1
20641,12,2
20642,8,1
20643,15,1
20644,3,1
20645,4,3
20646,5,1
20647,2,1
20648,2,2
20649,2,1
20650,4,1
20651,6,2
20652,2,1
20653,2,2
20654,2,2
20655,4,1
20656,2,1
20657,3,1
20658,2,2
20659,5,4
20660,5,1
20661,21,1
20662,3,3
20663,7,3
20664,2,1
20665,4,2
20666,5,4
20667,2,1
20668,2,1
20669,3,1
20670,5,1
20671,5,2
20672,2,2
20673,2,1
20674,2,2
20675,3,2
20676,3,1
20677,2,1
20678,6,1
20679,2,1
20680,4,1
20681,4,1
20682,3,1
20683,4,2
20684,7,1
20685,2,1
20686,3,1
20687,5,2
20688,2,1
20689,5,1
20690,3,1
20691,2,2
20692,3,1
20693,2,1
20694,4,2
20695,21,1
20696,2,2
20697,2,1
20698,10,2
20699,2,2
20700,5,5
20701,2,1
20702,4,1
20703,2,2
20704,2,2
20705,12,2
20706,2,1
20707,5,1
20708,4,1
20709,2,1
20710,5,1
20711,3,1
20712,4,1
20713,2,2
20714,6,1
20715,2,1
20716,14,1
20717,3,2
20718,13,2
20719,2,2
20720,2,1
20721,7,2
20722,9,8
20723,3,1
20724,4,1
20725,2,1
20726,2,1
20727,2,1
20728,2,2
20729,2,2
20730,2,1
20731,2,2
20732,2,1
20733,2,1
20734,3,2
20735,2,1
20736,2,1
20737,4,4
20738,2,2
20739,6,5
20740,2,2
20741,4,1
20742,2,1
20743,2,2
20744,5,2
20745,16,16
20746,2,1
20747,3,2
20748,9,1
20749,9,1
20750,4,3
20751,2,1
20752,4,1
20753,2,1
20754,3,2
20755,4,1
20756,6,1
20757,2,2
20758,5,1
20759,2,1
20760,3,1
20761,2,2
20762,5,1
20763,2,2
20764,2,1
20765,2,2
20766,4,1
20767,3,1
20768,2,1
20769,4,4
20770,3,2
20771,2,1
20772,3,2
20773,2,1
20774,2,1
20775,4,3
20776,2,2
20777,2,1
20778,2,2
20779,2,1
20780,2,2
20781,8,5
20782,2,2
20783,2,2
20784,11,2
20785,2,2
20786,3,2
20787,3,2
20788,6,4
20789,5,3
20790,2,1
20791,3,3
20792,2,1
20793,2,1
20794,2,2
20795,3,1
20796,3,1
20797,8,2
20798,3,1
20799,3,1
20800,7,5
20801,4,1
20802,5,2
20803,2,1
20804,5,1
20805,3,2
20806,2,2
20807,4,1
20808,3,1
20809,4,2
20810,2,1
20811,10,3
20812,2,1
20813,2,1
20814,5,2
20815,25,1
20816,5,4
20817,8,1
20818,3,3
20819,2,2
20820,13,2
20821,5,5
20822,2,1
20823,3,1
20824,7,2
20825,4,2
20826,2,1
20827,2,1
20828,5,1
20829,3,2
20830,6,1
20831,2,1
20832,2,2
20833,2,1
20834,2,2
20835,2,1
20836,2,2
20837,3,1
20838,5,1
20839,2,1
20840,3,3
20841,3,3
20842,5,3
20843,7,1
20844,2,1
20845,3,2
20846,6,2
20847,3,3
20848,2,1
20849,4,2
20850,2,2
20851,2,1
20852,2,2
20853,4,3
20854,2,2
20855,6,1
20856,8,7
20857,10,2
20858,4,3
20859,3,1
20860,4,1
20861,4,3
20862,4,3
20863,10,1
20864,4,4
20865,2,1
20866,5,5
20867,3,3
20868,2,1
20869,3,1
20870,5,2
20871,3,2
20872,3,2
20873,2,1
20874,2,2
20875,3,1
20876,7,1
20877,8,1
20878,4,1
20879,2,2
20880,3,3
20881,6,6
20882,2,1
20883,5,3
20884,6,3
20885,4,2
20886,2,1
20887,6,4
20888,8,1
20889,2,1
20890,6,1
20891,7,1
20892,2,2
20893,2,2
20894,5,1
20895,2,1
20896,4,1
20897,3,3
20898,2,2
20899,2,1
20900,10,7
20901,2,1
20902,2,1
20903,2,1
20904,3,1
20905,11,1
20906,3,1
20907,4,2
20908,2,1
20909,3,1
20910,3,1
20911,6,1
20912,2,2
20913,2,1
20914,3,1
20915,3,3
20916,4,3
20917,3,2
20918,3,1
20919,3,1
20920,2,2
20921,5,1
20922,2,2
20923,2,2
20924,5,1
20925,3,1
20926,3,1
20927,4,2
20928,4,1
20929,4,2
20930,2,1
20931,2,1
20932,5,1
20933,2,1
20934,2,2
20935,6,1
20936,5,2
20937,4,2
20938,4,3
20939,2,2
20940,3,2
20941,3,1
20942,2,1
20943,2,1
20944,2,1
20945,2,1
20946,4,1
20947,2,1
20948,3,1
20949,2,2
20950,4,2
20951,2,1
20952,3,3
20953,2,2
20954,7,1
20955,2,1
20956,2,1
20957,3,3
20958,2,2
20959,4,4
20960,2,1
20961,4,3
20962,3,1
20963,2,2
20964,2,1
20965,18,1
20966,5,4
20967,3,2
20968,3,1
20969,4,2
20970,2,1
20971,4,4
20972,2,2
20973,2,1
20974,2,1
20975,6,1
20976,3,1
20977,2,1
20978,4,3
20979,2,1
20980,2,1
20981,5,1
20982,6,3
20983,4,1
20984,2,1
20985,2,2
20986,2,1
20987,10,3
20988,2,1
20989,2,2
20990,5,1
20991,3,3
20992,3,1
20993,6,1
20994,3,3
20995,2,2
20996,3,2
20997,3,2
20998,3,1
20999,5,1
21000,3,1
21001,5,1
21002,10,2
21003,4,4
21004,3,2
21005,4,1
21006,2,2
21007,2,1
21008,2,1
21009,5,2
21010,3,2
21011,3,3
21012,2,1
21013,2,2
21014,2,1
21015,2,2
21016,8,1
21017,2,1
21018,2,1
21019,2,1
21020,4,1
21021,2,1
21022,3,2
21023,7,1
21024,3,1
21025,2,1
21026,2,2
21027,8,5
21028,8,2
21029,2,1
21030,5,2
21031,3,1
21032,2,2
21033,6,1
21034,4,1
21035,2,1
21036,6,1
21037,2,1
21038,2,1
21039,3,1
21040,2,2
21041,3,3
21042,5,2
21043,2,1
21044,8,4
21045,3,2
21046,3,1
21047,3,1
21048,5,1
21049,2,2
21050,4,4
21051,2,1
21052,2,1
21053,2,1
21054,4,4
21055,3,1
21056,5,1
21057,4,3
21058,2,1
21059,16,3
21060,2,1
21061,4,1
21062,5,4
21063,2,2
21064,4,2
21065,3,1
21066,2,2
21067,2,1
21068,3,2
21069,2,1
21070,2,1
21071,2,1
21072,10,3
21073,2,1
21074,5,1
21075,3,1
21076,2,1
21077,3,2
21078,3,1
21079,2,2
21080,3,1
21081,3,1
21082,2,1
21083,3,1
21084,4,1
21085,14,1
21086,5,2
21087,5,1
21088,7,3
21089,2,2
21090,2,2
21091,5,1
21092,4,4
21093,2,1
21094,3,2
21095,3,2
21096,3,1
21097,2,1
21098,2,1
21099,5,1
21100,2,1
21101,3,3
21102,4,1
21103,2,2
21104,4,2
21105,2,1
21106,2,2
21107,2,1
21108,4,1
21109,2,1
21110,2,1
21111,4,4
21112,2,2
21113,2,1
21114,2,2
21115,2,1
21116,3,1
21117,3,1
21118,4,2
21119,10,3
21120,3,1
21121,2,1
21122,2,2
21123,2,1
21124,6,1
21125,2,1
21126,8,3
21127,4,3
21128,2,2
21129,17,1
21130,4,1
21131,3,1
21132,4,1
21133,5,3
21134,2,2
21135,4,1
21136,2,1
21137,5,1
21138,4,1
21139,2,2
21140,2,1
21141,4,1
21142,5,1
21143,4,1
21144,3,1
21145,2,2
21146,2,1
21147,2,1
21148,2,1
21149,2,1
21150,6,1
21151,4,1
21152,5,3
21153,4,1
21154,6,2
21155,2,2
21156,3,1
21157,2,1
21158,2,1
21159,3,1
21160,2,1
21161,2,1
21162,2,1
21163,2,1
21164,2,2
21165,4,1
21166,2,1
21167,5,1
21168,2,2
21169,2,1
21170,2,1
21171,5,2
21172,2,1
21173,3,1
21174,2,1
21175,6,6
21176,3,1
21177,2,1
21178,5,4
21179,3,1
21180,2,2
21181,3,2
21182,2,2
21183,2,1
21184,16,3
21185,5,1
21186,3,1
21187,4,1
21188,3,2
21189,2,1
21190,2,1
21191,2,1
21192,3,2
21193,2,2
21194,3,2
21195,4,4
21196,2,1
21197,2,2
21198,2,2
21199,2,1
21200,11,7
21201,4,2
21202,6,1
21203,2,2
21204,2,2
21205,2,2
21206,5,2
21207,10,1
21208,2,1
21209,2,2
21210,6,3
21211,3,2
21212,2,1
21213,2,1
21214,5,3
21215,2,2
21216,6,3
21217,6,6
21218,4,1
21219,2,1
21220,4,1
21221,7,2
21222,2,1
21223,3,3
21224,2,2
21225,2,1
21226,4,1
21227,5,1
21228,2,2
21229,2,1
21230,4,3
21231,3,1
21232,2,2
21233,2,1
21234,5,1
21235,9,1
21236,2,2
21237,5,1
21238,2,2
21239,2,2
21240,5,1
21241,4,1
21242,4,2
21243,9,1
21244,2,2
21245,3,2
21246,6,2
21247,3,1
21248,2,1
21249,3,2
21250,2,2
21251,2,1
21252,3,2
21253,2,1
21254,3,2
21255,3,2
21256,5,3
21257,2,1
21258,7,3
21259,4,4
21260,2,1
21261,3,2
21262,3,1
21263,2,1
21264,2,1
21265,3,1
21266,5,1
21267,2,1
21268,4,1
21269,4,1
21270,2,2
21271,5,1
21272,5,2
21273,2,1
21274,3,1
21275,2,1
21276,3,1
21277,2,1
21278,2,2
21279,2,2
21280,2,2
21281,2,1
21282,3,1
21283,3,2
21284,2,2
21285,2,1
21286,2,1
21287,3,1
21288,2,1
21289,2,1
21290,2,1
21291,3,3
21292,4,3
21293,2,2
21294,3,1
21295,7,3
21296,3,1
21297,2,2
21298,2,2
21299,5,5
21300,2,1
21301,2,2
21302,6,1
21303,2,1
21304,2,1
21305,2,1
21306,3,1
21307,2,1
21308,4,1
21309,5,4
21310,3,2
21311,2,1
21312,4,1
21313,7,4
21314,7,1
21315,2,2
21316,2,1
21317,4,1
21318,2,2
21319,2,2
21320,4,1
21321,5,5
21322,5,1
21323,2,2
21324,5,1
21325,2,2
21326,11,5
21327,2,1
21328,2,1
21329,10,4
21330,3,1
21331,2,1
21332,2,1
21333,2,1
21334,2,1
21335,7,1
21336,6,1
21337,5,1
21338,9,1
21339,3,2
21340,3,1
21341,3,1
21342,5,1
21343,2,1
21344,5,1
21345,2,2
21346,2,1
21347,2,1
21348,10,1
21349,5,2
21350,2,2
21351,2,2
21352,3,2
21353,2,1
21354,2,1
21355,2,2
21356,3,3
21357,2,1
21358,4,2
21359,3,2
21360,2,1
21361,5,2
21362,2,1
21363,3,1
21364,2,2
21365,5,1
21366,16,1
21367,2,2
21368,4,1
21369,2,1
21370,3,1
21371,4,3
21372,4,2
21373,5,2
21374,2,1
21375,2,2
21376,5,3
21377,3,1
21378,2,2
21379,2,1
21380,4,1
21381,4,1
21382,2,1
21383,6,5
21384,2,2
21385,5,1
21386,3,1
21387,5,1
21388,7,1
21389,2,1
21390,4,1
21391,2,1
21392,2,1
21393,2,1
21394,2,2
21395,2,1
21396,3,3
21397,5,5
21398,3,2
21399,3,1
21400,3,2
21401,4,4
21402,5,3
21403,4,3
21404,5,3
21405,2,1
21406,2,1
21407,2,2
21408,2,2
21409,2,1
21410,2,1
21411,7,1
21412,6,4
21413,2,1
21414,4,1
21415,3,1
21416,3,1
21417,2,1
21418,3,2
21419,9,1
21420,2,2
21421,3,1
21422,2,1
21423,14,4
21424,11,1
21425,2,1
21426,4,1
21427,5,2
21428,3,1
21429,4,2
21430,2,1
21431,5,5
21432,3,1
21433,7,2
21434,5,1
21435,2,1
21436,4,2
21437,9,2
21438,2,1
21439,2,1
21440,6,1
21441,2,1
21442,4,1
21443,2,2
21444,3,1
21445,5,1
21446,4,2
21447,4,1
21448,3,2
21449,5,3
21450,2,1
21451,4,1
21452,7,1
21453,4,3
21454,2,2
21455,9,2
21456,2,1
21457,2,1
21458,2,2
21459,4,1
21460,3,1
21461,2,1
21462,2,2
21463,2,2
21464,2,1
21465,4,1
21466,7,4
21467,2,1
21468,2,2
21469,3,1
21470,5,1
21471,4,2
21472,4,1
21473,2,2
21474,4,1
21475,16,8
21476,6,6
21477,5,4
21478,6,1
21479,3,1
21480,3,2
21481,2,1
21482,5,1
21483,3,1
21484,4,1
21485,4,1
21486,5,4
21487,2,1
21488,2,1
21489,3,3
21490,36,1
21491,5,4
21492,2,2
21493,2,1
21494,2,1
21495,2,1
21496,2,2
21497,2,1
21498,2,2
21499,8,7
21500,2,1
21501,2,2
21502,5,1
21503,2,1
21504,16,2
21505,3,3
21506,2,2
21507,6,1
21508,4,1
21509,4,4
21510,2,1
21511,3,2
21512,2,1
21513,3,2
21514,2,1
21515,3,2
21516,6,1
21517,4,1
21518,3,3
21519,8,1
21520,6,3
21521,11,7
21522,2,1
21523,4,1
21524,7,1
21525,3,1
21526,2,2
21527,12,2
21528,3,1
21529,3,1
21530,2,1
21531,3,2
21532,6,2
21533,2,2
21534,7,1
21535,4,4
21536,9,2
21537,5,4
21538,8,3
21539,7,1
21540,3,1
21541,8,1
21542,6,2
21543,3,1
21544,3,1
21545,5,2
21546,2,1
21547,7,2
21548,2,1
21549,2,1
21550,2,1
21551,2,2
21552,4,4
21553,3,1
21554,5,1
21555,9,7
21556,4,3
21557,3,3
21558,3,2
21559,3,2
21560,3,1
21561,15,1
21562,4,1
21563,2,2
21564,4,1
21565,2,1
21566,2,2
21567,2,1
21568,2,1
21569,2,1
21570,2,1
21571,3,3
21572,3,3
21573,2,1
21574,3,2
21575,5,1
21576,4,3
21577,3,2
21578,5,4
21579,2,1
21580,2,1
21581,2,1
21582,4,1
21583,3,1
21584,2,1
21585,3,2
21586,2,2
21587,2,1
21588,13,2
21589,2,1
21590,2,1
21591,3,1
21592,2,2
21593,6,2
21594,4,1
21595,4,2
21596,2,1
21597,2,1
21598,2,1
21599,3,2
21600,3,1
21601,2,1
21602,6,1
21603,3,3
21604,2,2
21605,2,2
21606,4,1
21607,2,2
21608,9,1
21609,5,1
21610,3,1
21611,2,1
21612,2,1
21613,6,2
21614,2,1
21615,3,1
21616,14,3
21617,2,2
21618,2,1
21619,6,1
21620,3,2
21621,3,1
21622,4,1
21623,2,1
21624,2,1
21625,2,1
21626,2,2
21627,2,1
21628,2,2
21629,2,1
21630,2,1
21631,8,3
21632,15,3
21633,4,1
21634,2,1
21635,4,2
21636,2,2
21637,3,1
21638,6,3
21639,2,2
21640,4,2
21641,2,1
21642,6,1
21643,10,1
21644,4,1
21645,2,2
21646,6,1
21647,2,1
21648,2,1
21649,2,2
21650,2,1
21651,2,1
21652,11,2
21653,2,1
21654,2,1
21655,3,1
21656,3,1
21657,4,2
21658,2,1
21659,3,1
21660,2,1
21661,3,1
21662,5,1
21663,3,3
21664,2,2
21665,2,1
21666,3,1
21667,3,1
21668,3,1
21669,4,1
21670,2,2
21671,2,1
21672,4,1
21673,2,1
21674,5,2
21675,3,2
21676,2,1
21677,2,2
21678,2,1
21679,2,1
21680,2,2
21681,3,2
21682,5,2
21683,4,4
21684,3,1
21685,4,3
21686,2,2
21687,3,1
21688,2,1
21689,3,1
21690,2,1
21691,2,1
21692,4,1
21693,3,2
21694,2,2
21695,4,2
21696,2,1
21697,4,3
21698,2,2
21699,4,1
21700,5,1
21701,5,4
21702,2,2
21703,2,1
21704,2,2
21705,4,1
21706,3,1
21707,2,2
21708,2,1
21709,2,1
21710,5,2
21711,5,1
21712,2,2
21713,2,1
21714,3,2
21715,5,1
21716,2,2
21717,3,3
21718,3,1
21719,2,1
21720,2,1
21721,2,1
21722,5,1
21723,5,1
21724,2,1
21725,2,1
21726,2,1
21727,4,3
21728,4,1
21729,2,2
21730,3,2
21731,7,2
21732,6,4
21733,7,6
21734,2,2
21735,9,8
21736,4,2
21737,3,2
21738,2,1
21739,3,3
21740,2,2
21741,2,1
21742,2,2
21743,2,1
21744,3,3
21745,3,1
21746,4,4
21747,4,1
21748,5,2
21749,4,2
21750,6,1
21751,3,2
21752,9,5
21753,4,3
21754,2,1
21755,4,1
21756,2,1
21757,8,1
21758,2,1
21759,5,1
21760,4,1
21761,2,1
21762,2,1
21763,4,1
21764,3,1
21765,2,1
21766,2,2
21767,5,4
21768,9,8
21769,7,6
21770,2,2
21771,5,4
21772,2,2
21773,2,1
21774,3,1
21775,2,2
21776,5,2
21777,5,2
21778,2,1
21779,2,2
21780,2,1
21781,2,2
21782,3,1
21783,4,1
21784,7,2
21785,3,1
21786,3,2
21787,2,2
21788,5,3
21789,3,1
21790,2,1
21791,3,1
21792,3,2
21793,6,3
21794,6,1
21795,2,1
21796,12,1
21797,2,2
21798,2,1
21799,2,1
21800,2,1
21801,3,1
21802,2,1
21803,7,1
21804,3,3
21805,2,1
21806,2,1
21807,2,1
21808,3,2
21809,2,1
21810,3,1
21811,2,1
21812,4,1
21813,3,2
21814,5,3
21815,2,2
21816,3,1
21817,3,3
21818,2,1
21819,4,1
21820,2,2
21821,2,1
21822,2,1
21823,2,2
21824,4,1
21825,5,1
21826,4,3
21827,4,3
21828,2,1
21829,4,3
21830,3,1
21831,2,1
21832,3,1
21833,2,1
21834,3,3
21835,2,1
21836,2,1
21837,2,2
21838,2,1
21839,2,1
21840,2,1
21841,2,2
21842,4,3
21843,4,1
21844,2,2
21845,5,2
21846,3,1
21847,5,3
21848,6,5
21849,2,1
21850,4,1
21851,5,4
21852,2,1
21853,2,1
21854,4,1
21855,2,1
21856,5,2
21857,2,1
21858,2,2
21859,2,2
21860,3,2
21861,2,1
21862,3,2
21863,2,1
21864,9,1
21865,4,3
21866,3,3
21867,3,1
21868,7,1
21869,2,1
21870,7,1
21871,4,2
21872,3,2
21873,7,3
21874,2,2
21875,5,3
21876,2,1
21877,2,1
21878,3,2
21879,3,3
21880,2,1
21881,3,1
21882,5,1
21883,3,1
21884,2,1
21885,2,1
21886,4,3
21887,2,1
21888,5,2
21889,10,5
21890,2,1
21891,5,1
21892,2,1
21893,7,2
21894,8,6
21895,2,1
21896,3,1
21897,2,2
21898,2,2
21899,5,2
21900,5,1
21901,2,1
21902,6,2
21903,17,6
21904,5,1
21905,4,2
21906,5,2
21907,2,1
21908,7,3
21909,2,1
21910,6,1
21911,2,2
21912,25,1
21913,4,2
21914,2,1
21915,3,2
21916,2,1
21917,4,1
21918,7,1
21919,4,3
21920,101,35
21921,3,3
21922,2,1
21923,3,1
21924,2,2
21925,5,1
21926,3,1
21927,2,1
21928,2,1
21929,2,2
21930,2,1
21931,7,1
21932,2,1
21933,5,2
21934,3,1
21935,3,1
21936,2,2
21937,14,2
21938,4,1
21939,12,2
21940,7,2
21941,9,2
21942,3,2
21943,5,2
21944,11,2
21945,5,1
21946,3,2
21947,8,3
21948,3,2
21949,4,1
21950,5,1
21951,2,1
21952,2,1
21953,3,2
21954,3,2
21955,2,1
21956,3,2
21957,5,1
21958,2,1
21959,4,1
21960,2,1
21961,2,1
21962,5,2
21963,8,2
21964,2,2
21965,6,1
21966,3,1
21967,6,1
21968,6,1
21969,4,1
21970,34,3
21971,2,1
21972,3,1
21973,4,1
21974,3,1
21975,2,1
21976,3,1
21977,2,2
21978,3,1
21979,2,2
21980,3,2
21981,2,1
21982,4,3
21983,5,1
21984,6,1
21985,3,1
21986,4,4
21987,9,1
21988,4,1
21989,10,1
21990,9,5
21991,3,2
21992,3,1
21993,5,5
21994,3,1
21995,2,1
21996,2,1
21997,2,1
21998,2,1
21999,2,2
22000,3,1
22001,2,2
22002,3,1
22003,6,6
22004,8,1
22005,4,2
22006,3,2
22007,6,1
22008,2,1
22009,4,2
22010,2,1
22011,8,3
22012,7,2
22013,25,9
22014,2,1
22015,9,7
22016,3,1
22017,4,3
22018,9,1
22019,3,1
22020,3,1
22021,4,1
22022,4,1
22023,4,3
22024,3,1
22025,2,2
22026,9,8
22027,2,2
22028,3,2
22029,7,1
22030,5,1
22031,3,2
22032,2,1
22033,6,5
22034,11,3
22035,2,1
22036,18,4
22037,3,1
22038,5,5
22039,9,3
22040,4,1
22041,5,3
22042,4,2
22043,3,1
22044,7,5
22045,3,2
22046,3,1
22047,4,1
22048,4,1
22049,2,1
22050,3,3
22051,2,1
22052,3,2
22053,2,2
22054,2,2
22055,4,1
22056,2,1
22057,2,1
22058,2,1
22059,5,1
22060,3,2
22061,2,1
22062,3,2
22063,2,1
22064,3,1
22065,3,3
22066,3,3
22067,3,1
22068,4,2
22069,4,3
22070,2,1
22071,4,1
22072,2,1
22073,4,1
22074,3,1
22075,2,1
22076,3,1
22077,4,2
22078,3,2
22079,2,1
22080,2,2
22081,2,1
22082,5,2
22083,8,1
22084,3,3
22085,2,1
22086,5,1
22087,2,2
22088,3,1
22089,3,1
22090,2,1
22091,2,1
22092,2,1
22093,6,1
22094,2,2
22095,3,1
22096,2,1
22097,4,1
22098,2,1
22099,4,3
22100,5,2
22101,2,1
22102,7,1
22103,2,1
22104,6,1
22105,4,4
22106,2,1
22107,2,2
22108,5,1
22109,2,1
22110,3,3
22111,2,2
22112,4,1
22113,4,2
22114,8,4
22115,3,3
22116,7,1
22117,3,1
22118,2,1
22119,2,1
22120,2,1
22121,2,2
22122,2,2
22123,6,1
22124,2,2
22125,5,4
22126,2,1
22127,11,2
22128,2,1
22129,5,1
22130,3,1
22131,2,1
22132,6,3
22133,3,3
22134,3,1
22135,5,1
22136,2,2
22137,5,4
22138,2,1
22139,2,2
22140,5,1
22141,2,2
22142,7,6
22143,4,4
22144,3,2
22145,3,3
22146,2,1
22147,2,2
22148,2,1
22149,2,2
22150,2,2
22151,2,1
22152,3,1
22153,3,2
22154,3,1
22155,7,2
22156,3,1
22157,3,1
22158,2,1
22159,3,1
22160,3,3
22161,2,1
22162,2,1
22163,5,5
22164,2,1
22165,2,2
22166,4,1
22167,12,3
22168,3,1
22169,2,1
22170,2,1
22171,2,1
22172,3,1
22173,2,2
22174,4,2
22175,3,1
22176,3,1
22177,2,1
22178,4,2
22179,12,3
22180,3,2
22181,2,1
22182,4,4
22183,2,1
22184,4,1
22185,4,4
22186,3,2
22187,3,1
22188,3,2
22189,2,1
22190,6,1
22191,5,4
22192,2,2
22193,2,2
22194,5,1
22195,5,1
22196,2,1
22197,3,2
22198,4,4
22199,2,2
22200,2,2
22201,2,1
22202,3,2
22203,2,1
22204,2,1
22205,2,2
22206,2,1
22207,2,1
22208,2,1
22209,3,1
22210,2,2
22211,16,1
22212,9,2
22213,8,1
22214,5,2
22215,2,2
22216,2,2
22217,3,1
22218,3,2
22219,6,3
22220,3,2
22221,2,1
22222,4,4
22223,3,2
22224,4,1
22225,3,1
22226,3,1
22227,2,1
22228,2,1
22229,2,1
22230,9,8
22231,3,3
22232,2,1
22233,2,1
22234,2,1
22235,3,1
22236,2,1
22237,7,3
22238,2,2
22239,3,1
22240,3,1
22241,2,2
22242,12,1
22243,4,2
22244,2,1
22245,3,1
22246,5,1
22247,6,1
22248,5,1
22249,2,1
22250,2,1
22251,2,1
22252,2,2
22253,2,2
22254,4,2
22255,4,1
22256,2,1
22257,2,2
22258,2,1
22259,2,1
22260,5,5
22261,2,1
22262,7,1
22263,3,1
22264,2,2
22265,3,1
22266,5,1
22267,2,1
22268,3,2
22269,6,3
22270,2,1
22271,5,2
22272,18,7
22273,8,4
22274,3,3
22275,2,2
22276,2,1
22277,2,1
22278,12,6
22279,2,1
22280,9,3
22281,3,2
22282,5,1
22283,3,1
22284,4,2
22285,2,1
22286,4,1
22287,3,1
22288,3,2
22289,3,2
22290,6,2
22291,2,2
22292,2,2
22293,2,1
22294,3,1
22295,5,2
22296,3,1
22297,5,1
22298,3,2
22299,2,1
22300,3,3
22301,4,1
22302,2,1
22303,2,1
22304,2,2
22305,3,1
22306,6,1
22307,3,3
22308,2,2
22309,3,1
22310,2,2
22311,3,2
22312,3,1
22313,4,4
22314,2,2
22315,3,3
22316,2,2
22317,2,2
22318,12,1
22319,2,2
22320,4,3
22321,6,5
22322,11,1
22323,2,1
22324,5,4
22325,2,1
22326,10,1
22327,2,1
22328,2,2
22329,2,1
22330,2,2
22331,3,1
22332,6,2
22333,7,1
22334,2,1
22335,2,1
22336,3,3
22337,2,1
22338,7,7
22339,4,1
22340,15,1
22341,2,2
22342,4,1
22343,5,1
22344,2,1
22345,11,1
22346,2,1
22347,4,1
22348,3,2
22349,2,2
22350,5,2
22351,4,1
22352,3,3
22353,3,1
22354,3,2
22355,2,1
22356,2,1
22357,3,1
22358,3,1
22359,3,1
22360,2,1
22361,2,1
22362,2,1
22363,3,1
22364,2,1
22365,4,2
22366,2,1
22367,2,1
22368,2,1
22369,2,2
22370,2,1
22371,4,3
22372,2,1
22373,2,1
22374,2,1
22375,2,1
22376,2,1
22377,2,2
22378,2,1
22379,3,1
22380,3,1
22381,4,2
22382,3,1
22383,2,1
22384,5,1
22385,2,2
22386,7,1
22387,2,1
22388,2,1
22389,6,4
22390,5,2
22391,2,1
22392,3,3
22393,3,2
22394,28,1
22395,2,2
22396,3,1
22397,3,1
22398,2,1
22399,2,1
22400,8,1
22401,2,1
22402,2,2
22403,4,1
22404,3,3
22405,10,5
22406,6,2
22407,2,1
22408,2,2
22409,5,1
22410,2,1
22411,3,1
22412,2,1
22413,4,1
22414,6,1
22415,2,1
22416,3,1
22417,5,2
22418,3,2
22419,3,1
22420,5,1
22421,2,1
22422,6,3
22423,3,1
22424,2,1
22425,2,2
22426,2,1
22427,4,1
22428,3,3
22429,2,1
22430,2,1
22431,2,1
22432,4,1
22433,3,1
22434,9,6
22435,3,1
22436,4,1
22437,8,1
22438,2,2
22439,6,1
22440,3,2
22441,5,1
22442,3,2
22443,2,1
22444,2,1
22445,7,2
22446,2,1
22447,5,4
22448,2,1
22449,2,2
22450,5,2
22451,5,1
22452,3,1
22453,3,1
22454,2,2
22455,2,1
22456,2,2
22457,3,3
22458,2,2
22459,4,1
22460,2,1
22461,2,1
22462,2,1
22463,2,1
22464,2,2
22465,6,1
22466,2,2
22467,14,1
22468,3,1
22469,2,1
22470,3,1
22471,4,1
22472,3,1
22473,2,1
22474,2,1
22475,3,1
22476,43,1
22477,5,3
22478,7,1
22479,4,3
22480,10,1
22481,2,2
22482,2,1
22483,2,1
22484,5,2
22485,9,1
22486,4,4
22487,4,1
22488,2,1
22489,4,2
22490,3,1
22491,5,2
22492,5,1
22493,2,1
22494,2,2
22495,2,1
22496,3,1
22497,8,5
22498,3,1
22499,10,3
22500,6,1
22501,2,1
22502,2,1
22503,4,1
22504,4,1
22505,4,2
22506,3,1
22507,2,1
22508,2,1
22509,2,2
22510,2,1
22511,2,1
22512,4,1
22513,10,3
22514,2,1
22515,2,1
22516,2,1
22517,2,1
22518,2,2
22519,3,2
22520,7,1
22521,5,1
22522,4,1
22523,3,2
22524,4,1
22525,2,1
22526,2,1
22527,2,1
22528,7,3
22529,8,1
22530,5,1
22531,5,2
22532,3,2
22533,4,1
22534,11,1
22535,3,3
22536,2,1
22537,2,1
22538,2,1
22539,3,1
22540,2,1
22541,2,1
22542,2,1
22543,2,1
22544,4,3
22545,5,5
22546,3,1
22547,4,2
22548,3,1
22549,2,1
22550,2,2
22551,4,3
22552,4,1
22553,2,1
22554,2,1
22555,4,2
22556,3,1
22557,2,1
22558,2,2
22559,3,3
22560,2,2
22561,2,1
22562,6,6
22563,2,1
22564,2,2
22565,2,2
22566,2,1
22567,2,1
22568,5,1
22569,2,2
22570,2,1
22571,2,1
22572,2,1
22573,3,1
22574,2,1
22575,2,1
22576,4,1
22577,9,3
22578,3,1
22579,2,1
22580,2,2
22581,2,1
22582,2,2
22583,2,1
22584,2,1
22585,2,1
22586,4,2
22587,10,4
22588,2,1
22589,4,1
22590,3,2
22591,4,4
22592,3,2
22593,3,1
22594,6,2
22595,2,2
22596,4,1
22597,3,1
22598,3,2
22599,5,1
22600,2,2
22601,5,3
22602,2,1
22603,3,1
22604,3,2
22605,2,2
22606,7,2
22607,2,1
22608,5,1
22609,2,1
22610,3,1
22611,2,1
22612,2,1
22613,3,1
22614,2,2
22615,4,1
22616,4,2
22617,5,3
22618,3,2
22619,2,1
22620,8,1
22621,2,2
22622,6,1
22623,2,1
22624,2,1
22625,2,2
22626,4,1
22627,5,2
22628,2,2
22629,3,1
22630,5,1
22631,2,1
22632,2,1
22633,2,2
22634,3,1
22635,8,3
22636,6,2
22637,11,1
22638,5,3
22639,22,1
22640,2,1
22641,2,1
22642,4,1
22643,3,2
22644,4,1
22645,2,1
22646,3,2
22647,4,2
22648,6,1
22649,5,1
22650,5,4
22651,5,5
22652,2,1
22653,2,1
22654,2,1
22655,2,2
22656,11,2
22657,2,1
22658,7,2
22659,4,3
22660,3,2
22661,5,2
22662,4,1
22663,3,2
22664,2,2
22665,2,1
22666,2,1
22667,4,4
22668,2,1
22669,6,5
22670,5,1
22671,2,1
22672,2,1
22673,3,2
22674,4,3
22675,2,1
22676,10,1
22677,2,1
22678,8,3
22679,2,1
22680,3,3
22681,4,1
22682,3,3
22683,3,2
22684,2,1
22685,5,4
22686,2,1
22687,2,2
22688,6,2
22689,3,2
22690,2,1
22691,2,2
22692,3,3
22693,2,1
22694,7,2
22695,4,2
22696,2,1
22697,2,1
22698,3,1
22699,3,1
22700,3,1
22701,7,2
22702,3,3
22703,5,5
22704,6,2
22705,2,1
22706,4,2
22707,4,1
22708,2,1
22709,4,1
22710,2,1
22711,2,1
22712,3,2
22713,5,3
22714,2,2
22715,2,1
22716,2,2
22717,4,2
22718,2,1
22719,3,1
22720,3,1
22721,3,1
22722,4,1
22723,3,3
22724,3,1
22725,2,2
22726,9,1
22727,3,1
22728,2,1
22729,9,2
22730,8,5
22731,2,1
22732,3,1
22733,2,1
22734,2,1
22735,5,1
22736,4,3
22737,6,1
22738,2,2
22739,3,2
22740,4,2
22741,2,1
22742,3,1
22743,2,2
22744,2,2
22745,4,3
22746,2,2
22747,2,2
22748,3,3
22749,2,1
22750,3,1
22751,3,1
22752,2,2
22753,6,2
22754,6,1
22755,2,1
22756,2,2
22757,3,2
22758,5,1
22759,2,2
22760,4,3
22761,3,3
22762,2,2
22763,2,1
22764,2,1
22765,4,4
22766,3,3
22767,2,1
22768,2,1
22769,10,1
22770,2,1
22771,5,5
22772,2,1
22773,2,1
22774,9,2
22775,2,1
22776,3,1
22777,3,2
22778,2,1
22779,2,1
22780,2,2
22781,2,1
22782,2,1
22783,2,1
22784,2,1
22785,4,3
22786,2,2
22787,2,1
22788,3,2
22789,2,1
22790,2,1
22791,3,2
22792,4,1
22793,4,1
22794,7,3
22795,11,1
22796,2,1
22797,2,1
22798,4,4
22799,6,1
22800,2,1
22801,2,1
22802,3,1
22803,3,2
22804,2,1
22805,4,1
22806,3,1
22807,3,3
22808,5,4
22809,2,2
22810,3,2
22811,3,3
22812,4,2
22813,4,2
22814,2,1
22815,2,2
22816,2,1
22817,2,1
22818,2,2
22819,6,1
22820,3,3
22821,5,3
22822,3,1
22823,2,2
22824,2,1
22825,5,4
22826,3,1
22827,5,1
22828,3,2
22829,2,1
22830,2,1
22831,4,1
22832,2,1
22833,2,2
22834,2,2
22835,2,1
22836,4,1
22837,4,2
22838,3,1
22839,4,1
22840,2,2
22841,2,2
22842,2,1
22843,7,3
22844,6,3
22845,2,1
22846,2,1
22847,8,1
22848,2,2
22849,6,2
22850,2,1
22851,4,2
22852,2,1
22853,6,1
22854,2,1
22855,10,2
22856,3,1
22857,2,1
22858,3,1
22859,3,1
22860,6,2
22861,2,2
22862,5,1
22863,2,1
22864,5,2
22865,2,1
22866,4,1
22867,3,1
22868,3,2
22869,4,1
22870,6,1
22871,4,3
22872,3,1
22873,2,1
22874,3,1
22875,2,2
22876,2,2
22877,4,4
22878,2,1
22879,3,2
22880,2,1
22881,2,1
22882,2,1
22883,2,2
22884,6,4
22885,3,2
22886,2,1
22887,2,1
22888,3,1
22889,3,3
22890,5,1
22891,3,1
22892,18,1
22893,3,1
22894,2,1
22895,4,1
22896,2,1
22897,3,1
22898,7,1
22899,2,2
22900,3,1
22901,2,1
22902,2,2
22903,2,2
22904,4,2
22905,2,1
22906,2,2
22907,3,1
22908,4,2
22909,2,1
22910,5,1
22911,5,3
22912,4,3
22913,2,2
22914,3,2
22915,2,1
22916,2,2
22917,5,1
22918,2,1
22919,2,1
22920,4,2
22921,2,1
22922,3,2
22923,2,1
22924,8,1
22925,2,1
22926,3,1
22927,2,1
22928,2,2
22929,2,1
22930,7,1
22931,2,1
22932,3,2
22933,2,2
22934,2,2
22935,4,1
22936,5,1
22937,6,3
22938,3,2
22939,2,1
22940,5,1
22941,2,2
22942,2,1
22943,2,2
22944,3,2
22945,2,1
22946,3,2
22947,2,2
22948,2,1
22949,4,4
22950,3,3
22951,3,1
22952,4,2
22953,2,1
22954,3,3
22955,2,1
22956,3,1
22957,2,1
22958,5,1
22959,3,1
22960,4,1
22961,8,5
22962,2,2
22963,3,1
22964,5,2
22965,6,1
22966,2,2
22967,4,2
22968,8,6
22969,4,1
22970,7,3
22971,3,1
22972,3,1
22973,2,1
22974,3,2
22975,2,1
22976,2,1
22977,2,1
22978,2,2
22979,2,2
22980,2,1
22981,2,1
22982,5,2
22983,2,1
22984,2,1
22985,3,1
22986,3,1
22987,2,2
22988,2,1
22989,2,1
22990,2,2
22991,2,2
22992,6,2
22993,3,1
22994,2,1
22995,2,2
22996,3,1
22997,3,1
22998,2,2
22999,2,1
23000,2,1
23001,3,1
23002,3,1
23003,3,1
23004,4,1
23005,5,1
23006,10,2
23007,2,2
23008,2,1
23009,2,1
23010,3,1
23011,10,2
23012,4,3
23013,2,1
23014,2,1
23015,3,1
23016,4,1
23017,6,1
23018,2,1
23019,3,1
23020,4,4
23021,3,2
23022,4,1
23023,3,2
23024,2,1
23025,4,2
23026,8,1
23027,4,1
23028,3,2
23029,2,1
23030,2,1
23031,2,1
23032,3,2
23033,2,2
23034,2,1
23035,2,1
23036,3,3
23037,2,1
23038,2,1
23039,2,2
23040,6,4
23041,2,1
23042,2,1
23043,2,1
23044,4,1
23045,8,2
23046,2,1
23047,6,1
23048,3,1
23049,2,1
23050,2,1
23051,2,1
23052,2,1
23053,6,3
23054,3,1
23055,4,1
23056,2,1
23057,4,1
23058,2,2
23059,3,3
23060,2,1
23061,5,1
23062,2,1
23063,3,2
23064,3,2
23065,5,1
23066,3,1
23067,2,1
23068,4,2
23069,2,2
23070,2,1
23071,2,1
23072,2,1
23073,3,1
23074,2,2
23075,2,1
23076,2,1
23077,2,2
23078,2,1
23079,3,1
23080,4,1
23081,2,1
23082,3,1
23083,2,2
23084,2,1
23085,2,1
23086,2,1
23087,2,1
23088,2,1
23089,7,1
23090,2,1
23091,2,2
23092,2,1
23093,5,1
23094,3,1
23095,3,1
23096,3,1
23097,3,3
23098,3,1
23099,5,1
23100,2,2
23101,6,1
23102,2,2
23103,2,1
23104,7,5
23105,3,1
23106,3,1
23107,3,1
23108,4,1
23109,2,1
23110,2,1
23111,9,4
23112,2,2
23113,4,1
23114,9,1
23115,4,1
23116,3,1
23117,2,2
23118,6,1
23119,3,1
23120,2,2
23121,2,1
23122,2,2
23123,3,3
23124,3,2
23125,2,1
23126,3,1
23127,4,1
23128,3,1
23129,2,2
23130,2,1
23131,2,2
23132,10,1
23133,3,1
23134,2,2
23135,3,1
23136,2,1
23137,2,2
23138,4,1
23139,2,1
23140,2,1
23141,4,1
23142,2,2
23143,2,2
23144,3,2
23145,2,2
23146,2,2
23147,4,1
23148,2,2
23149,2,1
23150,3,3
23151,2,1
23152,5,4
23153,2,1
23154,2,1
23155,12,7
23156,2,1
23157,2,1
23158,2,2
23159,6,2
23160,6,1
23161,8,3
23162,6,4
23163,3,3
23164,4,2
23165,2,1
23166,2,1
23167,2,1
23168,2,1
23169,2,1
23170,2,1
23171,3,3
23172,2,1
23173,6,4
23174,11,9
23175,2,1
23176,4,1
23177,4,1
23178,2,1
23179,3,3
23180,2,1
23181,7,1
23182,2,2
23183,4,3
23184,2,2
23185,4,1
23186,5,3
23187,3,1
23188,6,3
23189,3,1
23190,5,1
23191,2,1
23192,2,2
23193,2,1
23194,2,1
23195,2,2
23196,3,2
23197,4,1
23198,2,1
23199,3,2
23200,4,2
23201,3,2
23202,2,2
23203,4,1
23204,2,1
23205,4,3
23206,4,2
23207,29,5
23208,2,2
23209,2,2
23210,2,2
23211,5,1
23212,2,2
23213,2,1
23214,2,1
23215,2,1
23216,4,2
23217,2,1
23218,3,1
23219,2,1
23220,3,1
23221,3,2
23222,3,2
23223,2,1
23224,3,1
23225,3,3
23226,4,1
23227,2,2
23228,2,1
23229,2,1
23230,4,3
23231,3,3
23232,5,1
23233,3,2
23234,3,1
23235,2,1
23236,7,1
23237,8,1
23238,2,1
23239,2,1
23240,2,1
23241,2,1
23242,2,1
23243,5,3
23244,2,1
23245,2,1
23246,5,4
23247,4,1
23248,5,5
23249,2,1
23250,2,1
23251,5,5
23252,2,1
23253,2,1
23254,2,2
23255,2,1
23256,6,4
23257,2,1
23258,4,1
23259,3,2
23260,3,1
23261,7,1
23262,2,2
23263,5,2
23264,2,2
23265,2,1
23266,4,4
23267,3,2
23268,2,1
23269,2,1
23270,2,2
23271,9,1
23272,2,2
23273,11,2
23274,2,2
23275,3,1
23276,5,4
23277,4,1
23278,2,1
23279,2,1
23280,3,1
23281,4,3
23282,9,1
23283,4,1
23284,2,2
23285,2,2
23286,2,1
23287,2,1
23288,3,1
23289,2,2
23290,5,1
23291,6,4
23292,4,2
23293,3,2
23294,5,5
23295,8,2
23296,2,1
23297,4,1
23298,2,1
23299,4,2
23300,2,1
23301,3,2
23302,3,3
23303,2,2
23304,5,4
23305,3,1
23306,2,2
23307,2,1
23308,2,2
23309,4,1
23310,2,1
23311,4,1
23312,3,2
23313,4,2
23314,3,1
23315,3,2
23316,3,1
23317,2,1
23318,7,2
23319,3,2
23320,2,1
23321,2,1
23322,5,4
23323,2,1
23324,2,1
23325,2,1
23326,2,2
23327,3,1
23328,3,1
23329,3,1
23330,3,3
23331,3,1
23332,2,1
23333,3,1
23334,2,2
23335,2,2
23336,3,3
23337,2,1
23338,2,1
23339,4,1
23340,2,1
23341,4,1
23342,2,2
23343,4,1
23344,3,2
23345,3,3
23346,2,2
23347,4,2
23348,2,2
23349,3,2
23350,2,2
23351,2,1
23352,2,1
23353,2,1
23354,5,5
23355,2,1
23356,2,2
23357,3,1
23358,5,2
23359,6,4
23360,2,1
23361,3,1
23362,3,2
23363,3,3
23364,4,1
23365,3,1
23366,2,1
23367,11,1
23368,4,1
23369,7,4
23370,2,1
23371,5,4
23372,6,1
23373,2,1
23374,2,1
23375,5,1
23376,2,2
23377,2,1
23378,4,1
23379,4,1
23380,3,1
23381,2,1
23382,3,3
23383,6,6
23384,4,1
23385,4,2
23386,2,2
23387,2,1
23388,2,2
23389,2,1
23390,4,1
23391,5,1
23392,3,1
23393,5,3
23394,2,1
23395,2,1
23396,3,1
23397,3,3
23398,3,1
23399,2,1
23400,2,2
23401,7,1
23402,2,2
23403,4,1
23404,3,3
23405,6,2
23406,5,1
23407,3,1
23408,8,1
23409,5,2
23410,5,5
23411,3,1
23412,4,1
23413,3,1
23414,3,1
23415,2,2
23416,2,2
23417,3,3
23418,3,3
23419,5,3
23420,2,2
23421,2,1
23422,3,3
23423,3,1
23424,2,1
23425,3,2
23426,6,1
23427,4,1
23428,7,1
23429,2,1
23430,2,1
23431,2,1
23432,2,1
23433,7,2
23434,2,1
23435,4,1
23436,2,1
23437,2,2
23438,11,1
23439,2,1
23440,2,1
23441,4,1
23442,3,1
23443,2,1
23444,2,1
23445,2,1
23446,2,1
23447,6,3
23448,3,2
23449,2,2
23450,2,2
23451,3,2
23452,2,1
23453,13,2
23454,2,1
23455,2,1
23456,2,2
23457,2,1
23458,3,2
23459,3,1
23460,3,2
23461,3,2
23462,2,1
23463,2,1
23464,3,3
23465,2,1
23466,3,1
23467,2,1
23468,7,2
23469,2,2
23470,2,2
23471,9,3
23472,5,1
23473,2,2
23474,3,1
23475,4,2
23476,2,1
23477,2,1
23478,2,2
23479,2,2
23480,3,1
23481,3,1
23482,2,2
23483,2,2
23484,3,2
23485,2,1
23486,2,1
23487,3,2
23488,8,3
23489,3,2
23490,2,1
23491,2,1
23492,5,3
23493,2,1
23494,3,1
23495,2,2
23496,5,1
23497,2,1
23498,2,1
23499,2,1
23500,2,1
23501,2,2
23502,3,2
23503,4,2
23504,2,1
23505,6,2
23506,2,1
23507,2,1
23508,5,1
23509,2,2
23510,8,2
23511,3,1
23512,8,2
23513,2,2
23514,2,1
23515,2,1
23516,2,2
23517,2,1
23518,10,1
23519,3,1
23520,3,3
23521,2,1
23522,4,1
23523,2,2
23524,2,2
23525,3,1
23526,3,1
23527,2,1
23528,4,2
23529,2,1
23530,3,1
23531,2,1
23532,3,1
23533,4,2
23534,5,2
23535,4,2
23536,6,3
23537,3,2
23538,2,1
23539,3,1
23540,3,1
23541,2,2
23542,3,2
23543,2,2
23544,3,2
23545,2,2
23546,4,2
23547,2,2
23548,3,1
23549,2,2
23550,4,1
23551,3,1
23552,2,2
23553,2,1
23554,3,1
23555,3,3
23556,5,1
23557,7,1
23558,2,1
23559,2,1
23560,3,3
23561,2,1
23562,4,1
23563,2,2
23564,2,1
23565,2,2
23566,3,3
23567,4,3
23568,3,3
23569,2,1
23570,5,3
23571,3,1
23572,6,1
23573,2,2
23574,4,2
23575,9,1
23576,4,1
23577,2,2
23578,2,2
23579,2,1
23580,2,2
23581,2,2
23582,7,1
23583,3,2
23584,2,1
23585,2,1
23586,2,1
23587,2,2
23588,3,2
23589,5,2
23590,2,1
23591,2,1
23592,3,1
23593,3,1
23594,4,3
23595,3,2
23596,3,1
23597,4,1
23598,2,2
23599,2,1
23600,2,1
23601,5,1
23602,3,1
23603,2,1
23604,6,2
23605,3,2
23606,4,2
23607,2,1
23608,2,1
23609,2,1
23610,6,1
23611,2,2
23612,4,2
23613,6,4
23614,2,1
23615,2,2
23616,2,2
23617,4,1
23618,8,7
23619,2,1
23620,2,2
23621,3,1
23622,4,2
23623,3,3
23624,2,2
23625,2,2
23626,2,1
23627,2,1
23628,3,1
23629,2,1
23630,4,1
23631,4,1
23632,2,2
23633,2,1
23634,3,1
23635,3,2
23636,3,1
23637,2,2
23638,2,1
23639,2,2
23640,2,2
23641,9,1
23642,2,1
23643,3,3
23644,5,1
23645,2,2
23646,2,2
23647,3,1
23648,2,1
23649,2,1
23650,3,2
23651,2,2
23652,2,1
23653,2,2
23654,2,2
23655,4,1
23656,2,1
23657,2,1
23658,7,6
23659,2,1
23660,2,1
23661,2,1
23662,6,1
23663,3,2
23664,2,1
23665,2,1
23666,3,1
23667,2,1
23668,3,3
23669,3,2
23670,2,1
23671,2,2
23672,7,1
23673,3,2
23674,3,1
23675,6,6
23676,2,1
23677,4,1
23678,3,2
23679,2,2
23680,3,1
23681,3,1
23682,3,1
23683,2,2
23684,3,3
23685,3,1
23686,2,1
23687,2,1
23688,2,1
23689,2,1
23690,2,2
23691,2,2
23692,2,1
23693,2,2
23694,2,2
23695,4,2
23696,8,1
23697,4,2
23698,2,1
23699,3,3
23700,5,1
23701,3,1
23702,2,2
23703,4,1
23704,2,2
23705,4,4
23706,2,1
23707,2,1
23708,2,1
23709,3,1
23710,3,2
23711,4,1
23712,3,1
23713,2,2
23714,3,1
23715,2,2
23716,3,1
23717,2,2
23718,2,2
23719,7,5
23720,5,1
23721,4,1
23722,2,1
23723,2,1
23724,4,2
23725,10,2
23726,2,1
23727,2,1
23728,2,1
23729,4,1
23730,2,2
23731,2,1
23732,4,2
23733,3,1
23734,3,1
23735,2,2
23736,2,2
23737,4,1
23738,2,1
23739,3,1
23740,3,2
23741,2,2
23742,2,2
23743,3,1
23744,2,1
23745,2,1
23746,4,1
23747,4,2
23748,3,1
23749,3,1
23750,5,2
23751,5,3
23752,2,1
23753,5,2
23754,16,4
23755,5,1
23756,2,1
23757,2,1
23758,3,2
23759,2,1
23760,3,1
23761,2,1
23762,6,3
23763,2,2
23764,3,1
23765,2,2
23766,4,1
23767,4,2
23768,2,1
23769,3,1
23770,2,1
23771,2,1
23772,3,1
23773,2,1
23774,4,2
23775,2,2
23776,2,2
23777,3,2
23778,3,3
23779,2,2
23780,2,1
23781,2,1
23782,2,1
23783,3,1
23784,2,2
23785,2,1
23786,3,3
23787,2,2
23788,2,1
23789,2,1
23790,2,2
23791,2,1
23792,2,1
23793,2,2
23794,6,1
23795,6,4
23796,2,1
23797,3,2
23798,3,2
23799,3,3
23800,2,1
23801,2,1
23802,2,1
23803,9,2
23804,2,1
23805,2,1
23806,3,2
23807,2,1
23808,2,1
23809,2,1
23810,3,2
23811,2,2
23812,2,2
23813,2,2
23814,2,1
23815,2,1
23816,2,1
23817,3,1
23818,3,1
23819,3,1
23820,3,1
23821,3,3
23822,2,1
23823,5,2
23824,2,2
23825,3,3
23826,2,2
23827,2,2
23828,5,1
23829,2,1
23830,3,2
23831,3,1
23832,3,1
23833,4,1
23834,3,3
23835,2,1
23836,2,1
23837,3,3
23838,3,3
23839,2,2
23840,2,2
23841,2,2
23842,4,4
23843,2,1
23844,2,2
23845,4,1
23846,2,2
23847,3,2
23848,3,3
23849,5,1
23850,5,4
23851,2,1
23852,4,2
23853,3,1
23854,2,1
23855,2,1
23856,5,1
23857,2,1
23858,2,1
23859,2,1
23860,5,3
23861,2,1
23862,2,1
23863,2,2
23864,4,1
23865,2,2
23866,2,2
23867,2,1
23868,2,2
23869,3,1
23870,4,2
23871,2,1
23872,4,2
23873,2,2
23874,2,1
23875,2,1
23876,2,2
23877,3,1
23878,2,2
23879,4,1
23880,4,1
23881,7,1
23882,4,2
23883,3,1
23884,2,1
23885,2,1
23886,2,1
23887,3,3
23888,2,1
23889,6,3
23890,2,1
23891,3,1
23892,4,1
23893,4,1
23894,3,1
23895,6,4
23896,2,1
23897,2,2
23898,4,2
23899,2,2
23900,3,1
23901,3,1
23902,2,1
23903,3,1
23904,3,1
23905,3,1
23906,2,1
23907,3,2
23908,2,1
23909,2,2
23910,2,1
23911,3,1
23912,7,5
23913,2,2
23914,2,1
23915,2,2
23916,3,1
23917,5,3
23918,4,1
23919,3,1
23920,2,1
23921,2,1
23922,2,2
23923,3,1
23924,2,1
23925,2,2
23926,2,2
23927,4,1
23928,5,1
23929,4,1
23930,2,2
23931,5,1
23932,2,1
23933,2,1
23934,4,2
23935,2,1
23936,2,1
23937,7,2
23938,2,1
23939,2,2
23940,4,2
23941,2,1
23942,2,1
23943,4,1
23944,2,1
23945,6,1
23946,2,2
23947,3,1
23948,4,2
23949,3,1
23950,2,2
23951,2,1
23952,4,2
23953,4,3
23954,2,2
23955,2,1
23956,5,1
23957,3,2
23958,2,1
23959,4,3
23960,2,1
23961,2,1
23962,3,1
23963,4,2
23964,2,1
23965,2,1
23966,2,1
23967,2,2
23968,2,1
23969,2,1
23970,2,2
23971,2,1
23972,6,1
23973,2,1
23974,4,2
23975,3,2
23976,2,2
23977,4,3
23978,3,1
23979,10,1
23980,2,1
23981,2,1
23982,2,2
23983,2,2
23984,3,1
23985,2,1
23986,2,2
23987,2,1
23988,3,2
23989,2,2
23990,2,2
23991,2,2
23992,3,1
23993,4,2
23994,2,2
23995,3,2
23996,2,1
23997,3,1
23998,4,1
23999,5,2
24000,2,1
24001,5,1
24002,2,2
24003,4,2
24004,3,1
24005,3,3
24006,2,2
24007,2,1
24008,4,4
24009,6,2
24010,2,1
24011,3,1
24012,2,2
24013,3,1
24014,2,2
24015,4,1
24016,4,3
24017,2,2
24018,2,1
24019,3,3
24020,3,1
24021,2,1
24022,3,1
24023,2,1
24024,3,1
24025,2,1
24026,3,3
24027,4,1
24028,14,1
24029,2,2
24030,10,2
24031,2,1
24032,3,1
24033,2,1
24034,2,2
24035,2,1
24036,2,1
24037,2,1
24038,2,2
24039,2,1
24040,2,2
24041,2,2
24042,4,2
24043,4,2
24044,5,2
24045,5,1
24046,2,2
24047,3,3
24048,2,2
24049,2,1
24050,3,1
24051,2,1
24052,2,1
24053,2,2
24054,2,1
24055,3,1
24056,3,1
24057,3,1
24058,7,5
24059,3,3
24060,2,2
24061,4,4
24062,2,2
24063,2,1
24064,2,1
24065,9,1
24066,2,2
24067,2,1
24068,2,2
24069,5,3
24070,2,1
24071,2,1
24072,2,1
24073,2,1
24074,5,3
24075,6,2
24076,2,1
24077,2,1
24078,4,3
24079,2,1
24080,6,3
24081,2,1
24082,2,1
24083,2,1
24084,3,2
24085,2,2
24086,2,1
24087,3,2
24088,2,1
24089,4,2
24090,2,1
24091,11,1
24092,37,3
24093,2,1
24094,2,2
24095,2,1
24096,2,1
24097,2,1
24098,2,1
24099,3,1
24100,3,1
24101,3,1
24102,3,3
24103,4,2
24104,2,1
24105,4,1
24106,2,1
24107,2,1
24108,3,1
24109,2,1
24110,2,1
24111,3,1
24112,2,1
24113,4,2
24114,2,2
24115,2,1
24116,3,1
24117,2,1
24118,2,1
24119,5,1
24120,55,1
24121,3,3
24122,2,1
24123,2,1
24124,2,1
24125,14,1
24126,2,1
24127,2,1
24128,2,2
24129,2,2
24130,8,1
24131,4,1
24132,3,1
24133,3,2
24134,5,2
24135,4,2
24136,12,3
24137,4,1
24138,2,1
24139,22,2
24140,4,2
24141,2,1
24142,2,1
24143,9,3
24144,2,1
24145,3,1
24146,2,1
24147,2,1
24148,13,2
24149,2,1
24150,6,1
24151,2,2
24152,3,2
24153,3,2
24154,4,3
24155,11,6
24156,2,2
24157,6,3
24158,2,1
24159,15,1
24160,4,2
24161,2,1
24162,2,1
24163,2,1
24164,4,1
24165,2,1
24166,4,3
24167,2,1
24168,2,1
24169,2,1
24170,3,1
24171,4,1
24172,2,1
24173,2,1
24174,5,4
24175,6,2
24176,3,1
24177,2,2
24178,2,2
24179,8,2
24180,2,2
24181,2,1
24182,3,2
24183,4,1
24184,5,4
24185,3,2
24186,2,1
24187,4,2
24188,2,1
24189,3,2
24190,2,1
24191,5,5
24192,3,2
24193,3,1
24194,2,2
24195,3,3
24196,2,2
24197,5,5
24198,4,2
24199,3,3
24200,2,2
24201,4,1
24202,2,1
24203,2,1
24204,2,2
24205,2,2
24206,2,2
24207,2,2
24208,3,2
24209,3,1
24210,4,1
24211,8,1
24212,4,1
24213,2,1
24214,4,1
24215,2,1
24216,3,1
24217,2,2
24218,10,2
24219,2,2
24220,3,1
24221,2,1
24222,2,1
24223,4,1
24224,3,1
24225,2,1
24226,3,1
24227,2,2
24228,5,3
24229,3,1
24230,2,1
24231,2,1
24232,3,2
24233,2,1
24234,2,1
24235,2,1
24236,2,2
24237,3,1
24238,2,1
24239,2,1
24240,4,1
24241,6,6
24242,3,1
24243,4,2
24244,2,2
24245,5,1
24246,2,1
24247,6,3
24248,3,2
24249,2,1
24250,4,2
24251,2,2
24252,2,1
24253,2,2
24254,2,2
24255,2,1
24256,2,1
24257,6,4
24258,3,2
24259,3,2
24260,2,2
24261,4,1
24262,2,1
24263,2,1
24264,4,1
24265,2,2
24266,2,1
24267,4,2
24268,3,2
24269,2,1
24270,2,2
24271,5,1
24272,2,1
24273,3,1
24274,7,1
24275,2,1
24276,4,1
24277,2,1
24278,2,2
24279,2,1
24280,6,1
24281,3,1
24282,3,3
24283,2,2
24284,3,1
24285,3,2
24286,2,1
24287,2,2
24288,4,2
24289,2,2
24290,2,1
24291,4,2
24292,3,2
24293,3,2
24294,5,1
24295,2,1
24296,2,1
24297,4,4
24298,3,1
24299,3,2
24300,2,1
24301,5,3
24302,7,1
24303,2,1
24304,2,1
24305,2,2
24306,4,3
24307,2,2
24308,2,1
24309,2,1
24310,3,2
24311,2,2
24312,5,2
24313,4,3
24314,3,1
24315,5,1
24316,3,2
24317,4,1
24318,2,1
24319,2,1
24320,2,2
24321,3,2
24322,2,1
24323,5,4
24324,4,2
24325,2,1
24326,2,2
24327,2,1
24328,10,1
24329,2,2
24330,9,7
24331,3,3
24332,3,1
24333,2,1
24334,2,2
24335,3,1
24336,2,1
24337,2,1
24338,2,1
24339,4,1
24340,2,2
24341,3,1
24342,2,2
24343,2,1
24344,2,2
24345,4,3
24346,2,1
24347,2,1
24348,4,3
24349,7,1
24350,3,1
24351,2,2
24352,2,1
24353,3,2
24354,7,4
24355,2,2
24356,6,4
24357,2,1
24358,3,1
24359,2,1
24360,3,3
24361,2,1
24362,2,1
24363,4,1
24364,2,2
24365,2,1
24366,2,2
24367,4,4
24368,2,2
24369,2,1
24370,2,1
24371,4,2
24372,3,1
24373,2,2
24374,2,1
24375,2,1
24376,2,1
24377,2,1
24378,6,1
24379,3,1
24380,2,1
24381,3,2
24382,2,1
24383,3,3
24384,4,1
24385,2,1
24386,2,2
24387,2,1
24388,2,1
24389,2,1
24390,2,1
24391,2,2
24392,5,1
24393,2,1
24394,2,2
24395,3,1
24396,2,1
24397,4,1
24398,2,1
24399,2,1
24400,2,1
24401,2,1
24402,2,2
24403,4,1
24404,2,1
24405,2,1
24406,2,1
24407,3,1
24408,3,1
24409,3,1
24410,2,1
24411,2,1
24412,2,2
24413,2,1
24414,2,1
24415,11,2
24416,2,1
24417,4,1
24418,3,1
24419,2,1
24420,3,2
24421,2,1
24422,3,2
24423,2,1
24424,2,1
24425,2,1
24426,2,1
24427,3,2
24428,3,2
24429,3,2
24430,2,1
24431,2,1
24432,2,1
24433,2,1
24434,5,4
24435,2,1
24436,3,1
24437,2,1
24438,2,1
24439,4,1
24440,7,4
24441,2,1
24442,2,1
24443,2,2
24444,4,1
24445,3,3
24446,2,1
24447,2,1
24448,3,3
24449,2,1
24450,2,1
24451,2,2
24452,3,1
24453,2,1
24454,2,1
24455,5,1
24456,2,2
24457,5,3
24458,2,1
24459,2,1
24460,5,4
24461,6,6
24462,2,1
24463,2,1
24464,6,2
24465,4,4
24466,2,2
24467,3,1
24468,2,2
24469,2,2
24470,5,1
24471,2,2
24472,5,2
24473,4,2
24474,11,2
24475,4,3
24476,7,3
24477,5,2
24478,3,3
24479,6,4
24480,2,2
24481,2,2
24482,5,3
24483,2,1
24484,2,2
24485,3,1
24486,2,1
24487,4,1
24488,4,1
24489,2,1
24490,3,1
24491,4,1
24492,2,1
24493,2,2
24494,2,1
24495,2,2
24496,6,1
24497,3,2
24498,2,1
24499,2,2
24500,2,1
24501,3,1
24502,4,3
24503,4,3
24504,3,1
24505,2,1
24506,2,1
24507,2,2
24508,2,1
24509,4,4
24510,3,1
24511,2,2
24512,2,1
24513,2,1
24514,3,1
24515,2,2
24516,3,2
24517,3,1
24518,2,1
24519,5,1
24520,4,2
24521,3,1
24522,2,1
24523,2,2
24524,3,2
24525,2,2
24526,3,2
24527,2,1
24528,5,2
24529,4,1
24530,3,3
24531,2,2
24532,2,1
24533,3,3
24534,3,3
24535,2,1
24536,3,1
24537,6,3
24538,2,1
24539,6,1
24540,3,3
24541,3,2
24542,2,1
24543,2,2
24544,3,1
24545,5,2
24546,4,3
24547,4,2
24548,3,2
24549,2,1
24550,2,2
24551,2,1
24552,3,1
24553,3,1
24554,3,1
24555,3,3
24556,2,2
24557,2,1
24558,2,2
24559,6,3
24560,5,2
24561,2,1
24562,2,2
24563,2,2
24564,2,2
24565,2,1
24566,2,1
24567,2,1
24568,2,2
24569,4,2
24570,2,2
24571,2,1
24572,3,1
24573,2,1
24574,4,1
24575,2,2
24576,2,1
24577,2,2
24578,2,1
24579,2,2
24580,2,2
24581,3,1
24582,4,1
24583,5,4
24584,2,1
24585,3,1
24586,5,3
24587,2,1
24588,2,2
24589,3,3
24590,2,1
24591,6,1
24592,2,1
24593,3,1
24594,2,1
24595,2,2
24596,3,1
24597,4,1
24598,2,1
24599,2,1
24600,2,1
24601,3,1
24602,2,2
24603,2,1
24604,2,1
24605,2,1
24606,2,1
24607,2,2
24608,6,2
24609,6,1
24610,2,2
24611,2,1
24612,12,8
24613,6,5
24614,7,1
24615,3,1
24616,4,4
24617,2,1
24618,2,1
24619,3,1
24620,3,3
24621,2,1
24622,2,2
24623,4,1
24624,2,1
24625,2,2
24626,3,1
24627,3,1
24628,2,1
24629,4,4
24630,2,2
24631,2,2
24632,4,1
24633,3,1
24634,2,1
24635,3,2
24636,5,3
24637,2,1
24638,2,1
24639,3,1
24640,7,1
24641,2,2
24642,2,1
24643,7,4
24644,2,1
24645,3,3
24646,3,3
24647,2,2
24648,3,1
24649,2,2
24650,2,1
24651,2,1
24652,2,2
24653,2,2
24654,2,1
24655,2,1
24656,2,2
24657,2,1
24658,4,1
24659,4,3
24660,3,2
24661,2,1
24662,2,1
24663,4,1
24664,2,1
24665,6,3
24666,3,1
24667,2,1
24668,2,1
24669,2,1
24670,5,1
24671,2,2
24672,9,3
24673,2,1
24674,3,3
24675,2,1
24676,2,1
24677,7,3
24678,2,1
24679,2,1
24680,2,1
24681,2,1
24682,3,1
24683,2,1
24684,2,2
24685,2,1
24686,3,2
24687,3,1
24688,3,1
24689,4,1
24690,3,2
24691,2,1
24692,3,1
24693,3,1
24694,4,1
24695,4,4
24696,4,1
24697,12,1
24698,2,1
24699,2,2
24700,6,1
24701,7,1
24702,2,1
24703,2,1
24704,4,1
24705,2,1
24706,3,2
24707,2,1
24708,5,2
24709,2,1
24710,3,1
24711,6,3
24712,3,1
24713,2,2
24714,2,1
24715,3,2
24716,2,1
24717,3,1
24718,2,1
24719,2,2
24720,2,1
24721,2,1
24722,2,1
24723,4,1
24724,2,1
24725,3,1
24726,2,1
24727,2,2
24728,7,1
24729,5,1
24730,2,2
24731,3,1
24732,4,4
24733,2,1
24734,2,1
24735,5,3
24736,4,4
24737,2,2
24738,2,1
24739,6,1
24740,2,1
24741,2,1
24742,3,1
24743,5,3
24744,4,1
24745,2,1
24746,2,1
24747,2,1
24748,2,1
24749,3,2
24750,3,1
24751,3,1
24752,3,1
24753,4,1
24754,2,2
24755,2,1
24756,4,2
24757,2,1
24758,3,2
24759,3,2
24760,2,1
24761,6,4
24762,5,2
24763,2,1
24764,4,4
24765,4,4
24766,2,2
24767,2,1
24768,3,1
24769,2,1
24770,2,1
24771,2,1
24772,7,1
24773,2,2
24774,3,1
24775,6,1
24776,2,1
24777,3,3
24778,6,1
24779,4,3
24780,74,4
24781,2,1
24782,2,1
24783,2,1
24784,2,1
24785,2,1
24786,3,2
24787,2,2
24788,2,2
24789,3,3
24790,3,2
24791,2,1
24792,3,1
24793,2,1
24794,2,2
24795,2,1
24796,3,1
24797,2,2
24798,2,1
24799,3,3
24800,3,1
24801,2,1
24802,2,1
24803,2,2
24804,3,1
24805,2,1
24806,2,1
24807,2,2
24808,5,1
24809,2,1
24810,2,1
24811,3,1
24812,2,1
24813,2,1
24814,2,2
24815,2,2
24816,10,5
24817,3,1
24818,2,2
24819,3,3
24820,2,2
24821,2,1
24822,2,1
24823,2,2
24824,2,1
24825,3,3
24826,2,1
24827,3,1
24828,2,1
24829,2,2
24830,2,2
24831,3,1
24832,5,1
24833,3,3
24834,2,2
24835,2,1
24836,4,1
24837,2,1
24838,2,1
24839,2,2
24840,3,2
24841,4,4
24842,2,1
24843,2,1
24844,2,1
24845,2,1
24846,2,1
24847,2,1
24848,3,2
24849,2,2
24850,3,2
24851,2,1
24852,3,2
24853,2,1
24854,2,1
24855,6,3
24856,2,1
24857,2,1
24858,2,1
24859,2,1
24860,3,1
24861,3,1
24862,4,4
24863,5,2
24864,4,1
24865,3,2
24866,2,1
24867,3,1
24868,2,2
24869,2,1
24870,5,1
24871,2,1
24872,2,1
24873,2,1
24874,2,1
24875,3,2
24876,2,1
24877,2,1
24878,3,2
24879,2,1
24880,3,1
24881,2,1
24882,2,2
24883,4,4
24884,2,1
24885,2,2
24886,2,1
24887,3,2
24888,3,1
24889,3,1
24890,3,1
24891,3,1
24892,2,1
24893,3,1
24894,2,1
24895,4,2
24896,3,1
24897,2,1
24898,6,2
24899,2,1
24900,2,1
24901,2,1
24902,21,3
24903,6,3
24904,3,3
24905,2,2
24906,4,1
24907,2,1
24908,2,2
24909,4,3
24910,2,2
24911,2,1
24912,3,1
24913,3,3
24914,2,1
24915,2,1
24916,2,1
24917,2,2
24918,2,1
24919,2,1
24920,2,2
24921,2,2
24922,2,1
24923,5,3
24924,6,2
24925,2,1
24926,2,1
24927,2,1
24928,2,1
24929,2,2
24930,2,2
24931,2,1
24932,3,1
24933,2,1
24934,3,1
24935,3,1
24936,3,1
24937,5,1
24938,2,1
24939,2,2
24940,7,4
24941,2,1
24942,2,1
24943,2,1
24944,2,1
24945,2,2
24946,2,1
24947,3,1
24948,2,1
24949,2,1
24950,2,2
24951,2,1
24952,6,1
24953,3,2
24954,2,1
24955,4,3
24956,3,1
24957,2,1
24958,6,1
24959,2,1
24960,4,1
24961,3,1
24962,2,1
24963,2,1
24964,2,2
24965,2,2
24966,3,2
24967,2,1
24968,3,1
24969,2,1
24970,2,2
24971,3,2
24972,4,3
24973,4,4
24974,2,2
24975,2,1
24976,2,1
24977,3,1
24978,3,1
24979,3,2
24980,3,1
24981,2,1
24982,4,2
24983,3,1
24984,2,1
24985,2,1
24986,2,2
24987,3,1
24988,2,1
24989,4,1
24990,2,1
24991,3,3
24992,5,3
24993,2,1
24994,3,3
24995,4,4
24996,2,1
24997,2,1
24998,3,1
24999,2,2
25000,2,1
25001,2,1
25002,2,1
25003,4,1
25004,4,1
25005,4,1
25006,3,1
25007,2,1
25008,5,1
25009,2,1
25010,2,2
25011,3,1
25012,2,1
25013,2,2
25014,2,1
25015,5,3
25016,2,2
25017,2,2
25018,3,2
25019,2,2
25020,3,1
25021,2,1
25022,2,1
25023,2,1
25024,2,1
25025,3,1
25026,2,2
25027,2,2
25028,2,1
25029,2,1
25030,2,2
25031,2,1
25032,2,1
25033,3,1
25034,3,3
25035,2,2
25036,3,1
25037,2,1
25038,5,5
25039,2,2
25040,4,1
25041,3,1
25042,4,2
25043,2,1
25044,2,1
25045,2,1
25046,2,2
25047,2,2
25048,2,1
25049,5,2
25050,3,1
25051,2,2
25052,3,1
25053,2,1
25054,3,2
25055,3,1
25056,6,1
25057,3,1
25058,2,1
25059,3,2
25060,3,1
25061,2,1
25062,2,2
25063,4,1
25064,3,1
25065,3,1
25066,4,2
25067,2,1
25068,2,1
25069,4,1
25070,3,3
25071,4,2
25072,3,1
25073,2,1
25074,7,3
25075,3,2
25076,2,1
25077,2,1
25078,2,1
25079,3,1
25080,2,1
25081,4,3
25082,2,1
25083,2,1
25084,2,1
25085,7,1
25086,2,1
25087,2,1
25088,2,1
25089,6,2
25090,2,2
25091,3,1
25092,3,3
25093,2,1
25094,2,1
25095,7,3
25096,2,1
25097,3,1
25098,3,1
25099,5,2
25100,2,2
25101,5,2
25102,2,1
25103,2,2
25104,2,1
25105,2,1
25106,6,1
25107,4,1
25108,2,1
25109,2,2
25110,2,1
25111,2,1
25112,2,1
25113,2,1
25114,2,1
25115,3,1
25116,7,1
25117,5,2
25118,2,2
25119,3,1
25120,2,2
25121,2,2
25122,4,2
25123,2,2
25124,2,2
25125,4,1
25126,2,1
25127,2,2
25128,4,1
25129,4,1
25130,2,1
25131,2,1
25132,2,2
25133,3,1
25134,2,2
25135,3,2
25136,2,2
25137,3,1
25138,2,1
25139,2,2
25140,3,1
25141,2,1
25142,4,3
25143,2,1
25144,2,2
25145,5,1
25146,2,1
25147,2,1
25148,2,2
25149,2,1
25150,2,2
25151,2,1
25152,4,2
25153,3,1
25154,3,2
25155,2,1
25156,2,2
25157,3,2
25158,2,2
25159,2,1
25160,2,2
25161,3,1
25162,3,1
25163,2,2
25164,4,1
25165,2,1
25166,3,2
25167,2,2
25168,2,2
25169,4,1
25170,2,1
25171,2,2
25172,2,1
25173,3,1
25174,2,2
25175,2,1
25176,2,1
25177,4,2
25178,3,2
25179,4,1
25180,2,2
25181,3,1
25182,2,2
25183,3,2
25184,2,1
25185,2,2
25186,2,2
25187,2,2
25188,4,2
25189,3,2
25190,2,1
25191,2,2
25192,4,4
25193,4,3
25194,6,1
25195,2,1
25196,31,1
25197,25,2
25198,4,1
25199,2,2
25200,2,2
25201,4,1
25202,2,2
25203,2,2
25204,3,3
25205,2,1
25206,9,1
25207,3,1
25208,2,2
25209,3,2
25210,2,1
25211,2,1
25212,2,1
25213,2,1
25214,3,1
25215,3,2
25216,2,1
25217,2,1
25218,3,1
25219,2,2
25220,2,1
25221,2,2
25222,5,2
25223,2,1
25224,8,2
25225,2,1
25226,3,2
25227,3,1
25228,2,2
25229,3,3
25230,2,1
25231,2,2
25232,3,3
25233,2,1
25234,15,1
25235,2,1
25236,2,2
25237,2,1
25238,4,2
25239,2,1
25240,2,1
25241,2,1
25242,2,1
25243,2,2
25244,3,1
25245,2,1
25246,3,1
25247,2,1
25248,4,1
25249,2,1
25250,2,2
25251,4,2
25252,2,2
25253,2,1
25254,2,1
25255,2,1
25256,2,1
25257,5,3
25258,3,1
25259,2,1
25260,5,1
25261,4,2
25262,2,1
25263,2,1
25264,2,1
25265,3,1
25266,2,2
25267,2,1
25268,4,1
25269,18,1
25270,2,2
25271,2,1
25272,2,1
25273,2,1
25274,2,2
25275,4,2
25276,2,1
25277,2,1
25278,3,1
25279,2,1
25280,4,1
25281,2,1
25282,3,1
25283,2,2
25284,2,1
25285,2,1
25286,2,1
25287,3,3
25288,4,3
25289,2,1
25290,2,1
25291,7,3
25292,2,2
25293,2,1
25294,4,3
25295,2,1
25296,2,1
25297,3,1
25298,2,2
25299,2,1
25300,5,2
25301,2,1
25302,2,2
25303,2,2
25304,3,1
25305,2,1
25306,2,1
25307,5,1
25308,2,2
25309,2,1
25310,2,1
25311,2,2
25312,3,1
25313,6,2
25314,3,1
25315,2,1
25316,2,1
25317,5,4
25318,2,1
25319,2,1
25320,2,2
25321,2,1
25322,2,1
25323,7,4
25324,3,1
25325,3,2
25326,2,2
25327,3,1
25328,3,1
25329,3,1
25330,2,1
25331,2,1
25332,4,1
25333,3,3
25334,4,1
25335,3,3
25336,4,2
25337,3,1
25338,2,1
25339,2,1
25340,2,1
25341,2,2
25342,2,2
25343,2,1
25344,3,1
25345,4,1
25346,2,1
25347,3,1
25348,3,1
25349,3,1
25350,3,2
25351,2,1
25352,3,3
25353,5,1
25354,2,1
25355,3,1
25356,9,1
25357,8,1
25358,2,1
25359,4,3
25360,2,1
25361,2,1
25362,3,2
25363,2,1
25364,3,2
25365,2,1
25366,4,1
25367,6,1
25368,2,1
25369,2,2
25370,2,1
25371,2,1
25372,4,2
25373,3,1
25374,2,1
25375,3,1
25376,5,4
25377,2,2
25378,2,1
25379,9,3
25380,2,1
25381,2,2
25382,3,1
25383,4,1
25384,3,1
25385,3,2
25386,2,1
25387,2,1
25388,2,1
25389,2,1
25390,2,1
25391,3,2
25392,2,2
25393,2,1
25394,2,1
25395,3,1
25396,2,2
25397,2,1
25398,2,1
25399,2,1
25400,2,1
25401,2,1
25402,2,2
25403,3,1
25404,4,1
25405,2,2
25406,2,1
25407,2,2
25408,2,1
25409,2,2
25410,2,2
25411,3,1
25412,3,2
25413,2,1
25414,2,1
25415,2,1
25416,2,2
25417,2,2
25418,2,1
25419,2,1
25420,2,1
25421,2,1
25422,2,1
25423,3,3
25424,2,1
25425,2,1
25426,3,1
25427,2,2
25428,2,1
25429,4,2
25430,2,2
25431,2,2
25432,3,2
25433,2,2
25434,2,1
25435,2,1
25436,2,2
25437,4,4
25438,2,1
25439,2,2
25440,2,2
25441,2,1
25442,2,1
25443,2,1
25444,2,2
25445,4,1
25446,2,1
25447,2,2
25448,2,1
25449,2,2
25450,3,1
25451,6,1
25452,2,2
25453,3,1
25454,3,2
25455,2,2
25456,2,2
25457,3,3
25458,2,1
25459,6,2
25460,2,1
25461,2,1
25462,3,2
25463,3,1
25464,2,1
25465,2,1
25466,2,1
25467,2,2
25468,2,1
25469,75,1
25470,4,2
25471,3,2
25472,2,1
25473,2,1
25474,2,1
25475,2,2
25476,2,2
25477,2,1
25478,2,2
25479,2,1
25480,3,1
25481,2,1
25482,2,1
25483,4,1
25484,3,2
25485,2,1
25486,3,1
25487,7,2
25488,3,1
25489,2,2
25490,5,5
25491,3,1
25492,5,1
25493,11,1
25494,5,1
25495,3,1
25496,3,1
25497,3,3
25498,2,2
25499,3,1
25500,2,1
25501,3,1
25502,4,1
25503,2,1
25504,4,4
25505,2,2
25506,2,1
25507,7,1
25508,2,1
25509,2,2
25510,2,1
25511,3,2
25512,2,1
25513,11,1
25514,2,2
25515,2,1
25516,4,1
25517,2,1
25518,6,3
25519,2,1
25520,2,1
25521,2,2
25522,2,1
25523,4,4
25524,2,1
25525,2,2
25526,4,1
25527,2,1
25528,2,1
25529,2,1
25530,2,1
25531,2,1
25532,2,1
25533,2,2
25534,3,1
25535,3,3
25536,8,1
25537,3,1
25538,3,1
25539,3,1
25540,2,1
25541,2,1
25542,4,2
25543,2,2
25544,3,1
25545,2,1
25546,5,4
25547,2,1
25548,5,2
25549,2,1
25550,3,1
25551,2,2
25552,2,2
25553,2,1
25554,2,1
25555,6,1
25556,2,1
25557,2,1
25558,3,1
25559,2,1
25560,2,1
25561,2,1
25562,2,1
25563,2,1
25564,2,1
25565,3,2
25566,2,1
25567,2,2
25568,2,1
25569,2,1
25570,2,1
25571,2,1
25572,2,2
25573,3,1
25574,4,1
25575,5,3
25576,2,1
25577,2,1
25578,5,1
25579,3,1
25580,37,2
25581,4,1
25582,7,2
25583,5,4
25584,2,2
25585,2,1
25586,7,2
25587,3,3
25588,2,1
25589,2,2
25590,2,1
25591,2,1
25592,5,1
25593,2,1
25594,2,2
25595,2,1
25596,3,2
25597,2,2
25598,4,1
25599,2,1
25600,6,1
25601,2,2
25602,3,1
25603,2,1
25604,2,1
25605,3,3
25606,3,1
25607,2,2
25608,2,1
25609,5,1
25610,2,1
25611,5,5
25612,2,1
25613,3,1
25614,3,1
25615,2,2
25616,2,1
25617,2,1
25618,3,1
25619,2,1
25620,2,1
25621,2,2
25622,2,1
25623,2,2
25624,3,3
25625,3,1
25626,3,1
25627,5,4
25628,2,1
25629,5,2
25630,2,1
25631,2,1
25632,4,1
25633,3,1
25634,2,1
25635,2,1
25636,2,2
25637,4,3
25638,14,1
25639,2,1
25640,3,1
25641,2,1
25642,3,1
25643,3,1
25644,3,3
25645,5,2
25646,3,1
25647,4,4
25648,3,2
25649,2,1
25650,2,1
25651,2,2
25652,2,1
25653,2,1
25654,3,1
25655,2,2
25656,2,1
25657,2,1
25658,2,1
25659,2,2
25660,4,1
25661,3,3
25662,2,1
25663,2,2
25664,4,4
25665,2,1
25666,2,2
25667,2,1
25668,3,1
25669,4,1
25670,2,2
25671,2,1
25672,2,2
25673,2,2
25674,4,1
25675,3,1
25676,6,2
25677,2,1
25678,3,2
25679,2,2
25680,2,1
25681,2,1
25682,4,2
25683,2,1
25684,4,1
25685,4,1
25686,3,2
25687,2,1
25688,3,1
25689,4,1
25690,4,2
25691,4,1
25692,2,2
25693,5,1
25694,7,1
25695,2,1
25696,2,1
25697,3,1
25698,3,1
25699,2,1
25700,2,1
25701,2,2
25702,2,1
25703,5,1
25704,2,1
25705,2,2
25706,11,2
25707,2,1
25708,3,3
25709,2,1
25710,5,1
25711,3,1
25712,6,1
25713,2,1
25714,3,2
25715,2,2
25716,2,1
25717,2,2
25718,4,2
25719,3,1
25720,2,2
25721,2,2
25722,2,1
25723,2,1
25724,2,1
25725,2,2
25726,4,4
25727,2,1
25728,2,1
25729,4,4
25730,2,2
25731,5,5
25732,3,1
25733,6,3
25734,2,1
25735,5,4
25736,2,1
25737,12,1
25738,2,1
25739,5,1
25740,3,2
25741,2,1
25742,2,1
25743,3,2
25744,4,1
25745,2,1
25746,3,3
25747,2,1
25748,4,1
25749,5,1
25750,5,2
25751,2,1
25752,2,1
25753,2,1
25754,29,1
25755,2,1
25756,2,1
25757,2,1
25758,2,1
25759,3,2
25760,2,1
25761,2,1
25762,2,2
25763,13,1
25764,2,1
25765,9,3
25766,3,1
25767,5,2
25768,2,1
25769,2,1
25770,4,3
25771,2,1
25772,3,2
25773,2,1
25774,2,1
25775,2,1
25776,5,1
25777,3,3
25778,4,3
25779,2,1
25780,3,3
25781,2,1
25782,2,1
25783,2,1
25784,4,1
25785,2,1
25786,4,1
25787,5,2
25788,5,2
25789,2,1
25790,2,2
25791,2,1
25792,4,1
25793,3,2
25794,2,1
25795,2,1
25796,6,1
25797,3,3
25798,2,1
25799,2,1
25800,3,1
25801,2,1
25802,2,1
25803,3,1
25804,2,1
25805,2,2
25806,3,2
25807,4,2
25808,2,1
25809,2,2
25810,2,1
25811,4,1
25812,3,3
25813,3,2
25814,4,1
25815,2,1
25816,3,1
25817,2,1
25818,2,2
25819,2,1
25820,2,1
25821,2,1
25822,2,1
25823,2,1
25824,2,1
25825,2,2
25826,2,1
25827,2,1
25828,3,1
25829,4,1
25830,2,1
25831,3,3
25832,3,1
25833,2,1
25834,4,2
25835,3,3
25836,4,3
25837,4,1
25838,2,1
25839,4,1
25840,2,2
25841,6,1
25842,2,2
25843,6,3
25844,5,1
25845,2,1
25846,3,1
25847,2,1
25848,2,1
25849,3,1
25850,2,1
25851,3,1
25852,2,1
25853,3,2
25854,2,1
25855,4,1
25856,3,1
25857,3,2
25858,2,1
25859,2,1
25860,3,2
25861,2,2
25862,3,1
25863,4,2
25864,3,1
25865,5,1
25866,3,1
25867,3,2
25868,9,3
25869,2,2
25870,3,1
25871,4,1
25872,2,2
25873,3,2
25874,3,1
25875,2,1
25876,2,1
25877,2,1
25878,3,1
25879,2,2
25880,2,1
25881,2,1
25882,8,1
25883,3,2
25884,4,1
25885,3,1
25886,2,1
25887,2,1
25888,3,1
25889,2,1
25890,3,2
25891,3,1
25892,2,1
25893,6,3
25894,2,1
25895,4,1
25896,2,2
25897,2,2
25898,3,1
25899,4,1
25900,2,1
25901,2,1
25902,3,1
25903,16,1
25904,3,1
25905,2,1
25906,2,1
25907,2,1
25908,3,1
25909,4,3
25910,2,1
25911,5,2
25912,2,2
25913,2,2
25914,3,1
25915,8,1
25916,2,1
25917,2,2
25918,2,1
25919,3,1
25920,6,1
25921,3,1
25922,2,1
25923,2,2
25924,2,1
25925,3,2
25926,2,1
25927,2,2
25928,15,2
25929,2,1
25930,6,1
25931,2,1
25932,6,1
25933,2,1
25934,4,1
25935,2,1
25936,2,1
25937,2,1
25938,2,1
25939,3,1
25940,20,2
25941,3,1
25942,7,1
25943,5,2
25944,3,1
25945,4,3
25946,2,2
25947,2,1
25948,2,1
25949,2,1
25950,4,1
25951,2,1
25952,2,1
25953,2,1
25954,3,1
25955,2,2
25956,2,1
25957,2,1
25958,2,1
25959,16,1
25960,2,2
25961,19,2
25962,2,1
25963,3,2
25964,2,1
25965,2,1
25966,5,2
25967,2,1
25968,10,1
25969,3,1
25970,2,1
25971,2,2
25972,7,1
25973,2,1
25974,2,1
25975,3,2
25976,3,2
25977,2,1
25978,2,1
25979,2,1
25980,2,1
25981,2,1
25982,2,2
25983,2,1
25984,2,1
25985,2,1
25986,2,1
25987,2,1
25988,2,1
25989,2,2
25990,2,1
25991,2,1
25992,2,1
25993,2,1
25994,6,1
25995,3,1
25996,3,2
25997,2,1
25998,3,1
25999,2,1
26000,2,1
26001,2,2
26002,2,1
26003,3,3
26004,2,1
26005,4,1
26006,3,2
26007,2,1
26008,2,1
26009,4,2
26010,6,2
26011,4,4
26012,2,1
26013,2,1
26014,2,1
26015,3,3
26016,2,2
26017,15,3
26018,2,1
26019,2,2
26020,3,1
26021,2,1
26022,2,1
26023,3,3
26024,2,1
26025,2,1
26026,4,1
26027,2,1
26028,2,1
26029,2,2
26030,2,1
26031,2,2
26032,3,2
26033,2,2
26034,2,1
26035,3,1
26036,2,1
26037,3,1
26038,2,1
26039,5,1
26040,2,2
26041,2,1
26042,3,2
26043,3,1
26044,2,1
26045,2,1
26046,4,1
26047,4,1
26048,2,1
26049,2,1
26050,2,2
26051,2,2
26052,3,1
26053,2,2
26054,3,1
26055,2,1
26056,2,1
26057,4,1
26058,2,2
26059,2,1
26060,2,1
26061,2,1
26062,2,1
26063,3,1
26064,3,2
26065,5,1
26066,2,2
26067,2,1
26068,2,2
26069,2,1
26070,3,3
26071,2,2
26072,3,1
26073,2,2
26074,11,2
26075,2,1
26076,4,1
26077,2,2
26078,2,2
26079,5,2
26080,2,1
26081,2,1
26082,3,1
26083,3,1
26084,2,1
26085,2,2
26086,2,1
26087,2,2
26088,2,1
26089,3,1
26090,5,1
26091,2,1
26092,2,1
26093,2,1
26094,4,1
26095,2,1
26096,2,1
26097,2,1
26098,2,2
26099,2,1
26100,3,1
26101,2,1
26102,2,2
26103,2,2
26104,3,1
26105,2,1
26106,2,1
26107,3,2
26108,2,1
26109,2,1
26110,3,1
26111,2,1
26112,4,3
26113,3,1
26114,3,2
26115,3,1
26116,3,1
26117,2,2
26118,3,2
26119,2,2
26120,2,1
26121,3,1
26122,3,3
26123,4,2
26124,2,1
26125,2,1
26126,2,2
26127,2,1
26128,2,1
26129,2,1
26130,2,1
26131,2,1
26132,2,1
26133,2,1
26134,2,1
26135,2,1
26136,2,2
26137,2,1
26138,5,4
26139,2,1
26140,2,1
26141,2,2
26142,2,1
26143,3,1
26144,2,1
26145,2,1
26146,3,1
26147,2,1
26148,2,1
26149,2,1
26150,2,1
26151,2,2
26152,2,2
26153,3,1
26154,3,1
26155,4,1
26156,2,1
26157,2,1
26158,2,1
26159,3,2
26160,2,1
26161,2,1
26162,8,1
26163,2,1
26164,3,2
26165,2,1
26166,2,1
26167,2,1
26168,4,1
26169,3,1
26170,2,2
26171,2,2
26172,2,2
26173,2,1
26174,4,1
26175,3,2
26176,3,2
26177,4,4
26178,2,1
26179,2,2
26180,2,2
26181,3,1
26182,2,1
26183,2,1
26184,3,1
26185,2,1
26186,3,1
26187,2,1
26188,2,1
26189,2,1
26190,2,1
26191,2,1
26192,2,1
26193,4,2
26194,2,2
26195,2,1
26196,2,1
26197,2,2
26198,2,1
26199,2,1
26200,2,1
26201,8,2
26202,2,2
26203,8,1
26204,2,2
26205,2,2
26206,2,1
26207,2,1
26208,2,2
26209,4,2
26210,2,2
26211,2,1
26212,2,1
26213,2,1
26214,2,2
26215,4,3
26216,4,1
26217,3,1
26218,2,1
26219,2,1
26220,2,1
26221,3,1
26222,2,1
26223,2,1
26224,3,1
26225,2,1
26226,4,1
26227,2,1
26228,4,1
26229,2,1
26230,3,2
26231,2,2
26232,3,3
26233,2,1
26234,2,1
26235,2,1
26236,2,1
26237,2,1
26238,2,2
26239,4,1
26240,2,1
26241,4,2
26242,2,1
26243,2,1
26244,3,1
26245,3,1
26246,2,1
26247,2,1
26248,2,2
26249,6,1
26250,2,1
26251,2,2
26252,4,2
26253,2,1
26254,3,2
26255,7,1
26256,2,2
26257,2,2
26258,3,1
26259,2,1
26260,2,1
26261,90,2
26262,2,1
26263,3,3
26264,6,1
26265,2,2
26266,4,1
26267,2,1
26268,2,1
26269,2,1
26270,2,1
26271,2,2
26272,3,2
26273,2,1
26274,2,1
26275,2,1
26276,2,1
26277,2,2
26278,2,1
26279,2,1
26280,5,1
26281,3,1
26282,2,1
26283,3,1
26284,2,1
26285,2,1
26286,4,2
26287,3,2
26288,3,2
26289,3,1
26290,2,2
26291,3,1
26292,6,3
26293,2,2
26294,2,2
26295,2,1
26296,2,1
26297,2,1
26298,6,1
26299,2,2
26300,2,1
26301,2,1
26302,3,3
26303,2,2
26304,2,1
26305,3,2
26306,2,2
26307,3,1
26308,2,2
26309,2,1
26310,2,1
26311,2,2
26312,2,1
26313,2,1
26314,3,1
26315,2,1
26316,4,2
26317,2,2
26318,2,1
26319,2,1
26320,2,1
26321,3,1
26322,2,2
26323,3,1
26324,2,1
26325,6,2
26326,3,1
26327,2,2
26328,2,1
26329,3,1
26330,2,1
26331,3,2
26332,2,1
26333,2,1
26334,2,1
26335,3,1
26336,2,2
26337,2,2
26338,2,1
26339,3,1
26340,3,2
26341,2,1
26342,3,2
26343,2,1
26344,3,1
26345,2,1
26346,5,1
26347,3,1
26348,2,1
26349,2,2
26350,2,2
26351,2,1
26352,3,2
26353,3,1
26354,4,3
26355,2,2
26356,4,4
26357,2,1
26358,3,2
26359,2,1
26360,2,2
26361,2,1
26362,3,1
26363,3,2
26364,2,2
26365,2,1
26366,2,1
26367,2,2
26368,3,1
26369,6,1
26370,5,1
26371,2,2
26372,4,2
26373,2,1
26374,3,1
26375,2,1
26376,2,1
26377,3,2
26378,2,2
26379,2,2
26380,2,2
26381,2,1
26382,2,2
26383,2,1
26384,2,1
26385,2,1
26386,2,1
26387,2,2
26388,2,1
26389,2,1
26390,3,1
26391,2,1
26392,2,1
26393,3,1
26394,12,2
26395,2,2
26396,2,1
26397,2,1
26398,3,1
26399,2,1
26400,2,2
26401,3,2
26402,2,1
26403,5,5
26404,4,4
26405,2,2
26406,9,6
26407,2,2
26408,2,1
26409,4,3
26410,2,1
26411,3,1
26412,2,1
26413,2,1
26414,3,3
26415,2,1
26416,2,2
26417,2,2
26418,2,1
26419,2,1
26420,2,1
26421,2,1
26422,2,1
26423,2,1
26424,2,2
26425,3,1
26426,4,1
26427,2,1
26428,4,1
26429,2,1
26430,2,1
26431,3,1
26432,3,1
26433,3,1
26434,3,1
26435,2,1
26436,2,1
26437,2,2
26438,2,1
26439,2,1
26440,2,1
26441,3,3
26442,2,1
26443,2,1
26444,2,1
26445,2,2
26446,2,1
26447,3,1
26448,2,2
26449,2,2
26450,2,1
26451,3,3
26452,7,1
26453,2,2
26454,4,1
26455,2,1
26456,2,1
26457,3,1
26458,2,2
26459,2,1
26460,3,1
26461,3,2
26462,2,1
26463,5,2
26464,2,1
26465,2,1
26466,10,2
26467,2,1
26468,2,1
26469,2,1
26470,4,2
26471,2,2
26472,2,2
26473,2,1
26474,20,1
26475,2,1
26476,2,1
26477,2,2
26478,2,2
26479,2,2
26480,5,1
26481,2,1
26482,3,1
26483,2,2
26484,2,1
26485,4,1
26486,2,1
26487,5,1
26488,4,1
26489,2,1
26490,2,2
26491,2,1
26492,2,2
26493,2,1
26494,2,1
26495,2,1
26496,3,1
26497,2,2
26498,2,2
26499,2,2
26500,4,1
26501,2,1
26502,2,1
26503,3,3
26504,2,1
26505,4,1
26506,3,1
26507,5,4
26508,2,2
26509,3,2
26510,2,1
26511,2,1
26512,3,1
26513,3,1
26514,4,1
26515,2,1
26516,2,2
26517,2,1
26518,2,1
26519,2,1
26520,2,2
26521,2,2
26522,2,2
26523,2,1
26524,2,1
26525,2,1
26526,2,1
26527,2,1
26528,2,2
26529,3,1
26530,2,1
26531,3,1
26532,2,1
26533,3,1
26534,4,2
26535,2,2
26536,3,1
26537,2,2
26538,2,1
26539,2,1
26540,2,1
26541,2,1
26542,2,1
26543,2,1
26544,3,2
26545,2,2
26546,2,1
26547,4,2
26548,2,1
26549,19,1
26550,2,1
26551,3,1
26552,19,1
26553,3,2
26554,2,2
26555,5,2
26556,2,1
26557,2,1
26558,2,1
26559,2,1
26560,2,1
26561,2,1
26562,3,1
26563,3,1
26564,3,1
26565,3,1
26566,2,1
26567,3,1
26568,3,2
26569,4,3
26570,2,1
26571,2,2
26572,3,1
26573,2,1
26574,3,1
26575,3,1
26576,2,1
26577,4,1
26578,2,1
26579,4,1
26580,2,1
26581,3,2
26582,3,1
26583,4,2
26584,2,2
26585,9,2
26586,3,2
26587,2,1
26588,2,1
26589,2,2
26590,2,1
26591,4,1
26592,2,1
26593,3,1
26594,5,1
26595,4,4
26596,5,2
26597,3,1
26598,3,1
26599,2,1
26600,2,1
26601,2,1
26602,2,2
26603,4,2
26604,3,1
26605,3,1
26606,2,1
26607,2,1
26608,4,2
26609,4,2
26610,2,1
26611,3,1
26612,2,1
26613,3,1
26614,4,1
26615,2,1
26616,2,1
26617,2,2
26618,2,2
26619,3,1
26620,2,2
26621,3,1
26622,2,1
26623,2,1
26624,2,2
26625,2,1
26626,3,2
26627,2,1
26628,3,1
26629,2,1
26630,2,1
26631,8,1
26632,2,2
26633,3,1
26634,2,1
26635,2,1
26636,2,1
26637,16,1
26638,2,2
26639,2,1
26640,2,1
26641,16,1
26642,9,4
26643,2,1
26644,2,1
26645,2,2
26646,2,1
26647,2,1
26648,2,1
26649,2,1
26650,3,3
26651,2,2
26652,6,1
26653,2,2
26654,2,1
26655,5,3
26656,2,1
26657,2,1
26658,3,1
26659,3,1
26660,2,1
26661,2,1
26662,4,3
26663,3,3
26664,2,1
26665,3,3
26666,2,1
26667,2,1
26668,3,2
26669,3,1
26670,2,2
26671,2,1
26672,2,2
26673,2,1
26674,2,2
26675,3,1
26676,2,2
26677,2,1
26678,3,1
26679,2,1
26680,2,1
26681,2,1
26682,2,2
26683,3,2
26684,2,1
26685,2,1
26686,3,1
26687,4,1
26688,2,2
26689,2,1
26690,2,1
26691,2,2
26692,2,1
26693,2,1
26694,2,1
26695,3,2
26696,2,1
26697,2,1
26698,2,2
26699,2,1
26700,3,1
26701,2,2
26702,2,1
26703,2,2
26704,2,2
26705,2,1
26706,2,1
26707,3,2
26708,2,1
26709,3,2
26710,2,2
26711,4,2
26712,3,1
26713,2,1
26714,2,2
26715,2,2
26716,2,1
26717,4,1
26718,3,2
26719,2,2
26720,4,1
26721,3,2
26722,3,2
26723,4,1
26724,3,3
26725,2,1
26726,2,1
26727,3,1
26728,3,1
26729,2,1
26730,2,1
26731,2,1
26732,2,1
26733,3,1
26734,2,1
26735,2,1
26736,5,1
26737,2,1
26738,2,1
26739,4,2
26740,2,1
26741,2,2
26742,2,2
26743,2,1
26744,3,1
26745,2,1
26746,2,1
26747,2,1
26748,2,2
26749,2,2
26750,3,1
26751,6,3
26752,2,2
26753,2,1
26754,2,2
26755,2,1
26756,2,1
26757,2,1
26758,2,2
26759,3,1
26760,5,1
26761,3,1
26762,2,1
26763,2,1
26764,4,1
26765,2,2
26766,2,1
26767,2,1
26768,2,1
26769,3,1
26770,2,1
26771,2,1
26772,6,1
26773,2,2
26774,7,2
26775,4,1
26776,2,1
26777,2,1
26778,7,1
26779,2,1
26780,2,1
26781,3,2
26782,2,1
26783,2,2
26784,2,1
26785,2,1
26786,2,1
26787,3,3
26788,3,1
26789,2,1
26790,4,1
26791,3,2
26792,2,1
26793,2,1
26794,2,1
26795,5,1
26796,2,2
26797,2,1
26798,2,2
26799,4,1
26800,7,5
26801,2,1
26802,3,1
26803,4,1
26804,2,1
26805,2,1
26806,4,1
26807,7,1
26808,2,1
26809,2,1
26810,3,3
26811,3,1
26812,2,1
26813,2,2
26814,2,2
26815,2,1
26816,4,4
26817,2,1
26818,2,1
26819,2,1
26820,2,1
26821,3,1
26822,2,1
26823,12,2
26824,2,1
26825,3,1
26826,2,2
26827,2,2
26828,2,2
26829,3,2
26830,2,1
26831,2,2
26832,2,1
26833,2,2
26834,5,1
26835,2,2
26836,2,1
26837,2,2
26838,3,3
26839,2,1
26840,2,1
26841,2,2
26842,2,1
26843,4,2
26844,5,1
26845,2,1
26846,2,2
26847,2,2
26848,2,1
26849,2,1
26850,2,1
26851,2,2
26852,2,1
26853,2,1
26854,2,1
26855,2,1
26856,3,1
26857,2,1
26858,2,1
26859,2,1
26860,2,1
26861,2,1
26862,3,1
26863,2,1
26864,7,1
26865,2,1
26866,2,1
26867,2,1
26868,3,1
26869,5,1
26870,3,1
26871,2,1
26872,3,3
26873,2,1
26874,3,1
26875,2,1
26876,3,2
26877,3,2
26878,3,2
26879,2,1
26880,3,1
26881,2,1
26882,3,1
26883,2,2
26884,2,1
26885,2,1
26886,13,1
26887,2,2
26888,3,1
26889,8,1
26890,2,1
26891,2,1
26892,2,1
26893,2,1
26894,2,1
26895,6,1
26896,3,2
26897,2,1
26898,3,1
26899,2,1
26900,2,1
26901,2,1
26902,3,1
26903,2,1
26904,3,1
26905,2,1
26906,7,1
26907,2,2
26908,2,1
26909,2,1
26910,3,1
26911,2,1
26912,2,1
26913,2,1
26914,3,1
26915,3,1
26916,18,1
26917,2,2
26918,2,1
26919,2,1
26920,2,1
26921,2,1
26922,3,1
26923,11,2
26924,2,2
26925,2,2
26926,2,1
26927,5,3
26928,2,1
26929,2,2
26930,2,1
26931,2,1
26932,2,1
26933,2,1
26934,2,1
26935,4,1
26936,5,1
26937,2,1
26938,6,1
26939,3,1
26940,3,1
26941,2,1
26942,2,1
26943,2,1
26944,2,2
26945,2,1
26946,3,2
26947,2,1
26948,3,1
26949,2,1
26950,2,1
26951,2,1
26952,2,2
26953,2,1
26954,2,1
26955,2,1
26956,2,1
26957,2,1
26958,2,1
26959,2,1
26960,2,1
26961,6,1
26962,2,1
26963,2,1
26964,3,2
26965,6,3
26966,2,2
26967,2,2
26968,3,3
26969,2,2
26970,2,1
26971,2,2
26972,2,2
26973,2,1
26974,2,1
26975,2,1
26976,2,1
26977,3,1
26978,4,3
26979,2,1
26980,2,1
26981,2,1
26982,3,1
26983,7,1
26984,3,1
26985,2,1
26986,2,2
26987,2,1
26988,3,1
26989,2,2
26990,2,1
26991,2,1
26992,2,2
26993,2,1
26994,2,1
26995,3,1
26996,3,2
26997,2,1
26998,2,1
26999,3,3
27000,2,1
27001,2,1
27002,2,1
27003,4,2
27004,2,1
27005,3,2
27006,3,1
27007,2,1
27008,3,1
27009,4,2
27010,3,1
27011,2,1
27012,2,1
27013,2,2
27014,2,1
27015,4,1
27016,2,1
27017,2,1
27018,5,3
27019,2,1
27020,2,2
27021,2,2
27022,2,1
27023,2,1
27024,3,1
27025,3,1
27026,2,1
27027,2,1
27028,2,1
27029,2,1
27030,2,2
27031,2,2
27032,2,1
27033,5,1
27034,2,1
27035,2,1
27036,4,3
27037,2,1
27038,2,1
27039,2,1
27040,2,2
27041,2,1
27042,3,2
27043,3,1
27044,2,2
27045,2,1
27046,2,1
27047,2,1
27048,2,1
27049,3,1
27050,2,2
27051,2,1
27052,2,1
27053,4,1
27054,2,1
27055,2,2
27056,2,2
27057,2,1
27058,2,1
27059,2,1
27060,2,1
27061,2,2
27062,2,1
27063,2,1
27064,2,1
27065,2,2
27066,2,1
27067,3,1
27068,2,2
27069,6,1
27070,2,2
27071,2,1
27072,2,1
27073,2,1
27074,2,1
27075,2,1
27076,3,3
27077,2,1
27078,2,1
27079,2,1
27080,4,2
27081,2,1
27082,2,2
27083,3,1
27084,2,2
27085,2,2
27086,2,2
27087,2,1
27088,2,1
27089,2,1
27090,2,2
27091,2,2
27092,2,1
27093,2,1
27094,2,1
27095,2,1
27096,3,1
27097,2,2
27098,3,1
27099,2,1
27100,2,1
27101,3,3
27102,3,2
27103,4,1
27104,2,2
27105,2,2
27106,2,2
27107,2,2
27108,2,1
27109,2,1
27110,2,1
27111,2,1
27112,2,1
27113,2,1
27114,2,1
27115,2,1
27116,2,1
27117,8,1
27118,3,1
27119,4,2
27120,2,1
27121,2,1
27122,2,1
27123,2,1
27124,2,1
27125,2,1
27126,3,1
27127,2,1
27128,2,1
27129,2,1
27130,6,2
27131,3,1
27132,2,1
27133,2,1
27134,3,1
27135,5,2
27136,2,1
27137,2,2
27138,2,1
27139,2,1
27140,2,1
27141,4,3
27142,3,2
27143,2,1
27144,2,1
27145,4,2
27146,2,1
27147,2,2
27148,2,1
27149,2,2
27150,2,2
27151,2,2
27152,3,1
27153,2,1
27154,2,2
27155,6,1
27156,3,1
27157,2,2
27158,2,1
27159,2,1
27160,2,1
27161,2,1
27162,2,2
27163,3,1
27164,2,1
27165,4,1
27166,2,1
27167,2,1
27168,3,1
27169,2,1
27170,2,1
27171,2,2
27172,2,1
27173,2,1
27174,2,2
27175,2,1
27176,2,2
27177,2,1
27178,5,1
27179,2,1
27180,2,2
27181,2,1
27182,4,3
27183,3,1
27184,2,1
27185,2,2
27186,3,3
27187,2,1
27188,2,1
27189,2,1
27190,2,1
27191,2,1
27192,3,2
27193,3,2
27194,4,1
27195,2,1
27196,2,2
27197,2,1
27198,2,1
27199,2,2
27200,2,1
27201,2,2
27202,5,1
27203,2,1
27204,2,1
27205,2,1
27206,2,1
27207,2,1
27208,3,1
27209,2,2
27210,2,1
27211,2,2
27212,2,1
27213,2,2
27214,2,1
27215,2,1
27216,2,1
27217,2,1
27218,2,1
27219,2,1
27220,5,3
27221,2,1
27222,5,1
27223,2,1
27224,2,1
27225,2,1
27226,2,1
27227,6,1
27228,4,1
27229,7,1
27230,3,1
27231,2,1
27232,2,2
27233,7,5
27234,4,1
27235,2,1
27236,2,1
27237,2,1
27238,2,2
27239,2,1
27240,3,1
27241,2,1
27242,2,1
27243,2,2
27244,2,1
27245,2,1
27246,4,1
27247,2,1
27248,5,1
27249,2,1
27250,2,1
27251,2,2
27252,2,1
27253,2,1
27254,2,1
27255,2,1
27256,2,1
27257,2,1
27258,5,1
27259,2,1
27260,2,2
27261,2,1
27262,2,2
27263,2,1
27264,2,2
27265,2,2
27266,2,1
27267,2,1
27268,15,1
27269,2,1
27270,2,1
27271,2,2
27272,3,2
27273,2,1
27274,2,1
27275,2,2
27276,2,2
27277,2,1
27278,2,2
27279,2,1
27280,3,2
27281,2,1
27282,2,2
27283,2,2
27284,3,1
27285,2,1
27286,2,2
27287,2,1
27288,3,2
27289,2,2
27290,2,1
27291,2,1
27292,2,1
27293,2,1
27294,3,1
27295,2,1
27296,8,5
27297,3,1
27298,2,1
27299,2,1
27300,2,1
27301,6,2
27302,2,2
27303,2,1
27304,2,1
27305,2,2
27306,2,1
27307,5,4
27308,2,1
27309,2,1
27310,2,1
27311,5,1
27312,2,1
27313,2,2
27314,2,2
27315,2,1
27316,3,1
27317,2,1
27318,3,1
27319,2,1
27320,2,1
27321,2,1
27322,2,1
27323,3,1
27324,2,1
27325,2,1
27326,16,1
27327,2,1
27328,5,3
27329,4,2
27330,2,2
27331,3,1
27332,2,1
27333,2,1
27334,2,1
27335,2,1
27336,2,2
27337,4,2
27338,5,1
27339,2,2
27340,2,1
27341,31,1
27342,2,2
27343,3,2
27344,2,1
27345,2,1
27346,2,1
27347,4,1
27348,2,1
27349,2,1
27350,2,2
27351,8,1
27352,2,1
27353,6,1
27354,4,1
27355,3,1
27356,3,2
27357,4,1
27358,2,1
27359,3,1
27360,2,1
27361,2,1
27362,2,1
27363,2,1
27364,3,2
27365,3,1
27366,2,1
27367,2,1
27368,2,1
27369,3,1
27370,2,1
27371,2,1
27372,3,1
27373,3,1
27374,14,1
27375,5,1
27376,6,1
27377,60,1
27378,2,1
27379,4,1
27380,2,1
27381,2,1
27382,2,1
27383,3,1
27384,3,1
27385,5,1
27386,3,3
27387,2,2
27388,5,1
27389,2,2
27390,4,1
27391,3,1
27392,2,1
27393,2,1
27394,3,2
27395,2,1
27396,3,2
27397,2,2
27398,2,1
27399,2,1
27400,3,2
27401,2,1
27402,4,1
27403,3,2
27404,2,1
27405,3,2
27406,2,1
27407,2,1
27408,2,1
27409,4,1
27410,2,1
27411,2,2
27412,4,1
27413,5,2
27414,10,1
27415,2,1
27416,4,1
27417,2,2
27418,2,1
27419,4,2
27420,3,2
27421,2,2
27422,3,3
27423,3,1
27424,2,1
27425,2,1
27426,2,1
27427,2,2
27428,2,1
27429,17,1
27430,2,1
27431,2,1
27432,5,2
27433,2,1
27434,2,1
27435,4,2
27436,4,3
27437,2,1
27438,2,1
27439,2,1
27440,68,2
27441,4,1
27442,3,1
27443,2,1
27444,3,3
27445,2,1
27446,4,1
27447,2,1
27448,2,2
27449,2,1
27450,2,2
27451,2,1
27452,2,2
27453,2,1
27454,2,1
27455,2,1
27456,2,1
27457,2,1
27458,2,1
27459,2,1
27460,2,1
27461,2,1
27462,2,1
27463,2,1
27464,2,1
27465,2,2
27466,2,1
27467,2,1
27468,3,1
27469,2,1
27470,2,1
27471,2,1
27472,2,1
27473,2,1
27474,2,1
27475,2,1
27476,2,1
27477,2,1
27478,2,1
27479,2,1
27480,2,1
27481,2,1
27482,2,1
27483,28,2
27484,3,2
27485,4,1
27486,3,1
27487,2,2
27488,13,1
27489,2,1
27490,2,1
27491,3,1
27492,3,2
27493,2,1
27494,2,2
27495,2,1
27496,2,1
27497,2,1
27498,2,1
27499,2,1
27500,2,1
27501,3,1
27502,2,1
27503,2,1
27504,7,1
27505,2,1
27506,2,2
27507,2,1
27508,6,1
27509,3,1
27510,2,1
27511,2,1
27512,2,1
27513,3,1
27514,3,2
27515,3,2
27516,2,1
27517,2,1
27518,5,1
27519,3,1
27520,2,1
27521,2,2
27522,2,1
27523,2,1
27524,4,1
27525,4,2
27526,2,1
27527,2,1
27528,2,1
27529,2,2
27530,2,1
27531,2,2
27532,3,1
27533,2,1
27534,2,1
27535,2,1
27536,2,1
27537,2,2
27538,2,1
27539,2,1
27540,2,1
27541,2,1
27542,2,2
27543,2,1
27544,2,1
27545,2,2
27546,2,1
27547,2,2
27548,2,1
27549,2,1
27550,3,1
27551,3,1
27552,2,2
27553,3,1
27554,2,1
27555,2,1
27556,2,1
27557,7,1
27558,2,2
27559,5,1
27560,2,1
27561,2,1
27562,2,1
27563,2,2
27564,3,1
27565,2,1
27566,2,1
27567,2,2
27568,2,1
27569,3,1
27570,2,1
27571,3,3
27572,3,1
27573,3,2
27574,2,1
27575,2,1
27576,3,1
27577,3,1
27578,2,1
27579,3,1
27580,2,1
27581,2,2
27582,2,1
27583,2,1
27584,2,1
27585,2,1
27586,4,1
27587,6,1
27588,2,1
27589,2,1
27590,2,2
27591,2,1
27592,2,1
27593,2,2
27594,2,1
27595,2,1
27596,2,2
27597,3,2
27598,2,1
27599,2,1
27600,2,1
27601,2,1
27602,2,1
27603,2,1
27604,3,1
27605,2,2
27606,2,1
27607,2,1
27608,2,1
27609,2,2
27610,2,2
27611,4,1
27612,2,1
27613,4,1
27614,2,2
27615,2,1
27616,2,2
27617,3,2
27618,9,1
27619,2,1
27620,5,1
27621,2,1
27622,3,1
27623,2,1
27624,2,1
27625,2,1
27626,2,1
27627,4,1
27628,2,1
27629,2,1
27630,2,1
27631,2,1
27632,3,2
27633,2,1
27634,2,1
27635,2,1
27636,6,1
27637,2,1
27638,2,1
27639,50,1
27640,3,2
27641,2,1
27642,2,1
27643,2,1
27644,2,1
27645,4,1
27646,2,1
27647,2,2
27648,5,2
27649,2,1
27650,2,1
27651,2,1
27652,2,1
27653,3,1
27654,3,2
27655,2,2
27656,3,1
27657,2,2
27658,2,1
27659,3,1
27660,2,1
27661,2,1
27662,2,1
27663,2,2
27664,2,1
27665,3,1
27666,3,1
27667,2,1
27668,2,2
27669,2,1
27670,2,1
27671,5,1
27672,2,1
27673,6,2
27674,10,9
27675,4,1
27676,3,3
27677,2,1
27678,2,1
27679,2,1
27680,3,2
27681,2,1
27682,2,1
27683,2,1
27684,3,1
27685,2,2
27686,2,1
27687,2,1
27688,6,1
27689,2,1
27690,2,1
27691,3,1
27692,2,1
27693,2,1
27694,2,1
27695,3,1
27696,2,1
27697,2,1
27698,2,1
27699,2,1
27700,2,1
27701,2,1
27702,2,1
27703,2,1
27704,2,1
27705,3,1
27706,3,1
27707,2,1
27708,2,1
27709,2,1
27710,5,1
27711,2,1
27712,2,2
27713,2,1
27714,2,1
27715,2,1
27716,4,3
27717,2,1
27718,5,4
27719,2,1
27720,2,1
27721,2,1
27722,6,1
27723,13,2
27724,3,1
27725,2,1
27726,2,1
27727,2,1
27728,3,1
27729,2,1
27730,4,1
27731,3,1
27732,2,1
27733,2,1
27734,2,1
27735,2,1
27736,2,1
27737,6,1
27738,3,1
27739,2,1
27740,4,1
27741,2,1
27742,3,1
27743,2,1
27744,3,1
27745,2,1
27746,2,1
27747,2,1
27748,11,1
27749,2,1
27750,3,1
27751,3,1
27752,2,2
27753,2,1
27754,2,1
27755,2,1
27756,2,1
27757,2,1
27758,2,2
27759,2,2
27760,3,1
27761,2,1
27762,2,1
27763,9,1
27764,4,1
27765,4,1
27766,2,1
27767,2,1
27768,2,1
27769,2,2
27770,2,1
27771,2,2
27772,2,1
27773,2,1
27774,2,2
27775,2,1
27776,2,1
27777,2,2
27778,2,2
27779,3,1
27780,2,2
27781,2,1
27782,3,1
27783,2,1
27784,2,2
27785,2,2
27786,2,1
27787,2,1
27788,2,1
27789,2,1
27790,2,2
27791,4,1
27792,2,2
27793,4,1
27794,2,1
27795,2,1
27796,2,1
27797,2,1
27798,2,1
27799,2,1
27800,2,1
27801,2,1
27802,3,1
27803,2,1
27804,2,1
27805,4,1
27806,2,1
27807,2,1
27808,2,1
27809,2,1
27810,5,1
27811,2,1
27812,2,1
27813,2,1
27814,2,1
27815,3,1
27816,2,1
27817,2,1
27818,2,2
27819,2,1
27820,2,1
27821,2,1
27822,2,1
27823,2,2
27824,2,1
27825,2,1
27826,2,1
27827,2,1
27828,2,1
27829,3,1
27830,4,1
27831,2,1
27832,2,1
27833,3,1
27834,2,1
27835,2,1
27836,2,2
27837,3,1
27838,2,1
27839,4,1
27840,2,2
27841,2,1
27842,3,2
27843,4,1
27844,2,1
27845,2,2
27846,2,1
27847,2,1
27848,2,1
27849,2,1
27850,2,1
27851,3,1
27852,2,2
27853,2,2
27854,2,1
27855,2,1
27856,2,1
27857,2,2
27858,3,3
27859,6,1
27860,2,2
27861,2,1
27862,4,1
27863,2,2
27864,3,2
27865,3,1
27866,2,1
27867,3,1
27868,3,1
27869,4,1
27870,2,1
27871,3,1
27872,2,1
27873,2,1
27874,2,1
27875,3,1
27876,50,2
27877,2,1
27878,2,1
27879,3,1
27880,2,1
27881,5,1
27882,2,2
27883,2,1
27884,2,1
27885,29,1
27886,2,1
27887,2,1
27888,3,1
27889,2,1
27890,2,1
27891,5,1
27892,3,1
27893,6,1
27894,2,1
27895,3,1
27896,2,1
27897,3,1
27898,2,2
27899,2,1
27900,3,2
27901,22,2
27902,2,1
27903,3,1
27904,2,1
27905,2,1
27906,2,1
27907,2,1
27908,2,1
27909,2,1
27910,2,1
27911,41,1
27912,5,1
27913,2,1
27914,2,1
27915,2,1
27916,41,1
27917,2,1
27918,2,1
27919,2,1
27920,29,1
27921,2,2
27922,4,1
27923,2,1
27924,2,1
27925,2,1
27926,4,3
27927,3,1
27928,2,2
27929,2,1
27930,4,1
27931,3,1
27932,3,1
27933,2,1
27934,28,2
27935,15,1
27936,2,1
27937,2,1
27938,2,1
27939,4,1
27940,2,1
27941,5,3
27942,3,1
27943,2,1
27944,2,1
27945,2,1
27946,2,1
27947,3,1
27948,2,2
27949,2,1
27950,2,1
27951,2,1
27952,2,1
27953,3,1
27954,2,1
27955,2,2
27956,2,1
27957,9,1
27958,2,1
27959,2,1
27960,3,1
27961,4,1
27962,2,2
27963,2,1
27964,14,2
27965,2,1
27966,2,1
27967,2,1
27968,6,3
27969,2,1
27970,2,1
27971,2,1
27972,3,1
27973,2,2
27974,3,1
27975,4,1
27976,2,1
27977,2,1
27978,3,1
27979,2,1
27980,2,1
27981,2,1
27982,3,1
27983,2,1
27984,2,1
27985,2,1
27986,2,1
27987,2,1
27988,2,1
27989,2,1
27990,2,1
27991,3,1
27992,4,1
27993,2,1
27994,2,1
27995,2,1
27996,2,1
27997,3,1
27998,3,1
27999,2,1
28000,2,1
28001,2,1
28002,2,1
28003,2,1
28004,2,1
28005,2,1
28006,2,1
28007,3,3
28008,2,1
28009,2,1
28010,2,2
28011,3,1
28012,2,1
28013,2,2
28014,2,1
28015,2,1
28016,2,1
28017,2,1
28018,3,1
28019,2,1
28020,2,1
28021,2,1
28022,2,1
28023,2,2
28024,2,1
28025,2,1
28026,2,1
28027,2,1
28028,4,1
28029,2,1
28030,2,1
28031,5,1
28032,3,1
28033,2,1
28034,2,1
28035,3,1
28036,2,1
28037,2,1
28038,2,1
28039,2,1
28040,4,1
28041,3,1
28042,2,1
28043,2,1
28044,2,1
28045,2,1
28046,2,1
28047,2,1
28048,2,1
28049,2,1
28050,3,1
28051,2,1
28052,2,1
28053,6,1
28054,9,1
28055,2,1
28056,5,1
28057,2,1
28058,5,1
28059,3,1
28060,2,1
28061,4,1
28062,4,1
28063,2,1
28064,2,1
28065,2,1
28066,4,1
28067,13,1
28068,2,1
28069,12,3
28070,4,2
28071,3,1
28072,2,1
28073,4,1
28074,2,1
28075,8,1
28076,14,1
28077,7,1
28078,2,1
28079,10,2
28080,9,1
28081,45,1
28082,4,1
28083,3,2
28084,2,1
28085,2,1
28086,3,1
28087,2,1
28088,3,1
28089,6,1
28090,30,1
28091,2,2
28092,7,2
28093,36,6
28094,2,1
28095,23,5
28096,10,1
28097,2,1
28098,4,3
28099,2,1
28100,35,3
28101,3,1
28102,6,1
28103,4,1
28104,12,1
28105,3,1
28106,2,1
28107,3,1
28108,11,3
28109,3,1
28110,2,1
28111,2,1
28112,2,1
28113,2,1
28114,2,1
28115,2,1
28116,2,1
28117,4,1
28118,5,1
28119,3,1
28120,2,2
28121,3,2
28122,47,2
28123,2,1
28124,21,2
28125,2,2
28126,3,1
28127,2,1
28128,18,2
28129,11,4
28130,4,2
28131,5,1
28132,3,1
28133,4,2
28134,21,1
28135,4,1
28136,24,1
28137,2,1
28138,2,1
28139,2,1
28140,15,10
28141,4,1
28142,2,2
28143,2,1
28144,2,1
28145,2,1
28146,2,1
28147,2,2
28148,5,1
28149,7,1
28150,9,9
28151,9,5
28152,9,1
28153,2,1
28154,2,2
28155,2,1
28156,2,1
28157,2,2
28158,2,1
28159,3,3
28160,3,3
28161,6,1
28162,4,1
28163,3,1
28164,7,1
28165,2,1
28166,2,1
28167,7,6
28168,2,2
28169,3,1
28170,5,5
28171,11,1
28172,3,1
28173,2,1
28174,2,1
28175,6,2
28176,3,3
28177,3,3
28178,9,8
28179,3,3
28180,2,1
28181,2,1
28182,2,1
28183,11,1
28184,4,2
28185,4,2
28186,2,1
28187,6,1
28188,2,1
28189,5,5
28190,2,1
28191,2,2
28192,3,1
28193,2,1
28194,2,1
28195,2,2
28196,3,1
28197,2,2
28198,2,1
28199,4,3
28200,3,3
28201,2,2
28202,3,3
28203,2,1
28204,2,2
28205,4,1
28206,2,1
28207,4,1
28208,3,1
28209,4,1
28210,2,1
28211,2,1
28212,2,1
28213,25,1
28214,2,2
28215,2,2
28216,3,1
28217,3,2
28218,2,1
28219,3,3
28220,3,1
28221,8,8
28222,3,1
28223,2,1
28224,2,1
28225,7,4
28226,2,1
28227,2,2
28228,2,1
28229,3,1
28230,4,1
28231,7,1
28232,2,1
28233,2,1
28234,2,1
28235,2,2
28236,5,1
28237,2,1
28238,2,1
28239,3,2
28240,2,2
28241,3,1
28242,3,1
28243,2,1
28244,2,1
28245,2,1
28246,2,1
28247,3,1
28248,2,1
28249,2,1
28250,2,1
28251,2,1
28252,3,1
28253,2,1
28254,2,1
28255,2,1
28256,2,1
28257,3,3
28258,2,1
28259,5,1
28260,2,2
28261,2,1
28262,6,1
28263,3,2
28264,2,1
28265,2,1
28266,2,2
28267,4,4
28268,2,1
28269,3,1
28270,2,1
28271,4,1
28272,3,2
28273,2,2
28274,3,2
28275,10,9
28276,6,1
28277,6,1
28278,3,3
28279,4,3
28280,3,1
28281,3,1
28282,2,2
28283,4,1
28284,2,1
28285,2,1
28286,4,1
28287,3,1
28288,2,1
28289,2,1
28290,2,1
28291,2,2
28292,2,1
28293,4,1
28294,3,1
28295,10,1
28296,2,1
28297,2,1
28298,4,1
28299,2,1
28300,4,1
28301,2,1
28302,2,1
28303,3,1
28304,2,1
28305,3,1
28306,2,2
28307,2,2
28308,3,2
28309,2,1
28310,2,1
28311,2,1
28312,2,2
28313,2,1
28314,2,2
28315,2,1
28316,5,4
28317,7,1
28318,2,1
28319,6,1
28320,2,2
28321,2,1
28322,2,2
28323,2,1
28324,2,2
28325,2,1
28326,2,2
28327,6,1
28328,2,1
28329,2,1
28330,3,1
28331,2,1
28332,2,1
28333,23,1
28334,5,1
28335,2,1
28336,2,1
28337,4,1
28338,2,1
28339,2,1
28340,3,1
28341,3,1
28342,2,1
28343,2,1
28344,3,1
28345,3,1
28346,4,1
28347,2,1
28348,2,1
28349,2,1
28350,2,1
28351,2,1
28352,2,1
28353,2,1
28354,7,1
28355,4,1
28356,2,1
28357,2,1
28358,9,1
28359,5,1
28360,2,1
28361,3,1
28362,2,1
28363,3,2
28364,2,1
28365,2,1
28366,2,1
28367,2,1
28368,2,1
28369,2,1
28370,2,1
28371,2,1
28372,3,1
28373,2,1
28374,4,1
28375,2,1
28376,2,1
28377,2,1
28378,2,1
28379,7,1
28380,2,1
28381,12,1
28382,10,1
28383,2,1
28384,2,1
28385,4,1
28386,2,1
28387,4,1
28388,2,1
28389,2,1
28390,4,1
28391,5,1
28392,2,1
28393,3,1
28394,4,1
28395,9,1
28396,10,3
28397,16,2
28398,2,1
28399,3,1
28400,6,1
28401,14,6
28402,5,1
28403,2,1
28404,2,1
28405,2,1
28406,2,1
28407,2,1
28408,23,1
28409,4,1
28410,2,2
28411,9,1
28412,6,1
28413,3,2
28414,23,1
28415,2,2
28416,2,1
28417,2,1
28418,2,2
28419,3,2
28420,4,1
28421,2,1
28422,4,4
28423,21,1
28424,6,4
28425,3,1
28426,8,1
28427,19,2
28428,2,1
28429,7,1
28430,3,1
28431,3,1
28432,2,1
28433,3,2
28434,5,2
28435,2,1
28436,2,1
28437,3,1
28438,2,1
28439,3,1
28440,2,1
28441,31,1
28442,6,1
28443,2,1
28444,12,1
28445,3,1
28446,4,1
28447,2,1
28448,11,1
28449,3,3
28450,3,1
28451,3,2
28452,3,3
28453,2,2
28454,2,1
28455,4,1
28456,2,2
28457,4,1
28458,3,1
28459,2,1
28460,2,1
28461,5,1
28462,2,1
28463,2,1
28464,2,1
28465,2,2
28466,11,11
28467,2,2
28468,8,1
28469,3,1
28470,2,2
28471,2,1
28472,2,1
28473,3,1
28474,2,1
28475,2,1
28476,3,1
28477,2,1
28478,3,1
28479,3,2
28480,2,1
28481,2,1
28482,20,1
28483,9,1
28484,2,1
28485,2,1
28486,10,1
28487,6,1
28488,29,1
28489,20,1
28490,2,1
28491,2,1
28492,12,1
28493,4,1
28494,4,1
28495,3,2
28496,2,1
28497,4,1
28498,2,1
28499,2,2
28500,2,1
28501,2,1
28502,2,2
28503,3,1
28504,4,1
28505,3,1
28506,2,2
28507,2,1
28508,2,2
28509,4,2
28510,2,1
28511,3,3
28512,2,1
28513,2,1
28514,2,1
28515,3,1
28516,2,1
28517,2,1
28518,2,1
28519,2,1
28520,2,1
28521,4,2
28522,3,1
28523,2,1
28524,2,1
28525,3,1
28526,2,1
28527,4,4
28528,3,2
28529,2,2
28530,2,2
28531,2,1
28532,2,1
28533,2,1
28534,2,1
28535,2,1
28536,3,1
28537,2,1
28538,3,1
28539,2,2
28540,2,1
28541,3,3
28542,3,1
28543,2,1
28544,2,1
28545,3,1
28546,2,1
28547,2,1
28548,5,5
28549,2,1
28550,37,1
28551,2,1
28552,2,1
28553,10,2
28554,5,1
28555,2,1
28556,2,1
28557,2,1
28558,4,1
28559,2,2
28560,2,1
28561,2,1
28562,2,1
28563,2,1
28564,2,1
28565,3,1
28566,2,1
28567,3,1
28568,2,1
28569,2,1
28570,3,1
28571,26,2
28572,2,1
28573,2,1
28574,3,1
28575,4,1
28576,21,2
28577,2,1
28578,2,1
28579,2,1
28580,3,3
28581,19,4
28582,6,2
28583,3,2
28584,4,1
28585,3,1
28586,2,1
28587,2,1
28588,6,1
28589,2,1
28590,67,1
28591,2,1
28592,3,1
28593,3,1
28594,10,2
28595,5,1
28596,2,1
28597,2,2
28598,7,1
28599,7,1
28600,2,2
28601,6,1
28602,2,1
28603,3,2
28604,2,1
28605,41,1
28606,3,1
28607,35,1
28608,3,1
28609,8,2
28610,2,1
28611,5,1
28612,2,2
28613,15,1
28614,2,1
28615,9,1
28616,4,1
28617,2,1
28618,2,1
28619,2,1
28620,2,2
28621,2,1
28622,4,1
28623,6,1
28624,4,3
28625,2,1
28626,5,5
28627,3,2
28628,19,1
28629,2,1
28630,2,2
28631,2,2
28632,3,2
28633,3,2
28634,2,1
28635,2,1
28636,8,1
28637,2,1
28638,2,1
28639,5,2
28640,2,2
28641,2,2
28642,2,1
28643,2,2
28644,2,2
28645,3,1
28646,2,1
28647,2,1
28648,3,3
28649,4,4
28650,3,1
28651,3,2
28652,5,1
28653,2,1
28654,2,1
28655,2,2
28656,4,2
28657,2,2
28658,2,2
28659,2,2
28660,2,2
28661,2,2
28662,2,2
28663,2,1
28664,3,1
28665,2,2
28666,3,2
28667,2,2
28668,4,4
28669,2,1
28670,5,1
28671,6,4
28672,4,3
28673,4,2
28674,2,2
28675,3,3
28676,2,2
28677,2,2
28678,2,1
28679,3,3
28680,2,1
28681,2,2
28682,2,1
28683,2,1
28684,2,2
28685,3,1
28686,3,1
28687,3,2
28688,5,1
28689,3,2
28690,2,1
28691,2,1
28692,2,1
28693,3,3
28694,4,4
28695,2,2
28696,4,3
28697,2,1
28698,12,1
28699,2,2
28700,2,2
28701,2,1
28702,2,2
28703,2,2
28704,3,1
28705,3,3
28706,5,1
28707,5,1
28708,2,1
28709,2,2
28710,6,2
28711,6,6
28712,13,1
28713,2,2
28714,2,1
28715,5,1
28716,4,1
28717,2,2
28718,2,2
28719,4,1
28720,2,1
28721,2,2
28722,3,1
28723,2,2
28724,2,1
28725,3,2
28726,2,2
28727,8,4
28728,2,2
28729,2,2
28730,2,2
28731,3,1
28732,3,3
28733,2,1
28734,3,3
28735,4,1
28736,2,2
28737,2,1
28738,2,1
28739,3,1
28740,3,3
28741,2,2
28742,4,1
28743,3,2
28744,2,1
28745,3,2
28746,3,1
28747,2,1
28748,2,2
28749,2,2
28750,3,3
28751,3,1
28752,4,3
28753,2,1
28754,3,3
28755,2,1
28756,2,1
28757,2,2
28758,4,1
28759,4,1
28760,2,1
28761,2,1
28762,2,1
28763,4,3
28764,3,3
28765,2,2
28766,2,2
28767,4,1
28768,4,2
28769,2,1
28770,2,2
28771,2,1
28772,2,2
28773,2,2
28774,2,2
28775,2,1
28776,2,1
28777,2,1
28778,2,1
28779,3,2
28780,5,4
28781,2,1
28782,2,2
28783,3,2
28784,2,2
28785,2,2
28786,3,3
28787,3,1
28788,2,1
28789,5,4
28790,2,1
28791,4,1
28792,15,13
28793,6,5
28794,2,2
28795,2,1
28796,2,1
28797,3,1
28798,2,1
28799,2,1
28800,4,1
28801,2,1
28802,2,1
28803,2,2
28804,2,1
28805,2,1
28806,5,1
28807,2,1
28808,2,2
28809,2,1
28810,2,2
28811,2,1
28812,2,1
28813,4,3
28814,2,1
28815,2,1
28816,2,1
28817,2,1
28818,2,1
28819,3,3
28820,2,2
28821,2,2
28822,2,1
28823,2,1
28824,2,1
28825,2,2
28826,2,2
28827,2,1
28828,2,2
28829,2,1
28830,2,1
28831,3,2
28832,2,1
28833,6,4
28834,2,1
28835,2,1
28836,3,1
28837,2,1
28838,3,3
28839,2,1
28840,2,2
28841,3,2
28842,2,1
28843,2,2
28844,2,1
28845,3,1
28846,2,1
28847,2,1
28848,2,2
28849,2,1
28850,2,1
28851,3,1
28852,2,1
28853,3,2
28854,2,1
28855,4,3
28856,2,1
28857,2,2
28858,2,2
28859,2,2
28860,2,1
28861,2,1
28862,2,1
28863,2,1
28864,2,2
28865,2,1
28866,2,1
28867,4,4
28868,5,1
28869,2,2
28870,2,2
28871,2,2
28872,2,2
28873,2,2
28874,3,2
28875,2,1
28876,2,2
28877,2,2
28878,2,1
28879,2,1
28880,2,1
28881,2,1
28882,2,2
28883,2,2
28884,2,1
28885,2,2
28886,2,1
28887,2,1
28888,2,1
28889,2,2
28890,2,1
28891,2,2
28892,2,1
28893,4,2
28894,8,1
28895,2,1
28896,2,1
28897,2,1
28898,3,2
28899,2,2
28900,2,1
28901,3,1
28902,2,2
28903,2,1
28904,5,2
28905,6,2
28906,2,2
28907,2,2
28908,4,1
28909,2,1
28910,2,2
28911,3,2
28912,5,3
28913,3,1
28914,2,2
28915,2,2
28916,5,1
28917,18,1
28918,2,2
28919,2,2
28920,3,2
28921,2,1
28922,2,1
28923,2,1
28924,2,1
28925,2,2
28926,2,1
28927,2,2
28928,3,3
28929,2,1
28930,2,1
28931,2,1
28932,2,1
28933,2,2
28934,3,3
28935,3,2
28936,2,2
28937,15,1
28938,2,2
28939,2,2
28940,2,1
28941,2,2
28942,2,2
28943,2,2
28944,2,2
28945,2,1
28946,2,1
28947,2,1
28948,3,1
28949,2,2
28950,2,2
28951,2,2
28952,2,1
28953,2,2
28954,3,3
28955,3,2
28956,2,1
28957,2,1
28958,2,1
28959,2,2
28960,2,1
28961,2,1
28962,4,2
28963,2,1
28964,2,2
28965,2,1
28966,3,1
28967,2,2
28968,2,1
28969,2,1
28970,3,2
28971,2,1
28972,3,1
28973,2,2
28974,2,2
28975,2,1
28976,2,2
28977,2,1
28978,2,1
28979,2,1
28980,2,2
28981,2,1
28982,2,1
28983,2,1
28984,2,2
28985,2,1
28986,2,1
28987,3,3
28988,2,1
28989,3,2
28990,2,1
28991,2,1
28992,3,3
28993,4,4
28994,2,2
28995,6,6
28996,6,6
28997,2,1
28998,2,1
28999,2,1
29000,2,1
29001,5,1
29002,9,1
29003,2,1
29004,11,1
29005,10,1
29006,8,3
29007,2,1
29008,2,1
29009,3,3
29010,19,1
29011,12,1
29012,2,1
29013,4,1
29014,2,1
29015,11,1
29016,7,1
29017,2,1
29018,2,1
29019,21,1
29020,3,1
29021,2,1
29022,6,1
29023,2,1
29024,3,3
29025,4,1
29026,4,1
29027,10,1
29028,2,1
29029,7,6
29030,2,1
29031,35,1
29032,2,1
29033,3,3
29034,3,1
29035,2,1
29036,2,1
29037,8,3
29038,2,1
29039,2,1
29040,2,1
29041,3,1
29042,2,1
29043,2,1
29044,3,1
29045,6,1
29046,3,1
29047,2,2
29048,2,1
29049,3,2
29050,34,1
29051,2,2
29052,4,1
29053,4,1
29054,6,1
29055,2,1
29056,2,1
29057,2,2
29058,2,1
29059,2,1
29060,2,2
29061,9,1
29062,2,1
29063,2,2
29064,2,1
29065,2,1
29066,2,1
29067,3,1
29068,2,1
29069,2,1
29070,4,1
29071,2,1
29072,2,2
29073,2,1
29074,2,1
29075,2,1
29076,2,1
29077,3,2
29078,3,1
29079,3,1
29080,2,1
29081,2,1
29082,2,1
29083,2,1
29084,2,1
29085,2,1
29086,2,1
29087,2,1
29088,2,1
29089,2,2
29090,2,1
29091,2,1
29092,22,1
29093,2,1
29094,2,1
29095,2,1
29096,6,1
29097,4,4
29098,8,7
29099,2,1
29100,3,1
29101,2,1
29102,2,1
29103,19,1
29104,18,2
29105,2,1
29106,2,1
29107,2,1
29108,2,2
29109,9,1
29110,7,6
29111,3,1
29112,3,1
29113,2,1
29114,2,1
29115,2,1
29116,2,1
29117,3,1
29118,2,1
29119,8,1
29120,21,1
29121,2,1
29122,5,1
29123,8,1
29124,41,1
29125,2,2
29126,5,2
29127,22,2
29128,2,1
29129,2,1
29130,2,1
29131,2,2
29132,2,1
29133,3,1
29134,3,1
29135,2,1
29136,19,1
29137,15,5
29138,3,1
29139,2,1
29140,4,1
29141,2,1
29142,2,1
29143,6,1
29144,25,1
29145,2,1
29146,2,1
29147,5,4
29148,12,1
29149,2,1
29150,2,1
29151,7,1
29152,6,1
29153,2,1
29154,2,1
29155,19,1
29156,2,1
29157,22,2
29158,4,1
29159,4,1
29160,3,2
29161,2,1
29162,2,1
29163,2,1
29164,2,1
29165,2,1
29166,2,1
29167,2,1
29168,2,2
29169,2,1
29170,4,1
29171,2,1
29172,2,1
29173,40,4
29174,4,1
29175,2,1
29176,14,2
29177,2,1
29178,12,1
29179,2,1
29180,2,1
29181,2,1
29182,5,1
29183,3,1
29184,2,1
29185,2,1
29186,2,1
29187,2,1
29188,2,1
29189,5,1
29190,2,1
29191,2,2
29192,2,1
29193,2,1
29194,2,2
29195,2,1
29196,2,1
29197,5,1
29198,3,1
29199,2,1
29200,2,1
29201,2,1
29202,2,2
29203,3,1
29204,3,1
29205,2,1
29206,3,1
29207,23,1
29208,2,1
29209,2,1
29210,2,1
29211,2,1
29212,2,1
29213,2,1
29214,2,1
29215,6,1
29216,2,1
29217,2,1
29218,2,1
29219,2,1
29220,2,1
29221,2,2
29222,2,1
29223,2,1
29224,3,1
29225,3,1
29226,6,6
29227,2,1
29228,2,1
29229,16,16
29230,2,1
29231,3,2
29232,2,1
29233,7,1
29234,2,1
29235,2,1
29236,2,1
29237,2,1
29238,2,1
29239,2,1
29240,3,1
29241,3,1
29242,2,1
29243,2,1
29244,2,1
29245,2,2
29246,3,1
29247,2,1
29248,2,1
29249,9,1
29250,2,1
29251,2,1
29252,4,4
29253,5,4
29254,2,1
29255,2,2
29256,5,1
29257,18,1
29258,4,1
29259,33,1
29260,2,1
29261,2,2
29262,12,2
29263,2,1
29264,2,1
29265,3,1
29266,2,1
29267,3,1
29268,2,1
29269,2,1
29270,2,1
29271,2,1
29272,2,1
29273,2,1
29274,2,1
29275,3,1
29276,2,1
29277,3,2
29278,2,1
29279,2,1
29280,10,1
29281,2,1
29282,2,1
29283,4,1
29284,10,1
29285,2,1
29286,4,4
29287,2,2
29288,2,2
29289,2,1
29290,3,1
29291,2,1
29292,2,1
29293,2,1
29294,2,1
29295,3,1
29296,3,1
29297,20,1
29298,4,1
29299,2,1
29300,2,1
29301,2,1
29302,2,1
29303,2,1
29304,2,2
29305,2,1
29306,3,2
29307,2,2
29308,2,1
29309,2,1
29310,5,1
29311,5,2
29312,3,1
29313,3,1
29314,2,1
29315,2,1
29316,4,1
29317,3,1
29318,3,1
29319,3,1
29320,2,1
29321,2,2
29322,2,2
29323,2,2
29324,2,1
29325,2,1
29326,2,1
29327,2,1
29328,2,1
29329,2,1
29330,3,1
29331,2,1
29332,14,1
29333,2,1
29334,9,2
29335,3,1
29336,2,1
29337,2,1
29338,19,1
29339,2,1
29340,5,1
29341,2,1
29342,4,1
29343,3,1
29344,2,1
29345,2,1
29346,2,1
29347,2,1
29348,8,1
29349,7,1
29350,2,1
29351,10,1
29352,10,1
29353,2,1
29354,11,2
29355,20,1
29356,2,1
29357,7,1
29358,2,1
29359,2,1
29360,36,8
29361,2,1
29362,2,1
29363,3,1
29364,3,3
29365,2,2
29366,3,1
29367,2,1
29368,2,1
29369,3,1
29370,4,1
29371,2,2
29372,7,3
29373,4,3
29374,2,2
29375,2,1
29376,18,1
29377,2,1
29378,2,1
29379,4,2
29380,5,1
29381,3,1
29382,2,1
29383,4,1
29384,2,1
29385,2,1
29386,3,1
29387,2,1
29388,2,1
29389,2,2
29390,3,1
29391,3,1
29392,2,1
29393,3,1
29394,5,5
29395,2,2
29396,21,2
29397,7,1
29398,2,1
29399,3,1
29400,5,1
29401,2,1
29402,2,2
29403,2,1
29404,6,1
29405,3,1
29406,5,1
29407,3,1
29408,3,2
29409,2,1
29410,2,1
29411,3,1
29412,2,2
29413,3,1
29414,3,2
29415,5,3
29416,2,1
29417,2,1
29418,3,1
29419,12,3
29420,4,1
29421,4,1
29422,2,1
29423,4,4
29424,2,1
29425,4,1
29426,4,1
29427,2,2
29428,2,2
29429,2,1
29430,2,1
29431,2,1
29432,2,1
29433,2,1
29434,12,1
29435,2,1
29436,3,1
29437,3,2
29438,2,1
29439,2,1
29440,2,1
29441,4,1
29442,2,1
29443,2,1
29444,2,1
29445,2,2
29446,3,1
29447,2,1
29448,2,1
29449,2,1
29450,3,1
29451,2,1
29452,3,2
29453,2,1
29454,2,1
29455,2,1
29456,2,1
29457,2,1
29458,2,1
29459,2,2
29460,6,1
29461,3,1
29462,2,1
29463,2,2
29464,2,1
29465,3,1
29466,2,2
29467,2,1
29468,2,2
29469,2,1
29470,2,2
29471,2,1
29472,2,1
29473,3,1
29474,2,1
29475,2,1
29476,2,1
29477,2,1
29478,2,1
29479,3,1
29480,2,1
29481,3,1
29482,2,1
29483,2,1
29484,2,1
29485,2,1
29486,3,3
29487,2,1
29488,2,1
29489,3,1
29490,2,2
29491,2,2
29492,2,2
29493,2,2
29494,2,1
29495,2,1
29496,3,3
29497,2,2
29498,2,2
29499,3,2
29500,2,2
29501,2,1
29502,3,2
29503,2,1
29504,2,1
29505,2,2
29506,2,2
29507,2,2
29508,2,2
29509,2,1
29510,2,1
29511,2,2
29512,4,4
29513,2,1
29514,2,1
29515,2,2
29516,2,1
29517,2,1
29518,2,2
29519,2,1
29520,2,2
29521,2,1
29522,2,2
29523,2,2
29524,2,2
29525,2,1
29526,2,1
29527,2,1
29528,2,1
29529,2,1
29530,2,1
29531,2,2
29532,2,2
29533,2,1
29534,2,2
29535,2,1
29536,2,2
29537,2,1
29538,2,2
29539,3,1
29540,2,1
29541,2,2
29542,2,2
29543,2,1
29544,2,2
29545,2,2
29546,3,3
29547,2,2
29548,2,1
29549,2,1
29550,2,2
29551,2,2
29552,2,2
29553,3,1
29554,2,1
29555,2,1
29556,2,1
29557,2,1
29558,2,1
29559,3,1
29560,2,1
29561,2,1
29562,2,1
29563,8,1
29564,4,1
29565,2,1
29566,2,1
29567,3,2
29568,2,1
29569,5,1
29570,2,1
29571,3,1
29572,2,1
29573,2,1
29574,4,1
29575,4,1
29576,14,1
29577,2,2
29578,2,1
29579,3,1
29580,3,1
29581,2,1
29582,2,1
29583,2,1
29584,3,1
29585,2,1
29586,3,1
29587,10,2
29588,5,2
29589,13,1
29590,2,1
29591,2,1
29592,3,1
29593,20,1
29594,18,1
29595,3,1
29596,2,2
29597,3,3
29598,3,1
29599,2,2
29600,10,1
29601,6,1
29602,2,1
29603,2,1
29604,2,1
29605,10,1
29606,2,1
29607,2,1
29608,2,1
29609,2,1
29610,2,1
29611,2,1
