target_id,druggable,score_b1,rank_b1,pct_b1,score_b0,rank_b0,pct_b0,quinasa,especie
234197,0,0.6190476190476191,43.0,1.031434184675835,4.0,1158.5,28.425834970530452,True,0
198187,0,0.6,51.0,1.2278978388998036,3.0,1254.5,30.783398821218075,True,0
102095,1,0.3947664748970895,175.0,4.273084479371317,21.219030702605917,517.0,12.671905697445972,True,0
26767,0,0.3209775609026911,275.0,6.728880157170924,17.647639182037377,608.0,14.906679764243615,True,0
366197,1,0.30723003615085576,296.0,7.244597249508841,18.973532510646606,566.0,13.87524557956778,True,0
8418,0,0.302496921490283,304.0,7.44106090373281,1.7022506407129265,1389.0,34.086444007858546,True,0
399696,1,0.27154292980515654,356.0,8.718074656188605,37.88342328899311,288.0,7.048133595284872,True,0
179244,1,0.26981246218995764,364.0,8.914538310412574,12.0,814.0,19.965618860510805,True,0
145942,0,0.2692307692307692,369.0,9.037328094302554,18.999999999999996,564.0,13.826129666011788,True,0
212770,0,0.25333145259999246,423.0,10.363457760314342,31.787842267044116,345.0,8.447937131630649,True,0
347222,0,0.23131797557747674,473.0,11.591355599214145,40.489154153718054,264.0,6.458742632612966,True,0
27899,0,0.22853080634219322,482.0,11.81237721021611,50.70336946754513,162.0,3.9538310412573674,True,0
248403,0,0.2249718264938341,497.0,12.180746561886052,36.0033744058964,305.0,7.465618860510806,True,0
339097,0,0.22215771067524817,508.0,12.450884086444008,35.05137516758964,314.0,7.68664047151277,True,0
383271,0,0.19930830522066856,586.0,14.366404715127702,43.245497472218936,232.0,5.672888015717092,True,0
267925,0,0.19712992763865242,593.0,14.538310412573674,4.531648018337224,1122.0,27.529469548133594,True,0
266777,0,0.1950145593137056,605.5,14.845284872298624,42.84362899191639,245.5,6.004420432220039,True,0
120663,0,0.1950145593137056,605.5,14.845284872298624,42.84362899191639,245.5,6.004420432220039,True,0
279328,1,0.1874235976336156,649.0,15.913555992141454,20.496869335237776,532.0,13.040275049115914,True,0
44176,0,0.17769790285502082,692.0,16.969548133595286,42.791679022540336,249.0,6.090373280943026,True,0
217805,0,0.17769790285502082,692.0,16.969548133595286,42.791679022540336,249.0,6.090373280943026,True,0
160041,0,0.17769790285502082,692.0,16.969548133595286,42.791679022540336,249.0,6.090373280943026,True,0
121381,0,0.170185971663681,708.0,17.362475442043223,44.558842897731594,217.0,5.304518664047151,True,0
1958,1,0.1695039365475103,712.0,17.460707269155208,18.042508239015202,601.0,14.734774066797643,True,0
106512,1,0.1674966432446873,721.5,17.69400785854617,0.3349932864893746,1713.5,42.05550098231827,True,0
265412,0,0.15929207849583488,748.0,18.344793713163064,18.402401103476315,595.0,14.587426326129666,True,0
313833,0,0.15603034786568148,769.0,18.860510805500983,43.38231749113449,229.0,5.599214145383104,True,0
341101,0,0.13852597661890004,839.0,20.57956777996071,11.28819633130003,834.0,20.456777996070727,True,0
361982,0,0.13819402746055126,843.0,20.677799607072693,38.615696891097016,285.0,6.974459724950884,True,0
356897,0,0.12923590444442712,899.0,22.05304518664047,46.04712882213375,202.0,4.93614931237721,True,0
329308,0,0.12444861160794587,924.0,22.666994106090375,10.722498010298821,859.0,21.070726915520627,True,0
84330,0,0.12222689219471358,933.0,22.888015717092337,4.566731559966974,1119.0,27.455795677799607,True,0
192692,0,0.11931738476773994,943.0,23.1335952848723,33.21458624317275,330.0,8.079567779960707,True,0
8284,0,0.11899246154702108,946.0,23.207269155206287,14.558756754368082,701.0,17.190569744597248,True,0
44321,0,0.11467307225716993,1017.0,24.95088408644401,10.26310659197819,879.0,21.56188605108055,True,0
363870,0,0.11387388577872502,1024.0,25.12278978388998,1.2679909997540764,1454.0,35.682711198428294,True,0
229366,1,0.1108846519916394,1035.0,25.392927308447938,11.479561507984556,828.0,20.309430255402752,True,0
167774,0,0.10425282558028645,1068.0,26.203339882121806,0.6814278548219181,1589.0,38.99803536345776,True,0
283475,0,0.0837609776678933,1214.0,29.788801571709232,10.224787762923116,882.0,21.63555992141454,True,0
286575,1,0.07878359424791444,1246.0,30.574656188605108,0.9454031309749732,1512.0,37.10707269155206,True,0
138401,0,0.07443500990563547,1269.0,31.139489194499017,10.077739672432461,884.0,21.68467583497053,True,0
278967,0,0.06918685132952228,1313.0,32.220039292730846,19.38790955058107,556.0,13.629666011787819,True,0
269917,1,0.057656919320501765,1408.0,34.553045186640475,14.800959369624588,686.0,16.822200392927307,True,0
61222,0,0.04008435609136452,1502.0,36.8614931237721,1.3140603915705327,1438.0,35.289783889980356,True,0
207290,0,0.03622503724538522,1517.0,37.22986247544204,26.29937704014967,403.0,9.87229862475442,True,0
109288,0,0.03465418680451678,1521.0,37.32809430255403,0.7633175610830701,1564.0,38.384086444007856,True,0
73247,0,0.03143007236789474,1550.0,38.04027504911591,2.858153813749561,1279.0,31.38506876227898,True,0
70953,0,0.02911435811840227,1566.5,38.44548133595285,0.14557179059201136,1838.5,45.12524557956778,True,0
29657,0,0.02911435811840227,1566.5,38.44548133595285,0.14557179059201136,1838.5,45.12524557956778,True,0
8998,0,0.025499859341526647,1605.0,39.3909626719057,18.512897881948344,589.0,14.44007858546169,True,0
137065,0,0.02531854430101362,1607.0,39.44007858546169,2.738365132262805,1285.0,31.532416502946955,True,0
33969,0,0.019943451229642136,1659.0,40.717092337917485,0.7431764796712027,1567.0,38.45776031434185,True,0
172978,0,0.010549733209721416,1756.0,43.0992141453831,0.9283765224554845,1519.0,37.278978388998034,True,0
223541,0,0.00423184922952415,1888.0,46.34086444007858,0.1015643815085796,1898.0,46.586444007858546,True,0
220977,0,0.0027403817006703157,1941.0,47.642436149312374,0.11260089586018361,1879.0,46.11984282907662,True,0
257008,0,0.0014478677542275732,1999.0,49.06679764243615,0.08717031338807905,1926.0,47.27406679764243,True,0
53843,1,0.001098099526027441,2028.0,49.778978388998034,0.031107044780216708,2025.0,49.70530451866405,True,0
118502,0,9.098622543303293e-05,2139.0,52.5049115913556,0.0024933847742251124,2170.0,53.26620825147348,True,0
338149,0,4.543805142100326e-05,2162.0,53.06974459724951,0.0037378464404493284,2159.0,52.99607072691552,True,0
194758,0,2.6902249960111183e-07,2299.0,56.43418467583497,4.2505554936975665e-05,2286.0,56.114931237721024,True,0
18260,1,0.0,3245.0,79.66601178781926,0.0,3245.0,79.66601178781926,True,0
252241,0,0.0,3245.0,79.66601178781926,0.0,3245.0,79.66601178781926,True,0
115473,1,0.0,3245.0,79.66601178781926,0.0,3245.0,79.66601178781926,True,0
86838,0,0.0,3245.0,79.66601178781926,0.0,3245.0,79.66601178781926,True,0
290596,0,0.0,3245.0,79.66601178781926,0.0,3245.0,79.66601178781926,True,0
262647,0,0.0,3245.0,79.66601178781926,0.0,3245.0,79.66601178781926,True,0
241915,1,0.49527665317139,76.0,1.6548984995586937,13.0,731.5,16.118711385701676,True,1
157984,0,0.4479382714385744,107.0,2.3389232127096204,27.396405271712496,398.0,8.759929390997351,True,1
185124,1,0.4388065526102556,118.0,2.581641659311562,2.8471250299472484,1235.0,27.228596646072376,True,1
84852,1,0.3988788971531989,173.0,3.795233892321271,41.42247474747475,289.0,6.354810238305384,True,1
303074,0,0.3814136866553979,193.0,4.236540158870256,20.143957861638974,521.0,11.47396293027361,True,1
395200,0,0.3699341438703141,207.0,4.545454545454546,17.833333333333336,575.5,12.676522506619595,True,1
155236,1,0.350767414403778,236.0,5.185348631950574,16.966666666666665,598.0,13.172992056487201,True,1
229395,0,0.3251361299123352,277.0,6.090026478375993,70.59701663512286,153.0,3.353927625772286,True,1
312968,1,0.32242709561891514,285.0,6.266548984995587,14.472353010574833,680.0,14.982347749338041,True,1
355601,0,0.30531723086147033,314.0,6.906443071491615,68.00068542568542,155.0,3.3980582524271843,True,1
38987,0,0.29960301716176563,325.5,7.160194174757281,6.297168121255899,963.5,21.237864077669904,True,1
223634,1,0.29960301716176563,325.5,7.160194174757281,6.297168121255899,963.5,21.237864077669904,True,1
132816,0,0.27606939410178116,370.0,8.142100617828774,50.52957045776885,246.0,5.406001765225066,True,1
33894,0,0.26791095236707174,393.0,8.649602824360105,64.02700913020753,164.0,3.5966460723742277,True,1
369203,0,0.26603803997421016,397.5,8.748896734333627,19.833333333333336,532.0,11.716681376875552,True,1
188416,0,0.26603803997421016,397.5,8.748896734333627,19.833333333333336,532.0,11.716681376875552,True,1
70408,0,0.24189682495988468,467.0,10.28243601059135,53.1683039914585,216.0,4.744042365401588,True,1
288532,0,0.24143293102263252,470.0,10.348631950573699,10.726395424343933,804.0,17.718446601941746,True,1
127360,0,0.24103604504226792,472.0,10.392762577228597,33.96734572377929,336.0,7.391879964695499,True,1
228744,1,0.21715620807756866,526.0,11.584289496910856,38.49390331890332,308.0,6.77405119152692,True,1
104930,0,0.21038510101010102,555.0,12.224183583406884,6.833333333333334,939.0,20.697263901147398,True,1
164727,1,0.20778655441282085,558.0,12.290379523389232,41.05422077922078,294.0,6.46513680494263,True,1
313155,0,0.19406903962569433,600.0,13.217122683142101,57.0494936696639,180.0,3.9496910856134155,True,1
377774,1,0.19359485815602837,601.0,13.23918799646955,19.333333333333336,548.0,12.06972639011474,True,1
388308,0,0.19262616616579734,605.0,13.327449249779347,57.03506493506493,181.0,3.971756398940865,True,1
243351,1,0.1883058230746361,625.5,13.779788172992056,8.152133258994962,895.5,19.737422771403352,True,1
134954,1,0.1883058230746361,625.5,13.779788172992056,8.152133258994962,895.5,19.737422771403352,True,1
49166,1,0.18069125245542386,654.0,14.40864960282436,20.90520913113505,503.0,11.076787290379523,True,1
42270,0,0.1769066510481666,670.0,14.761694616063549,48.31731601731602,254.0,5.58252427184466,True,1
194386,1,0.1764983637878852,672.5,14.816857899382171,8.832410008333685,872.5,19.22992056487202,True,1
10941,0,0.1764983637878852,672.5,14.816857899382171,8.832410008333685,872.5,19.22992056487202,True,1
130921,0,0.17452543622537053,686.0,15.114739629302736,43.38608748789785,270.0,5.935569285083848,True,1
337559,0,0.17401535026202303,688.0,15.158870255957634,43.37639585459425,271.0,5.957634598411297,True,1
180334,1,0.17136952503184671,699.0,15.401588702559577,43.111517654395755,274.0,6.0238305383936455,True,1
181682,0,0.17136952503184671,699.0,15.401588702559577,43.111517654395755,274.0,6.0238305383936455,True,1
382993,0,0.17136952503184671,699.0,15.401588702559577,43.111517654395755,274.0,6.0238305383936455,True,1
184046,1,0.17136952503184671,699.0,15.401588702559577,43.111517654395755,274.0,6.0238305383936455,True,1
265092,0,0.17136952503184671,699.0,15.401588702559577,43.111517654395755,274.0,6.0238305383936455,True,1
397509,1,0.1711763798951588,707.0,15.57811120917917,19.833333333333336,532.0,11.716681376875552,True,1
399645,0,0.1711763798951588,707.0,15.57811120917917,19.833333333333336,532.0,11.716681376875552,True,1
209021,0,0.1711763798951588,707.0,15.57811120917917,19.833333333333336,532.0,11.716681376875552,True,1
102443,0,0.1711763798951588,707.0,15.57811120917917,19.833333333333336,532.0,11.716681376875552,True,1
175200,0,0.1711763798951588,707.0,15.57811120917917,19.833333333333336,532.0,11.716681376875552,True,1
266673,0,0.1711763798951588,707.0,15.57811120917917,19.833333333333336,532.0,11.716681376875552,True,1
27481,0,0.1711763798951588,707.0,15.57811120917917,19.833333333333336,532.0,11.716681376875552,True,1
333141,0,0.17097567259617977,712.5,15.69947043248014,43.10324675324675,278.5,6.123124448367167,True,1
81597,0,0.17097567259617977,712.5,15.69947043248014,43.10324675324675,278.5,6.123124448367167,True,1
225534,0,0.17097567259617977,712.5,15.69947043248014,43.10324675324675,278.5,6.123124448367167,True,1
31187,0,0.17097567259617977,712.5,15.69947043248014,43.10324675324675,278.5,6.123124448367167,True,1
40937,0,0.17071786789855758,715.0,15.754633715798764,52.74123024909054,217.0,4.766107678729038,True,1
370200,0,0.16595165129246403,737.0,16.240070609002647,16.405455885288383,617.0,13.592233009708737,True,1
8541,0,0.16568425649443108,738.0,16.262135922330096,0.9660843489693025,1493.0,32.92144748455428,True,1
46345,0,0.16468532527371327,739.0,16.284201235657548,14.101451674019893,688.0,15.158870255957634,True,1
195046,1,0.16194034164162444,761.0,16.76963812886143,3.3899425605780253,1187.0,26.169461606354812,True,1
186737,1,0.15063702698582437,793.0,17.475728155339805,1.8473063695714411,1333.0,29.3909973521624,True,1
344030,1,0.14701378033711895,813.0,17.91703442188879,38.800550843428944,307.0,6.751985878199471,True,1
348806,1,0.14650146845082315,816.0,17.98323036187114,0.8254084944889122,1563.0,34.46601941747573,True,1
262955,0,0.1429382876971214,826.0,18.203883495145632,11.637369355154146,772.0,17.01235657546337,True,1
151339,0,0.139256073421151,855.5,18.854810238305383,34.40734607202794,333.5,7.336716681376876,True,1
230092,0,0.139256073421151,855.5,18.854810238305383,34.40734607202794,333.5,7.336716681376876,True,1
279789,0,0.1392216390479035,857.5,18.89894086496028,14.48292885739421,678.5,14.949249779346866,True,1
93265,0,0.1392216390479035,857.5,18.89894086496028,14.48292885739421,678.5,14.949249779346866,True,1
15620,0,0.13619854114764948,870.0,19.174757281553397,13.750965157528881,702.0,15.467784642541924,True,1
352294,0,0.1316245053198944,889.0,19.593998234774933,39.06315787397019,304.0,6.685789938217122,True,1
240518,0,0.13092356887160483,893.0,19.682259488084732,38.86469225757036,305.0,6.707855251544572,True,1
104679,0,0.1305297164359379,897.0,19.770520741394527,38.85642135642135,306.0,6.729920564872021,True,1
390808,0,0.12383018366083842,918.0,20.23389232127096,4.555893440348357,1078.0,23.76434245366284,True,1
119213,0,0.12361172944094322,921.0,20.30008826125331,34.67210818903256,331.0,7.281553398058253,True,1
15710,1,0.11915750493719056,938.0,20.675198587819946,13.698419851207333,707.0,15.57811120917917,True,1
388285,0,0.11267217630853994,960.0,21.16063548102383,13.633333333333333,714.0,15.732568402471315,True,1
68821,1,0.10625129205617181,1003.5,22.120476610767874,16.141773407935343,630.5,13.890114739629302,True,1
331479,0,0.10625129205617181,1003.5,22.120476610767874,16.141773407935343,630.5,13.890114739629302,True,1
348778,0,0.09881011726090914,1039.0,22.90379523389232,30.160520675202548,367.0,8.075904677846426,True,1
43868,0,0.09486105837537034,1069.0,23.565754633715798,31.18178210678211,358.0,7.877316857899382,True,1
382931,0,0.08421985815602837,1140.5,25.14342453662842,15.833333333333334,644.5,14.199029126213592,True,1
199892,1,0.08421985815602837,1140.5,25.14342453662842,15.833333333333334,644.5,14.199029126213592,True,1
123250,1,0.08421985815602837,1140.5,25.14342453662842,15.833333333333334,644.5,14.199029126213592,True,1
350534,0,0.08421985815602837,1140.5,25.14342453662842,15.833333333333334,644.5,14.199029126213592,True,1
107348,0,0.08406299215858531,1144.0,25.220653133274492,29.97859339459144,373.0,8.20829655781112,True,1
221544,1,0.07715458288822388,1175.0,25.904677846425418,8.461940234825436,880.0,19.39541041482789,True,1
92371,1,0.07379004896396854,1208.0,26.632833186231245,22.32896017910005,470.0,10.348631950573699,True,1
303907,1,0.07212566922809134,1216.0,26.80935569285084,0.4659852110700583,1676.0,36.95939982347749,True,1
154324,0,0.07116669525139335,1226.0,27.030008826125332,8.417380163689423,882.0,19.43954104148279,True,1
229987,0,0.06619199650143288,1267.0,27.93468667255075,0.22844840343637343,1866.0,41.15180935569285,True,1
111888,1,0.05888507414087198,1312.0,28.927625772285968,1.072847756148043,1479.0,32.612533097969994,True,1
326138,0,0.046376934612228735,1405.0,30.979699911738745,9.460894660894661,838.0,18.468667255075022,True,1
64888,0,0.04093500068711567,1441.0,31.77405119152692,0.9656919751252202,1494.0,32.94351279788173,True,1
349351,1,0.02348608186620304,1587.0,34.99558693733451,0.3016690006395249,1784.0,39.34245366284201,True,1
164399,0,0.022585006542363263,1612.0,35.54721977052074,0.8654618545037054,1544.0,34.046778464254196,True,1
362659,1,0.022065219237952037,1650.0,36.38570167696381,0.2522398212404527,1834.0,40.44571932921448,True,1
150322,1,0.014488533704055454,1739.0,38.349514563106794,0.9009755661744325,1513.0,33.36275375110326,True,1
259889,0,0.013061315824023749,1751.0,38.61429832303619,0.9514161915680411,1496.0,32.98764342453663,True,1
245790,0,0.011277077172033445,1764.0,38.90114739629303,0.6375650085885066,1639.0,36.14298323036187,True,1
2745,0,0.010534164376251801,1775.0,39.14386584289497,0.4203907860083713,1688.0,37.224183583406884,True,1
63179,0,0.007779884128681521,1824.0,40.22506619593998,0.8473063695714411,1558.0,34.35569285083848,True,1
112852,1,0.007779884128681521,1824.0,40.22506619593998,0.8473063695714411,1558.0,34.35569285083848,True,1
396328,0,0.007779884128681521,1824.0,40.22506619593998,0.8473063695714411,1558.0,34.35569285083848,True,1
348219,0,0.007779884128681521,1824.0,40.22506619593998,0.8473063695714411,1558.0,34.35569285083848,True,1
188925,0,0.007779884128681521,1824.0,40.22506619593998,0.8473063695714411,1558.0,34.35569285083848,True,1
218442,1,0.003734028327415626,1999.0,44.0864960282436,0.09655867688652012,2049.0,45.18976169461607,True,1
9288,0,0.0032014488249442383,2016.0,44.461606354810236,0.5602535443652418,1654.0,36.47396293027361,True,1
325059,0,0.001222383582036795,2149.0,47.39629302736099,0.09901307014498038,2045.0,45.101500441306264,True,1
280114,1,0.00019284428056889736,2300.0,50.728155339805824,0.024491223632249964,2230.0,49.18358340688438,True,1
350810,0,3.7159744282428906e-06,2430.0,53.59664607237423,0.0004310530336761753,2435.0,53.706972639011475,True,1
97439,0,0.0,3569.0,78.72903795233893,0.0,3569.0,78.72903795233893,True,1
310924,0,0.0,3569.0,78.72903795233893,0.0,3569.0,78.72903795233893,True,1
351674,0,0.391394522976555,39.0,0.2331288343558282,53.576190476190476,1269.0,7.779141104294479,True,3
122667,0,0.36170377241805807,68.0,0.4110429447852761,8.25,4101.0,25.153374233128833,True,3
327631,1,0.3444951262072189,80.0,0.48466257668711654,107.55199522699523,400.5,2.450920245398773,True,3
179259,1,0.32231165824915825,114.0,0.6932515337423313,9.833333333333334,3811.0,23.374233128834355,True,3
278400,1,0.31000847402356124,134.0,0.8159509202453987,68.20465178096757,766.0,4.693251533742331,True,3
379073,0,0.29535239316386686,151.0,0.9202453987730062,134.03532856032857,89.0,0.5398773006134969,True,3
231271,1,0.2773436194225107,182.0,1.1104294478527608,9.404761904761905,3905.0,23.950920245398773,True,3
26736,0,0.2611617928738856,219.0,1.3374233128834356,107.38532856032856,413.5,2.5306748466257667,True,3
398969,0,0.2548076923076923,230.0,1.4049079754601228,18.0,2673.5,16.395705521472394,True,3
297921,0,0.2548076923076923,230.0,1.4049079754601228,18.0,2673.5,16.395705521472394,True,3
248613,1,0.2548076923076923,230.0,1.4049079754601228,18.0,2673.5,16.395705521472394,True,3
386626,1,0.2528623113695492,239.5,1.4631901840490797,40.88001443001443,1701.5,10.432515337423313,True,3
359532,1,0.2528623113695492,239.5,1.4631901840490797,40.88001443001443,1701.5,10.432515337423313,True,3
318487,0,0.24096367240585959,274.0,1.6748466257668713,124.40157342657342,158.0,0.9631901840490797,True,3
123268,0,0.23338401509610782,286.5,1.7515337423312884,108.38532856032856,382.0,2.3374233128834354,True,3
120546,0,0.23338401509610782,286.5,1.7515337423312884,108.38532856032856,382.0,2.3374233128834354,True,3
251951,1,0.23255416521839878,289.0,1.7668711656441718,17.149603174603175,2793.0,17.12883435582822,True,3
51064,0,0.20830126404704058,379.0,2.3190184049079754,184.2940170940171,5.0,0.024539877300613498,True,3
200288,1,0.20791942005907932,380.0,2.3251533742331287,41.11374458874459,1694.0,10.386503067484663,True,3
340365,1,0.206473925117118,387.0,2.3680981595092025,39.22402597402598,1732.0,10.61963190184049,True,3
181175,0,0.2025862068965517,404.0,2.4723926380368098,7.5,4254.5,26.095092024539877,True,3
298958,0,0.2025862068965517,404.0,2.4723926380368098,7.5,4254.5,26.095092024539877,True,3
116718,0,0.2025862068965517,404.0,2.4723926380368098,7.5,4254.5,26.095092024539877,True,3
47701,1,0.20157358156028368,413.0,2.5276073619631902,20.833333333333332,2487.5,15.254601226993865,True,3
137694,0,0.19844675693919958,427.0,2.6134969325153374,33.154761904761905,1948.0,11.94478527607362,True,3
37135,1,0.1806671040722017,524.0,3.208588957055215,34.346536796536796,1916.0,11.748466257668712,True,3
157023,1,0.17915510329941411,535.0,3.276073619631902,21.333333333333332,2390.0,14.656441717791411,True,3
250996,1,0.17888666059875333,539.0,3.3006134969325154,109.55199522699523,327.5,2.003067484662577,True,3
241819,0,0.17888666059875333,539.0,3.3006134969325154,109.55199522699523,327.5,2.003067484662577,True,3
355450,1,0.17888666059875333,539.0,3.3006134969325154,109.55199522699523,327.5,2.003067484662577,True,3
383187,0,0.17400129904672512,588.0,3.6012269938650308,113.0686618936619,290.0,1.7730061349693251,True,3
95321,1,0.17365547147628813,596.0,3.6503067484662575,162.9010545010545,24.0,0.1411042944785276,True,3
238689,1,0.1729224750281076,605.0,3.705521472392638,15.5,3068.0,18.8159509202454,True,3
237862,0,0.17067849891944117,613.0,3.754601226993865,143.9563825063825,56.0,0.3374233128834356,True,3
6349,1,0.17039383395038282,617.5,3.7822085889570554,128.93490675990677,119.5,0.7269938650306749,True,3
212624,0,0.17039383395038282,617.5,3.7822085889570554,128.93490675990677,119.5,0.7269938650306749,True,3
195624,0,0.15951220910753539,712.0,4.361963190184049,22.092771117771118,2332.0,14.300613496932515,True,3
253339,1,0.1590909090909091,716.5,4.389570552147239,8.0,4170.0,25.57668711656442,True,3
257058,1,0.1590909090909091,716.5,4.389570552147239,8.0,4170.0,25.57668711656442,True,3
16214,0,0.15789473684210525,729.0,4.466257668711656,9.0,3983.0,24.429447852760735,True,3
189978,1,0.15721442445283298,736.5,4.512269938650307,109.38532856032856,335.5,2.0521472392638036,True,3
140811,0,0.15721442445283298,736.5,4.512269938650307,109.38532856032856,335.5,2.0521472392638036,True,3
3422,0,0.15007527310765362,787.5,4.825153374233129,137.31980241980241,80.5,0.48773006134969327,True,3
317967,1,0.15007527310765362,787.5,4.825153374233129,137.31980241980241,80.5,0.48773006134969327,True,3
370752,1,0.14814095954055226,807.0,4.9447852760736195,108.30199522699523,386.0,2.361963190184049,True,3
373258,1,0.1478519866019866,808.0,4.950920245398773,15.499999999999998,3069.0,18.822085889570552,True,3
106505,0,0.1471992636717134,810.5,4.966257668711656,21.95,2339.5,14.346625766871165,True,3
122583,0,0.1471992636717134,810.5,4.966257668711656,21.95,2339.5,14.346625766871165,True,3
161297,1,0.1466822437859566,838.0,5.134969325153374,184.08516206016205,6.0,0.03067484662576687,True,3
114396,0,0.1463355709308972,841.0,5.153374233128834,21.759437784437782,2352.0,14.423312883435583,True,3
15117,0,0.14519657787244195,857.5,5.254601226993865,9.218650793650793,3951.5,24.236196319018404,True,3
159654,0,0.14519657787244195,857.5,5.254601226993865,9.075793650793651,3976.0,24.386503067484664,True,3
224459,1,0.1450633412420942,860.0,5.269938650306749,180.1785409035409,11.0,0.06134969325153374,True,3
85928,0,0.14338024571104907,873.0,5.3496932515337425,138.48122433122433,74.0,0.44785276073619634,True,3
234123,0,0.14324343398437625,874.0,5.355828220858895,145.0063825063825,48.0,0.2883435582822086,True,3
142088,1,0.14295988560947834,876.0,5.368098159509202,111.76032856032856,301.0,1.8404907975460123,True,3
369839,1,0.1425883298971472,910.0,5.576687116564417,118.44330114330114,222.0,1.3558282208588956,True,3
167364,1,0.13948229215815625,942.0,5.773006134969325,9.142460317460317,3967.0,24.33128834355828,True,3
285302,0,0.13900323298194578,948.0,5.809815950920245,181.87360694860695,8.0,0.04294478527607362,True,3
312693,0,0.13508476873413666,978.0,5.993865030674846,27.77777777777778,2054.5,12.598159509202453,True,3
354932,1,0.13499634848012884,980.0,6.006134969325154,133.93650516150515,91.0,0.5521472392638037,True,3
229001,1,0.1343957131516032,987.0,6.049079754601227,132.33188755688755,103.0,0.6257668711656442,True,3
399716,1,0.13393946612859828,992.0,6.079754601226994,179.1460150960151,14.0,0.07975460122699386,True,3
83739,1,0.13268990550403767,1009.0,6.184049079754601,181.33971306471307,9.0,0.049079754601226995,True,3
129371,0,0.13185890833780753,1014.0,6.214723926380368,12.131818181818183,3405.0,20.883435582822084,True,3
48995,1,0.13028921823851927,1042.0,6.386503067484663,188.72316572316572,3.0,0.012269938650306749,True,3
171836,1,0.12932356199942607,1060.0,6.4969325153374236,9.218650793650793,3951.5,24.236196319018404,True,3
345503,1,0.1261039141719391,1105.0,6.773006134969325,111.59366189366189,302.0,1.8466257668711656,True,3
211798,0,0.12528307677730194,1109.0,6.7975460122699385,27.77777777777778,2054.5,12.598159509202453,True,3
96520,0,0.12528307677730194,1109.0,6.7975460122699385,27.77777777777778,2054.5,12.598159509202453,True,3
358928,0,0.12528307677730194,1109.0,6.7975460122699385,27.77777777777778,2054.5,12.598159509202453,True,3
110815,1,0.12185739221323155,1155.0,7.079754601226994,152.75812243312242,32.0,0.1901840490797546,True,3
209045,1,0.12182571637488915,1156.0,7.085889570552148,133.9949605949606,90.0,0.5460122699386503,True,3
29822,0,0.12025952299551343,1199.0,7.3496932515337425,128.0098457098457,130.0,0.7914110429447853,True,3
273320,1,0.11999927946000127,1202.5,7.371165644171779,146.17804972804973,44.5,0.2668711656441718,True,3
98542,1,0.11999927946000127,1202.5,7.371165644171779,146.17804972804973,44.5,0.2668711656441718,True,3
277206,1,0.11963211736873178,1211.5,7.42638036809816,11.0,3539.0,21.70552147239264,True,3
130019,0,0.11963211736873178,1211.5,7.42638036809816,11.0,3539.0,21.70552147239264,True,3
73442,1,0.11963211736873178,1211.5,7.42638036809816,11.0,3539.0,21.70552147239264,True,3
361976,1,0.11963211736873178,1211.5,7.42638036809816,11.0,3539.0,21.70552147239264,True,3
324071,0,0.11854198209853099,1220.0,7.478527607361963,127.53490675990676,131.0,0.7975460122699386,True,3
79624,0,0.11645311153572364,1243.5,7.622699386503068,4.25,5491.5,33.6840490797546,True,3
112899,0,0.11645311153572364,1243.5,7.622699386503068,4.25,5491.5,33.6840490797546,True,3
107466,1,0.11511490646988781,1266.5,7.763803680981595,133.157104007104,95.5,0.5797546012269938,True,3
324208,1,0.11511490646988781,1266.5,7.763803680981595,133.157104007104,95.5,0.5797546012269938,True,3
331281,1,0.11488347572178204,1271.0,7.791411042944786,109.3186618936619,337.0,2.061349693251534,True,3
62353,1,0.11457531654774963,1275.0,7.815950920245399,132.83805638805637,97.0,0.588957055214724,True,3
51561,1,0.11246796262168245,1303.0,7.987730061349693,176.42699522699522,18.0,0.10429447852760736,True,3
293843,0,0.1122018244659754,1305.0,8.0,9.5,3884.5,23.82515337423313,True,3
4819,0,0.1111111111111111,1324.5,8.11963190184049,0.3333333333333333,10230.5,62.75766871165644,True,3
269199,1,0.10775275873653911,1438.0,8.815950920245399,133.7698384948385,93.0,0.5644171779141104,True,3
120147,1,0.10640666693735601,1462.0,8.963190184049079,134.16506549006547,88.0,0.5337423312883436,True,3
207444,1,0.10579387725026704,1469.0,9.006134969325153,140.4452575202575,64.0,0.38650306748466257,True,3
46612,0,0.10476940801035027,1506.0,9.233128834355828,143.87456432456432,57.0,0.34355828220858897,True,3
58271,1,0.10467171717171717,1509.0,9.251533742331288,5.666666666666667,4861.0,29.8159509202454,True,3
40919,0,0.10467171717171717,1509.0,9.251533742331288,5.666666666666667,4861.0,29.8159509202454,True,3
359247,1,0.10467171717171717,1509.0,9.251533742331288,5.666666666666667,4861.0,29.8159509202454,True,3
51002,1,0.10381182282020862,1533.0,9.39877300613497,129.70555278055278,114.0,0.6932515337423313,True,3
292378,1,0.10343917664063107,1537.5,9.42638036809816,110.18532856032857,318.5,1.9478527607361964,True,3
39582,1,0.10343917664063107,1537.5,9.42638036809816,110.18532856032857,318.5,1.9478527607361964,True,3
288362,1,0.10330917155150103,1549.0,9.496932515337424,128.36900876900876,123.0,0.7484662576687117,True,3
164534,1,0.09962616534470926,1619.0,9.92638036809816,159.89183039183038,28.0,0.1656441717791411,True,3
398354,1,0.09923000790876084,1621.0,9.938650306748466,179.99520757020758,12.0,0.06748466257668712,True,3
282996,0,0.09911890543913017,1624.5,9.960122699386503,17.109523809523807,2794.5,17.13803680981595,True,3
168172,0,0.09911890543913017,1624.5,9.960122699386503,17.109523809523807,2794.5,17.13803680981595,True,3
102306,0,0.09780200451409723,1652.0,10.128834355828221,111.25437617937618,303.0,1.852760736196319,True,3
57771,0,0.09651922796141515,1678.0,10.28834355828221,124.23490675990676,164.5,1.0030674846625767,True,3
136965,0,0.09452505678920772,1727.5,10.5920245398773,9.5,3884.5,23.82515337423313,True,3
306569,0,0.09452505678920772,1727.5,10.5920245398773,9.5,3884.5,23.82515337423313,True,3
139405,0,0.09449512620721894,1731.0,10.613496932515337,107.88532856032856,392.0,2.3987730061349692,True,3
290956,1,0.09449512620721894,1731.0,10.613496932515337,107.88532856032856,392.0,2.3987730061349692,True,3
214865,0,0.09449512620721894,1731.0,10.613496932515337,107.88532856032856,392.0,2.3987730061349692,True,3
191264,1,0.09384239863225392,1740.0,10.668711656441717,139.44967254967256,68.0,0.4110429447852761,True,3
62930,1,0.09324343398437623,1753.5,10.751533742331288,144.9063825063825,51.5,0.3098159509202454,True,3
267387,0,0.09324343398437623,1753.5,10.751533742331288,144.9063825063825,51.5,0.3098159509202454,True,3
29195,1,0.09324343398437623,1753.5,10.751533742331288,144.9063825063825,51.5,0.3098159509202454,True,3
320487,0,0.09324343398437623,1753.5,10.751533742331288,144.9063825063825,51.5,0.3098159509202454,True,3
377805,1,0.0922365592290258,1778.0,10.901840490797547,109.42699522699523,333.0,2.03680981595092,True,3
239645,1,0.0922365592290258,1778.0,10.901840490797547,109.42699522699523,333.0,2.03680981595092,True,3
85776,1,0.0922365592290258,1778.0,10.901840490797547,109.42699522699523,333.0,2.03680981595092,True,3
128499,0,0.09222805432338059,1780.0,10.914110429447852,22.793961593961594,2284.0,14.006134969325153,True,3
75260,0,0.09134615384615385,1789.0,10.969325153374234,9.5,3884.5,23.82515337423313,True,3
147115,0,0.09003502355133304,1831.0,11.226993865030675,14.210231435231433,3195.0,19.595092024539877,True,3
307183,0,0.08901647869701768,1857.0,11.386503067484663,192.9717920967921,1.0,0.0,True,3
349973,0,0.08849238304155582,1875.0,11.496932515337424,133.8949605949606,92.0,0.558282208588957,True,3
348378,0,0.08791471146083074,1900.5,11.653374233128835,129.6789543789544,115.5,0.7024539877300614,True,3
210058,0,0.08791471146083074,1900.5,11.653374233128835,129.6789543789544,115.5,0.7024539877300614,True,3
29356,1,0.08682022511633969,1931.5,11.843558282208589,139.0722915972916,72.5,0.4386503067484663,True,3
28824,0,0.08682022511633969,1931.5,11.843558282208589,139.0722915972916,72.5,0.4386503067484663,True,3
10577,1,0.08650627861553806,1939.0,11.889570552147239,110.50199522699522,317.0,1.9386503067484662,True,3
175551,1,0.08599217694301464,1952.5,11.97239263803681,128.86757964257964,121.5,0.7392638036809815,True,3
374903,0,0.08599217694301464,1952.5,11.97239263803681,128.86757964257964,121.5,0.7392638036809815,True,3
394179,0,0.08559556660573264,1964.5,12.04601226993865,145.45157342657342,46.5,0.2791411042944785,True,3
215897,0,0.08559556660573264,1964.5,12.04601226993865,145.45157342657342,46.5,0.2791411042944785,True,3
398138,1,0.08507052303261577,1980.0,12.141104294478527,108.71866189366189,368.0,2.2515337423312882,True,3
191883,1,0.08507052303261577,1980.0,12.141104294478527,108.71866189366189,368.0,2.2515337423312882,True,3
11728,0,0.08507052303261577,1980.0,12.141104294478527,108.71866189366189,368.0,2.2515337423312882,True,3
363034,0,0.08476005430042696,2001.0,12.269938650306749,9.808730158730159,3824.0,23.45398773006135,True,3
346806,0,0.08442404668819763,2010.0,12.325153374233128,9.166666666666666,3965.0,24.319018404907975,True,3
369889,1,0.0835130828882191,2025.0,12.417177914110429,108.55675713175714,373.0,2.2822085889570554,True,3
222580,1,0.08272695743062286,2059.0,12.625766871165645,153.00812243312242,31.0,0.18404907975460122,True,3
64874,0,0.08145822344708584,2121.5,13.00920245398773,137.82347097347096,76.5,0.46319018404907975,True,3
375206,0,0.08145822344708584,2121.5,13.00920245398773,137.82347097347096,76.5,0.46319018404907975,True,3
34247,1,0.08120300751879699,2127.0,13.042944785276074,3.0,6804.5,41.739263803680984,True,3
354681,1,0.0810647205610128,2143.0,13.141104294478527,129.0382867132867,118.0,0.7177914110429447,True,3
390765,1,0.08067793000971916,2152.5,13.199386503067485,141.97790542790543,62.5,0.3773006134969325,True,3
108774,1,0.08067793000971916,2152.5,13.199386503067485,141.97790542790543,62.5,0.3773006134969325,True,3
15240,1,0.08060242320532468,2154.0,13.208588957055214,125.82419247419247,134.0,0.8159509202453987,True,3
371397,1,0.08002853137963273,2167.0,13.28834355828221,109.52699522699523,330.0,2.01840490797546,True,3
372164,1,0.07986528505955212,2178.5,13.358895705521473,137.71067543567543,78.5,0.4754601226993865,True,3
293642,1,0.07986528505955212,2178.5,13.358895705521473,137.71067543567543,78.5,0.4754601226993865,True,3
101930,1,0.07976940801035026,2183.0,13.386503067484663,143.77456432456432,59.0,0.3558282208588957,True,3
269252,0,0.07976940801035026,2183.0,13.386503067484663,143.77456432456432,59.0,0.3558282208588957,True,3
130234,0,0.07976940801035026,2183.0,13.386503067484663,143.77456432456432,59.0,0.3558282208588957,True,3
226194,1,0.07945655334515811,2196.5,13.469325153374234,176.5425269175269,16.5,0.0950920245398773,True,3
341197,1,0.07945655334515811,2196.5,13.469325153374234,176.5425269175269,16.5,0.0950920245398773,True,3
351198,0,0.07934361105570378,2200.0,13.49079754601227,108.38532856032856,382.0,2.3374233128834354,True,3
279163,1,0.07934361105570378,2200.0,13.49079754601227,108.38532856032856,382.0,2.3374233128834354,True,3
288704,1,0.07934361105570378,2200.0,13.49079754601227,108.38532856032856,382.0,2.3374233128834354,True,3
13125,1,0.07856570754442034,2228.0,13.662576687116564,182.72543845043845,7.0,0.03680981595092025,True,3
174135,0,0.07843852980358336,2230.0,13.674846625766872,184.70201187701187,4.0,0.018404907975460124,True,3
259960,1,0.07827674551662205,2234.0,13.699386503067485,190.27107337107338,2.0,0.006134969325153374,True,3
274925,1,0.07813287354359641,2236.5,13.714723926380367,109.21866189366189,342.5,2.0950920245398774,True,3
32271,1,0.07813287354359641,2236.5,13.714723926380367,109.21866189366189,342.5,2.0950920245398774,True,3
376701,1,0.0779956303264337,2240.0,13.736196319018404,138.08122433122432,75.0,0.4539877300613497,True,3
112715,1,0.07782845954055227,2244.0,13.760736196319018,107.48532856032855,403.0,2.4662576687116564,True,3
350434,1,0.07592166323048055,2348.0,14.39877300613497,118.24330114330114,225.0,1.3742331288343559,True,3
178815,1,0.07592166323048055,2348.0,14.39877300613497,118.24330114330114,225.0,1.3742331288343559,True,3
205284,1,0.07592166323048055,2348.0,14.39877300613497,118.24330114330114,225.0,1.3742331288343559,True,3
155801,1,0.07589285714285714,2350.0,14.411042944785276,3.4166666666666665,6497.0,39.852760736196316,True,3
169159,0,0.07577103087803036,2357.0,14.45398773006135,116.83532856032856,242.0,1.478527607361963,True,3
18774,0,0.07577103087803036,2357.0,14.45398773006135,116.83532856032856,242.0,1.478527607361963,True,3
219256,0,0.07577103087803036,2357.0,14.45398773006135,116.83532856032856,242.0,1.478527607361963,True,3
341165,1,0.07575714435048464,2359.0,14.466257668711657,166.77956487956487,20.0,0.1165644171779141,True,3
319288,1,0.07573024051956352,2360.0,14.47239263803681,172.0121656121656,19.0,0.11042944785276074,True,3
103614,1,0.07549084694723673,2361.0,14.478527607361963,140.35434842934845,65.0,0.39263803680981596,True,3
21889,1,0.07542550344792187,2363.0,14.49079754601227,12.839596514596515,3345.0,20.515337423312882,True,3
52585,0,0.07495726873339222,2369.0,14.52760736196319,144.95157342657342,49.0,0.294478527607362,True,3
368136,0,0.07492217678462261,2370.5,14.536809815950921,127.0027639027639,132.5,0.8067484662576687,True,3
45228,1,0.07492217678462261,2370.5,14.536809815950921,127.0027639027639,132.5,0.8067484662576687,True,3
49119,1,0.07352168333605094,2418.5,14.831288343558283,136.03654123654124,85.5,0.5184049079754601,True,3
361502,1,0.07352168333605094,2418.5,14.831288343558283,136.03654123654124,85.5,0.5184049079754601,True,3
322237,0,0.07352168333605094,2418.5,14.831288343558283,136.03654123654124,85.5,0.5184049079754601,True,3
265667,1,0.07352168333605094,2418.5,14.831288343558283,136.03654123654124,85.5,0.5184049079754601,True,3
84501,0,0.07206069308459079,2451.5,15.033742331288343,21.01340603840604,2454.5,15.052147239263803,True,3
311011,0,0.07206069308459079,2451.5,15.033742331288343,21.01340603840604,2454.5,15.052147239263803,True,3
191813,0,0.07206069308459079,2451.5,15.033742331288343,21.01340603840604,2454.5,15.052147239263803,True,3
116474,0,0.07206069308459079,2451.5,15.033742331288343,21.01340603840604,2454.5,15.052147239263803,True,3
169323,0,0.07206069308459079,2451.5,15.033742331288343,21.01340603840604,2454.5,15.052147239263803,True,3
341691,1,0.07206069308459079,2451.5,15.033742331288343,21.01340603840604,2454.5,15.052147239263803,True,3
292237,1,0.07200257152041145,2499.5,15.328220858895705,4.0,5650.0,34.65644171779141,True,3
43093,1,0.07200257152041145,2499.5,15.328220858895705,4.0,5650.0,34.65644171779141,True,3
180640,0,0.07200257152041145,2499.5,15.328220858895705,4.0,5650.0,34.65644171779141,True,3
207800,0,0.07200257152041145,2499.5,15.328220858895705,4.0,5650.0,34.65644171779141,True,3
239461,1,0.07028516338363186,2562.5,15.714723926380367,139.60347152847152,66.5,0.401840490797546,True,3
319369,1,0.07028516338363186,2562.5,15.714723926380367,139.60347152847152,66.5,0.401840490797546,True,3
136560,0,0.06979601219047751,2576.0,15.797546012269938,177.3558719058719,15.0,0.08588957055214724,True,3
345182,0,0.06967511004589813,2578.0,15.809815950920246,5.25,5038.0,30.901840490797547,True,3
357719,0,0.06798419747305987,2649.0,16.245398773006134,136.69165279165279,83.0,0.5030674846625767,True,3
117340,0,0.06798000790876084,2650.0,16.25153374233129,179.87020757020758,13.0,0.0736196319018405,True,3
13581,1,0.06738683127572015,2658.0,16.300613496932517,5.166666666666666,5055.5,31.00920245398773,True,3
104183,1,0.06702679644482695,2669.5,16.37116564417178,15.138888888888888,3124.5,19.162576687116566,True,3
83974,0,0.06702679644482695,2669.5,16.37116564417178,15.138888888888888,3124.5,19.162576687116566,True,3
246863,1,0.06670465709353383,2684.0,16.460122699386503,144.0499000999001,55.0,0.3312883435582822,True,3
260145,0,0.06638126597659225,2703.5,16.579754601226995,20.893961593961592,2484.5,15.236196319018404,True,3
280571,0,0.06638126597659225,2703.5,16.579754601226995,20.893961593961592,2484.5,15.236196319018404,True,3
341157,1,0.06609114506985787,2714.0,16.644171779141104,181.26591464091464,10.0,0.05521472392638037,True,3
320189,1,0.06592137112248735,2719.5,16.677914110429448,162.58383005883005,25.5,0.15030674846625766,True,3
334833,0,0.06592137112248735,2719.5,16.677914110429448,162.58383005883005,25.5,0.15030674846625766,True,3
385340,1,0.06570724741934014,2730.5,16.745398773006134,109.88532856032856,323.5,1.978527607361963,True,3
54537,0,0.06570724741934014,2730.5,16.745398773006134,109.88532856032856,323.5,1.978527607361963,True,3
335639,0,0.06456900622564962,2761.0,16.932515337423315,115.89330114330114,245.0,1.4969325153374233,True,3
125029,0,0.06442806045195815,2768.0,16.975460122699385,20.680072705072703,2491.0,15.276073619631902,True,3
71177,1,0.06301364472573745,2810.0,17.233128834355828,108.28532856032857,387.0,2.3680981595092025,True,3
1494,1,0.06259239863225392,2829.5,17.35276073619632,139.32467254967256,70.5,0.4263803680981595,True,3
131699,1,0.06259239863225392,2829.5,17.35276073619632,139.32467254967256,70.5,0.4263803680981595,True,3
375957,0,0.06239601866765597,2853.0,17.496932515337424,11.964285714285714,3426.0,21.012269938650306,True,3
380088,1,0.062321937321937304,2854.0,17.503067484662576,2.333333333333333,7458.5,45.75153374233129,True,3
274534,1,0.06222894413840711,2859.0,17.533742331288344,146.67804972804973,43.0,0.25766871165644173,True,3
45125,0,0.062160486755813024,2861.5,17.549079754601227,20.568961593961593,2500.5,15.33435582822086,True,3
371971,0,0.062160486755813024,2861.5,17.549079754601227,20.568961593961593,2500.5,15.33435582822086,True,3
325471,0,0.06181426947554758,2874.0,17.625766871165645,14.132367632367632,3214.0,19.711656441717793,True,3
91039,1,0.06131300255130496,2907.5,17.83128834355828,108.46866189366189,378.5,2.315950920245399,True,3
118749,1,0.06131300255130496,2907.5,17.83128834355828,108.46866189366189,378.5,2.315950920245399,True,3
20535,0,0.06080257958702532,2914.5,17.874233128834355,51.71000111000111,1329.5,8.150306748466258,True,3
30962,0,0.06080257958702532,2914.5,17.874233128834355,51.71000111000111,1329.5,8.150306748466258,True,3
222305,1,0.06033756852024949,2927.5,17.95398773006135,112.76985236985237,292.5,1.7883435582822085,True,3
76196,1,0.06033756852024949,2927.5,17.95398773006135,112.76985236985237,292.5,1.7883435582822085,True,3
288148,1,0.06016659380663995,2930.0,17.969325153374232,160.92927627927628,27.0,0.15950920245398773,True,3
160196,1,0.05989659170259038,2945.0,18.061349693251532,155.920424020424,30.0,0.17791411042944785,True,3
264830,1,0.05988854519565964,2946.5,18.070552147239265,3.1666666666666665,6615.0,40.576687116564415,True,3
93158,1,0.05988854519565964,2946.5,18.070552147239265,3.1666666666666665,6615.0,40.576687116564415,True,3
254572,1,0.05985349639332544,2952.0,18.104294478527606,113.3686618936619,285.0,1.7423312883435582,True,3
171017,1,0.0593662261623525,2964.0,18.177914110429448,107.71866189366189,395.0,2.4171779141104293,True,3
267296,0,0.05935739221323156,2969.0,18.208588957055216,152.50812243312242,37.0,0.22085889570552147,True,3
174455,1,0.05935739221323156,2969.0,18.208588957055216,152.50812243312242,37.0,0.22085889570552147,True,3
194533,1,0.05935739221323156,2969.0,18.208588957055216,152.50812243312242,37.0,0.22085889570552147,True,3
339392,0,0.05935739221323156,2969.0,18.208588957055216,152.50812243312242,37.0,0.22085889570552147,True,3
358748,1,0.05935739221323156,2969.0,18.208588957055216,152.50812243312242,37.0,0.22085889570552147,True,3
162186,0,0.05935739221323156,2969.0,18.208588957055216,152.50812243312242,37.0,0.22085889570552147,True,3
119620,0,0.05935739221323156,2969.0,18.208588957055216,152.50812243312242,37.0,0.22085889570552147,True,3
190520,1,0.05935739221323156,2969.0,18.208588957055216,152.50812243312242,37.0,0.22085889570552147,True,3
357435,0,0.05935739221323156,2969.0,18.208588957055216,152.50812243312242,37.0,0.22085889570552147,True,3
47424,1,0.05914828913624394,2977.5,18.26073619631902,113.88532856032856,269.0,1.6441717791411044,True,3
36913,0,0.05914828913624394,2977.5,18.26073619631902,113.88532856032856,269.0,1.6441717791411044,True,3
148085,0,0.058474525512319735,3002.0,18.411042944785276,130.0731351981352,113.0,0.6871165644171779,True,3
355062,0,0.058009681827037717,3014.5,18.487730061349694,111.21866189366189,304.5,1.861963190184049,True,3
108239,1,0.058009681827037717,3014.5,18.487730061349694,111.21866189366189,304.5,1.861963190184049,True,3
71176,0,0.05667737409880004,3059.5,18.763803680981596,130.11043678543678,111.5,0.6779141104294478,True,3
65199,0,0.05667737409880004,3059.5,18.763803680981596,130.11043678543678,111.5,0.6779141104294478,True,3
6818,1,0.05558145947992826,3094.0,18.975460122699385,144.90631035631037,54.0,0.32515337423312884,True,3
356310,0,0.05536879483592154,3127.0,19.177914110429448,164.67956487956488,22.0,0.12883435582822086,True,3
77079,1,0.0548844184789124,3137.0,19.23926380368098,131.55158452658452,104.0,0.6319018404907976,True,3
212656,0,0.05420297270826371,3162.5,19.395705521472394,6.666183816183816,4539.5,27.84355828220859,True,3
191972,0,0.05420297270826371,3162.5,19.395705521472394,6.666183816183816,4539.5,27.84355828220859,True,3
346017,1,0.053586428762292845,3182.0,19.515337423312882,6.938095238095238,4480.0,27.478527607361965,True,3
237311,1,0.05342780509344955,3188.0,19.552147239263803,110.71985236985236,307.0,1.8773006134969326,True,3
47897,1,0.05282845954055227,3211.0,19.69325153374233,107.38532856032856,413.5,2.5306748466257667,True,3
368094,1,0.05282845954055227,3211.0,19.69325153374233,107.38532856032856,413.5,2.5306748466257667,True,3
38819,1,0.05282845954055227,3211.0,19.69325153374233,107.38532856032856,413.5,2.5306748466257667,True,3
267113,0,0.05265884360968131,3224.5,19.7760736196319,128.3342463092463,126.5,0.7699386503067485,True,3
155790,1,0.05265884360968131,3224.5,19.7760736196319,128.3342463092463,126.5,0.7699386503067485,True,3
309169,1,0.05265884360968131,3224.5,19.7760736196319,128.3342463092463,126.5,0.7699386503067485,True,3
324365,1,0.05265884360968131,3224.5,19.7760736196319,128.3342463092463,126.5,0.7699386503067485,True,3
286532,0,0.05265884360968131,3224.5,19.7760736196319,128.3342463092463,126.5,0.7699386503067485,True,3
237460,1,0.05265884360968131,3224.5,19.7760736196319,128.3342463092463,126.5,0.7699386503067485,True,3
300513,0,0.05158732478877922,3280.0,20.116564417177916,108.78532856032857,361.0,2.208588957055215,True,3
305518,1,0.05135477878079782,3291.0,20.1840490797546,147.169116994117,42.0,0.25153374233128833,True,3
288563,1,0.050892857142857136,3307.0,20.282208588957054,2.8999999999999995,6921.0,42.45398773006135,True,3
361578,0,0.05039827276925188,3324.5,20.38957055214724,121.9050838050838,210.5,1.2852760736196318,True,3
370731,0,0.05039827276925188,3324.5,20.38957055214724,121.9050838050838,210.5,1.2852760736196318,True,3
252329,1,0.04939903628120143,3397.0,20.834355828220858,131.15115162615163,105.0,0.6380368098159509,True,3
332582,0,0.04916624592250185,3434.0,21.061349693251532,133.26824009324008,94.0,0.5705521472392638,True,3
227589,1,0.04900129904672511,3442.0,21.11042944785276,112.8186618936619,291.0,1.7791411042944785,True,3
310822,1,0.04900129904672511,3442.0,21.11042944785276,113.15199522699523,288.5,1.7638036809815951,True,3
46093,1,0.04900129904672511,3442.0,21.11042944785276,113.15199522699523,288.5,1.7638036809815951,True,3
187007,0,0.04819882991092264,3514.0,21.552147239263803,108.88532856032856,348.5,2.1319018404907975,True,3
321251,1,0.04743630267780717,3561.0,21.84049079754601,107.55199522699523,400.5,2.450920245398773,True,3
367125,0,0.046726277222815686,3618.0,22.190184049079754,157.33342490842492,29.0,0.17177914110429449,True,3
396078,1,0.046239236689714774,3667.0,22.49079754601227,4.026587301587302,5604.0,34.374233128834355,True,3
3831,0,0.04612244466105783,3670.5,22.512269938650306,113.36985236985237,282.5,1.7269938650306749,True,3
179873,1,0.04612244466105783,3670.5,22.512269938650306,113.36985236985237,282.5,1.7269938650306749,True,3
287583,0,0.04612244466105783,3670.5,22.512269938650306,113.36985236985237,282.5,1.7269938650306749,True,3
294856,1,0.04612244466105783,3670.5,22.512269938650306,113.36985236985237,282.5,1.7269938650306749,True,3
83972,0,0.04496269842100646,3725.5,22.849693251533743,117.81548729048728,227.5,1.3895705521472392,True,3
365197,1,0.04496269842100646,3725.5,22.849693251533743,117.81548729048728,227.5,1.3895705521472392,True,3
209132,1,0.04461794019933554,3735.5,22.911042944785276,2.095238095238095,7707.5,47.27914110429448,True,3
306910,0,0.04461794019933554,3735.5,22.911042944785276,2.095238095238095,7707.5,47.27914110429448,True,3
297644,0,0.04461073144779427,3738.0,22.926380368098158,22.589957264957263,2289.0,14.036809815950921,True,3
254989,0,0.04461073144779427,3738.0,22.926380368098158,22.589957264957263,2289.0,14.036809815950921,True,3
107702,1,0.04461073144779427,3738.0,22.926380368098158,22.589957264957263,2289.0,14.036809815950921,True,3
211167,0,0.04347170279498537,3844.5,23.579754601226995,14.975793650793651,3137.5,19.242331288343557,True,3
116829,0,0.04347170279498537,3844.5,23.579754601226995,14.975793650793651,3137.5,19.242331288343557,True,3
165935,1,0.042890187935614,3903.0,23.938650306748468,112.71866189366189,294.0,1.7975460122699387,True,3
349744,1,0.042637662683088745,3910.5,23.984662576687118,113.80199522699523,272.5,1.665644171779141,True,3
230220,0,0.042637662683088745,3910.5,23.984662576687118,113.80199522699523,272.5,1.665644171779141,True,3
28326,1,0.042637662683088745,3910.5,23.984662576687118,113.80199522699523,272.5,1.665644171779141,True,3
65226,1,0.042637662683088745,3910.5,23.984662576687118,113.80199522699523,272.5,1.665644171779141,True,3
357493,0,0.042546068276428296,3920.0,24.042944785276074,130.33173215673216,110.0,0.6687116564417178,True,3
282521,0,0.04226320766153513,3933.0,24.12269938650307,4.729365079365079,5286.0,32.423312883435585,True,3
41821,1,0.04121497397079092,4001.0,24.539877300613497,125.57627372627373,137.0,0.8343558282208589,True,3
382093,1,0.04121497397079092,4001.0,24.539877300613497,125.57627372627373,137.0,0.8343558282208589,True,3
77475,1,0.04121497397079092,4001.0,24.539877300613497,125.57627372627373,137.0,0.8343558282208589,True,3
170323,0,0.04121497397079092,4001.0,24.539877300613497,125.57627372627373,137.0,0.8343558282208589,True,3
337930,0,0.04121497397079092,4001.0,24.539877300613497,125.57627372627373,137.0,0.8343558282208589,True,3
283614,0,0.040911319403371386,4013.5,24.616564417177916,121.52345987345987,217.5,1.3282208588957056,True,3
399176,0,0.040911319403371386,4013.5,24.616564417177916,121.52345987345987,217.5,1.3282208588957056,True,3
155145,0,0.040911319403371386,4013.5,24.616564417177916,121.52345987345987,217.5,1.3282208588957056,True,3
217798,0,0.040911319403371386,4013.5,24.616564417177916,121.52345987345987,217.5,1.3282208588957056,True,3
215762,0,0.040581875393141675,4065.0,24.932515337423315,118.6706820956821,221.0,1.3496932515337423,True,3
73282,0,0.04046582217791491,4068.0,24.950920245398773,109.55199522699523,327.5,2.003067484662577,True,3
367715,1,0.04030802251137344,4072.0,24.975460122699385,136.905217005217,82.0,0.49693251533742333,True,3
290314,0,0.04006264618554753,4078.5,25.015337423312882,108.76032856032856,363.5,2.223926380368098,True,3
1811,0,0.04006264618554753,4078.5,25.015337423312882,108.76032856032856,363.5,2.223926380368098,True,3
46268,0,0.04006264618554753,4078.5,25.015337423312882,108.76032856032856,363.5,2.223926380368098,True,3
281332,1,0.04006264618554753,4078.5,25.015337423312882,108.76032856032856,363.5,2.223926380368098,True,3
231002,0,0.03980549275888952,4109.5,25.20552147239264,19.942049617049616,2535.5,15.549079754601227,True,3
242787,0,0.03980549275888952,4109.5,25.20552147239264,19.942049617049616,2535.5,15.549079754601227,True,3
168169,1,0.03920214128838368,4132.0,25.34355828220859,113.19961427461428,286.0,1.7484662576687116,True,3
162382,1,0.038418285287733736,4163.0,25.533742331288344,110.08532856032856,320.0,1.9570552147239264,True,3
362799,0,0.03715478484264611,4229.5,25.941717791411044,3.916666666666666,5699.5,34.9601226993865,True,3
381312,0,0.03715478484264611,4229.5,25.941717791411044,3.916666666666666,5699.5,34.9601226993865,True,3
386420,0,0.03712575890512136,4233.0,25.96319018404908,14.760664335664336,3156.0,19.355828220858896,True,3
22161,0,0.03700796467593976,4256.5,26.107361963190183,115.33532856032856,248.5,1.51840490797546,True,3
341738,1,0.03700796467593976,4256.5,26.107361963190183,115.33532856032856,248.5,1.51840490797546,True,3
317025,1,0.03695183005029852,4260.0,26.12883435582822,139.40347152847153,69.0,0.4171779141104294,True,3
311342,0,0.03654877066122058,4300.0,26.374233128834355,4.074206349206349,5588.0,34.2760736196319,True,3
298870,0,0.03612541112541112,4322.5,26.512269938650306,3.702380952380952,6382.5,39.15030674846626,True,3
108661,0,0.03612541112541112,4322.5,26.512269938650306,3.702380952380952,6382.5,39.15030674846626,True,3
332935,1,0.03540811685030405,4370.5,26.80674846625767,124.13490675990676,166.5,1.0153374233128833,True,3
200156,0,0.03540811685030405,4370.5,26.80674846625767,124.13490675990676,166.5,1.0153374233128833,True,3
59983,0,0.035176834955445574,4376.0,26.84049079754601,27.895376845376845,2048.0,12.558282208588958,True,3
39901,0,0.03472222222222222,4393.0,26.94478527607362,1.6666666666666665,8158.0,50.04294478527607,True,3
206285,1,0.03426171529619805,4415.5,27.08282208588957,1.6666666666666665,8158.0,50.04294478527607,True,3
266286,0,0.03426171529619805,4415.5,27.08282208588957,1.6666666666666665,8158.0,50.04294478527607,True,3
83155,0,0.033800905547120855,4444.5,27.26073619631902,10.93015873015873,3547.5,21.757668711656443,True,3
350315,0,0.03329821501030774,4512.0,27.67484662576687,124.08532856032856,183.0,1.116564417177914,True,3
238880,0,0.03329821501030774,4512.0,27.67484662576687,124.08532856032856,183.0,1.116564417177914,True,3
117115,0,0.03329821501030774,4512.0,27.67484662576687,124.08532856032856,183.0,1.116564417177914,True,3
164355,1,0.03329821501030774,4512.0,27.67484662576687,124.08532856032856,183.0,1.116564417177914,True,3
289258,1,0.03329821501030774,4512.0,27.67484662576687,124.08532856032856,183.0,1.116564417177914,True,3
80065,1,0.03329821501030774,4512.0,27.67484662576687,124.08532856032856,183.0,1.116564417177914,True,3
95858,1,0.03329821501030774,4512.0,27.67484662576687,124.08532856032856,183.0,1.116564417177914,True,3
28039,1,0.03329821501030774,4512.0,27.67484662576687,124.08532856032856,183.0,1.116564417177914,True,3
87828,0,0.03329821501030774,4512.0,27.67484662576687,124.08532856032856,183.0,1.116564417177914,True,3
379734,0,0.03329821501030774,4512.0,27.67484662576687,124.08532856032856,183.0,1.116564417177914,True,3
77590,0,0.03329821501030774,4512.0,27.67484662576687,124.08532856032856,183.0,1.116564417177914,True,3
180409,1,0.03329821501030774,4512.0,27.67484662576687,124.08532856032856,183.0,1.116564417177914,True,3
295039,0,0.03329821501030774,4512.0,27.67484662576687,124.08532856032856,183.0,1.116564417177914,True,3
312229,1,0.03329821501030774,4512.0,27.67484662576687,124.08532856032856,183.0,1.116564417177914,True,3
175959,1,0.03329821501030774,4512.0,27.67484662576687,124.08532856032856,183.0,1.116564417177914,True,3
184458,1,0.03329821501030774,4512.0,27.67484662576687,124.08532856032856,183.0,1.116564417177914,True,3
20345,0,0.03329821501030774,4512.0,27.67484662576687,124.08532856032856,183.0,1.116564417177914,True,3
220911,1,0.03329821501030774,4512.0,27.67484662576687,124.08532856032856,183.0,1.116564417177914,True,3
115152,1,0.03329821501030774,4512.0,27.67484662576687,124.08532856032856,183.0,1.116564417177914,True,3
353205,0,0.03329821501030774,4512.0,27.67484662576687,124.08532856032856,183.0,1.116564417177914,True,3
14363,0,0.03329821501030774,4512.0,27.67484662576687,124.08532856032856,183.0,1.116564417177914,True,3
363079,0,0.03329821501030774,4512.0,27.67484662576687,124.08532856032856,183.0,1.116564417177914,True,3
383619,1,0.03329821501030774,4512.0,27.67484662576687,124.08532856032856,183.0,1.116564417177914,True,3
290154,0,0.03329821501030774,4512.0,27.67484662576687,124.08532856032856,183.0,1.116564417177914,True,3
344213,0,0.03329821501030774,4512.0,27.67484662576687,124.08532856032856,183.0,1.116564417177914,True,3
104450,1,0.03329821501030774,4512.0,27.67484662576687,124.08532856032856,183.0,1.116564417177914,True,3
260055,1,0.03329821501030774,4512.0,27.67484662576687,124.08532856032856,183.0,1.116564417177914,True,3
73897,0,0.03329821501030774,4512.0,27.67484662576687,124.08532856032856,183.0,1.116564417177914,True,3
236730,0,0.03329821501030774,4512.0,27.67484662576687,124.08532856032856,183.0,1.116564417177914,True,3
186279,1,0.03329821501030774,4512.0,27.67484662576687,124.08532856032856,183.0,1.116564417177914,True,3
340986,1,0.03329821501030774,4512.0,27.67484662576687,124.08532856032856,183.0,1.116564417177914,True,3
391058,1,0.033216050641720084,4531.0,27.791411042944784,27.62871017871018,2063.0,12.650306748466258,True,3
355430,0,0.032844922683223435,4546.0,27.883435582822084,11.885231435231436,3440.0,21.098159509202453,True,3
136655,0,0.032818532818532815,4548.0,27.895705521472394,0.6666666666666666,9700.0,59.50306748466258,True,3
324988,0,0.03221442445283297,4609.0,28.26993865030675,108.88532856032856,348.5,2.1319018404907975,True,3
395830,0,0.0317515895506388,4629.0,28.392638036809817,109.7765984015984,325.0,1.9877300613496933,True,3
228107,1,0.031550142388448714,4641.5,28.469325153374232,108.98532856032855,345.5,2.1134969325153374,True,3
323551,1,0.031550142388448714,4641.5,28.469325153374232,108.98532856032855,345.5,2.1134969325153374,True,3
23032,0,0.031550142388448714,4641.5,28.469325153374232,108.98532856032855,345.5,2.1134969325153374,True,3
363122,1,0.031550142388448714,4641.5,28.469325153374232,108.98532856032855,345.5,2.1134969325153374,True,3
144671,0,0.031092418183440308,4697.0,28.809815950920246,22.19710012210012,2329.0,14.282208588957054,True,3
284289,0,0.031092418183440308,4697.0,28.809815950920246,22.19710012210012,2329.0,14.282208588957054,True,3
116508,0,0.031092418183440308,4697.0,28.809815950920246,22.19710012210012,2329.0,14.282208588957054,True,3
314519,1,0.031055583723558808,4718.5,28.941717791411044,115.00199522699523,256.5,1.5674846625766872,True,3
308388,1,0.031055583723558808,4718.5,28.941717791411044,115.00199522699523,256.5,1.5674846625766872,True,3
211372,1,0.031055583723558808,4718.5,28.941717791411044,115.00199522699523,256.5,1.5674846625766872,True,3
295687,0,0.031055583723558808,4718.5,28.941717791411044,115.00199522699523,256.5,1.5674846625766872,True,3
41949,1,0.031055583723558808,4718.5,28.941717791411044,115.00199522699523,256.5,1.5674846625766872,True,3
137459,1,0.031055583723558808,4718.5,28.941717791411044,115.00199522699523,256.5,1.5674846625766872,True,3
214052,0,0.031055583723558808,4718.5,28.941717791411044,115.00199522699523,256.5,1.5674846625766872,True,3
208339,1,0.031055583723558808,4718.5,28.941717791411044,115.00199522699523,256.5,1.5674846625766872,True,3
92023,1,0.031055583723558808,4718.5,28.941717791411044,115.00199522699523,256.5,1.5674846625766872,True,3
362769,1,0.031055583723558808,4718.5,28.941717791411044,115.00199522699523,256.5,1.5674846625766872,True,3
312662,0,0.031055583723558808,4718.5,28.941717791411044,115.00199522699523,256.5,1.5674846625766872,True,3
129313,1,0.031055583723558808,4718.5,28.941717791411044,115.00199522699523,256.5,1.5674846625766872,True,3
97749,1,0.030927050630401565,4732.0,29.024539877300615,132.7400654900655,100.0,0.6073619631901841,True,3
121370,0,0.030927050630401565,4732.0,29.024539877300615,132.7400654900655,100.0,0.6073619631901841,True,3
196655,0,0.030927050630401565,4732.0,29.024539877300615,132.7400654900655,100.0,0.6073619631901841,True,3
104168,1,0.030927050630401565,4732.0,29.024539877300615,132.7400654900655,100.0,0.6073619631901841,True,3
269638,0,0.030927050630401565,4732.0,29.024539877300615,132.7400654900655,100.0,0.6073619631901841,True,3
286848,0,0.030686879459364644,4737.0,29.05521472392638,113.88532856032856,269.0,1.6441717791411044,True,3
146511,0,0.030619733175019377,4740.0,29.073619631901842,2.333333333333333,7458.5,45.75153374233129,True,3
63817,0,0.030526660720927787,4742.0,29.085889570552148,130.8178182928183,106.0,0.6441717791411042,True,3
98721,0,0.03042452087791764,4746.0,29.11042944785276,15.776898101898102,3031.0,18.588957055214724,True,3
319819,0,0.03000061721744947,4797.0,29.42331288343558,10.424206349206349,3647.0,22.368098159509202,True,3
227132,0,0.02983203565572462,4806.5,29.48159509202454,10.829675879675879,3579.5,21.95398773006135,True,3
378228,0,0.02983203565572462,4806.5,29.48159509202454,10.829675879675879,3579.5,21.95398773006135,True,3
3959,0,0.02983203565572462,4806.5,29.48159509202454,10.829675879675879,3579.5,21.95398773006135,True,3
7590,0,0.02983203565572462,4806.5,29.48159509202454,10.829675879675879,3579.5,21.95398773006135,True,3
247021,1,0.029454475800714877,4851.0,29.754601226993866,107.63532856032856,396.0,2.423312883435583,True,3
116756,0,0.028986123364583918,4881.0,29.938650306748468,1.9250000000000003,8002.0,49.08588957055215,True,3
173366,1,0.02884525883321363,4903.5,30.07668711656442,113.55199522699523,276.5,1.6901840490797546,True,3
226428,0,0.02884525883321363,4903.5,30.07668711656442,113.55199522699523,276.5,1.6901840490797546,True,3
350385,0,0.02884525883321363,4903.5,30.07668711656442,113.55199522699523,276.5,1.6901840490797546,True,3
96769,0,0.02884525883321363,4903.5,30.07668711656442,113.55199522699523,276.5,1.6901840490797546,True,3
141319,1,0.028686863726294587,4917.5,30.162576687116566,110.02699522699523,321.5,1.9662576687116564,True,3
16393,1,0.028686863726294587,4917.5,30.162576687116566,110.02699522699523,321.5,1.9662576687116564,True,3
267050,1,0.028457390358162332,4941.5,30.309815950920246,108.71866189366189,368.0,2.2515337423312882,True,3
1648,0,0.028457390358162332,4941.5,30.309815950920246,108.71866189366189,368.0,2.2515337423312882,True,3
76227,1,0.028403172184230434,4947.0,30.34355828220859,107.38532856032856,413.5,2.5306748466257667,True,3
157332,1,0.026520163059992108,5069.0,31.0920245398773,113.16866189366189,287.0,1.7546012269938651,True,3
229835,0,0.02624971111371597,5090.0,31.220858895705522,11.537842712842712,3479.0,21.337423312883434,True,3
221670,0,0.02624971111371597,5090.0,31.220858895705522,11.537842712842712,3479.0,21.337423312883434,True,3
326391,0,0.02624971111371597,5090.0,31.220858895705522,11.537842712842712,3479.0,21.337423312883434,True,3
131215,1,0.02603289282901917,5096.5,31.26073619631902,107.55199522699523,400.5,2.450920245398773,True,3
335049,1,0.02603289282901917,5096.5,31.26073619631902,107.55199522699523,400.5,2.450920245398773,True,3
203507,0,0.025807760619026905,5111.0,31.349693251533743,117.51830114330114,237.0,1.4478527607361964,True,3
122666,1,0.025807760619026905,5111.0,31.349693251533743,117.51830114330114,237.0,1.4478527607361964,True,3
343930,0,0.025807760619026905,5111.0,31.349693251533743,117.51830114330114,237.0,1.4478527607361964,True,3
357899,1,0.025807760619026905,5111.0,31.349693251533743,117.51830114330114,237.0,1.4478527607361964,True,3
99866,1,0.025807760619026905,5111.0,31.349693251533743,117.51830114330114,237.0,1.4478527607361964,True,3
362787,0,0.025807760619026905,5111.0,31.349693251533743,117.51830114330114,237.0,1.4478527607361964,True,3
124228,1,0.025807760619026905,5111.0,31.349693251533743,117.51830114330114,237.0,1.4478527607361964,True,3
15402,0,0.025764891163218628,5116.0,31.380368098159508,4.329365079365079,5467.0,33.533742331288344,True,3
327065,0,0.025505824418697826,5119.0,31.39877300613497,16.84265442160179,2832.0,17.368098159509202,True,3
270932,1,0.025238095238095237,5124.0,31.429447852760735,1.2619047619047619,8523.0,52.282208588957054,True,3
137507,0,0.02430513740716067,5205.0,31.926380368098158,129.1650654900655,117.0,0.7116564417177914,True,3
196640,0,0.02428706188039711,5206.0,31.932515337423315,3.6869047619047617,6392.0,39.20858895705521,True,3
137078,0,0.023860541968661858,5248.0,32.190184049079754,5.701190476190476,4845.0,29.717791411042946,True,3
177226,0,0.023356914825105116,5283.0,32.40490797546012,107.38532856032856,413.5,2.5306748466257667,True,3
344970,1,0.023356914825105116,5283.0,32.40490797546012,107.38532856032856,413.5,2.5306748466257667,True,3
201288,1,0.023356914825105116,5283.0,32.40490797546012,107.38532856032856,413.5,2.5306748466257667,True,3
294673,0,0.023347393320649786,5285.0,32.41717791411043,115.89048729048729,246.0,1.5030674846625767,True,3
246308,0,0.022577317988040854,5361.5,32.88650306748466,108.55199522699523,375.5,2.2975460122699385,True,3
158179,1,0.022577317988040854,5361.5,32.88650306748466,108.55199522699523,375.5,2.2975460122699385,True,3
92359,0,0.022577317988040854,5361.5,32.88650306748466,108.55199522699523,375.5,2.2975460122699385,True,3
262402,1,0.022577317988040854,5361.5,32.88650306748466,108.55199522699523,375.5,2.2975460122699385,True,3
48955,0,0.02222222222222222,5407.5,33.168711656441715,1.3333333333333333,8378.0,51.392638036809814,True,3
363643,1,0.02207583388273187,5414.0,33.20858895705521,115.07248394879974,250.0,1.5276073619631902,True,3
179687,0,0.021508638013750952,5442.0,33.38036809815951,19.67101787101787,2549.0,15.631901840490798,True,3
376757,0,0.021508638013750952,5442.0,33.38036809815951,19.67101787101787,2549.0,15.631901840490798,True,3
385114,0,0.021223521268947332,5473.0,33.57055214723926,112.3186618936619,298.0,1.822085889570552,True,3
337151,1,0.021223521268947332,5473.0,33.57055214723926,112.3186618936619,298.0,1.822085889570552,True,3
94618,1,0.021223521268947332,5473.0,33.57055214723926,112.3186618936619,298.0,1.822085889570552,True,3
178852,1,0.021223521268947332,5473.0,33.57055214723926,112.3186618936619,298.0,1.822085889570552,True,3
133926,1,0.021223521268947332,5473.0,33.57055214723926,112.3186618936619,298.0,1.822085889570552,True,3
362883,0,0.021168340516086133,5488.0,33.66257668711656,110.75199522699522,306.0,1.8711656441717792,True,3
393331,0,0.020982387778514123,5495.0,33.70552147239264,107.38532856032856,413.5,2.5306748466257667,True,3
380035,1,0.020136151848244577,5557.5,34.08895705521472,107.58532856032856,397.5,2.432515337423313,True,3
131826,1,0.020136151848244577,5557.5,34.08895705521472,107.58532856032856,397.5,2.432515337423313,True,3
205493,1,0.020033439847720068,5561.0,34.11042944785276,124.23490675990676,164.5,1.0030674846625767,True,3
322727,0,0.019974742514173374,5580.0,34.22699386503067,108.11032856032855,388.0,2.374233128834356,True,3
320827,0,0.019952953135634104,5582.0,34.239263803680984,112.36985236985237,295.0,1.803680981595092,True,3
103234,0,0.018741450183637383,5674.0,34.80368098159509,123.73490675990676,203.0,1.2392638036809815,True,3
164350,0,0.018741450183637383,5674.0,34.80368098159509,123.73490675990676,203.0,1.2392638036809815,True,3
121083,0,0.018741450183637383,5674.0,34.80368098159509,123.73490675990676,203.0,1.2392638036809815,True,3
312906,0,0.018741450183637383,5674.0,34.80368098159509,123.73490675990676,203.0,1.2392638036809815,True,3
233349,0,0.018741450183637383,5674.0,34.80368098159509,123.73490675990676,203.0,1.2392638036809815,True,3
319181,0,0.018741450183637383,5674.0,34.80368098159509,123.73490675990676,203.0,1.2392638036809815,True,3
235619,0,0.018741450183637383,5674.0,34.80368098159509,123.73490675990676,203.0,1.2392638036809815,True,3
56437,0,0.018741450183637383,5674.0,34.80368098159509,123.73490675990676,203.0,1.2392638036809815,True,3
231915,1,0.018741450183637383,5674.0,34.80368098159509,123.73490675990676,203.0,1.2392638036809815,True,3
372894,1,0.017918549630642364,5754.0,35.29447852760736,107.13532856032856,423.0,2.588957055214724,True,3
304631,1,0.01750115161360153,6074.0,37.25766871165644,3.851984126984127,6073.0,37.25153374233129,True,3
318596,1,0.017014133810260155,6216.0,38.12883435582822,107.21866189366189,422.0,2.5828220858895707,True,3
313794,0,0.01697747477652403,6218.0,38.14110429447853,108.62421744921745,372.0,2.276073619631902,True,3
132188,1,0.01608437416855992,6332.0,38.84049079754601,108.02068209568209,390.0,2.3865030674846626,True,3
166948,1,0.015934422646515376,6349.0,38.94478527607362,110.59366189366189,312.0,1.9079754601226995,True,3
220129,1,0.015934422646515376,6349.0,38.94478527607362,110.59366189366189,312.0,1.9079754601226995,True,3
66458,0,0.015934422646515376,6349.0,38.94478527607362,110.59366189366189,312.0,1.9079754601226995,True,3
321356,0,0.015934422646515376,6349.0,38.94478527607362,110.59366189366189,312.0,1.9079754601226995,True,3
346989,1,0.015934422646515376,6349.0,38.94478527607362,110.59366189366189,312.0,1.9079754601226995,True,3
100558,1,0.015934422646515376,6349.0,38.94478527607362,110.59366189366189,312.0,1.9079754601226995,True,3
256006,0,0.015934422646515376,6349.0,38.94478527607362,110.59366189366189,312.0,1.9079754601226995,True,3
110711,0,0.015934422646515376,6349.0,38.94478527607362,110.59366189366189,312.0,1.9079754601226995,True,3
123539,1,0.015934422646515376,6349.0,38.94478527607362,110.59366189366189,312.0,1.9079754601226995,True,3
261281,0,0.015503756196431451,6405.0,39.28834355828221,107.779773004773,394.0,2.411042944785276,True,3
199134,0,0.01494465910449517,6499.0,39.86503067484663,9.595310245310245,3866.0,23.711656441717793,True,3
194829,0,0.01471425755465322,6525.0,40.02453987730061,4.392857142857142,5402.0,33.13496932515337,True,3
208021,1,0.01428706188039711,6567.0,40.282208588957054,3.486904761904762,6470.0,39.68711656441718,True,3
351477,0,0.013084279900477608,6714.5,41.18711656441718,3.442857142857143,6481.5,39.75766871165644,True,3
209260,0,0.013084279900477608,6714.5,41.18711656441718,3.442857142857143,6481.5,39.75766871165644,True,3
347550,0,0.012744705510241004,6772.0,41.5398773006135,12.94356476856477,3341.0,20.49079754601227,True,3
349889,0,0.012588758329152742,6792.5,41.66564417177914,16.739113664113663,2843.5,17.438650306748468,True,3
248985,0,0.012453782537968291,6817.0,41.8159509202454,107.38532856032856,413.5,2.5306748466257667,True,3
305095,0,0.012453782537968291,6817.0,41.8159509202454,107.38532856032856,413.5,2.5306748466257667,True,3
126792,0,0.012453782537968291,6817.0,41.8159509202454,107.38532856032856,413.5,2.5306748466257667,True,3
348150,0,0.012453782537968291,6817.0,41.8159509202454,107.38532856032856,413.5,2.5306748466257667,True,3
126605,0,0.012453782537968291,6817.0,41.8159509202454,107.38532856032856,413.5,2.5306748466257667,True,3
51840,1,0.012453782537968291,6817.0,41.8159509202454,107.38532856032856,413.5,2.5306748466257667,True,3
289564,0,0.012453782537968291,6817.0,41.8159509202454,107.38532856032856,413.5,2.5306748466257667,True,3
161754,1,0.01241707263499258,6829.0,41.88957055214724,3.2869047619047618,6565.0,40.26993865030675,True,3
48120,0,0.012205506020882183,6844.5,41.984662576687114,9.531263181263181,3875.5,23.76993865030675,True,3
144315,0,0.012205506020882183,6844.5,41.984662576687114,9.531263181263181,3875.5,23.76993865030675,True,3
194453,0,0.012064144105640443,6869.0,42.13496932515337,109.48770951270951,331.0,2.0245398773006134,True,3
307972,0,0.011224617474617475,7001.0,42.94478527607362,1.0511904761904762,8719.0,53.484662576687114,True,3
361213,0,0.011173952543759975,7004.0,42.96319018404908,4.031746031746032,5603.0,34.3680981595092,True,3
106364,0,0.011161792873885605,7020.0,43.061349693251536,106.88532856032856,439.0,2.687116564417178,True,3
152209,0,0.011161792873885605,7020.0,43.061349693251536,106.88532856032856,439.0,2.687116564417178,True,3
304135,0,0.011161792873885605,7020.0,43.061349693251536,106.88532856032856,439.0,2.687116564417178,True,3
8101,0,0.011161792873885605,7020.0,43.061349693251536,106.88532856032856,439.0,2.687116564417178,True,3
172455,0,0.011161792873885605,7020.0,43.061349693251536,106.88532856032856,439.0,2.687116564417178,True,3
19925,0,0.011161792873885605,7020.0,43.061349693251536,106.88532856032856,439.0,2.687116564417178,True,3
282803,0,0.011161792873885605,7020.0,43.061349693251536,106.88532856032856,439.0,2.687116564417178,True,3
346986,0,0.011161792873885605,7020.0,43.061349693251536,106.88532856032856,439.0,2.687116564417178,True,3
388462,0,0.011161792873885605,7020.0,43.061349693251536,106.88532856032856,439.0,2.687116564417178,True,3
91171,1,0.011161792873885605,7020.0,43.061349693251536,106.88532856032856,439.0,2.687116564417178,True,3
296987,0,0.011161792873885605,7020.0,43.061349693251536,106.88532856032856,439.0,2.687116564417178,True,3
379582,1,0.011161792873885605,7020.0,43.061349693251536,106.88532856032856,439.0,2.687116564417178,True,3
290419,1,0.011161792873885605,7020.0,43.061349693251536,106.88532856032856,439.0,2.687116564417178,True,3
399431,1,0.011161792873885605,7020.0,43.061349693251536,106.88532856032856,439.0,2.687116564417178,True,3
196027,0,0.011161792873885605,7020.0,43.061349693251536,106.88532856032856,439.0,2.687116564417178,True,3
196475,1,0.011161792873885605,7020.0,43.061349693251536,106.88532856032856,439.0,2.687116564417178,True,3
229128,1,0.011161792873885605,7020.0,43.061349693251536,106.88532856032856,439.0,2.687116564417178,True,3
101124,1,0.011161792873885605,7020.0,43.061349693251536,106.88532856032856,439.0,2.687116564417178,True,3
3615,1,0.011161792873885605,7020.0,43.061349693251536,106.88532856032856,439.0,2.687116564417178,True,3
298268,0,0.011161792873885605,7020.0,43.061349693251536,106.88532856032856,439.0,2.687116564417178,True,3
360370,1,0.011161792873885605,7020.0,43.061349693251536,106.88532856032856,439.0,2.687116564417178,True,3
254228,0,0.011161792873885605,7020.0,43.061349693251536,106.88532856032856,439.0,2.687116564417178,True,3
84167,1,0.011161792873885605,7020.0,43.061349693251536,106.88532856032856,439.0,2.687116564417178,True,3
309751,0,0.011161792873885605,7020.0,43.061349693251536,106.88532856032856,439.0,2.687116564417178,True,3
131787,1,0.011161792873885605,7020.0,43.061349693251536,106.88532856032856,439.0,2.687116564417178,True,3
331060,0,0.011161792873885605,7020.0,43.061349693251536,106.88532856032856,439.0,2.687116564417178,True,3
213434,0,0.011161792873885605,7020.0,43.061349693251536,106.88532856032856,439.0,2.687116564417178,True,3
341914,0,0.011161792873885605,7020.0,43.061349693251536,106.88532856032856,439.0,2.687116564417178,True,3
35059,1,0.011161792873885605,7020.0,43.061349693251536,106.88532856032856,439.0,2.687116564417178,True,3
221085,1,0.011161792873885605,7020.0,43.061349693251536,106.88532856032856,439.0,2.687116564417178,True,3
334652,1,0.011161792873885605,7020.0,43.061349693251536,106.88532856032856,439.0,2.687116564417178,True,3
317521,0,0.010939470942931493,7083.0,43.4478527607362,2.191666666666667,7568.0,46.423312883435585,True,3
294416,1,0.010119047619047618,7215.0,44.25766871165644,1.0,9062.0,55.58895705521472,True,3
376095,1,0.010119047619047618,7215.0,44.25766871165644,1.0,9062.0,55.58895705521472,True,3
86857,1,0.010119047619047618,7215.0,44.25766871165644,1.0,9062.0,55.58895705521472,True,3
386625,0,0.010119047619047618,7215.0,44.25766871165644,1.0,9062.0,55.58895705521472,True,3
264317,0,0.010119047619047618,7215.0,44.25766871165644,1.0,9062.0,55.58895705521472,True,3
331337,0,0.009006668686525113,7426.0,45.5521472392638,5.959437784437784,4791.0,29.386503067484664,True,3
217156,0,0.009006668686525113,7426.0,45.5521472392638,5.959437784437784,4791.0,29.386503067484664,True,3
91522,0,0.009006668686525113,7426.0,45.5521472392638,5.959437784437784,4791.0,29.386503067484664,True,3
146726,0,0.009000969896087436,7429.0,45.57055214723926,7.2467393717393715,4372.0,26.8159509202454,True,3
94702,0,0.009000969896087436,7429.0,45.57055214723926,7.2467393717393715,4372.0,26.8159509202454,True,3
109583,0,0.009000969896087436,7429.0,45.57055214723926,7.2467393717393715,4372.0,26.8159509202454,True,3
302235,0,0.007767243948372134,7633.0,46.82208588957055,3.670634920634921,6394.0,39.22085889570552,True,3
383337,0,0.007033039214769761,7771.0,47.668711656441715,5.621679197994988,4891.0,30.0,True,3
324219,0,0.006180726600985222,7966.0,48.86503067484663,2.867857142857143,6940.0,42.57055214723926,True,3
198361,1,0.005108173076923077,8215.0,50.392638036809814,2.125,7660.0,46.987730061349694,True,3
58441,0,0.005108173076923077,8215.0,50.392638036809814,2.125,7660.0,46.987730061349694,True,3
26859,0,0.005108173076923077,8215.0,50.392638036809814,2.125,7660.0,46.987730061349694,True,3
282815,0,0.0,13440.0,82.4478527607362,0.0,13440.0,82.4478527607362,True,3
4634,0,0.0,13440.0,82.4478527607362,0.0,13440.0,82.4478527607362,True,3
39500,0,0.0,13440.0,82.4478527607362,0.0,13440.0,82.4478527607362,True,3
224509,0,0.0,13440.0,82.4478527607362,0.0,13440.0,82.4478527607362,True,3
279549,0,0.0,13440.0,82.4478527607362,0.0,13440.0,82.4478527607362,True,3
84460,0,0.0,13440.0,82.4478527607362,0.0,13440.0,82.4478527607362,True,3
323808,0,0.0,13440.0,82.4478527607362,0.0,13440.0,82.4478527607362,True,3
385083,0,0.0,13440.0,82.4478527607362,0.0,13440.0,82.4478527607362,True,3
152095,0,0.0,13440.0,82.4478527607362,0.0,13440.0,82.4478527607362,True,3
315989,0,0.0,13440.0,82.4478527607362,0.0,13440.0,82.4478527607362,True,3
72073,0,0.0,13440.0,82.4478527607362,0.0,13440.0,82.4478527607362,True,3
106382,0,0.0,13440.0,82.4478527607362,0.0,13440.0,82.4478527607362,True,3
324711,0,0.0,13440.0,82.4478527607362,0.0,13440.0,82.4478527607362,True,3
272030,0,0.0,13440.0,82.4478527607362,0.0,13440.0,82.4478527607362,True,3
277872,0,0.0,13440.0,82.4478527607362,0.0,13440.0,82.4478527607362,True,3
220935,0,0.0,13440.0,82.4478527607362,0.0,13440.0,82.4478527607362,True,3
52530,0,0.0,13440.0,82.4478527607362,0.0,13440.0,82.4478527607362,True,3
209133,0,0.0,13440.0,82.4478527607362,0.0,13440.0,82.4478527607362,True,3
347510,0,0.0,13440.0,82.4478527607362,0.0,13440.0,82.4478527607362,True,3
358729,0,0.0,13440.0,82.4478527607362,0.0,13440.0,82.4478527607362,True,3
72156,0,0.0,13440.0,82.4478527607362,0.0,13440.0,82.4478527607362,True,3
354929,0,0.0,13440.0,82.4478527607362,0.0,13440.0,82.4478527607362,True,3
264087,0,0.0,13440.0,82.4478527607362,0.0,13440.0,82.4478527607362,True,3
7697,0,0.0,13440.0,82.4478527607362,0.0,13440.0,82.4478527607362,True,3
353643,0,0.0,13440.0,82.4478527607362,0.0,13440.0,82.4478527607362,True,3
394572,0,0.0,13440.0,82.4478527607362,0.0,13440.0,82.4478527607362,True,3
207811,0,0.0,13440.0,82.4478527607362,0.0,13440.0,82.4478527607362,True,3
4398,0,0.0,13440.0,82.4478527607362,0.0,13440.0,82.4478527607362,True,3
21921,0,0.0,13440.0,82.4478527607362,0.0,13440.0,82.4478527607362,True,3
242821,0,0.0,13440.0,82.4478527607362,0.0,13440.0,82.4478527607362,True,3
195296,0,0.2958257713248639,108.5,0.5587318087318087,13.0,1940.5,10.08056133056133,True,4
150032,0,0.2958257713248639,108.5,0.5587318087318087,13.0,1940.5,10.08056133056133,True,4
377958,0,0.2692307692307692,146.0,0.7536382536382537,19.0,1602.0,8.32120582120582,True,4
112139,0,0.2449122807017544,182.5,0.9433471933471933,10.666666666666668,2715.5,14.108627858627859,True,4
121770,0,0.2449122807017544,182.5,0.9433471933471933,10.666666666666668,2715.5,14.108627858627859,True,4
376688,1,0.2383822309568608,196.5,1.0161122661122661,42.28834776334776,897.5,4.659563409563409,True,4
191468,0,0.2383822309568608,196.5,1.0161122661122661,42.28834776334776,897.5,4.659563409563409,True,4
364239,0,0.237322695035461,198.0,1.023908523908524,27.9,1198.0,6.221413721413722,True,4
369059,0,0.21539638261829655,241.0,1.2474012474012475,42.670887445887445,893.0,4.636174636174636,True,4
251253,0,0.21539638261829655,241.0,1.2474012474012475,42.670887445887445,893.0,4.636174636174636,True,4
128639,0,0.21539638261829655,241.0,1.2474012474012475,42.670887445887445,893.0,4.636174636174636,True,4
35742,0,0.2,302.5,1.567047817047817,10.0,2783.0,14.45945945945946,True,4
251369,0,0.2,302.5,1.567047817047817,10.0,2783.0,14.45945945945946,True,4
153132,0,0.2,302.5,1.567047817047817,10.0,2783.0,14.45945945945946,True,4
133006,0,0.2,302.5,1.567047817047817,10.0,2783.0,14.45945945945946,True,4
335291,0,0.19534381745297563,330.5,1.7125779625779627,22.833333333333332,1358.5,7.0556133056133055,True,4
269516,0,0.19534381745297563,330.5,1.7125779625779627,22.833333333333332,1358.5,7.0556133056133055,True,4
319805,0,0.19534381745297563,330.5,1.7125779625779627,22.833333333333332,1358.5,7.0556133056133055,True,4
388454,0,0.19534381745297563,330.5,1.7125779625779627,22.833333333333332,1358.5,7.0556133056133055,True,4
48359,0,0.1887680099822581,355.5,1.8425155925155925,16.5,1721.5,8.942307692307692,True,4
23531,0,0.1887680099822581,355.5,1.8425155925155925,16.5,1721.5,8.942307692307692,True,4
80979,0,0.1887680099822581,355.5,1.8425155925155925,16.5,1721.5,8.942307692307692,True,4
195191,0,0.1887680099822581,355.5,1.8425155925155925,16.5,1721.5,8.942307692307692,True,4
219833,0,0.17398068791407242,407.0,2.1101871101871104,39.01450216450216,931.0,4.833679833679834,True,4
323958,0,0.16996829485299944,439.0,2.2765072765072767,67.29953102453102,660.0,3.4251559251559254,True,4
117682,0,0.16984126210634543,440.0,2.2817047817047817,27.970887445887445,1197.0,6.216216216216216,True,4
7555,0,0.15789473684210525,519.5,2.694906444906445,9.0,2887.0,15.0,True,4
382640,0,0.15789473684210525,519.5,2.694906444906445,9.0,2887.0,15.0,True,4
107119,0,0.15225905846929497,549.5,2.850831600831601,13.999999999999998,1909.5,9.91943866943867,True,4
217289,0,0.15225905846929497,549.5,2.850831600831601,13.999999999999998,1909.5,9.91943866943867,True,4
65593,0,0.15215794306703398,551.0,2.858627858627859,15.55,1815.0,9.428274428274428,True,4
153470,1,0.1478519866019866,574.5,2.980769230769231,15.499999999999998,1818.5,9.446465696465696,True,4
284795,0,0.1478519866019866,574.5,2.980769230769231,15.499999999999998,1818.5,9.446465696465696,True,4
65764,0,0.13798582661742753,644.5,3.3445945945945947,29.77777777777778,1168.5,6.0680873180873185,True,4
1445,0,0.13798582661742753,644.5,3.3445945945945947,29.77777777777778,1168.5,6.0680873180873185,True,4
179036,0,0.1369951521925526,649.5,3.3705821205821205,213.4680486180486,3.5,0.012993762993762994,True,4
24779,0,0.1369951521925526,649.5,3.3705821205821205,213.4680486180486,3.5,0.012993762993762994,True,4
334594,0,0.13311764837927628,676.5,3.510914760914761,4.65,3966.5,20.61070686070686,True,4
296947,0,0.13311764837927628,676.5,3.510914760914761,4.65,3966.5,20.61070686070686,True,4
283266,0,0.13287370103916868,678.5,3.521309771309771,13.166666666666666,1927.0,10.01039501039501,True,4
61724,0,0.13287370103916868,678.5,3.521309771309771,13.166666666666666,1927.0,10.01039501039501,True,4
218343,0,0.12827708875334987,713.5,3.703222453222453,28.77777777777778,1174.5,6.099272349272349,True,4
348343,0,0.12827708875334987,713.5,3.703222453222453,28.77777777777778,1174.5,6.099272349272349,True,4
118166,0,0.12827708875334987,713.5,3.703222453222453,28.77777777777778,1174.5,6.099272349272349,True,4
176513,0,0.12827708875334987,713.5,3.703222453222453,28.77777777777778,1174.5,6.099272349272349,True,4
72338,0,0.1266680272803034,730.5,3.7915800415800414,14.166666666666666,1878.5,9.758316008316008,True,4
168020,0,0.1266680272803034,730.5,3.7915800415800414,14.166666666666666,1878.5,9.758316008316008,True,4
295611,0,0.11942959001782531,814.5,4.228170478170478,4.0,4126.0,21.43970893970894,True,4
217236,0,0.11942959001782531,814.5,4.228170478170478,4.0,4126.0,21.43970893970894,True,4
260563,0,0.11923660262891808,816.5,4.238565488565489,5.3,3793.0,19.70893970893971,True,4
12702,0,0.11923660262891808,816.5,4.238565488565489,5.3,3793.0,19.70893970893971,True,4
227011,0,0.1145578958078958,851.0,4.417879417879418,5.083333333333333,3826.0,19.88045738045738,True,4
136513,0,0.10800385728061716,927.5,4.8154885654885655,6.0,3626.0,18.840956340956343,True,4
68852,0,0.10800385728061716,927.5,4.8154885654885655,6.0,3626.0,18.840956340956343,True,4
289775,0,0.10800385728061716,927.5,4.8154885654885655,6.0,3626.0,18.840956340956343,True,4
219781,0,0.10800385728061716,927.5,4.8154885654885655,6.0,3626.0,18.840956340956343,True,4
273995,0,0.10800385728061716,927.5,4.8154885654885655,6.0,3626.0,18.840956340956343,True,4
342263,0,0.10800385728061716,927.5,4.8154885654885655,6.0,3626.0,18.840956340956343,True,4
330136,0,0.09829217197754536,1102.5,5.725051975051975,5.166666666666666,3808.0,19.786902286902286,True,4
108755,0,0.09829217197754536,1102.5,5.725051975051975,5.166666666666666,3808.0,19.786902286902286,True,4
276375,0,0.09615384615384616,1140.5,5.922557172557172,10.0,2783.0,14.45945945945946,True,4
284990,0,0.09615384615384616,1140.5,5.922557172557172,10.0,2783.0,14.45945945945946,True,4
347346,0,0.09615384615384616,1140.5,5.922557172557172,10.0,2783.0,14.45945945945946,True,4
163029,0,0.09452505678920772,1160.0,6.023908523908524,9.5,2855.0,14.833679833679835,True,4
356558,0,0.09395373551955986,1164.5,6.047297297297297,11.883333333333333,2590.5,13.45893970893971,True,4
218542,0,0.09395373551955986,1164.5,6.047297297297297,11.883333333333333,2590.5,13.45893970893971,True,4
246982,0,0.08903133903133902,1251.5,6.499480249480249,3.333333333333333,4354.5,22.62733887733888,True,4
184249,0,0.08903133903133902,1251.5,6.499480249480249,3.333333333333333,4354.5,22.62733887733888,True,4
139769,0,0.0884701992279632,1256.5,6.525467775467775,10.43095238095238,2732.5,14.196985446985448,True,4
224550,0,0.0884701992279632,1256.5,6.525467775467775,10.43095238095238,2732.5,14.196985446985448,True,4
175000,0,0.08296825757388929,1363.5,7.081600831600832,171.83940503940505,249.5,1.2915800415800416,True,4
212372,0,0.08296825757388929,1363.5,7.081600831600832,171.83940503940505,249.5,1.2915800415800416,True,4
139770,0,0.0812678804533441,1383.5,7.1855509355509355,172.33940503940505,232.5,1.2032224532224531,True,4
90849,0,0.0812678804533441,1383.5,7.1855509355509355,172.33940503940505,232.5,1.2032224532224531,True,4
98307,0,0.0812678804533441,1383.5,7.1855509355509355,172.33940503940505,232.5,1.2032224532224531,True,4
117332,0,0.0812678804533441,1383.5,7.1855509355509355,172.33940503940505,232.5,1.2032224532224531,True,4
319468,0,0.0812678804533441,1383.5,7.1855509355509355,172.33940503940505,232.5,1.2032224532224531,True,4
122109,0,0.0812678804533441,1383.5,7.1855509355509355,172.33940503940505,232.5,1.2032224532224531,True,4
107155,0,0.0805939471597715,1395.0,7.245322245322245,10.601587301587301,2721.0,14.137214137214137,True,4
3805,0,0.08013151681698047,1402.0,7.281704781704781,169.5060717060717,315.0,1.632016632016632,True,4
281821,0,0.07808541213667808,1438.5,7.471413721413722,214.21716894216894,1.5,0.002598752598752599,True,4
162998,0,0.07808541213667808,1438.5,7.471413721413722,214.21716894216894,1.5,0.002598752598752599,True,4
37511,0,0.07687687687687687,1457.5,7.5701663201663205,5.5,3764.0,19.558212058212057,True,4
209523,0,0.07687687687687687,1457.5,7.5701663201663205,5.5,3764.0,19.558212058212057,True,4
392737,0,0.07667569781225349,1459.0,7.577962577962578,201.15296925296926,9.0,0.04158004158004158,True,4
375151,0,0.07628968253968253,1470.5,7.637733887733888,4.3,4038.5,20.984927234927234,True,4
17987,0,0.07628968253968253,1470.5,7.637733887733888,4.3,4038.5,20.984927234927234,True,4
58984,0,0.07344276094276095,1549.0,8.045738045738046,5.333333333333333,3789.5,19.69074844074844,True,4
7111,0,0.07335080317651074,1550.0,8.05093555093555,171.9060717060717,248.0,1.2837837837837838,True,4
133020,0,0.07306419250205129,1559.0,8.097713097713097,212.39216894216895,5.0,0.02079002079002079,True,4
282622,0,0.07236987818383167,1586.5,8.24064449064449,3.4285714285714284,4301.5,22.3518711018711,True,4
226145,0,0.07236987818383167,1586.5,8.24064449064449,3.4285714285714284,4301.5,22.3518711018711,True,4
187297,0,0.07165118136296081,1602.0,8.32120582120582,173.83940503940505,223.0,1.1538461538461537,True,4
261248,0,0.07165118136296081,1602.0,8.32120582120582,173.83940503940505,223.0,1.1538461538461537,True,4
341857,0,0.07165118136296081,1602.0,8.32120582120582,173.83940503940505,223.0,1.1538461538461537,True,4
303817,0,0.06967511004589813,1643.5,8.536902286902286,5.25,3798.5,19.737525987525988,True,4
354246,0,0.06967511004589813,1643.5,8.536902286902286,5.25,3798.5,19.737525987525988,True,4
218430,0,0.06528110844657607,1723.0,8.95010395010395,6.833333333333333,3380.5,17.564968814968815,True,4
46006,0,0.06444854495829008,1744.5,9.061850311850312,2.6666666666666665,4753.5,24.70114345114345,True,4
143258,0,0.06444854495829008,1744.5,9.061850311850312,2.6666666666666665,4753.5,24.70114345114345,True,4
394678,0,0.06296296296296297,1781.5,9.254158004158004,6.333333333333333,3501.5,18.193866943866944,True,4
350121,0,0.06296296296296297,1781.5,9.254158004158004,6.333333333333333,3501.5,18.193866943866944,True,4
75201,0,0.06291482503998025,1785.0,9.272349272349272,196.8128898878899,13.0,0.062370062370062374,True,4
387647,0,0.06291482503998025,1785.0,9.272349272349272,196.8128898878899,13.0,0.062370062370062374,True,4
227327,0,0.06291482503998025,1785.0,9.272349272349272,196.8128898878899,13.0,0.062370062370062374,True,4
330723,0,0.06291482503998025,1785.0,9.272349272349272,196.8128898878899,13.0,0.062370062370062374,True,4
287951,0,0.06291482503998025,1785.0,9.272349272349272,196.8128898878899,13.0,0.062370062370062374,True,4
262393,0,0.0613624601134277,1812.0,9.412681912681913,192.53745698745698,101.0,0.5197505197505198,True,4
58788,0,0.05944304944637378,1847.0,9.594594594594595,6.4452380952380945,3489.0,18.12889812889813,True,4
291877,0,0.05789477806994225,1889.0,9.812889812889813,16.451587301587303,1724.0,8.955301455301456,True,4
40068,0,0.05758513931888544,1909.0,9.916839916839917,5.166666666666666,3808.0,19.786902286902286,True,4
268122,0,0.05573831293348533,1940.0,10.077962577962579,172.76440503940506,228.0,1.17983367983368,True,4
116162,0,0.05573831293348533,1940.0,10.077962577962579,172.76440503940506,228.0,1.17983367983368,True,4
40291,0,0.05573831293348533,1940.0,10.077962577962579,172.76440503940506,228.0,1.17983367983368,True,4
136692,0,0.05466855385401751,1978.0,10.275467775467776,170.83940503940505,266.0,1.3773388773388773,True,4
43760,0,0.05466855385401751,1978.0,10.275467775467776,170.83940503940505,266.0,1.3773388773388773,True,4
226142,0,0.05466855385401751,1978.0,10.275467775467776,170.83940503940505,266.0,1.3773388773388773,True,4
357837,0,0.05421688267063902,1997.0,10.374220374220375,170.33940503940505,302.0,1.5644490644490645,True,4
237759,0,0.05421688267063902,1997.0,10.374220374220375,170.33940503940505,302.0,1.5644490644490645,True,4
180107,0,0.05421688267063902,1997.0,10.374220374220375,170.33940503940505,302.0,1.5644490644490645,True,4
287610,0,0.05211427543767013,2057.5,10.68866943866944,169.83940503940505,304.5,1.5774428274428274,True,4
167160,0,0.05211427543767013,2057.5,10.68866943866944,169.83940503940505,304.5,1.5774428274428274,True,4
234967,0,0.05158658455303995,2073.0,10.76923076923077,184.51642524142525,114.0,0.5873180873180873,True,4
84373,0,0.049849449034912695,2135.5,11.094074844074845,193.87273837273838,63.5,0.32484407484407485,True,4
344619,0,0.049849449034912695,2135.5,11.094074844074845,193.87273837273838,63.5,0.32484407484407485,True,4
227807,0,0.049849449034912695,2135.5,11.094074844074845,193.87273837273838,63.5,0.32484407484407485,True,4
250106,0,0.049849449034912695,2135.5,11.094074844074845,193.87273837273838,63.5,0.32484407484407485,True,4
179183,0,0.049849449034912695,2135.5,11.094074844074845,193.87273837273838,63.5,0.32484407484407485,True,4
122773,0,0.049849449034912695,2135.5,11.094074844074845,193.87273837273838,63.5,0.32484407484407485,True,4
25330,0,0.049849449034912695,2135.5,11.094074844074845,193.87273837273838,63.5,0.32484407484407485,True,4
348535,0,0.049849449034912695,2135.5,11.094074844074845,193.87273837273838,63.5,0.32484407484407485,True,4
151844,0,0.049849449034912695,2135.5,11.094074844074845,193.87273837273838,63.5,0.32484407484407485,True,4
309663,0,0.049849449034912695,2135.5,11.094074844074845,193.87273837273838,63.5,0.32484407484407485,True,4
261452,0,0.049849449034912695,2135.5,11.094074844074845,193.87273837273838,63.5,0.32484407484407485,True,4
92036,0,0.049849449034912695,2135.5,11.094074844074845,193.87273837273838,63.5,0.32484407484407485,True,4
21509,0,0.049849449034912695,2135.5,11.094074844074845,193.87273837273838,63.5,0.32484407484407485,True,4
105521,0,0.049849449034912695,2135.5,11.094074844074845,193.87273837273838,63.5,0.32484407484407485,True,4
309605,0,0.049849449034912695,2135.5,11.094074844074845,193.87273837273838,63.5,0.32484407484407485,True,4
92706,0,0.049849449034912695,2135.5,11.094074844074845,193.87273837273838,63.5,0.32484407484407485,True,4
291154,0,0.049849449034912695,2135.5,11.094074844074845,193.87273837273838,63.5,0.32484407484407485,True,4
59915,0,0.049849449034912695,2135.5,11.094074844074845,193.87273837273838,63.5,0.32484407484407485,True,4
393284,0,0.049849449034912695,2135.5,11.094074844074845,193.87273837273838,63.5,0.32484407484407485,True,4
204034,0,0.049849449034912695,2135.5,11.094074844074845,193.87273837273838,63.5,0.32484407484407485,True,4
118331,0,0.049849449034912695,2135.5,11.094074844074845,193.87273837273838,63.5,0.32484407484407485,True,4
113325,0,0.049849449034912695,2135.5,11.094074844074845,193.87273837273838,63.5,0.32484407484407485,True,4
12927,0,0.049849449034912695,2135.5,11.094074844074845,193.87273837273838,63.5,0.32484407484407485,True,4
306081,0,0.049849449034912695,2135.5,11.094074844074845,193.87273837273838,63.5,0.32484407484407485,True,4
193853,0,0.049849449034912695,2135.5,11.094074844074845,193.87273837273838,63.5,0.32484407484407485,True,4
315857,0,0.049849449034912695,2135.5,11.094074844074845,193.87273837273838,63.5,0.32484407484407485,True,4
257518,0,0.049849449034912695,2135.5,11.094074844074845,193.87273837273838,63.5,0.32484407484407485,True,4
196258,0,0.049849449034912695,2135.5,11.094074844074845,193.87273837273838,63.5,0.32484407484407485,True,4
192180,0,0.049849449034912695,2135.5,11.094074844074845,193.87273837273838,63.5,0.32484407484407485,True,4
18054,0,0.049849449034912695,2135.5,11.094074844074845,193.87273837273838,63.5,0.32484407484407485,True,4
25023,0,0.049849449034912695,2135.5,11.094074844074845,193.87273837273838,63.5,0.32484407484407485,True,4
184052,0,0.049849449034912695,2135.5,11.094074844074845,193.87273837273838,63.5,0.32484407484407485,True,4
208930,0,0.049849449034912695,2135.5,11.094074844074845,193.87273837273838,63.5,0.32484407484407485,True,4
104121,0,0.049849449034912695,2135.5,11.094074844074845,193.87273837273838,63.5,0.32484407484407485,True,4
206861,0,0.049849449034912695,2135.5,11.094074844074845,193.87273837273838,63.5,0.32484407484407485,True,4
348587,0,0.049849449034912695,2135.5,11.094074844074845,193.87273837273838,63.5,0.32484407484407485,True,4
180291,0,0.049849449034912695,2135.5,11.094074844074845,193.87273837273838,63.5,0.32484407484407485,True,4
165581,0,0.049849449034912695,2135.5,11.094074844074845,193.87273837273838,63.5,0.32484407484407485,True,4
353207,0,0.049849449034912695,2135.5,11.094074844074845,193.87273837273838,63.5,0.32484407484407485,True,4
310867,0,0.049849449034912695,2135.5,11.094074844074845,193.87273837273838,63.5,0.32484407484407485,True,4
141278,0,0.049849449034912695,2135.5,11.094074844074845,193.87273837273838,63.5,0.32484407484407485,True,4
195294,0,0.049849449034912695,2135.5,11.094074844074845,193.87273837273838,63.5,0.32484407484407485,True,4
198658,0,0.049849449034912695,2135.5,11.094074844074845,193.87273837273838,63.5,0.32484407484407485,True,4
71210,0,0.049849449034912695,2135.5,11.094074844074845,193.87273837273838,63.5,0.32484407484407485,True,4
327874,0,0.049849449034912695,2135.5,11.094074844074845,193.87273837273838,63.5,0.32484407484407485,True,4
84184,0,0.049849449034912695,2135.5,11.094074844074845,193.87273837273838,63.5,0.32484407484407485,True,4
72062,0,0.049849449034912695,2135.5,11.094074844074845,193.87273837273838,63.5,0.32484407484407485,True,4
273178,0,0.049849449034912695,2135.5,11.094074844074845,193.87273837273838,63.5,0.32484407484407485,True,4
127314,0,0.049849449034912695,2135.5,11.094074844074845,193.87273837273838,63.5,0.32484407484407485,True,4
169442,0,0.049849449034912695,2135.5,11.094074844074845,193.87273837273838,63.5,0.32484407484407485,True,4
397760,0,0.049849449034912695,2135.5,11.094074844074845,193.87273837273838,63.5,0.32484407484407485,True,4
50947,0,0.049849449034912695,2135.5,11.094074844074845,193.87273837273838,63.5,0.32484407484407485,True,4
206441,0,0.049849449034912695,2135.5,11.094074844074845,193.87273837273838,63.5,0.32484407484407485,True,4
117090,0,0.049849449034912695,2135.5,11.094074844074845,193.87273837273838,63.5,0.32484407484407485,True,4
334506,0,0.049849449034912695,2135.5,11.094074844074845,193.87273837273838,63.5,0.32484407484407485,True,4
84302,0,0.049849449034912695,2135.5,11.094074844074845,193.87273837273838,63.5,0.32484407484407485,True,4
827,0,0.049849449034912695,2135.5,11.094074844074845,193.87273837273838,63.5,0.32484407484407485,True,4
347936,0,0.049849449034912695,2135.5,11.094074844074845,193.87273837273838,63.5,0.32484407484407485,True,4
306918,0,0.049849449034912695,2135.5,11.094074844074845,193.87273837273838,63.5,0.32484407484407485,True,4
321247,0,0.049849449034912695,2135.5,11.094074844074845,193.87273837273838,63.5,0.32484407484407485,True,4
2737,0,0.049849449034912695,2135.5,11.094074844074845,193.87273837273838,63.5,0.32484407484407485,True,4
252421,0,0.049849449034912695,2135.5,11.094074844074845,193.87273837273838,63.5,0.32484407484407485,True,4
321776,0,0.049849449034912695,2135.5,11.094074844074845,193.87273837273838,63.5,0.32484407484407485,True,4
279665,0,0.049849449034912695,2135.5,11.094074844074845,193.87273837273838,63.5,0.32484407484407485,True,4
184549,0,0.049849449034912695,2135.5,11.094074844074845,193.87273837273838,63.5,0.32484407484407485,True,4
273257,0,0.049849449034912695,2135.5,11.094074844074845,193.87273837273838,63.5,0.32484407484407485,True,4
333494,0,0.049849449034912695,2135.5,11.094074844074845,193.87273837273838,63.5,0.32484407484407485,True,4
118717,0,0.049849449034912695,2135.5,11.094074844074845,193.87273837273838,63.5,0.32484407484407485,True,4
37031,0,0.049849449034912695,2135.5,11.094074844074845,193.87273837273838,63.5,0.32484407484407485,True,4
1523,0,0.049849449034912695,2135.5,11.094074844074845,193.87273837273838,63.5,0.32484407484407485,True,4
132613,0,0.049849449034912695,2135.5,11.094074844074845,193.87273837273838,63.5,0.32484407484407485,True,4
251586,0,0.049849449034912695,2135.5,11.094074844074845,193.87273837273838,63.5,0.32484407484407485,True,4
203728,0,0.049849449034912695,2135.5,11.094074844074845,193.87273837273838,63.5,0.32484407484407485,True,4
202289,0,0.049849449034912695,2135.5,11.094074844074845,193.87273837273838,63.5,0.32484407484407485,True,4
126350,0,0.048915439194598176,2187.0,11.361746361746361,199.76237096237097,10.0,0.04677754677754678,True,4
324124,0,0.04814622269933341,2203.0,11.444906444906445,181.28940503940504,139.0,0.7172557172557172,True,4
29349,0,0.04814622269933341,2203.0,11.444906444906445,181.28940503940504,139.0,0.7172557172557172,True,4
25160,0,0.04814622269933341,2203.0,11.444906444906445,181.28940503940504,139.0,0.7172557172557172,True,4
24847,0,0.04814622269933341,2203.0,11.444906444906445,181.28940503940504,139.0,0.7172557172557172,True,4
186490,0,0.04814622269933341,2203.0,11.444906444906445,181.28940503940504,139.0,0.7172557172557172,True,4
42783,0,0.04814622269933341,2203.0,11.444906444906445,181.28940503940504,139.0,0.7172557172557172,True,4
49161,0,0.04814622269933341,2203.0,11.444906444906445,181.28940503940504,139.0,0.7172557172557172,True,4
164876,0,0.04814622269933341,2203.0,11.444906444906445,181.28940503940504,139.0,0.7172557172557172,True,4
361257,0,0.04814622269933341,2203.0,11.444906444906445,181.28940503940504,139.0,0.7172557172557172,True,4
349764,0,0.04814622269933341,2203.0,11.444906444906445,181.28940503940504,139.0,0.7172557172557172,True,4
311255,0,0.04814622269933341,2203.0,11.444906444906445,181.28940503940504,139.0,0.7172557172557172,True,4
132739,0,0.04783564354944729,2273.0,11.808731808731808,204.86845654345655,7.0,0.031185031185031187,True,4
280787,0,0.04783564354944729,2273.0,11.808731808731808,204.86845654345655,7.0,0.031185031185031187,True,4
23524,0,0.04783564354944729,2273.0,11.808731808731808,204.86845654345655,7.0,0.031185031185031187,True,4
233733,0,0.04731537828603523,2304.5,11.972453222453222,183.93940503940505,129.5,0.6678794178794178,True,4
225796,0,0.04731537828603523,2304.5,11.972453222453222,183.93940503940505,129.5,0.6678794178794178,True,4
239405,0,0.046762589928057555,2323.0,12.068607068607069,6.5,3465.5,18.006756756756758,True,4
216490,0,0.046730615916079576,2325.0,12.079002079002079,169.7560717060717,306.0,1.5852390852390852,True,4
70617,0,0.046617024063357285,2328.5,12.097193347193347,169.5060717060717,315.0,1.632016632016632,True,4
98008,0,0.046617024063357285,2328.5,12.097193347193347,169.5060717060717,315.0,1.632016632016632,True,4
154515,0,0.04656954575500941,2336.0,12.136174636174637,170.6727383727384,268.0,1.3877338877338878,True,4
289464,0,0.045527688505098474,2367.5,12.29989604989605,172.99593462093463,225.5,1.1668399168399168,True,4
129023,0,0.045527688505098474,2367.5,12.29989604989605,172.99593462093463,225.5,1.1668399168399168,True,4
136225,0,0.045283308222999766,2395.0,12.442827442827443,27.973484848484848,1196.0,6.211018711018711,True,4
187338,0,0.04467382969262668,2432.0,12.635135135135135,182.3044844044844,132.0,0.6808731808731808,True,4
219756,0,0.04467382969262668,2432.0,12.635135135135135,182.3044844044844,132.0,0.6808731808731808,True,4
396273,0,0.04467382969262668,2432.0,12.635135135135135,182.3044844044844,132.0,0.6808731808731808,True,4
396578,0,0.04429818348364714,2442.5,12.68970893970894,171.37273837273838,252.5,1.3071725571725572,True,4
81642,0,0.04429818348364714,2442.5,12.68970893970894,171.37273837273838,252.5,1.3071725571725572,True,4
389195,0,0.04429818348364714,2442.5,12.68970893970894,171.37273837273838,252.5,1.3071725571725572,True,4
228728,0,0.04429818348364714,2442.5,12.68970893970894,171.37273837273838,252.5,1.3071725571725572,True,4
11399,0,0.043787291367153924,2449.5,12.726091476091476,186.0080919080919,102.5,0.5275467775467776,True,4
87059,0,0.043787291367153924,2449.5,12.726091476091476,186.0080919080919,102.5,0.5275467775467776,True,4
326023,0,0.043548706761113595,2455.0,12.754677754677754,21.799877899877902,1390.0,7.21933471933472,True,4
41396,0,0.04306401383704015,2468.0,12.822245322245323,6.238095238095237,3528.0,18.33160083160083,True,4
232998,0,0.04289036072562411,2472.5,12.845634095634095,7.521428571428571,3243.0,16.85031185031185,True,4
116952,0,0.04289036072562411,2472.5,12.845634095634095,7.521428571428571,3243.0,16.85031185031185,True,4
386180,0,0.04283881366606837,2477.0,12.869022869022869,170.97273837273838,264.0,1.366943866943867,True,4
371146,0,0.04157886485714336,2531.0,13.14968814968815,177.37511932511933,194.0,1.003118503118503,True,4
263909,0,0.04132089164176321,2540.0,13.196465696465696,171.1727383727384,259.0,1.340956340956341,True,4
177516,0,0.04047619047619047,2565.0,13.326403326403327,4.0,4126.0,21.43970893970894,True,4
187913,0,0.04047619047619047,2565.0,13.326403326403327,4.0,4126.0,21.43970893970894,True,4
152983,0,0.04047619047619047,2565.0,13.326403326403327,4.0,4126.0,21.43970893970894,True,4
78745,0,0.04047619047619047,2565.0,13.326403326403327,4.0,4126.0,21.43970893970894,True,4
130266,0,0.04047619047619047,2565.0,13.326403326403327,4.0,4126.0,21.43970893970894,True,4
324717,0,0.04047619047619047,2565.0,13.326403326403327,4.0,4126.0,21.43970893970894,True,4
7862,0,0.04047619047619047,2565.0,13.326403326403327,4.0,4126.0,21.43970893970894,True,4
90386,0,0.04046256704529097,2574.5,13.375779625779625,172.1727383727384,241.5,1.25,True,4
341030,0,0.04046256704529097,2574.5,13.375779625779625,172.1727383727384,241.5,1.25,True,4
44260,0,0.04046256704529097,2574.5,13.375779625779625,172.1727383727384,241.5,1.25,True,4
315497,0,0.04046256704529097,2574.5,13.375779625779625,172.1727383727384,241.5,1.25,True,4
394198,0,0.04046256704529097,2574.5,13.375779625779625,172.1727383727384,241.5,1.25,True,4
271061,0,0.04046256704529097,2574.5,13.375779625779625,172.1727383727384,241.5,1.25,True,4
354536,0,0.04046256704529097,2574.5,13.375779625779625,172.1727383727384,241.5,1.25,True,4
78801,0,0.04046256704529097,2574.5,13.375779625779625,172.1727383727384,241.5,1.25,True,4
10020,0,0.04046256704529097,2574.5,13.375779625779625,172.1727383727384,241.5,1.25,True,4
171581,0,0.04046256704529097,2574.5,13.375779625779625,172.1727383727384,241.5,1.25,True,4
74725,0,0.04046256704529097,2574.5,13.375779625779625,172.1727383727384,241.5,1.25,True,4
257984,0,0.04046256704529097,2574.5,13.375779625779625,172.1727383727384,241.5,1.25,True,4
292479,0,0.040050565185606096,2587.0,13.440748440748441,7.743650793650794,3224.0,16.75155925155925,True,4
165556,0,0.039853739039202696,2595.5,13.484927234927236,170.57273837273837,270.5,1.4007276507276507,True,4
346552,0,0.039853739039202696,2595.5,13.484927234927236,170.57273837273837,270.5,1.4007276507276507,True,4
354021,0,0.03964409543333268,2629.5,13.661642411642411,171.1727383727384,259.0,1.340956340956341,True,4
190435,0,0.03964409543333268,2629.5,13.661642411642411,171.1727383727384,259.0,1.340956340956341,True,4
19730,0,0.03964409543333268,2629.5,13.661642411642411,171.1727383727384,259.0,1.340956340956341,True,4
224019,0,0.03964409543333268,2629.5,13.661642411642411,171.1727383727384,259.0,1.340956340956341,True,4
112531,0,0.03964409543333268,2629.5,13.661642411642411,171.1727383727384,259.0,1.340956340956341,True,4
397455,0,0.03964409543333268,2629.5,13.661642411642411,171.1727383727384,259.0,1.340956340956341,True,4
29944,0,0.03964409543333268,2629.5,13.661642411642411,171.1727383727384,259.0,1.340956340956341,True,4
249264,0,0.03964409543333268,2629.5,13.661642411642411,171.1727383727384,259.0,1.340956340956341,True,4
93655,0,0.03876607173252713,2695.5,14.004677754677754,184.1830919080919,121.5,0.6262993762993763,True,4
10439,0,0.03876607173252713,2695.5,14.004677754677754,184.1830919080919,121.5,0.6262993762993763,True,4
211380,0,0.03876607173252713,2695.5,14.004677754677754,184.1830919080919,121.5,0.6262993762993763,True,4
87119,0,0.03876607173252713,2695.5,14.004677754677754,184.1830919080919,121.5,0.6262993762993763,True,4
369119,0,0.03876607173252713,2695.5,14.004677754677754,184.1830919080919,121.5,0.6262993762993763,True,4
286240,0,0.03876607173252713,2695.5,14.004677754677754,184.1830919080919,121.5,0.6262993762993763,True,4
286168,0,0.03876607173252713,2695.5,14.004677754677754,184.1830919080919,121.5,0.6262993762993763,True,4
110212,0,0.03876607173252713,2695.5,14.004677754677754,184.1830919080919,121.5,0.6262993762993763,True,4
179947,0,0.03876607173252713,2695.5,14.004677754677754,184.1830919080919,121.5,0.6262993762993763,True,4
57703,0,0.03876607173252713,2695.5,14.004677754677754,184.1830919080919,121.5,0.6262993762993763,True,4
81360,0,0.03876607173252713,2695.5,14.004677754677754,184.1830919080919,121.5,0.6262993762993763,True,4
155446,0,0.03876607173252713,2695.5,14.004677754677754,184.1830919080919,121.5,0.6262993762993763,True,4
167992,0,0.03876607173252713,2695.5,14.004677754677754,184.1830919080919,121.5,0.6262993762993763,True,4
19217,0,0.03876607173252713,2695.5,14.004677754677754,184.1830919080919,121.5,0.6262993762993763,True,4
179708,0,0.037083329372241305,2780.0,14.443866943866944,176.1727383727384,202.0,1.0446985446985446,True,4
183882,0,0.037083329372241305,2780.0,14.443866943866944,176.1727383727384,202.0,1.0446985446985446,True,4
133044,0,0.037083329372241305,2780.0,14.443866943866944,176.1727383727384,202.0,1.0446985446985446,True,4
243767,0,0.037083329372241305,2780.0,14.443866943866944,176.1727383727384,202.0,1.0446985446985446,True,4
131184,0,0.037083329372241305,2780.0,14.443866943866944,176.1727383727384,202.0,1.0446985446985446,True,4
222116,0,0.037083329372241305,2780.0,14.443866943866944,176.1727383727384,202.0,1.0446985446985446,True,4
396654,0,0.037083329372241305,2780.0,14.443866943866944,176.1727383727384,202.0,1.0446985446985446,True,4
128601,0,0.037083329372241305,2780.0,14.443866943866944,176.1727383727384,202.0,1.0446985446985446,True,4
381537,0,0.037083329372241305,2780.0,14.443866943866944,176.1727383727384,202.0,1.0446985446985446,True,4
281481,0,0.037083329372241305,2780.0,14.443866943866944,176.1727383727384,202.0,1.0446985446985446,True,4
352596,0,0.037083329372241305,2780.0,14.443866943866944,176.1727383727384,202.0,1.0446985446985446,True,4
136637,0,0.037083329372241305,2780.0,14.443866943866944,176.1727383727384,202.0,1.0446985446985446,True,4
250954,0,0.037083329372241305,2780.0,14.443866943866944,176.1727383727384,202.0,1.0446985446985446,True,4
363666,0,0.037083329372241305,2780.0,14.443866943866944,176.1727383727384,202.0,1.0446985446985446,True,4
361219,0,0.037083329372241305,2780.0,14.443866943866944,176.1727383727384,202.0,1.0446985446985446,True,4
200005,0,0.036920674731771984,2807.0,14.584199584199585,7.521428571428571,3243.0,16.85031185031185,True,4
213224,0,0.03611917113796813,2868.5,14.903846153846153,178.82273837273837,168.5,0.8705821205821206,True,4
334837,0,0.03611917113796813,2868.5,14.903846153846153,178.82273837273837,168.5,0.8705821205821206,True,4
83414,0,0.03611917113796813,2868.5,14.903846153846153,178.82273837273837,168.5,0.8705821205821206,True,4
308929,0,0.03611917113796813,2868.5,14.903846153846153,178.82273837273837,168.5,0.8705821205821206,True,4
238803,0,0.03611917113796813,2868.5,14.903846153846153,178.82273837273837,168.5,0.8705821205821206,True,4
151271,0,0.03611917113796813,2868.5,14.903846153846153,178.82273837273837,168.5,0.8705821205821206,True,4
23175,0,0.03611917113796813,2868.5,14.903846153846153,178.82273837273837,168.5,0.8705821205821206,True,4
187727,0,0.03611917113796813,2868.5,14.903846153846153,178.82273837273837,168.5,0.8705821205821206,True,4
42345,0,0.03611917113796813,2868.5,14.903846153846153,178.82273837273837,168.5,0.8705821205821206,True,4
257545,0,0.03611917113796813,2868.5,14.903846153846153,178.82273837273837,168.5,0.8705821205821206,True,4
16975,0,0.03611917113796813,2868.5,14.903846153846153,178.82273837273837,168.5,0.8705821205821206,True,4
266763,0,0.03611917113796813,2868.5,14.903846153846153,178.82273837273837,168.5,0.8705821205821206,True,4
264386,0,0.03611917113796813,2868.5,14.903846153846153,178.82273837273837,168.5,0.8705821205821206,True,4
270228,0,0.03611917113796813,2868.5,14.903846153846153,178.82273837273837,168.5,0.8705821205821206,True,4
83400,0,0.03611917113796813,2868.5,14.903846153846153,178.82273837273837,168.5,0.8705821205821206,True,4
162076,0,0.03611917113796813,2868.5,14.903846153846153,178.82273837273837,168.5,0.8705821205821206,True,4
160189,0,0.03611917113796813,2868.5,14.903846153846153,178.82273837273837,168.5,0.8705821205821206,True,4
238571,0,0.03611917113796813,2868.5,14.903846153846153,178.82273837273837,168.5,0.8705821205821206,True,4
283737,0,0.03611917113796813,2868.5,14.903846153846153,178.82273837273837,168.5,0.8705821205821206,True,4
72733,0,0.03611917113796813,2868.5,14.903846153846153,178.82273837273837,168.5,0.8705821205821206,True,4
25426,0,0.03611917113796813,2868.5,14.903846153846153,178.82273837273837,168.5,0.8705821205821206,True,4
190469,0,0.03611917113796813,2868.5,14.903846153846153,178.82273837273837,168.5,0.8705821205821206,True,4
398648,0,0.03611917113796813,2868.5,14.903846153846153,178.82273837273837,168.5,0.8705821205821206,True,4
177207,0,0.03611917113796813,2868.5,14.903846153846153,178.82273837273837,168.5,0.8705821205821206,True,4
294514,0,0.03611917113796813,2868.5,14.903846153846153,178.82273837273837,168.5,0.8705821205821206,True,4
107648,0,0.03611917113796813,2868.5,14.903846153846153,178.82273837273837,168.5,0.8705821205821206,True,4
138271,0,0.03611917113796813,2868.5,14.903846153846153,178.82273837273837,168.5,0.8705821205821206,True,4
236235,0,0.03611917113796813,2868.5,14.903846153846153,178.82273837273837,168.5,0.8705821205821206,True,4
87969,0,0.03611917113796813,2868.5,14.903846153846153,178.82273837273837,168.5,0.8705821205821206,True,4
61452,0,0.03611917113796813,2868.5,14.903846153846153,178.82273837273837,168.5,0.8705821205821206,True,4
14838,0,0.03611917113796813,2868.5,14.903846153846153,178.82273837273837,168.5,0.8705821205821206,True,4
308420,0,0.03611917113796813,2868.5,14.903846153846153,178.82273837273837,168.5,0.8705821205821206,True,4
281181,0,0.03611917113796813,2868.5,14.903846153846153,178.82273837273837,168.5,0.8705821205821206,True,4
75729,0,0.03611917113796813,2868.5,14.903846153846153,178.82273837273837,168.5,0.8705821205821206,True,4
157727,0,0.03611917113796813,2868.5,14.903846153846153,178.82273837273837,168.5,0.8705821205821206,True,4
158143,0,0.03611917113796813,2868.5,14.903846153846153,178.82273837273837,168.5,0.8705821205821206,True,4
8607,0,0.03611917113796813,2868.5,14.903846153846153,178.82273837273837,168.5,0.8705821205821206,True,4
278050,0,0.03611917113796813,2868.5,14.903846153846153,178.82273837273837,168.5,0.8705821205821206,True,4
333177,0,0.03611917113796813,2868.5,14.903846153846153,178.82273837273837,168.5,0.8705821205821206,True,4
44088,0,0.03611917113796813,2868.5,14.903846153846153,178.82273837273837,168.5,0.8705821205821206,True,4
223999,0,0.03611917113796813,2868.5,14.903846153846153,178.82273837273837,168.5,0.8705821205821206,True,4
104158,0,0.03611917113796813,2868.5,14.903846153846153,178.82273837273837,168.5,0.8705821205821206,True,4
354154,0,0.03611917113796813,2868.5,14.903846153846153,178.82273837273837,168.5,0.8705821205821206,True,4
243266,0,0.03611917113796813,2868.5,14.903846153846153,178.82273837273837,168.5,0.8705821205821206,True,4
232132,0,0.03611917113796813,2868.5,14.903846153846153,178.82273837273837,168.5,0.8705821205821206,True,4
144143,0,0.03611917113796813,2868.5,14.903846153846153,178.82273837273837,168.5,0.8705821205821206,True,4
236202,0,0.03611917113796813,2868.5,14.903846153846153,178.82273837273837,168.5,0.8705821205821206,True,4
308633,0,0.03611917113796813,2868.5,14.903846153846153,178.82273837273837,168.5,0.8705821205821206,True,4
364329,0,0.035759897828863345,2895.5,15.044178794178794,1.0,6007.0,31.216216216216218,True,4
302825,0,0.035759897828863345,2895.5,15.044178794178794,1.0,6007.0,31.216216216216218,True,4
178677,0,0.035735135633006135,2898.5,15.05977130977131,196.18094960594962,20.5,0.10135135135135136,True,4
282693,0,0.035735135633006135,2898.5,15.05977130977131,196.18094960594962,20.5,0.10135135135135136,True,4
62074,0,0.035735135633006135,2898.5,15.05977130977131,196.18094960594962,20.5,0.10135135135135136,True,4
336201,0,0.035735135633006135,2898.5,15.05977130977131,196.18094960594962,20.5,0.10135135135135136,True,4
331498,0,0.03463831953806891,2922.0,15.181912681912682,169.6727383727384,310.5,1.6086278586278586,True,4
28120,0,0.033987208507454986,2946.5,15.309251559251559,6.571428571428571,3439.5,17.87162162162162,True,4
103954,0,0.033987208507454986,2946.5,15.309251559251559,6.571428571428571,3439.5,17.87162162162162,True,4
393383,0,0.033493296393410185,2980.5,15.485966735966736,2.6666666666666665,4753.5,24.70114345114345,True,4
212001,0,0.033493296393410185,2980.5,15.485966735966736,2.6666666666666665,4753.5,24.70114345114345,True,4
63342,0,0.033493296393410185,2980.5,15.485966735966736,2.6666666666666665,4753.5,24.70114345114345,True,4
359375,0,0.033493296393410185,2980.5,15.485966735966736,2.6666666666666665,4753.5,24.70114345114345,True,4
216533,0,0.03331009086497988,3001.0,15.592515592515593,196.41845654345656,17.0,0.08316008316008316,True,4
221650,0,0.03331009086497988,3001.0,15.592515592515593,196.41845654345656,17.0,0.08316008316008316,True,4
52462,0,0.03331009086497988,3001.0,15.592515592515593,196.41845654345656,17.0,0.08316008316008316,True,4
379861,0,0.033063615582412574,3014.5,15.662681912681913,169.6727383727384,310.5,1.6086278586278586,True,4
314701,0,0.033063615582412574,3014.5,15.662681912681913,169.6727383727384,310.5,1.6086278586278586,True,4
131886,0,0.033063615582412574,3014.5,15.662681912681913,169.6727383727384,310.5,1.6086278586278586,True,4
385700,0,0.033063615582412574,3014.5,15.662681912681913,169.6727383727384,310.5,1.6086278586278586,True,4
271415,0,0.032818532818532815,3027.0,15.727650727650728,0.6666666666666666,6381.0,33.16008316008316,True,4
241273,0,0.03214285714285714,3065.0,15.925155925155925,0.30000000000000004,6829.0,35.48856548856549,True,4
41206,0,0.03187253740775009,3073.0,15.966735966735968,5.6912698412698415,3705.0,19.25155925155925,True,4
210585,0,0.031742985915571766,3089.5,16.052494802494802,185.95201742701744,108.5,0.5587318087318087,True,4
146332,0,0.031742985915571766,3089.5,16.052494802494802,185.95201742701744,108.5,0.5587318087318087,True,4
289663,0,0.031742985915571766,3089.5,16.052494802494802,185.95201742701744,108.5,0.5587318087318087,True,4
165433,0,0.031742985915571766,3089.5,16.052494802494802,185.95201742701744,108.5,0.5587318087318087,True,4
73284,0,0.031742985915571766,3089.5,16.052494802494802,185.95201742701744,108.5,0.5587318087318087,True,4
246058,0,0.031742985915571766,3089.5,16.052494802494802,185.95201742701744,108.5,0.5587318087318087,True,4
207400,0,0.031742985915571766,3089.5,16.052494802494802,185.95201742701744,108.5,0.5587318087318087,True,4
159047,0,0.031742985915571766,3089.5,16.052494802494802,185.95201742701744,108.5,0.5587318087318087,True,4
99799,0,0.031742985915571766,3089.5,16.052494802494802,185.95201742701744,108.5,0.5587318087318087,True,4
345718,0,0.031742985915571766,3089.5,16.052494802494802,185.95201742701744,108.5,0.5587318087318087,True,4
160976,0,0.029886418777764788,3179.0,16.517671517671516,169.6727383727384,310.5,1.6086278586278586,True,4
313816,0,0.029347989228459638,3199.5,16.624220374220375,194.88512321012323,24.5,0.12214137214137215,True,4
37517,0,0.029347989228459638,3199.5,16.624220374220375,194.88512321012323,24.5,0.12214137214137215,True,4
71749,0,0.029347989228459638,3199.5,16.624220374220375,194.88512321012323,24.5,0.12214137214137215,True,4
100491,0,0.029347989228459638,3199.5,16.624220374220375,194.88512321012323,24.5,0.12214137214137215,True,4
7203,0,0.026908651094114753,3328.5,17.294698544698544,176.0477383727384,215.5,1.114864864864865,True,4
251472,0,0.026908651094114753,3328.5,17.294698544698544,176.0477383727384,215.5,1.114864864864865,True,4
197483,0,0.026908651094114753,3328.5,17.294698544698544,176.0477383727384,215.5,1.114864864864865,True,4
102868,0,0.026908651094114753,3328.5,17.294698544698544,176.0477383727384,215.5,1.114864864864865,True,4
164761,0,0.026908651094114753,3328.5,17.294698544698544,176.0477383727384,215.5,1.114864864864865,True,4
313764,0,0.026908651094114753,3328.5,17.294698544698544,176.0477383727384,215.5,1.114864864864865,True,4
137778,0,0.026908651094114753,3328.5,17.294698544698544,176.0477383727384,215.5,1.114864864864865,True,4
306909,0,0.026908651094114753,3328.5,17.294698544698544,176.0477383727384,215.5,1.114864864864865,True,4
72801,0,0.026908651094114753,3328.5,17.294698544698544,176.0477383727384,215.5,1.114864864864865,True,4
272636,0,0.026908651094114753,3328.5,17.294698544698544,176.0477383727384,215.5,1.114864864864865,True,4
297557,0,0.026908651094114753,3328.5,17.294698544698544,176.0477383727384,215.5,1.114864864864865,True,4
337537,0,0.026908651094114753,3328.5,17.294698544698544,176.0477383727384,215.5,1.114864864864865,True,4
317775,0,0.025964850150313808,3379.0,17.557172557172557,169.08940503940505,319.0,1.6528066528066527,True,4
274144,0,0.02532598188848189,3429.0,17.81704781704782,4.48968253968254,4005.0,20.81081081081081,True,4
284947,0,0.02511415525114155,3439.0,17.86902286902287,1.8333333333333333,5221.5,27.133575883575883,True,4
297704,0,0.02368937482478273,3530.5,18.344594594594593,2.333333333333333,4850.0,25.2027027027027,True,4
38349,0,0.02368937482478273,3530.5,18.344594594594593,2.333333333333333,4850.0,25.2027027027027,True,4
378440,0,0.02368937482478273,3530.5,18.344594594594593,2.333333333333333,4850.0,25.2027027027027,True,4
66669,0,0.02368937482478273,3530.5,18.344594594594593,2.333333333333333,4850.0,25.2027027027027,True,4
46398,0,0.023531421875979525,3541.0,18.3991683991684,169.33940503940505,317.0,1.6424116424116424,True,4
101009,0,0.022652736451607272,3580.0,18.6018711018711,170.66440503940504,269.0,1.392931392931393,True,4
97703,0,0.021593618453500718,3652.0,18.976091476091476,170.37273837273838,286.0,1.4812889812889813,True,4
248696,0,0.021593618453500718,3652.0,18.976091476091476,170.37273837273838,286.0,1.4812889812889813,True,4
178146,0,0.021593618453500718,3652.0,18.976091476091476,170.37273837273838,286.0,1.4812889812889813,True,4
82935,0,0.021593618453500718,3652.0,18.976091476091476,170.37273837273838,286.0,1.4812889812889813,True,4
305494,0,0.021593618453500718,3652.0,18.976091476091476,170.37273837273838,286.0,1.4812889812889813,True,4
343375,0,0.021593618453500718,3652.0,18.976091476091476,170.37273837273838,286.0,1.4812889812889813,True,4
297949,0,0.021593618453500718,3652.0,18.976091476091476,170.37273837273838,286.0,1.4812889812889813,True,4
299467,0,0.021593618453500718,3652.0,18.976091476091476,170.37273837273838,286.0,1.4812889812889813,True,4
355882,0,0.021593618453500718,3652.0,18.976091476091476,170.37273837273838,286.0,1.4812889812889813,True,4
27881,0,0.021593618453500718,3652.0,18.976091476091476,170.37273837273838,286.0,1.4812889812889813,True,4
320203,0,0.021593618453500718,3652.0,18.976091476091476,170.37273837273838,286.0,1.4812889812889813,True,4
173690,0,0.021593618453500718,3652.0,18.976091476091476,170.37273837273838,286.0,1.4812889812889813,True,4
343438,0,0.021593618453500718,3652.0,18.976091476091476,170.37273837273838,286.0,1.4812889812889813,True,4
262019,0,0.021593618453500718,3652.0,18.976091476091476,170.37273837273838,286.0,1.4812889812889813,True,4
216085,0,0.021593618453500718,3652.0,18.976091476091476,170.37273837273838,286.0,1.4812889812889813,True,4
301529,0,0.021593618453500718,3652.0,18.976091476091476,170.37273837273838,286.0,1.4812889812889813,True,4
78711,0,0.021593618453500718,3652.0,18.976091476091476,170.37273837273838,286.0,1.4812889812889813,True,4
387344,0,0.021593618453500718,3652.0,18.976091476091476,170.37273837273838,286.0,1.4812889812889813,True,4
358355,0,0.021593618453500718,3652.0,18.976091476091476,170.37273837273838,286.0,1.4812889812889813,True,4
298052,0,0.021593618453500718,3652.0,18.976091476091476,170.37273837273838,286.0,1.4812889812889813,True,4
350482,0,0.021593618453500718,3652.0,18.976091476091476,170.37273837273838,286.0,1.4812889812889813,True,4
330163,0,0.021593618453500718,3652.0,18.976091476091476,170.37273837273838,286.0,1.4812889812889813,True,4
16851,0,0.021593618453500718,3652.0,18.976091476091476,170.37273837273838,286.0,1.4812889812889813,True,4
230456,0,0.021593618453500718,3652.0,18.976091476091476,170.37273837273838,286.0,1.4812889812889813,True,4
247701,0,0.021593618453500718,3652.0,18.976091476091476,170.37273837273838,286.0,1.4812889812889813,True,4
209221,0,0.021593618453500718,3652.0,18.976091476091476,170.37273837273838,286.0,1.4812889812889813,True,4
140821,0,0.021593618453500718,3652.0,18.976091476091476,170.37273837273838,286.0,1.4812889812889813,True,4
89086,0,0.021593618453500718,3652.0,18.976091476091476,170.37273837273838,286.0,1.4812889812889813,True,4
124121,0,0.021593618453500718,3652.0,18.976091476091476,170.37273837273838,286.0,1.4812889812889813,True,4
308219,0,0.02032302820414404,3743.0,19.449064449064448,169.14892884892885,318.0,1.6476091476091477,True,4
276584,0,0.020146309716388762,3750.0,19.485446985446984,169.68940503940505,307.0,1.5904365904365905,True,4
169048,0,0.018885524420737102,3857.0,20.04158004158004,5.405555555555555,3787.0,19.677754677754677,True,4
372532,0,0.017918574481074482,3909.0,20.31185031185031,4.2896825396825395,4043.0,21.008316008316008,True,4
170950,0,0.017679815367676637,3953.5,20.543139293139294,2.833333333333333,4719.5,24.524428274428274,True,4
120900,0,0.017679815367676637,3953.5,20.543139293139294,2.833333333333333,4719.5,24.524428274428274,True,4
230726,0,0.017679815367676637,3953.5,20.543139293139294,2.833333333333333,4719.5,24.524428274428274,True,4
113952,0,0.017679815367676637,3953.5,20.543139293139294,2.833333333333333,4719.5,24.524428274428274,True,4
91451,0,0.017631516816980476,3995.0,20.758835758835758,168.83940503940505,354.0,1.8347193347193347,True,4
65637,0,0.017631516816980476,3995.0,20.758835758835758,168.83940503940505,354.0,1.8347193347193347,True,4
85375,0,0.017631516816980476,3995.0,20.758835758835758,168.83940503940505,354.0,1.8347193347193347,True,4
1209,0,0.017631516816980476,3995.0,20.758835758835758,168.83940503940505,354.0,1.8347193347193347,True,4
325119,0,0.017631516816980476,3995.0,20.758835758835758,168.83940503940505,354.0,1.8347193347193347,True,4
398746,0,0.017631516816980476,3995.0,20.758835758835758,168.83940503940505,354.0,1.8347193347193347,True,4
285018,0,0.017631516816980476,3995.0,20.758835758835758,168.83940503940505,354.0,1.8347193347193347,True,4
272825,0,0.017631516816980476,3995.0,20.758835758835758,168.83940503940505,354.0,1.8347193347193347,True,4
85271,0,0.017631516816980476,3995.0,20.758835758835758,168.83940503940505,354.0,1.8347193347193347,True,4
119557,0,0.017631516816980476,3995.0,20.758835758835758,168.83940503940505,354.0,1.8347193347193347,True,4
314240,0,0.017631516816980476,3995.0,20.758835758835758,168.83940503940505,354.0,1.8347193347193347,True,4
341243,0,0.017631516816980476,3995.0,20.758835758835758,168.83940503940505,354.0,1.8347193347193347,True,4
20414,0,0.017631516816980476,3995.0,20.758835758835758,168.83940503940505,354.0,1.8347193347193347,True,4
167359,0,0.017631516816980476,3995.0,20.758835758835758,168.83940503940505,354.0,1.8347193347193347,True,4
167108,0,0.017631516816980476,3995.0,20.758835758835758,168.83940503940505,354.0,1.8347193347193347,True,4
106964,0,0.017631516816980476,3995.0,20.758835758835758,168.83940503940505,354.0,1.8347193347193347,True,4
27854,0,0.017631516816980476,3995.0,20.758835758835758,168.83940503940505,354.0,1.8347193347193347,True,4
222402,0,0.017631516816980476,3995.0,20.758835758835758,168.83940503940505,354.0,1.8347193347193347,True,4
317758,0,0.017631516816980476,3995.0,20.758835758835758,168.83940503940505,354.0,1.8347193347193347,True,4
92216,0,0.017631516816980476,3995.0,20.758835758835758,168.83940503940505,354.0,1.8347193347193347,True,4
77455,0,0.017631516816980476,3995.0,20.758835758835758,168.83940503940505,354.0,1.8347193347193347,True,4
218869,0,0.017631516816980476,3995.0,20.758835758835758,168.83940503940505,354.0,1.8347193347193347,True,4
304052,0,0.017631516816980476,3995.0,20.758835758835758,168.83940503940505,354.0,1.8347193347193347,True,4
123693,0,0.017631516816980476,3995.0,20.758835758835758,168.83940503940505,354.0,1.8347193347193347,True,4
72131,0,0.017631516816980476,3995.0,20.758835758835758,168.83940503940505,354.0,1.8347193347193347,True,4
302457,0,0.017631516816980476,3995.0,20.758835758835758,168.83940503940505,354.0,1.8347193347193347,True,4
20582,0,0.017631516816980476,3995.0,20.758835758835758,168.83940503940505,354.0,1.8347193347193347,True,4
271147,0,0.017631516816980476,3995.0,20.758835758835758,168.83940503940505,354.0,1.8347193347193347,True,4
147803,0,0.017631516816980476,3995.0,20.758835758835758,168.83940503940505,354.0,1.8347193347193347,True,4
365639,0,0.017631516816980476,3995.0,20.758835758835758,168.83940503940505,354.0,1.8347193347193347,True,4
366801,0,0.017631516816980476,3995.0,20.758835758835758,168.83940503940505,354.0,1.8347193347193347,True,4
217384,0,0.017631516816980476,3995.0,20.758835758835758,168.83940503940505,354.0,1.8347193347193347,True,4
77987,0,0.017631516816980476,3995.0,20.758835758835758,168.83940503940505,354.0,1.8347193347193347,True,4
47112,0,0.017631516816980476,3995.0,20.758835758835758,168.83940503940505,354.0,1.8347193347193347,True,4
145924,0,0.017631516816980476,3995.0,20.758835758835758,168.83940503940505,354.0,1.8347193347193347,True,4
226766,0,0.017631516816980476,3995.0,20.758835758835758,168.83940503940505,354.0,1.8347193347193347,True,4
122996,0,0.017631516816980476,3995.0,20.758835758835758,168.83940503940505,354.0,1.8347193347193347,True,4
68448,0,0.017631516816980476,3995.0,20.758835758835758,168.83940503940505,354.0,1.8347193347193347,True,4
77905,0,0.017631516816980476,3995.0,20.758835758835758,168.83940503940505,354.0,1.8347193347193347,True,4
53238,0,0.017631516816980476,3995.0,20.758835758835758,168.83940503940505,354.0,1.8347193347193347,True,4
205938,0,0.017631516816980476,3995.0,20.758835758835758,168.83940503940505,354.0,1.8347193347193347,True,4
375422,0,0.017631516816980476,3995.0,20.758835758835758,168.83940503940505,354.0,1.8347193347193347,True,4
102733,0,0.017631516816980476,3995.0,20.758835758835758,168.83940503940505,354.0,1.8347193347193347,True,4
57719,0,0.017631516816980476,3995.0,20.758835758835758,168.83940503940505,354.0,1.8347193347193347,True,4
198229,0,0.017631516816980476,3995.0,20.758835758835758,168.83940503940505,354.0,1.8347193347193347,True,4
26437,0,0.017631516816980476,3995.0,20.758835758835758,168.83940503940505,354.0,1.8347193347193347,True,4
141496,0,0.017631516816980476,3995.0,20.758835758835758,168.83940503940505,354.0,1.8347193347193347,True,4
236532,0,0.017631516816980476,3995.0,20.758835758835758,168.83940503940505,354.0,1.8347193347193347,True,4
212499,0,0.017631516816980476,3995.0,20.758835758835758,168.83940503940505,354.0,1.8347193347193347,True,4
261937,0,0.017631516816980476,3995.0,20.758835758835758,168.83940503940505,354.0,1.8347193347193347,True,4
287633,0,0.017631516816980476,3995.0,20.758835758835758,168.83940503940505,354.0,1.8347193347193347,True,4
285314,0,0.017631516816980476,3995.0,20.758835758835758,168.83940503940505,354.0,1.8347193347193347,True,4
332177,0,0.017631516816980476,3995.0,20.758835758835758,168.83940503940505,354.0,1.8347193347193347,True,4
157819,0,0.017631516816980476,3995.0,20.758835758835758,168.83940503940505,354.0,1.8347193347193347,True,4
9435,0,0.017631516816980476,3995.0,20.758835758835758,168.83940503940505,354.0,1.8347193347193347,True,4
303747,0,0.017631516816980476,3995.0,20.758835758835758,168.83940503940505,354.0,1.8347193347193347,True,4
46636,0,0.017631516816980476,3995.0,20.758835758835758,168.83940503940505,354.0,1.8347193347193347,True,4
222104,0,0.017631516816980476,3995.0,20.758835758835758,168.83940503940505,354.0,1.8347193347193347,True,4
60053,0,0.017631516816980476,3995.0,20.758835758835758,168.83940503940505,354.0,1.8347193347193347,True,4
145332,0,0.017631516816980476,3995.0,20.758835758835758,168.83940503940505,354.0,1.8347193347193347,True,4
288863,0,0.017631516816980476,3995.0,20.758835758835758,168.83940503940505,354.0,1.8347193347193347,True,4
312247,0,0.017631516816980476,3995.0,20.758835758835758,168.83940503940505,354.0,1.8347193347193347,True,4
6670,0,0.017631516816980476,3995.0,20.758835758835758,168.83940503940505,354.0,1.8347193347193347,True,4
364124,0,0.017631516816980476,3995.0,20.758835758835758,168.83940503940505,354.0,1.8347193347193347,True,4
281902,0,0.017631516816980476,3995.0,20.758835758835758,168.83940503940505,354.0,1.8347193347193347,True,4
244800,0,0.017631516816980476,3995.0,20.758835758835758,168.83940503940505,354.0,1.8347193347193347,True,4
107320,0,0.017631516816980476,3995.0,20.758835758835758,168.83940503940505,354.0,1.8347193347193347,True,4
3223,0,0.017631516816980476,3995.0,20.758835758835758,168.83940503940505,354.0,1.8347193347193347,True,4
54642,0,0.017631516816980476,3995.0,20.758835758835758,168.83940503940505,354.0,1.8347193347193347,True,4
44941,0,0.016666666666666666,4116.0,21.387733887733887,2.0,5084.5,26.421517671517673,True,4
363636,0,0.01493256262042389,4297.5,22.33108108108108,2.583333333333333,4784.0,24.85966735966736,True,4
304489,0,0.01493256262042389,4297.5,22.33108108108108,2.583333333333333,4784.0,24.85966735966736,True,4
93790,0,0.014050905226812386,4396.0,22.843035343035343,5.5813492063492065,3715.0,19.303534303534303,True,4
325065,0,0.013410225687011402,4419.0,22.962577962577964,4.430952380952381,4014.0,20.85758835758836,True,4
397617,0,0.013343473451327434,4425.5,22.996361746361746,1.5,5513.5,28.651247401247403,True,4
223591,0,0.013343473451327434,4425.5,22.996361746361746,1.5,5513.5,28.651247401247403,True,4
301731,0,0.009009009009009009,5402.5,28.074324324324323,0.3333333333333333,6783.5,35.252079002079,True,4
4005,0,0.009009009009009009,5402.5,28.074324324324323,0.3333333333333333,6783.5,35.252079002079,True,4
144860,0,0.008955083470169677,5407.0,28.097713097713097,4.15515873015873,4070.0,21.14864864864865,True,4
371973,0,0.0,13122.0,68.1964656964657,0.0,13122.0,68.1964656964657,True,4
392905,0,0.0,13122.0,68.1964656964657,0.0,13122.0,68.1964656964657,True,4
30684,0,0.0,13122.0,68.1964656964657,0.0,13122.0,68.1964656964657,True,4
260462,0,0.5425101214574899,45.0,2.012808783165599,14.0,409.5,18.687099725526075,True,5
378277,0,0.4510035419126328,88.0,3.979871912168344,24.0,273.0,12.442817932296432,True,5
196836,0,0.39813355829436703,130.5,5.924062214089662,6.768358030126926,575.5,26.280878316559928,True,5
12478,0,0.39813355829436703,130.5,5.924062214089662,6.768358030126926,575.5,26.280878316559928,True,5
252624,0,0.3711716091395236,151.0,6.861848124428179,23.5,284.5,12.96889295516926,True,5
171788,0,0.350896756443117,165.0,7.502287282708143,14.011059593630417,406.0,18.526989935956085,True,5
62163,0,0.31528925619834713,214.0,9.743824336688014,23.0,289.0,13.174748398902103,True,5
84520,0,0.2909612441742011,245.0,11.161939615736506,39.33333333333333,176.0,8.005489478499543,True,5
170061,0,0.2668005518325708,281.0,12.808783165599268,44.400000000000006,169.0,7.685269899359561,True,5
61404,0,0.214911889322498,370.0,16.880146386093323,3.989834529180257,714.0,32.61665141811528,True,5
338562,0,0.2081954316565735,381.0,17.38334858188472,12.462902491220122,426.5,19.464775846294604,True,5
144764,0,0.20777925531914893,382.0,17.429094236047575,22.0,305.5,13.929551692589204,True,5
254085,0,0.19912739875749508,399.0,18.2067703568161,20.917355442520307,315.0,14.364135407136322,True,5
54100,0,0.19840652974284959,400.0,18.252516010978958,4.7419197168542535,662.0,30.237877401646845,True,5
377292,0,0.19633841341365293,403.0,18.38975297346752,42.037230017342885,173.0,7.868252516010979,True,5
348124,0,0.1876139011968842,419.0,19.121683440073195,20.111623224992684,319.0,14.54711802378774,True,5
3244,0,0.1869760818331309,421.0,19.213174748398902,48.87453157642767,146.0,6.633119853613906,True,5
324620,0,0.18654773320401352,422.5,19.281793229643185,52.06519022056534,143.5,6.51875571820677,True,5
167245,0,0.18654773320401352,422.5,19.281793229643185,52.06519022056534,143.5,6.51875571820677,True,5
298595,0,0.18643528147412328,425.5,19.419030192131746,44.83333333333333,166.5,7.570905763952425,True,5
281422,0,0.18643528147412328,425.5,19.419030192131746,44.83333333333333,166.5,7.570905763952425,True,5
332512,0,0.18388958014708467,434.0,19.807868252516013,11.737968626472105,442.0,20.173833485818847,True,5
10009,0,0.18226942912516209,439.0,20.036596523330285,7.518640121236652,541.0,24.702653247941445,True,5
195982,0,0.1721012235938411,454.0,20.722781335773103,0.7506350062727358,983.0,44.922232387923145,True,5
231756,0,0.16994013351906156,460.0,20.99725526075023,38.43458104795035,179.0,8.142726440988106,True,5
79409,0,0.16935053730801589,464.0,21.180237877401648,1.1102540951402244,927.0,42.360475754803296,True,5
24676,0,0.16460970363693317,468.5,21.386093321134492,19.42687627644898,327.5,14.935956084172004,True,5
225948,0,0.16460970363693317,468.5,21.386093321134492,19.42687627644898,327.5,14.935956084172004,True,5
175146,0,0.16282103263076153,470.0,21.454711802378775,15.210298906404413,382.0,17.429094236047575,True,5
380463,0,0.1598016698349628,477.5,21.797804208600184,38.42857142857142,180.5,8.211344922232389,True,5
261924,0,0.1598016698349628,477.5,21.797804208600184,38.42857142857142,180.5,8.211344922232389,True,5
151262,0,0.155325610271795,496.0,22.64409881061299,43.783007134038144,170.0,7.731015553522416,True,5
99978,0,0.14840061805268512,511.0,23.33028362305581,41.783007134038144,174.0,7.913998170173834,True,5
361683,0,0.13247475574388506,561.0,25.617566331198535,1.3930443047460344,886.0,40.48490393412626,True,5
310737,0,0.12767805742144953,573.0,26.16651418115279,0.6518715719255359,1006.0,45.9743824336688,True,5
301406,0,0.127148608610473,575.0,26.2580054894785,35.0,195.0,8.874656907593778,True,5
329238,0,0.1243277977087544,582.0,26.57822506861848,10.716997348053214,469.0,21.40896614821592,True,5
91626,0,0.12237325932128568,586.0,26.7612076852699,3.909446888595609,718.0,32.7996340347667,True,5
228487,0,0.11950572086513618,602.0,27.493138151875574,7.071522786435188,557.0,25.434583714547117,True,5
149420,0,0.11840568234802132,605.5,27.653247941445564,4.379256495956579,687.5,31.404391582799633,True,5
18462,0,0.11840568234802132,605.5,27.653247941445564,4.379256495956579,687.5,31.404391582799633,True,5
284416,0,0.1156033249409509,620.0,28.316559926806953,1.3029677954796797,907.0,41.445562671546206,True,5
44867,0,0.11267569957956108,627.0,28.636779505946937,22.332824648398258,303.0,13.815187557182067,True,5
365908,0,0.09785894487573099,695.0,31.747483989021042,0.6395077891034182,1011.0,46.20311070448307,True,5
185301,0,0.09697128851540615,702.0,32.06770356816102,32.2,208.0,9.469350411710888,True,5
385212,0,0.08699750907726095,735.5,33.60018298261665,10.69668321350849,471.5,21.523330283623057,True,5
14259,0,0.08699750907726095,735.5,33.60018298261665,10.69668321350849,471.5,21.523330283623057,True,5
239076,0,0.08482142857142856,753.0,34.400731930466605,38.0,182.0,8.27996340347667,True,5
18927,0,0.08368547380887092,756.0,34.53796889295517,10.219738644872914,481.0,21.957913998170174,True,5
378066,0,0.06975861322273072,799.0,36.505032021957916,19.610971420268697,323.0,14.730100640439158,True,5
80658,0,0.05909642971744322,836.0,38.19762122598353,2.7604833884603304,785.0,35.86459286367795,True,5
59960,0,0.04406460175742892,917.0,41.90301921317475,0.8310090016271904,961.0,43.91582799634035,True,5
288336,0,0.033978563119277785,985.0,45.01372369624885,0.7401120325983075,984.0,44.967978042086,True,5
262474,0,0.03317271877802973,997.5,45.585544373284534,1.9240176891257241,838.5,38.31198536139067,True,5
134764,0,0.03317271877802973,997.5,45.585544373284534,1.9240176891257241,838.5,38.31198536139067,True,5
310890,0,0.030696567709075324,1019.0,46.56907593778591,2.781718573102279,784.0,35.8188472095151,True,5
33937,0,0.01367964806863185,1136.0,51.92131747483989,1.006805972020031,937.0,42.81793229643184,True,5
135476,0,0.0026838706413492342,1288.0,58.87465690759378,0.11025409514022444,1244.0,56.86184812442818,True,5
5273,0,0.0,1865.5,85.29277218664227,0.0,1865.5,85.29277218664227,True,5
49814,0,0.0,1865.5,85.29277218664227,0.0,1865.5,85.29277218664227,True,5
127785,0,0.31664904965082613,134.0,0.48497666277712953,37.53463374827204,2528.0,9.214556592765462,True,9
70121,0,0.2997164757403966,149.0,0.5396732788798133,9.056259848096428,6384.0,23.275233372228705,True,9
154066,0,0.2958257713248639,157.0,0.5688448074679113,13.0,5304.5,19.33890023337223,True,9
103137,0,0.27193562907216845,274.0,0.9954784130688448,22.23667541521005,3716.0,13.546528588098017,True,9
160674,0,0.2692307692307692,277.0,1.0064177362893816,19.0,4224.0,15.398920653442241,True,9
231863,0,0.2597082091852333,312.5,1.1358663943990666,125.25263558814918,800.5,2.9153296382730454,True,9
142821,0,0.2597082091852333,312.5,1.1358663943990666,125.25263558814918,800.5,2.9153296382730454,True,9
38355,0,0.23580804511954898,378.0,1.374708284714119,156.2758770129506,540.0,1.965431738623104,True,9
79974,0,0.22949516167939904,398.0,1.447637106184364,23.408248290463863,3569.0,13.010501750291715,True,9
195391,0,0.22949516167939904,398.0,1.447637106184364,23.408248290463863,3569.0,13.010501750291715,True,9
377467,0,0.22949516167939904,398.0,1.447637106184364,23.408248290463863,3569.0,13.010501750291715,True,9
122609,0,0.2204433585120452,433.0,1.575262543757293,40.898141214354375,2245.0,8.182613768961494,True,9
291642,0,0.22044334975369453,434.5,1.5807322053675612,6.5,7380.0,26.907088681446908,True,9
348954,0,0.22044334975369453,434.5,1.5807322053675612,6.5,7380.0,26.907088681446908,True,9
35504,0,0.21836958954068883,447.5,1.6281359393232204,47.208239495986504,1978.5,7.210837222870478,True,9
28349,1,0.21836958954068883,447.5,1.6281359393232204,47.208239495986504,1978.5,7.210837222870478,True,9
6511,0,0.21836958954068883,447.5,1.6281359393232204,47.208239495986504,1978.5,7.210837222870478,True,9
207782,0,0.21836958954068883,447.5,1.6281359393232204,47.208239495986504,1978.5,7.210837222870478,True,9
138762,0,0.21376330122305762,462.0,1.6810093348891482,22.11535507165041,3721.0,13.564760793465577,True,9
303725,0,0.21348171888572742,464.5,1.6901254375729289,36.36850671514299,2559.5,9.329419486581097,True,9
253032,0,0.21348171888572742,464.5,1.6901254375729289,36.36850671514299,2559.5,9.329419486581097,True,9
134175,0,0.2007904579121021,581.0,2.114935822637106,36.45184242398483,2558.0,9.323949824970828,True,9
262045,0,0.2,586.0,2.1331680280046674,10.0,6096.0,22.225058343057174,True,9
313365,0,0.2,586.0,2.1331680280046674,10.0,6096.0,22.225058343057174,True,9
141562,0,0.19578326443893418,624.0,2.271732788798133,157.16013253265766,535.0,1.9471995332555425,True,9
22118,0,0.1957423012674997,625.0,2.2753792298716453,22.908248290463863,3595.0,13.105309218203034,True,9
313369,0,0.18864487459769227,662.0,2.410297549591599,212.46331914750132,163.0,0.5907234539089848,True,9
396405,0,0.18839510725920466,677.0,2.464994165694282,6.000000000000001,7595.0,27.691073512252043,True,9
364372,0,0.1844874836343424,721.0,2.6254375729288215,177.39594549236924,453.0,1.648191365227538,True,9
375310,0,0.17988943552330988,738.0,2.6874270711785297,15.281756620868784,4978.0,18.148337222870477,True,9
373008,0,0.17000369142107555,847.0,3.0848891481913654,152.68606556401116,550.0,2.0018961493582266,True,9
114115,0,0.16134976903921464,937.0,3.413068844807468,138.4617781804116,684.0,2.490519253208868,True,9
19359,0,0.15846932399939834,952.0,3.467765460910152,136.52882124029418,687.0,2.501458576429405,True,9
144507,0,0.1573425538271079,968.5,3.5279317386231037,153.71139671372995,546.5,1.9891336056009334,True,9
381928,0,0.1573425538271079,968.5,3.5279317386231037,153.71139671372995,546.5,1.9891336056009334,True,9
256582,0,0.1573425538271079,968.5,3.5279317386231037,153.71139671372995,546.5,1.9891336056009334,True,9
210284,1,0.1573425538271079,968.5,3.5279317386231037,153.71139671372995,546.5,1.9891336056009334,True,9
307899,0,0.15634929612100332,993.5,3.61909276546091,16.393846850117352,4654.5,16.968713535589266,True,9
18203,0,0.15634929612100332,993.5,3.61909276546091,16.393846850117352,4654.5,16.968713535589266,True,9
46436,0,0.15634929612100332,993.5,3.61909276546091,16.393846850117352,4654.5,16.968713535589266,True,9
139505,0,0.15634929612100332,993.5,3.61909276546091,16.393846850117352,4654.5,16.968713535589266,True,9
1649,0,0.15634929612100332,993.5,3.61909276546091,16.393846850117352,4654.5,16.968713535589266,True,9
372542,0,0.15634929612100332,993.5,3.61909276546091,16.393846850117352,4654.5,16.968713535589266,True,9
16399,0,0.15634929612100332,993.5,3.61909276546091,16.393846850117352,4654.5,16.968713535589266,True,9
309596,0,0.15634929612100332,993.5,3.61909276546091,16.393846850117352,4654.5,16.968713535589266,True,9
269171,0,0.1558539082607081,1000.0,3.64279463243874,184.86795560120984,356.0,1.2944865810968496,True,9
238490,0,0.15271715843739994,1044.5,3.805061260210035,7.816496580927726,6919.5,25.227902567094517,True,9
355726,0,0.15271715843739994,1044.5,3.805061260210035,7.816496580927726,6919.5,25.227902567094517,True,9
203516,0,0.152259058469295,1050.5,3.8269399066511087,14.000000000000002,5153.5,18.788287631271878,True,9
224094,0,0.152259058469295,1050.5,3.8269399066511087,14.000000000000002,5153.5,18.788287631271878,True,9
281810,0,0.152259058469295,1050.5,3.8269399066511087,14.000000000000002,5153.5,18.788287631271878,True,9
60453,0,0.152259058469295,1050.5,3.8269399066511087,14.000000000000002,5153.5,18.788287631271878,True,9
83676,0,0.14937354750327916,1099.0,4.003792298716453,176.14224032315772,460.0,1.6737164527421238,True,9
4320,0,0.14924055650852047,1100.0,4.007438739789965,24.402512051531527,3470.0,12.649504084014003,True,9
27506,0,0.14743078545560476,1117.5,4.0712514585764294,152.4844390353285,552.5,2.011012252042007,True,9
363653,0,0.14743078545560476,1117.5,4.0712514585764294,152.4844390353285,552.5,2.011012252042007,True,9
246025,0,0.14743078545560476,1117.5,4.0712514585764294,152.4844390353285,552.5,2.011012252042007,True,9
6615,0,0.14743078545560476,1117.5,4.0712514585764294,152.4844390353285,552.5,2.011012252042007,True,9
303211,0,0.14703684360321687,1123.0,4.091306884480747,14.016749155288455,5148.0,18.76823220536756,True,9
265676,0,0.14697820793102562,1125.0,4.098599766627771,211.96331914750132,169.5,0.6144253208868145,True,9
235714,0,0.14122608243364204,1201.0,4.3757292882147025,150.08519785868774,561.0,2.042007001166861,True,9
138087,0,0.13877203341999006,1215.0,4.426779463243874,168.77803779351984,497.0,1.808634772462077,True,9
373104,0,0.1361867181223655,1257.5,4.581753208868145,132.95525755921886,701.5,2.5543319719953326,True,9
312195,0,0.1361867181223655,1257.5,4.581753208868145,132.95525755921886,701.5,2.5543319719953326,True,9
96919,0,0.13561457156738924,1261.0,4.594515752625438,212.9633191475013,160.0,0.579784130688448,True,9
156084,0,0.13506986710674412,1275.0,4.6455659276546095,165.80760271988578,511.0,1.8596849474912485,True,9
115994,0,0.13432667449186855,1282.5,4.672914235705951,9.293505513568059,6285.5,22.916058926487747,True,9
189581,0,0.13432667449186855,1282.5,4.672914235705951,9.293505513568059,6285.5,22.916058926487747,True,9
243279,0,0.13345872387228547,1298.5,4.731257292882147,35.788686748040824,2591.5,9.446105600933489,True,9
154616,0,0.13345872387228547,1298.5,4.731257292882147,35.788686748040824,2591.5,9.446105600933489,True,9
125667,0,0.13160072736983924,1323.0,4.820595099183198,150.46226868541478,560.0,2.038360560093349,True,9
121794,0,0.12907688219138466,1409.0,5.134189031505251,25.77883721576698,3335.0,12.157234539089849,True,9
126816,0,0.12907688219138466,1409.0,5.134189031505251,25.77883721576698,3335.0,12.157234539089849,True,9
220525,0,0.12907688219138466,1409.0,5.134189031505251,25.77883721576698,3335.0,12.157234539089849,True,9
222,0,0.12858366774189015,1415.5,5.157890898483081,165.9809484811274,509.5,1.8542152858809802,True,9
12901,0,0.12858366774189015,1415.5,5.157890898483081,165.9809484811274,509.5,1.8542152858809802,True,9
60475,0,0.12622607639811206,1450.0,5.283693115519253,10.555833735058737,5965.0,21.747374562427073,True,9
115860,0,0.12500029411296007,1480.0,5.393086347724621,163.19372329114645,522.0,1.8997957992998833,True,9
20215,0,0.12500029411296007,1480.0,5.393086347724621,163.19372329114645,522.0,1.8997957992998833,True,9
352801,0,0.12500029411296007,1480.0,5.393086347724621,163.19372329114645,522.0,1.8997957992998833,True,9
349713,0,0.12364802032834521,1539.0,5.608226371061844,170.33798032713617,490.0,1.7831096849474912,True,9
159112,0,0.12316883659188832,1540.0,5.611872812135356,169.0402588196433,496.0,1.8049883313885648,True,9
155845,0,0.12225966877538247,1549.5,5.646514002333722,11.430952132988166,5667.5,20.662558343057174,True,9
67193,0,0.12225966877538247,1549.5,5.646514002333722,11.430952132988166,5667.5,20.662558343057174,True,9
230880,0,0.12102097492356789,1573.0,5.73220536756126,173.50145956918325,471.0,1.7138273045507584,True,9
306980,0,0.12102097492356789,1573.0,5.73220536756126,173.50145956918325,471.0,1.7138273045507584,True,9
231500,0,0.12102097492356789,1573.0,5.73220536756126,173.50145956918325,471.0,1.7138273045507584,True,9
189611,0,0.12102097492356789,1573.0,5.73220536756126,173.50145956918325,471.0,1.7138273045507584,True,9
123351,0,0.12102097492356789,1573.0,5.73220536756126,173.50145956918325,471.0,1.7138273045507584,True,9
185076,0,0.12066474689761557,1576.5,5.744967911318553,175.08659743049188,464.5,1.6901254375729289,True,9
352832,0,0.12066474689761557,1576.5,5.744967911318553,175.08659743049188,464.5,1.6901254375729289,True,9
360249,0,0.12018808397151427,1593.0,5.805134189031505,25.865456289854112,3326.0,12.124416569428238,True,9
170587,0,0.12018808397151427,1593.0,5.805134189031505,25.865456289854112,3326.0,12.124416569428238,True,9
138214,0,0.12018808397151427,1593.0,5.805134189031505,25.865456289854112,3326.0,12.124416569428238,True,9
155155,0,0.12018808397151427,1593.0,5.805134189031505,25.865456289854112,3326.0,12.124416569428238,True,9
21708,0,0.12018808397151427,1593.0,5.805134189031505,25.865456289854112,3326.0,12.124416569428238,True,9
291580,0,0.12015277510601881,1596.5,5.817896732788798,165.76400689432606,512.5,1.865154609101517,True,9
377728,0,0.12015277510601881,1596.5,5.817896732788798,165.76400689432606,512.5,1.865154609101517,True,9
267490,0,0.11824308409810037,1677.0,6.111435239206535,152.3068845659408,555.0,2.0201283547257876,True,9
311818,0,0.11713583066698811,1707.0,6.220828471411902,156.9495764126427,536.0,1.950845974329055,True,9
91132,0,0.11645491654726324,1715.0,6.25,185.02447395389314,355.0,1.2908401400233371,True,9
381326,0,0.11474768459958158,1744.0,6.355746791131855,124.39489997985733,803.0,2.924445740956826,True,9
320188,0,0.11358323550463371,1786.0,6.50889731621937,13.360383777314203,5257.0,19.165694282380397,True,9
308873,0,0.11256945971074872,1796.5,6.547184947491249,4.090770275176028,8447.5,30.799664527421236,True,9
201074,0,0.11256945971074872,1796.5,6.547184947491249,4.090770275176028,8447.5,30.799664527421236,True,9
17812,0,0.11256945971074872,1796.5,6.547184947491249,4.090770275176028,8447.5,30.799664527421236,True,9
234983,0,0.11256945971074872,1796.5,6.547184947491249,4.090770275176028,8447.5,30.799664527421236,True,9
341421,0,0.11203386137766977,1803.0,6.570886814469078,167.03120603302136,506.0,1.8414527421236873,True,9
116255,0,0.11203386137766977,1803.0,6.570886814469078,167.03120603302136,506.0,1.8414527421236873,True,9
90281,0,0.11203386137766977,1803.0,6.570886814469078,167.03120603302136,506.0,1.8414527421236873,True,9
184632,0,0.11203386137766977,1803.0,6.570886814469078,167.03120603302136,506.0,1.8414527421236873,True,9
125441,0,0.11203386137766977,1803.0,6.570886814469078,167.03120603302136,506.0,1.8414527421236873,True,9
263613,0,0.11137523248817237,1832.0,6.676633605600934,9.408248290463863,6252.5,22.795726371061843,True,9
155929,0,0.11086599014586987,1855.0,6.7605017502917155,178.04780081003832,438.0,1.5934947491248541,True,9
174704,0,0.11021411301646078,1877.0,6.840723453908985,24.463066918246337,3466.0,12.634918319719953,True,9
72730,0,0.11021350204867267,1878.0,6.844369894982497,211.96331914750132,169.5,0.6144253208868145,True,9
89871,0,0.1094333592370947,1913.0,6.971995332555426,182.99719850552435,375.0,1.3637689614935822,True,9
12541,0,0.1094333592370947,1913.0,6.971995332555426,182.99719850552435,375.0,1.3637689614935822,True,9
145520,0,0.1094333592370947,1913.0,6.971995332555426,182.99719850552435,375.0,1.3637689614935822,True,9
350203,0,0.1094333592370947,1913.0,6.971995332555426,182.99719850552435,375.0,1.3637689614935822,True,9
259846,0,0.1094333592370947,1913.0,6.971995332555426,182.99719850552435,375.0,1.3637689614935822,True,9
202764,0,0.10839135198100285,1939.0,7.0668028004667445,19.45637439362739,4175.0,15.22024504084014,True,9
218861,0,0.10827067669172932,1955.5,7.126969078179696,4.000000000000001,8479.5,30.91635064177363,True,9
378025,0,0.10827067669172932,1955.5,7.126969078179696,4.000000000000001,8479.5,30.91635064177363,True,9
382388,0,0.10827067669172932,1955.5,7.126969078179696,4.000000000000001,8479.5,30.91635064177363,True,9
245454,0,0.10827067669172932,1955.5,7.126969078179696,4.000000000000001,8479.5,30.91635064177363,True,9
343533,0,0.10827067669172932,1955.5,7.126969078179696,4.000000000000001,8479.5,30.91635064177363,True,9
188586,0,0.10827067669172932,1955.5,7.126969078179696,4.000000000000001,8479.5,30.91635064177363,True,9
260484,0,0.10825799839773427,1959.0,7.139731621936989,169.14763788107874,495.0,1.8013418903150524,True,9
17350,0,0.10800385728061716,1964.0,7.157963827304551,6.0,7625.0,27.80046674445741,True,9
170310,0,0.10800385728061716,1964.0,7.157963827304551,6.0,7625.0,27.80046674445741,True,9
53478,0,0.10800385728061716,1964.0,7.157963827304551,6.0,7625.0,27.80046674445741,True,9
93043,0,0.10798271646157964,1966.0,7.165256709451575,183.83296715091677,372.0,1.3528296382730456,True,9
57471,0,0.10732183252730698,1987.0,7.241831971995333,180.44896454552034,430.0,1.564323220536756,True,9
56985,0,0.10649478816914058,1998.0,7.281942823803967,156.31849174615778,539.0,1.9617852975495915,True,9
70181,0,0.10615536212954653,2007.0,7.314760793465577,4.598043143238497,8246.0,30.06490665110852,True,9
75586,0,0.10580173916614058,2017.0,7.3512252042007,3.781767469161749,8634.0,31.47972578763127,True,9
781,0,0.10531154126435895,2024.0,7.376750291715286,211.46331914750132,175.0,0.6344807467911319,True,9
259793,0,0.10466970202757632,2039.5,7.433270128354726,214.3498193700392,136.5,0.49409276546091013,True,9
22367,0,0.10466970202757632,2039.5,7.433270128354726,214.3498193700392,136.5,0.49409276546091013,True,9
37841,0,0.10466970202757632,2039.5,7.433270128354726,214.3498193700392,136.5,0.49409276546091013,True,9
139416,0,0.10466970202757632,2039.5,7.433270128354726,214.3498193700392,136.5,0.49409276546091013,True,9
30025,0,0.10214881963403996,2120.0,7.726808634772462,182.24042541114807,382.0,1.389294049008168,True,9
282859,0,0.10214881963403996,2120.0,7.726808634772462,182.24042541114807,382.0,1.389294049008168,True,9
73066,0,0.10214881963403996,2120.0,7.726808634772462,182.24042541114807,382.0,1.389294049008168,True,9
219515,0,0.10214881963403996,2120.0,7.726808634772462,182.24042541114807,382.0,1.389294049008168,True,9
367331,0,0.10214881963403996,2120.0,7.726808634772462,182.24042541114807,382.0,1.389294049008168,True,9
318740,0,0.10214881963403996,2120.0,7.726808634772462,182.24042541114807,382.0,1.389294049008168,True,9
168044,0,0.10214881963403996,2120.0,7.726808634772462,182.24042541114807,382.0,1.389294049008168,True,9
122814,0,0.10209794806215514,2174.0,7.9237164527421236,158.12580170627078,534.0,1.9435530921820303,True,9
171752,0,0.10163185812682633,2187.0,7.9711201866977826,210.9604803849782,201.0,0.7292882147024504,True,9
385561,0,0.10104275253233014,2194.0,7.996645274212368,179.41883431291888,436.0,1.5862018669778297,True,9
321035,0,0.100915769067768,2196.5,8.00576137689615,156.36047749589352,537.5,1.9563156359393232,True,9
252481,0,0.100915769067768,2196.5,8.00576137689615,156.36047749589352,537.5,1.9563156359393232,True,9
43592,0,0.10067071816356143,2207.0,8.044049008168027,9.768648062631863,6174.0,22.50948074679113,True,9
374078,0,0.10067071816356143,2207.0,8.044049008168027,9.768648062631863,6174.0,22.50948074679113,True,9
154329,0,0.10067071816356143,2207.0,8.044049008168027,9.768648062631863,6174.0,22.50948074679113,True,9
19843,0,0.10067071816356143,2207.0,8.044049008168027,9.768648062631863,6174.0,22.50948074679113,True,9
217761,0,0.10067071816356143,2207.0,8.044049008168027,9.768648062631863,6174.0,22.50948074679113,True,9
198490,0,0.10067071816356143,2207.0,8.044049008168027,9.768648062631863,6174.0,22.50948074679113,True,9
178785,0,0.10067071816356143,2207.0,8.044049008168027,9.768648062631863,6174.0,22.50948074679113,True,9
369922,0,0.10067071816356143,2207.0,8.044049008168027,9.768648062631863,6174.0,22.50948074679113,True,9
225144,0,0.10067071816356143,2207.0,8.044049008168027,9.768648062631863,6174.0,22.50948074679113,True,9
155185,0,0.10067071816356143,2207.0,8.044049008168027,9.768648062631863,6174.0,22.50948074679113,True,9
68797,0,0.10067071816356143,2207.0,8.044049008168027,9.768648062631863,6174.0,22.50948074679113,True,9
104838,0,0.10067071816356143,2207.0,8.044049008168027,9.768648062631863,6174.0,22.50948074679113,True,9
158745,0,0.10067071816356143,2207.0,8.044049008168027,9.768648062631863,6174.0,22.50948074679113,True,9
220695,0,0.10067071816356143,2207.0,8.044049008168027,9.768648062631863,6174.0,22.50948074679113,True,9
374591,0,0.10067071816356143,2207.0,8.044049008168027,9.768648062631863,6174.0,22.50948074679113,True,9
301382,0,0.10067071816356143,2207.0,8.044049008168027,9.768648062631863,6174.0,22.50948074679113,True,9
339925,0,0.10067071816356143,2207.0,8.044049008168027,9.768648062631863,6174.0,22.50948074679113,True,9
157672,0,0.09923786504232412,2279.5,8.308415985997666,5.235702260395516,7901.5,28.80870770128355,True,9
259421,0,0.09923786504232412,2279.5,8.308415985997666,5.235702260395516,7901.5,28.80870770128355,True,9
299836,0,0.09911611338741236,2283.5,8.323001750291715,151.4194538452873,557.5,2.0292444574095683,True,9
255189,0,0.09911611338741236,2283.5,8.323001750291715,151.4194538452873,557.5,2.0292444574095683,True,9
378191,0,0.09911611338741236,2283.5,8.323001750291715,151.4194538452873,557.5,2.0292444574095683,True,9
185821,0,0.09911611338741236,2283.5,8.323001750291715,151.4194538452873,557.5,2.0292444574095683,True,9
127476,0,0.09756455565650067,2318.0,8.448803967327889,190.1547790467469,333.0,1.2106184364060677,True,9
20120,0,0.09703507376750672,2326.0,8.477975495915986,3.632993161855452,8691.0,31.68757292882147,True,9
89426,0,0.0964380453028139,2352.0,8.572782963827304,149.4666924329531,562.0,2.0456534422403734,True,9
391591,0,0.09615384615384616,2359.5,8.600131271878647,10.0,6096.0,22.225058343057174,True,9
396460,0,0.09613553578949269,2366.0,8.623833138856476,131.33128307400614,715.0,2.603558926487748,True,9
46085,0,0.09597740810766581,2375.5,8.658474329054842,11.686833839011722,5642.5,20.571397316219368,True,9
325053,0,0.09597740810766581,2375.5,8.658474329054842,11.686833839011722,5642.5,20.571397316219368,True,9
354991,0,0.0958039901695641,2379.0,8.671236872812136,182.386139419244,378.0,1.374708284714119,True,9
92947,0,0.09530003747975448,2397.0,8.736872812135356,204.4537372841398,310.0,1.1267502917152858,True,9
33645,0,0.09530003747975448,2397.0,8.736872812135356,204.4537372841398,310.0,1.1267502917152858,True,9
312477,0,0.09530003747975448,2397.0,8.736872812135356,204.4537372841398,310.0,1.1267502917152858,True,9
333267,0,0.09530003747975448,2397.0,8.736872812135356,204.4537372841398,310.0,1.1267502917152858,True,9
210596,0,0.09530003747975448,2397.0,8.736872812135356,204.4537372841398,310.0,1.1267502917152858,True,9
71010,0,0.09530003747975448,2397.0,8.736872812135356,204.4537372841398,310.0,1.1267502917152858,True,9
398466,0,0.09530003747975448,2397.0,8.736872812135356,204.4537372841398,310.0,1.1267502917152858,True,9
101306,0,0.0936984648114047,2486.0,9.061406067677947,9.408248290463863,6252.5,22.795726371061843,True,9
238391,0,0.09327318579313373,2495.0,9.094224037339556,167.43747083710767,500.0,1.8195740956826139,True,9
280994,0,0.09327318579313373,2495.0,9.094224037339556,167.43747083710767,500.0,1.8195740956826139,True,9
94101,0,0.09327318579313373,2495.0,9.094224037339556,167.43747083710767,500.0,1.8195740956826139,True,9
81636,0,0.09327318579313373,2495.0,9.094224037339556,167.43747083710767,500.0,1.8195740956826139,True,9
286281,0,0.09327318579313373,2495.0,9.094224037339556,167.43747083710767,500.0,1.8195740956826139,True,9
324408,0,0.09272133569549766,2559.0,9.32759626604434,12.204775504662026,5494.0,20.0299008168028,True,9
124200,0,0.09271463445108374,2560.5,9.333065927654609,141.6399294953738,672.5,2.448585180863477,True,9
124471,0,0.09271463445108374,2560.5,9.333065927654609,141.6399294953738,672.5,2.448585180863477,True,9
271927,0,0.09260914589994639,2562.0,9.338535589264877,198.59886418938254,319.0,1.159568261376896,True,9
277378,0,0.09217242623515756,2592.0,9.447928821470246,184.5375394591623,365.0,1.3273045507584598,True,9
269699,0,0.09217242623515756,2592.0,9.447928821470246,184.5375394591623,365.0,1.3273045507584598,True,9
132242,0,0.09217242623515756,2592.0,9.447928821470246,184.5375394591623,365.0,1.3273045507584598,True,9
8004,0,0.09217242623515756,2592.0,9.447928821470246,184.5375394591623,365.0,1.3273045507584598,True,9
158770,0,0.09217242623515756,2592.0,9.447928821470246,184.5375394591623,365.0,1.3273045507584598,True,9
264883,0,0.0911747281480457,2652.0,9.66671528588098,22.907016002199722,3596.0,13.108955659276546,True,9
140574,0,0.09049415123844419,2682.0,9.776108518086348,173.17591382796894,476.0,1.7320595099183198,True,9
281546,0,0.09037509529244343,2685.0,9.787047841306885,10.982386375880246,5771.0,21.039964994165693,True,9
149141,0,0.0902945430608178,2690.5,9.807103267211202,184.71688000088184,359.5,1.3072491248541425,True,9
369105,0,0.0902945430608178,2690.5,9.807103267211202,184.71688000088184,359.5,1.3072491248541425,True,9
19798,0,0.0902945430608178,2690.5,9.807103267211202,184.71688000088184,359.5,1.3072491248541425,True,9
268467,0,0.0902945430608178,2690.5,9.807103267211202,184.71688000088184,359.5,1.3072491248541425,True,9
236015,0,0.0902945430608178,2690.5,9.807103267211202,184.71688000088184,359.5,1.3072491248541425,True,9
32894,0,0.0902945430608178,2690.5,9.807103267211202,184.71688000088184,359.5,1.3072491248541425,True,9
120984,0,0.08888828574218556,2722.5,9.923789381563594,192.00499812868102,330.5,1.201502333722287,True,9
22362,0,0.08888828574218556,2722.5,9.923789381563594,192.00499812868102,330.5,1.201502333722287,True,9
235446,0,0.08888828574218556,2722.5,9.923789381563594,192.00499812868102,330.5,1.201502333722287,True,9
3424,0,0.08888828574218556,2722.5,9.923789381563594,192.00499812868102,330.5,1.201502333722287,True,9
7167,0,0.08752858595741315,2773.5,10.109757876312718,24.16163292052255,3541.5,12.910224620770128,True,9
317329,0,0.08752858595741315,2773.5,10.109757876312718,24.16163292052255,3541.5,12.910224620770128,True,9
49448,0,0.08722031330146297,2779.5,10.131636522753793,199.10290810095043,317.5,1.1540985997666278,True,9
97770,0,0.08722031330146297,2779.5,10.131636522753793,199.10290810095043,317.5,1.1540985997666278,True,9
20401,0,0.0859865133745782,2805.0,10.224620770128356,172.65907707556335,478.0,1.7393523920653442,True,9
39836,0,0.08561457156738925,2817.0,10.268378063010502,213.9633191475013,151.0,0.5469661610268378,True,9
68970,0,0.08561457156738925,2817.0,10.268378063010502,213.9633191475013,151.0,0.5469661610268378,True,9
316289,0,0.08561457156738925,2817.0,10.268378063010502,213.9633191475013,151.0,0.5469661610268378,True,9
33207,0,0.08561457156738925,2817.0,10.268378063010502,213.9633191475013,151.0,0.5469661610268378,True,9
117245,0,0.08561457156738925,2817.0,10.268378063010502,213.9633191475013,151.0,0.5469661610268378,True,9
204299,0,0.08561457156738925,2817.0,10.268378063010502,213.9633191475013,151.0,0.5469661610268378,True,9
99840,0,0.08561457156738925,2817.0,10.268378063010502,213.9633191475013,151.0,0.5469661610268378,True,9
152483,0,0.08547305268301582,2831.0,10.319428238039674,136.39502583003724,689.0,2.5087514585764294,True,9
28722,0,0.08547305268301582,2831.0,10.319428238039674,136.39502583003724,689.0,2.5087514585764294,True,9
334631,0,0.08547305268301582,2831.0,10.319428238039674,136.39502583003724,689.0,2.5087514585764294,True,9
60411,0,0.08469272235723016,2865.5,10.445230455075846,175.8886925710731,462.5,1.6828325554259043,True,9
43294,0,0.08469272235723016,2865.5,10.445230455075846,175.8886925710731,462.5,1.6828325554259043,True,9
363183,0,0.08463286637808985,2869.0,10.45799299883314,180.3185294556555,431.0,1.5679696616102683,True,9
99081,0,0.08454054337252423,2879.5,10.496280630105018,182.03567705039973,394.5,1.4348745624270711,True,9
27503,0,0.08454054337252423,2879.5,10.496280630105018,182.03567705039973,394.5,1.4348745624270711,True,9
256241,0,0.08454054337252423,2879.5,10.496280630105018,182.03567705039973,394.5,1.4348745624270711,True,9
238353,0,0.08454054337252423,2879.5,10.496280630105018,182.03567705039973,394.5,1.4348745624270711,True,9
196359,0,0.08454054337252423,2879.5,10.496280630105018,182.03567705039973,394.5,1.4348745624270711,True,9
78915,0,0.08454054337252423,2879.5,10.496280630105018,182.03567705039973,394.5,1.4348745624270711,True,9
329435,0,0.08454054337252423,2879.5,10.496280630105018,182.03567705039973,394.5,1.4348745624270711,True,9
251847,0,0.08454054337252423,2879.5,10.496280630105018,182.03567705039973,394.5,1.4348745624270711,True,9
20249,0,0.08454054337252423,2879.5,10.496280630105018,182.03567705039973,394.5,1.4348745624270711,True,9
65402,0,0.08454054337252423,2879.5,10.496280630105018,182.03567705039973,394.5,1.4348745624270711,True,9
213796,0,0.08454054337252423,2879.5,10.496280630105018,182.03567705039973,394.5,1.4348745624270711,True,9
303290,0,0.08454054337252423,2879.5,10.496280630105018,182.03567705039973,394.5,1.4348745624270711,True,9
377325,0,0.08454054337252423,2879.5,10.496280630105018,182.03567705039973,394.5,1.4348745624270711,True,9
385157,0,0.08454054337252423,2879.5,10.496280630105018,182.03567705039973,394.5,1.4348745624270711,True,9
66656,0,0.08454054337252423,2879.5,10.496280630105018,182.03567705039973,394.5,1.4348745624270711,True,9
33306,0,0.08454054337252423,2879.5,10.496280630105018,182.03567705039973,394.5,1.4348745624270711,True,9
271178,0,0.08454054337252423,2879.5,10.496280630105018,182.03567705039973,394.5,1.4348745624270711,True,9
192410,0,0.08454054337252423,2879.5,10.496280630105018,182.03567705039973,394.5,1.4348745624270711,True,9
313333,0,0.08409320939802342,2894.5,10.550977246207701,165.7459096035634,516.5,1.879740373395566,True,9
351294,0,0.08409320939802342,2894.5,10.550977246207701,165.7459096035634,516.5,1.879740373395566,True,9
252013,0,0.08409320939802342,2894.5,10.550977246207701,165.7459096035634,516.5,1.879740373395566,True,9
219677,0,0.08409320939802342,2894.5,10.550977246207701,165.7459096035634,516.5,1.879740373395566,True,9
186395,0,0.08409320939802342,2894.5,10.550977246207701,165.7459096035634,516.5,1.879740373395566,True,9
293706,0,0.08409320939802342,2894.5,10.550977246207701,165.7459096035634,516.5,1.879740373395566,True,9
71340,0,0.08369815200513535,2902.5,10.580148774795799,4.764846366557522,8174.5,29.80418611435239,True,9
136177,0,0.08369815200513535,2902.5,10.580148774795799,4.764846366557522,8174.5,29.80418611435239,True,9
275872,0,0.08359745471039458,2905.0,10.58926487747958,9.074914957130531,6380.0,23.260647607934654,True,9
25206,0,0.08262233192214649,2950.0,10.75335472578763,158.28520779747967,533.0,1.9399066511085181,True,9
196649,0,0.0824694767559964,2953.5,10.766117269544925,6.316496580927726,7463.5,27.21156651108518,True,9
150193,0,0.0824694767559964,2953.5,10.766117269544925,6.316496580927726,7463.5,27.21156651108518,True,9
394067,0,0.08233462740027224,2965.0,10.808051341890316,27.7829491226559,3142.0,11.453471411901983,True,9
114848,0,0.0817487694201838,2982.0,10.870040840140023,4.955455014692411,8084.0,29.474183197199533,True,9
374915,0,0.0817487694201838,2982.0,10.870040840140023,4.955455014692411,8084.0,29.474183197199533,True,9
213703,0,0.0817487694201838,2982.0,10.870040840140023,4.955455014692411,8084.0,29.474183197199533,True,9
57451,0,0.08123351153501156,2989.0,10.895565927654609,144.26250844661385,609.0,2.2170361726954493,True,9
49117,0,0.08069453648874939,3017.0,10.997666277712952,153.26590738442638,549.0,1.9982497082847142,True,9
65999,0,0.08053381149128266,3019.5,11.006782380396732,159.0444275598769,529.5,1.9271441073512252,True,9
120867,0,0.08053381149128266,3019.5,11.006782380396732,159.0444275598769,529.5,1.9271441073512252,True,9
128769,0,0.08053381149128266,3019.5,11.006782380396732,159.0444275598769,529.5,1.9271441073512252,True,9
309018,0,0.08053381149128266,3019.5,11.006782380396732,159.0444275598769,529.5,1.9271441073512252,True,9
142258,0,0.08029703610422065,3034.0,11.05965577596266,161.13489384780843,524.0,1.907088681446908,True,9
12007,0,0.08013965754738583,3036.0,11.066948658109684,176.06261215903592,461.0,1.677362893815636,True,9
151818,0,0.0800709931900456,3099.5,11.298497666277713,203.40203500280342,314.5,1.143159276546091,True,9
367121,0,0.0800709931900456,3099.5,11.298497666277713,203.40203500280342,314.5,1.143159276546091,True,9
327868,0,0.07990212861144477,3108.0,11.329492415402568,189.12236063794353,336.0,1.2215577596266045,True,9
317121,0,0.07954821122848678,3113.0,11.347724620770128,174.06847706265816,467.0,1.6992415402567094,True,9
109345,0,0.07914239096146716,3131.0,11.413360560093349,179.87076325787308,433.0,1.575262543757293,True,9
267973,0,0.0790726839940927,3135.5,11.429769544924154,18.264887268129705,4319.5,15.74715577596266,True,9
223578,0,0.0790726839940927,3135.5,11.429769544924154,18.264887268129705,4319.5,15.74715577596266,True,9
37834,0,0.07869279657774046,3146.5,11.469880396732789,160.9943683711302,525.5,1.9125583430571762,True,9
93338,0,0.07869279657774046,3146.5,11.469880396732789,160.9943683711302,525.5,1.9125583430571762,True,9
58459,0,0.07753376348658117,3174.0,11.570157526254375,210.9633191475013,200.0,0.7256417736289381,True,9
110636,0,0.07739023345887691,3186.0,11.613914819136523,211.19292008647733,189.0,0.6855309218203034,True,9
85060,0,0.07739023345887691,3186.0,11.613914819136523,211.19292008647733,189.0,0.6855309218203034,True,9
352827,0,0.07739023345887691,3186.0,11.613914819136523,211.19292008647733,189.0,0.6855309218203034,True,9
138954,0,0.07739023345887691,3186.0,11.613914819136523,211.19292008647733,189.0,0.6855309218203034,True,9
382584,0,0.07739023345887691,3186.0,11.613914819136523,211.19292008647733,189.0,0.6855309218203034,True,9
183888,0,0.07739023345887691,3186.0,11.613914819136523,211.19292008647733,189.0,0.6855309218203034,True,9
275859,0,0.07739023345887691,3186.0,11.613914819136523,211.19292008647733,189.0,0.6855309218203034,True,9
149788,0,0.07739023345887691,3186.0,11.613914819136523,211.19292008647733,189.0,0.6855309218203034,True,9
221133,0,0.07739023345887691,3186.0,11.613914819136523,211.19292008647733,189.0,0.6855309218203034,True,9
2026,0,0.07739023345887691,3186.0,11.613914819136523,211.19292008647733,189.0,0.6855309218203034,True,9
318216,0,0.07739023345887691,3186.0,11.613914819136523,211.19292008647733,189.0,0.6855309218203034,True,9
73173,0,0.07739023345887691,3186.0,11.613914819136523,211.19292008647733,189.0,0.6855309218203034,True,9
334716,0,0.07739023345887691,3186.0,11.613914819136523,211.19292008647733,189.0,0.6855309218203034,True,9
32671,0,0.07739023345887691,3186.0,11.613914819136523,211.19292008647733,189.0,0.6855309218203034,True,9
204237,0,0.07739023345887691,3186.0,11.613914819136523,211.19292008647733,189.0,0.6855309218203034,True,9
88854,0,0.07739023345887691,3186.0,11.613914819136523,211.19292008647733,189.0,0.6855309218203034,True,9
61678,0,0.07739023345887691,3186.0,11.613914819136523,211.19292008647733,189.0,0.6855309218203034,True,9
346221,0,0.07739023345887691,3186.0,11.613914819136523,211.19292008647733,189.0,0.6855309218203034,True,9
188995,0,0.07739023345887691,3186.0,11.613914819136523,211.19292008647733,189.0,0.6855309218203034,True,9
398420,0,0.07739023345887691,3186.0,11.613914819136523,211.19292008647733,189.0,0.6855309218203034,True,9
55540,0,0.07739023345887691,3186.0,11.613914819136523,211.19292008647733,189.0,0.6855309218203034,True,9
62286,0,0.07729783809894815,3198.0,11.65767211201867,185.99552116733213,354.0,1.287193698949825,True,9
257447,0,0.07711071915875212,3217.0,11.726954492415402,180.86013452292053,418.0,1.520565927654609,True,9
65115,0,0.07711071915875212,3217.0,11.726954492415402,180.86013452292053,418.0,1.520565927654609,True,9
351195,0,0.07711071915875212,3217.0,11.726954492415402,180.86013452292053,418.0,1.520565927654609,True,9
275530,0,0.07711071915875212,3217.0,11.726954492415402,180.86013452292053,418.0,1.520565927654609,True,9
223185,0,0.07711071915875212,3217.0,11.726954492415402,180.86013452292053,418.0,1.520565927654609,True,9
105450,0,0.07711071915875212,3217.0,11.726954492415402,180.86013452292053,418.0,1.520565927654609,True,9
240591,0,0.07711071915875212,3217.0,11.726954492415402,180.86013452292053,418.0,1.520565927654609,True,9
7264,0,0.07711071915875212,3217.0,11.726954492415402,180.86013452292053,418.0,1.520565927654609,True,9
187056,0,0.07711071915875212,3217.0,11.726954492415402,180.86013452292053,418.0,1.520565927654609,True,9
120934,0,0.07711071915875212,3217.0,11.726954492415402,180.86013452292053,418.0,1.520565927654609,True,9
60591,0,0.07711071915875212,3217.0,11.726954492415402,180.86013452292053,418.0,1.520565927654609,True,9
165861,0,0.07711071915875212,3217.0,11.726954492415402,180.86013452292053,418.0,1.520565927654609,True,9
310389,0,0.07711071915875212,3217.0,11.726954492415402,180.86013452292053,418.0,1.520565927654609,True,9
378247,0,0.07711071915875212,3217.0,11.726954492415402,180.86013452292053,418.0,1.520565927654609,True,9
343624,0,0.07711071915875212,3217.0,11.726954492415402,180.86013452292053,418.0,1.520565927654609,True,9
264959,0,0.07711071915875212,3217.0,11.726954492415402,180.86013452292053,418.0,1.520565927654609,True,9
220797,0,0.07711071915875212,3217.0,11.726954492415402,180.86013452292053,418.0,1.520565927654609,True,9
151911,0,0.07711071915875212,3217.0,11.726954492415402,180.86013452292053,418.0,1.520565927654609,True,9
354806,0,0.07711071915875212,3217.0,11.726954492415402,180.86013452292053,418.0,1.520565927654609,True,9
182924,0,0.07711071915875212,3217.0,11.726954492415402,180.86013452292053,418.0,1.520565927654609,True,9
386042,0,0.07711071915875212,3217.0,11.726954492415402,180.86013452292053,418.0,1.520565927654609,True,9
265152,0,0.07711071915875212,3217.0,11.726954492415402,180.86013452292053,418.0,1.520565927654609,True,9
268900,0,0.07711071915875212,3217.0,11.726954492415402,180.86013452292053,418.0,1.520565927654609,True,9
322810,0,0.07641683439325499,3246.0,11.832701283547259,189.43077453018986,335.0,1.217911318553092,True,9
69031,0,0.07565589328298475,3256.0,11.86916569428238,2.856275101100477,9369.0,34.15985997666278,True,9
32582,0,0.0754097050417387,3271.5,11.92568553092182,25.30420668656506,3381.5,12.326794049008168,True,9
177359,0,0.0754097050417387,3271.5,11.92568553092182,25.30420668656506,3381.5,12.326794049008168,True,9
1271,0,0.07507398438535166,3293.0,12.004084014002334,208.48347686532398,285.0,1.0355892648774796,True,9
167173,0,0.07461616177089381,3308.0,12.058780630105018,169.5837819157895,492.0,1.7904025670945158,True,9
199069,0,0.07461616177089381,3308.0,12.058780630105018,169.5837819157895,492.0,1.7904025670945158,True,9
29573,0,0.07461616177089381,3308.0,12.058780630105018,169.5837819157895,492.0,1.7904025670945158,True,9
262058,0,0.07370856247141981,3346.0,12.197345390898484,205.9290233864726,301.0,1.0939323220536756,True,9
302132,0,0.07370856247141981,3346.0,12.197345390898484,205.9290233864726,301.0,1.0939323220536756,True,9
161647,0,0.07370856247141981,3346.0,12.197345390898484,205.9290233864726,301.0,1.0939323220536756,True,9
259801,0,0.07370856247141981,3346.0,12.197345390898484,205.9290233864726,301.0,1.0939323220536756,True,9
748,0,0.07370856247141981,3346.0,12.197345390898484,205.9290233864726,301.0,1.0939323220536756,True,9
380328,0,0.07370856247141981,3346.0,12.197345390898484,205.9290233864726,301.0,1.0939323220536756,True,9
10968,0,0.07370856247141981,3346.0,12.197345390898484,205.9290233864726,301.0,1.0939323220536756,True,9
272591,0,0.07336012057551478,3356.0,12.233809801633605,174.99684206010357,466.0,1.6955950991831972,True,9
259230,0,0.07197820793102562,3483.0,12.696907817969661,211.46331914750132,175.0,0.6344807467911319,True,9
57495,0,0.07109209204673676,3563.0,12.988623103850642,187.18415259370775,345.0,1.2543757292882147,True,9
279755,0,0.07109209204673676,3563.0,12.988623103850642,187.18415259370775,345.0,1.2543757292882147,True,9
86304,0,0.07109209204673676,3563.0,12.988623103850642,187.18415259370775,345.0,1.2543757292882147,True,9
193835,0,0.07109209204673676,3563.0,12.988623103850642,187.18415259370775,345.0,1.2543757292882147,True,9
260344,0,0.07109209204673676,3563.0,12.988623103850642,187.18415259370775,345.0,1.2543757292882147,True,9
365806,0,0.07109209204673676,3563.0,12.988623103850642,187.18415259370775,345.0,1.2543757292882147,True,9
346035,0,0.07109209204673676,3563.0,12.988623103850642,187.18415259370775,345.0,1.2543757292882147,True,9
325160,0,0.07109209204673676,3563.0,12.988623103850642,187.18415259370775,345.0,1.2543757292882147,True,9
203977,0,0.07109209204673676,3563.0,12.988623103850642,187.18415259370775,345.0,1.2543757292882147,True,9
385138,0,0.07109209204673676,3563.0,12.988623103850642,187.18415259370775,345.0,1.2543757292882147,True,9
313960,0,0.07109209204673676,3563.0,12.988623103850642,187.18415259370775,345.0,1.2543757292882147,True,9
378425,0,0.07109209204673676,3563.0,12.988623103850642,187.18415259370775,345.0,1.2543757292882147,True,9
330217,0,0.07109209204673676,3563.0,12.988623103850642,187.18415259370775,345.0,1.2543757292882147,True,9
81483,0,0.07103756216081254,3570.0,13.014148191365228,26.31867155495927,3255.0,11.865519253208868,True,9
164447,0,0.06981755904977785,3603.5,13.136303967327889,171.15539163589017,488.5,1.777640023337223,True,9
309107,0,0.06981755904977785,3603.5,13.136303967327889,171.15539163589017,488.5,1.777640023337223,True,9
58809,0,0.06964447962289183,3612.0,13.167298716452741,10.738400685138139,5902.0,21.5176487747958,True,9
141739,0,0.06808215257419409,3641.0,13.273045507584598,159.94874695913322,527.0,1.9180280046674445,True,9
91946,0,0.0679910652761712,3645.0,13.287631271878647,215.2026434540513,134.0,0.48497666277712953,True,9
387650,0,0.06732029364020364,3665.0,13.36056009334889,176.41993076382525,458.0,1.6664235705950992,True,9
251988,0,0.06732029364020364,3665.0,13.36056009334889,176.41993076382525,458.0,1.6664235705950992,True,9
280225,0,0.06732029364020364,3665.0,13.36056009334889,176.41993076382525,458.0,1.6664235705950992,True,9
355912,0,0.06646239548530157,3761.5,13.712441656942824,182.01159994587087,404.5,1.4713389731621938,True,9
306629,0,0.06646239548530157,3761.5,13.712441656942824,182.01159994587087,404.5,1.4713389731621938,True,9
30261,0,0.06617891986134723,3769.0,13.739789964994166,164.05186300170664,520.0,1.892502917152859,True,9
194777,0,0.06550445362886602,3847.0,14.024212368728122,194.43827895044538,327.0,1.188739789964994,True,9
103728,0,0.06484973604131845,3876.0,14.129959159859977,143.19818573677819,670.0,2.439469078179697,True,9
81352,0,0.06481802339392971,3878.0,14.137252042007,208.37053250340728,286.0,1.0392357059509918,True,9
344622,0,0.0644485449582901,3898.0,14.210180863477246,2.666666666666667,9591.0,34.9693698949825,True,9
120438,0,0.06437228112876532,3901.0,14.221120186697783,27.934393121178246,3136.0,11.43159276546091,True,9
202548,0,0.06437228112876532,3901.0,14.221120186697783,27.934393121178246,3136.0,11.43159276546091,True,9
253381,0,0.06437228112876532,3901.0,14.221120186697783,27.934393121178246,3136.0,11.43159276546091,True,9
347541,0,0.06415316833693521,3917.0,14.279463243873979,200.63482134288301,316.0,1.1486289381563595,True,9
69817,0,0.06405966518717356,3919.0,14.286756126021004,192.77161228377872,328.0,1.1923862310385065,True,9
43377,0,0.06280303697741194,4018.0,14.647753792298717,211.279815728429,178.0,0.6454200700116686,True,9
75767,0,0.06214330038421819,4052.0,14.771732788798133,205.069010270935,306.0,1.1121645274212368,True,9
245194,0,0.061977803236180885,4058.0,14.793611435239207,23.771605835167172,3554.0,12.955805134189031,True,9
213908,0,0.061766867531811646,4064.0,14.81549008168028,32.90196835170103,2718.0,9.907380396732789,True,9
323955,0,0.059358333918014525,4143.0,15.103558926487748,197.86734632578003,323.0,1.174154025670945,True,9
167194,0,0.059358333918014525,4143.0,15.103558926487748,197.86734632578003,323.0,1.174154025670945,True,9
289991,0,0.059358333918014525,4143.0,15.103558926487748,197.86734632578003,323.0,1.174154025670945,True,9
91511,0,0.059358333918014525,4143.0,15.103558926487748,197.86734632578003,323.0,1.174154025670945,True,9
270778,0,0.059358333918014525,4143.0,15.103558926487748,197.86734632578003,323.0,1.174154025670945,True,9
361089,0,0.059358333918014525,4143.0,15.103558926487748,197.86734632578003,323.0,1.174154025670945,True,9
393297,0,0.059358333918014525,4143.0,15.103558926487748,197.86734632578003,323.0,1.174154025670945,True,9
181847,0,0.059015244968062645,4169.5,15.200189614935823,212.46331914750132,163.0,0.5907234539089848,True,9
200587,0,0.059015244968062645,4169.5,15.200189614935823,212.46331914750132,163.0,0.5907234539089848,True,9
361330,0,0.058926151599473287,4174.0,15.216598599766629,205.827856530062,305.0,1.1085180863477246,True,9
80822,0,0.05885163162419836,4176.0,15.223891481913652,181.55979515295854,406.0,1.476808634772462,True,9
333353,0,0.058732387327911605,4193.0,15.28588098016336,184.29330462866216,368.0,1.3382438739789966,True,9
201196,0,0.05856357378468415,4212.5,15.35698658109685,211.96331914750132,169.5,0.6144253208868145,True,9
17785,0,0.05856357378468415,4212.5,15.35698658109685,211.96331914750132,169.5,0.6144253208868145,True,9
114401,0,0.05847438033026051,4215.5,15.367925904317387,15.075342713752748,5013.5,18.277785880980165,True,9
57209,0,0.05847438033026051,4215.5,15.367925904317387,15.075342713752748,5013.5,18.277785880980165,True,9
173428,0,0.05847438033026051,4215.5,15.367925904317387,15.075342713752748,5013.5,18.277785880980165,True,9
285061,0,0.05847438033026051,4215.5,15.367925904317387,15.075342713752748,5013.5,18.277785880980165,True,9
228224,0,0.057351894076449,4247.0,15.482788798133022,224.89578309483403,49.0,0.1750291715285881,True,9
247376,0,0.057351894076449,4247.0,15.482788798133022,224.89578309483403,49.0,0.1750291715285881,True,9
373165,0,0.057351894076449,4247.0,15.482788798133022,224.89578309483403,49.0,0.1750291715285881,True,9
112337,0,0.057351894076449,4247.0,15.482788798133022,224.89578309483403,49.0,0.1750291715285881,True,9
139564,0,0.057351894076449,4247.0,15.482788798133022,224.89578309483403,49.0,0.1750291715285881,True,9
70109,0,0.057351894076449,4247.0,15.482788798133022,224.89578309483403,49.0,0.1750291715285881,True,9
66323,0,0.057351894076449,4247.0,15.482788798133022,224.89578309483403,49.0,0.1750291715285881,True,9
107146,0,0.05646096655171527,4423.0,16.12456242707118,211.46331914750132,175.0,0.6344807467911319,True,9
151827,0,0.05646096655171527,4423.0,16.12456242707118,211.46331914750132,175.0,0.6344807467911319,True,9
287110,0,0.05646096655171527,4423.0,16.12456242707118,211.46331914750132,175.0,0.6344807467911319,True,9
336390,0,0.05616343246707322,4436.0,16.171966161026837,167.2599391204574,503.0,1.8305134189031504,True,9
107657,0,0.055499191560755584,4483.0,16.343348891481913,1.6329931618554523,11175.0,40.745332555425904,True,9
248527,0,0.055499191560755584,4483.0,16.343348891481913,1.6329931618554523,11175.0,40.745332555425904,True,9
300825,0,0.055499191560755584,4483.0,16.343348891481913,1.6329931618554523,11175.0,40.745332555425904,True,9
346495,0,0.05540469193409754,4494.5,16.385282963827304,187.11750403195123,352.5,1.2817240373395566,True,9
245712,0,0.05540469193409754,4494.5,16.385282963827304,187.11750403195123,352.5,1.2817240373395566,True,9
23208,0,0.05506736534218629,4508.5,16.436333138856476,188.09907467936983,337.5,1.2270274212368728,True,9
322756,0,0.05506736534218629,4508.5,16.436333138856476,188.09907467936983,337.5,1.2270274212368728,True,9
273932,0,0.05499170526256888,4510.0,16.441802800466743,211.81687253809457,172.0,0.623541423570595,True,9
315341,0,0.054935980033021824,4515.5,16.461858226371064,223.1742134371908,57.5,0.20602392065344224,True,9
310893,0,0.054935980033021824,4515.5,16.461858226371064,223.1742134371908,57.5,0.20602392065344224,True,9
186884,0,0.054935980033021824,4515.5,16.461858226371064,223.1742134371908,57.5,0.20602392065344224,True,9
254226,0,0.054935980033021824,4515.5,16.461858226371064,223.1742134371908,57.5,0.20602392065344224,True,9
384803,0,0.054935980033021824,4515.5,16.461858226371064,223.1742134371908,57.5,0.20602392065344224,True,9
41081,0,0.054935980033021824,4515.5,16.461858226371064,223.1742134371908,57.5,0.20602392065344224,True,9
90065,0,0.054935980033021824,4515.5,16.461858226371064,223.1742134371908,57.5,0.20602392065344224,True,9
14773,0,0.054935980033021824,4515.5,16.461858226371064,223.1742134371908,57.5,0.20602392065344224,True,9
315766,0,0.054935980033021824,4515.5,16.461858226371064,223.1742134371908,57.5,0.20602392065344224,True,9
331369,0,0.054935980033021824,4515.5,16.461858226371064,223.1742134371908,57.5,0.20602392065344224,True,9
309931,0,0.05480182173948125,4525.0,16.496499416569428,7.805749827491414,6921.0,25.233372228704784,True,9
86794,0,0.05444214107964942,4551.5,16.593130105017504,235.687795203982,19.5,0.06745915985997666,True,9
320258,0,0.05444214107964942,4551.5,16.593130105017504,235.687795203982,19.5,0.06745915985997666,True,9
244362,0,0.05444214107964942,4551.5,16.593130105017504,235.687795203982,19.5,0.06745915985997666,True,9
109852,0,0.05444214107964942,4551.5,16.593130105017504,235.687795203982,19.5,0.06745915985997666,True,9
10367,0,0.05444214107964942,4551.5,16.593130105017504,235.687795203982,19.5,0.06745915985997666,True,9
181970,0,0.05444214107964942,4551.5,16.593130105017504,235.687795203982,19.5,0.06745915985997666,True,9
118896,0,0.05444214107964942,4551.5,16.593130105017504,235.687795203982,19.5,0.06745915985997666,True,9
395277,0,0.05444214107964942,4551.5,16.593130105017504,235.687795203982,19.5,0.06745915985997666,True,9
87676,0,0.05444214107964942,4551.5,16.593130105017504,235.687795203982,19.5,0.06745915985997666,True,9
201778,0,0.05444214107964942,4551.5,16.593130105017504,235.687795203982,19.5,0.06745915985997666,True,9
177138,0,0.05444214107964942,4551.5,16.593130105017504,235.687795203982,19.5,0.06745915985997666,True,9
317297,0,0.05444214107964942,4551.5,16.593130105017504,235.687795203982,19.5,0.06745915985997666,True,9
91821,0,0.05444214107964942,4551.5,16.593130105017504,235.687795203982,19.5,0.06745915985997666,True,9
342244,0,0.05444214107964942,4551.5,16.593130105017504,235.687795203982,19.5,0.06745915985997666,True,9
24590,0,0.05444214107964942,4551.5,16.593130105017504,235.687795203982,19.5,0.06745915985997666,True,9
378713,0,0.05444214107964942,4551.5,16.593130105017504,235.687795203982,19.5,0.06745915985997666,True,9
281525,0,0.05444214107964942,4551.5,16.593130105017504,235.687795203982,19.5,0.06745915985997666,True,9
101217,0,0.05444214107964942,4551.5,16.593130105017504,235.687795203982,19.5,0.06745915985997666,True,9
155632,0,0.05444214107964942,4551.5,16.593130105017504,235.687795203982,19.5,0.06745915985997666,True,9
156050,0,0.05444214107964942,4551.5,16.593130105017504,235.687795203982,19.5,0.06745915985997666,True,9
153993,0,0.05444214107964942,4551.5,16.593130105017504,235.687795203982,19.5,0.06745915985997666,True,9
197752,0,0.05444214107964942,4551.5,16.593130105017504,235.687795203982,19.5,0.06745915985997666,True,9
130092,0,0.05444214107964942,4551.5,16.593130105017504,235.687795203982,19.5,0.06745915985997666,True,9
266697,0,0.05444214107964942,4551.5,16.593130105017504,235.687795203982,19.5,0.06745915985997666,True,9
187072,0,0.05444214107964942,4551.5,16.593130105017504,235.687795203982,19.5,0.06745915985997666,True,9
147582,0,0.05444214107964942,4551.5,16.593130105017504,235.687795203982,19.5,0.06745915985997666,True,9
70794,0,0.05444214107964942,4551.5,16.593130105017504,235.687795203982,19.5,0.06745915985997666,True,9
354221,0,0.05444214107964942,4551.5,16.593130105017504,235.687795203982,19.5,0.06745915985997666,True,9
390776,0,0.05444214107964942,4551.5,16.593130105017504,235.687795203982,19.5,0.06745915985997666,True,9
135482,0,0.05444214107964942,4551.5,16.593130105017504,235.687795203982,19.5,0.06745915985997666,True,9
312414,0,0.05444214107964942,4551.5,16.593130105017504,235.687795203982,19.5,0.06745915985997666,True,9
364532,0,0.05444214107964942,4551.5,16.593130105017504,235.687795203982,19.5,0.06745915985997666,True,9
167345,0,0.05444214107964942,4551.5,16.593130105017504,235.687795203982,19.5,0.06745915985997666,True,9
239342,0,0.05444214107964942,4551.5,16.593130105017504,235.687795203982,19.5,0.06745915985997666,True,9
176202,0,0.05444214107964942,4551.5,16.593130105017504,235.687795203982,19.5,0.06745915985997666,True,9
317027,0,0.05444214107964942,4551.5,16.593130105017504,235.687795203982,19.5,0.06745915985997666,True,9
164111,0,0.05444214107964942,4551.5,16.593130105017504,235.687795203982,19.5,0.06745915985997666,True,9
251008,0,0.05444214107964942,4551.5,16.593130105017504,235.687795203982,19.5,0.06745915985997666,True,9
329945,0,0.054416323459816125,4573.0,16.671528588098017,34.585494786518794,2656.0,9.68130105017503,True,9
166911,0,0.05360031596576361,4620.0,16.842911318553092,180.23763968011517,432.0,1.5716161026837807,True,9
376999,0,0.05294156874602783,4659.0,16.98512252042007,3.569035593728849,8736.0,31.851662777129523,True,9
184630,0,0.05294156874602783,4659.0,16.98512252042007,3.569035593728849,8736.0,31.851662777129523,True,9
54025,0,0.05294156874602783,4659.0,16.98512252042007,3.569035593728849,8736.0,31.851662777129523,True,9
123145,0,0.052317367351623595,4681.0,17.06534422403734,5.80722777603022,7715.0,28.128646441073514,True,9
305722,0,0.05229439959925813,4683.0,17.072637106184363,169.2394759561742,494.0,1.7976954492415402,True,9
222999,0,0.05207855832083259,4691.5,17.103631855309217,25.90220048523769,3321.5,12.108007584597432,True,9
57941,0,0.05207855832083259,4691.5,17.103631855309217,25.90220048523769,3321.5,12.108007584597432,True,9
204422,0,0.05180418426474483,4698.0,17.127333722287048,184.25966176114565,370.0,1.345536756126021,True,9
103171,0,0.05180418426474483,4698.0,17.127333722287048,184.25966176114565,370.0,1.345536756126021,True,9
121977,0,0.05180418426474483,4698.0,17.127333722287048,184.25966176114565,370.0,1.345536756126021,True,9
276881,0,0.05167476311596739,4731.0,17.247666277712952,232.02301821176903,42.0,0.14950408401400234,True,9
189754,0,0.05167476311596739,4731.0,17.247666277712952,232.02301821176903,42.0,0.14950408401400234,True,9
391937,0,0.05167476311596739,4731.0,17.247666277712952,232.02301821176903,42.0,0.14950408401400234,True,9
39166,0,0.05167476311596739,4731.0,17.247666277712952,232.02301821176903,42.0,0.14950408401400234,True,9
298301,0,0.05167476311596739,4731.0,17.247666277712952,232.02301821176903,42.0,0.14950408401400234,True,9
82995,0,0.05167476311596739,4731.0,17.247666277712952,232.02301821176903,42.0,0.14950408401400234,True,9
149326,0,0.05167476311596739,4731.0,17.247666277712952,232.02301821176903,42.0,0.14950408401400234,True,9
318305,0,0.0507972828161603,4819.0,17.56855309218203,18.58911410698694,4279.0,15.599474912485414,True,9
10048,0,0.05078962275933158,4820.0,17.572199533255542,153.8890465855604,543.0,1.9763710618436405,True,9
357710,0,0.050656903262401416,4830.0,17.608663943990663,213.187795203982,156.0,0.565198366394399,True,9
360994,0,0.050656903262401416,4830.0,17.608663943990663,213.187795203982,156.0,0.565198366394399,True,9
325351,0,0.050656903262401416,4830.0,17.608663943990663,213.187795203982,156.0,0.565198366394399,True,9
136728,0,0.05006818656632283,5090.0,18.55673862310385,5.30722777603022,7862.0,28.664673278879814,True,9
106420,0,0.04859147491579432,5196.5,18.945084597432906,17.239553406549717,4534.5,16.531140606767796,True,9
108402,0,0.04859147491579432,5196.5,18.945084597432906,17.239553406549717,4534.5,16.531140606767796,True,9
49379,0,0.04851426681026825,5199.5,18.956023920653443,179.74063186257035,434.5,1.5807322053675612,True,9
50289,0,0.04851426681026825,5199.5,18.956023920653443,179.74063186257035,434.5,1.5807322053675612,True,9
146742,0,0.0483022744877439,5208.5,18.98884189031505,172.50924716130228,479.5,1.7448220536756125,True,9
112683,0,0.0483022744877439,5208.5,18.98884189031505,172.50924716130228,479.5,1.7448220536756125,True,9
290995,0,0.04814107745022483,5211.0,18.997957992998835,212.50402296999883,161.0,0.5834305717619603,True,9
55240,0,0.04808950463766806,5212.0,19.001604434072345,172.79792229589708,477.0,1.735705950991832,True,9
48031,0,0.04808766623071374,5213.0,19.005250875145858,44.73005382895538,2031.0,7.402275379229872,True,9
385018,0,0.04802863777724715,5216.0,19.016190198366395,155.65291509899012,541.0,1.9690781796966161,True,9
215844,0,0.046861722738254744,5274.0,19.227683780630105,214.09631230935676,143.0,0.5177946324387398,True,9
136806,0,0.046861722738254744,5274.0,19.227683780630105,214.09631230935676,143.0,0.5177946324387398,True,9
106928,0,0.046861722738254744,5274.0,19.227683780630105,214.09631230935676,143.0,0.5177946324387398,True,9
18790,0,0.046861722738254744,5274.0,19.227683780630105,214.09631230935676,143.0,0.5177946324387398,True,9
234641,0,0.046861722738254744,5274.0,19.227683780630105,214.09631230935676,143.0,0.5177946324387398,True,9
5697,0,0.046861722738254744,5274.0,19.227683780630105,214.09631230935676,143.0,0.5177946324387398,True,9
335513,0,0.046861722738254744,5274.0,19.227683780630105,214.09631230935676,143.0,0.5177946324387398,True,9
335870,0,0.046861722738254744,5274.0,19.227683780630105,214.09631230935676,143.0,0.5177946324387398,True,9
165416,0,0.046861722738254744,5274.0,19.227683780630105,214.09631230935676,143.0,0.5177946324387398,True,9
381974,0,0.04667600794761287,5291.0,19.289673278879814,153.9456581695607,542.0,1.9727246207701283,True,9
395157,0,0.04665136898433138,5292.5,19.29514294049008,213.0786742191517,158.5,0.5743144690781797,True,9
279618,0,0.04665136898433138,5292.5,19.29514294049008,213.0786742191517,158.5,0.5743144690781797,True,9
105778,0,0.04654104033922686,5301.0,19.326137689614935,153.8745522267013,544.0,1.980017502917153,True,9
162056,0,0.04530435186928861,5363.0,19.552217036172696,62.86815418655,1666.0,6.071324387397899,True,9
303249,0,0.04530435186928861,5363.0,19.552217036172696,62.86815418655,1666.0,6.071324387397899,True,9
101205,0,0.04530435186928861,5363.0,19.552217036172696,62.86815418655,1666.0,6.071324387397899,True,9
56019,0,0.04530435186928861,5363.0,19.552217036172696,62.86815418655,1666.0,6.071324387397899,True,9
25247,0,0.04530435186928861,5363.0,19.552217036172696,62.86815418655,1666.0,6.071324387397899,True,9
71163,0,0.0451441604196596,5379.0,19.61056009334889,7.63575369994627,6955.0,25.3573512252042,True,9
364820,0,0.04491370670405472,5400.0,19.68713535589265,9.064762089182226,6381.0,23.264294049008168,True,9
239212,0,0.04428599705976233,5479.5,19.977027421236873,222.50952527701912,70.5,0.2534276546091015,True,9
321925,0,0.04428599705976233,5479.5,19.977027421236873,222.50952527701912,70.5,0.2534276546091015,True,9
238206,0,0.04428599705976233,5479.5,19.977027421236873,222.50952527701912,70.5,0.2534276546091015,True,9
104519,0,0.04428599705976233,5479.5,19.977027421236873,222.50952527701912,70.5,0.2534276546091015,True,9
159484,0,0.04428599705976233,5479.5,19.977027421236873,222.50952527701912,70.5,0.2534276546091015,True,9
24883,0,0.04428599705976233,5479.5,19.977027421236873,222.50952527701912,70.5,0.2534276546091015,True,9
366129,0,0.04428599705976233,5479.5,19.977027421236873,222.50952527701912,70.5,0.2534276546091015,True,9
132881,0,0.04428599705976233,5479.5,19.977027421236873,222.50952527701912,70.5,0.2534276546091015,True,9
36299,0,0.04428599705976233,5479.5,19.977027421236873,222.50952527701912,70.5,0.2534276546091015,True,9
143184,0,0.04428599705976233,5479.5,19.977027421236873,222.50952527701912,70.5,0.2534276546091015,True,9
41816,0,0.04428599705976233,5479.5,19.977027421236873,222.50952527701912,70.5,0.2534276546091015,True,9
157453,0,0.04428599705976233,5479.5,19.977027421236873,222.50952527701912,70.5,0.2534276546091015,True,9
238792,0,0.04428599705976233,5479.5,19.977027421236873,222.50952527701912,70.5,0.2534276546091015,True,9
251604,0,0.04428599705976233,5479.5,19.977027421236873,222.50952527701912,70.5,0.2534276546091015,True,9
278948,0,0.04428599705976233,5479.5,19.977027421236873,222.50952527701912,70.5,0.2534276546091015,True,9
199689,0,0.04428599705976233,5479.5,19.977027421236873,222.50952527701912,70.5,0.2534276546091015,True,9
271593,0,0.04355868483174412,5511.5,20.093713535589266,13.08616384294356,5293.5,19.298789381563594,True,9
60621,0,0.04355868483174412,5511.5,20.093713535589266,13.08616384294356,5293.5,19.298789381563594,True,9
302739,0,0.043309024099838146,5525.0,20.14294049008168,12.746015662740543,5350.0,19.504813302217038,True,9
310802,0,0.043309024099838146,5525.0,20.14294049008168,12.746015662740543,5350.0,19.504813302217038,True,9
129237,0,0.043309024099838146,5525.0,20.14294049008168,12.746015662740543,5350.0,19.504813302217038,True,9
82338,0,0.042824620747881924,5540.0,20.197637106184363,8.279880019314072,6776.0,24.704638273045507,True,9
66908,0,0.04219226740443754,5573.0,20.317969661610267,189.4460010664409,334.0,1.21426487747958,True,9
321428,0,0.04203946921620485,5584.0,20.358080513418905,7.656539168457117,6952.0,25.346411901983664,True,9
303213,0,0.041447969053152935,5661.0,20.638856476079347,217.8034190905433,119.0,0.43028004667444575,True,9
259597,0,0.041447969053152935,5661.0,20.638856476079347,217.8034190905433,119.0,0.43028004667444575,True,9
34636,0,0.041447969053152935,5661.0,20.638856476079347,217.8034190905433,119.0,0.43028004667444575,True,9
146769,0,0.041447969053152935,5661.0,20.638856476079347,217.8034190905433,119.0,0.43028004667444575,True,9
205777,0,0.041447969053152935,5661.0,20.638856476079347,217.8034190905433,119.0,0.43028004667444575,True,9
5690,0,0.041447969053152935,5661.0,20.638856476079347,217.8034190905433,119.0,0.43028004667444575,True,9
140371,0,0.041447969053152935,5661.0,20.638856476079347,217.8034190905433,119.0,0.43028004667444575,True,9
190883,0,0.041447969053152935,5661.0,20.638856476079347,217.8034190905433,119.0,0.43028004667444575,True,9
93733,0,0.041447969053152935,5661.0,20.638856476079347,217.8034190905433,119.0,0.43028004667444575,True,9
40615,0,0.041447969053152935,5661.0,20.638856476079347,217.8034190905433,119.0,0.43028004667444575,True,9
374625,0,0.041447969053152935,5661.0,20.638856476079347,217.8034190905433,119.0,0.43028004667444575,True,9
306125,0,0.041447969053152935,5661.0,20.638856476079347,217.8034190905433,119.0,0.43028004667444575,True,9
77402,0,0.041447969053152935,5661.0,20.638856476079347,217.8034190905433,119.0,0.43028004667444575,True,9
229443,0,0.041447969053152935,5661.0,20.638856476079347,217.8034190905433,119.0,0.43028004667444575,True,9
220809,0,0.041447969053152935,5661.0,20.638856476079347,217.8034190905433,119.0,0.43028004667444575,True,9
396564,0,0.041447969053152935,5661.0,20.638856476079347,217.8034190905433,119.0,0.43028004667444575,True,9
136014,0,0.041447969053152935,5661.0,20.638856476079347,217.8034190905433,119.0,0.43028004667444575,True,9
161936,0,0.041447969053152935,5661.0,20.638856476079347,217.8034190905433,119.0,0.43028004667444575,True,9
370920,0,0.041447969053152935,5661.0,20.638856476079347,217.8034190905433,119.0,0.43028004667444575,True,9
74807,0,0.041447969053152935,5661.0,20.638856476079347,217.8034190905433,119.0,0.43028004667444575,True,9
298207,0,0.041447969053152935,5661.0,20.638856476079347,217.8034190905433,119.0,0.43028004667444575,True,9
253163,0,0.041447969053152935,5661.0,20.638856476079347,217.8034190905433,119.0,0.43028004667444575,True,9
373752,0,0.041447969053152935,5661.0,20.638856476079347,217.8034190905433,119.0,0.43028004667444575,True,9
258133,0,0.041447969053152935,5661.0,20.638856476079347,217.8034190905433,119.0,0.43028004667444575,True,9
222665,0,0.041447969053152935,5661.0,20.638856476079347,217.8034190905433,119.0,0.43028004667444575,True,9
390629,0,0.041447969053152935,5661.0,20.638856476079347,217.8034190905433,119.0,0.43028004667444575,True,9
129589,0,0.041447969053152935,5661.0,20.638856476079347,217.8034190905433,119.0,0.43028004667444575,True,9
88567,0,0.041447969053152935,5661.0,20.638856476079347,217.8034190905433,119.0,0.43028004667444575,True,9
33317,0,0.041447969053152935,5661.0,20.638856476079347,217.8034190905433,119.0,0.43028004667444575,True,9
226202,0,0.041188606039286625,5697.0,20.770128354725788,7.480266183889919,6997.0,25.510501750291716,True,9
185637,0,0.040734079710710205,5713.0,20.828471411901983,4.39479484291259,8315.0,30.316511085180863,True,9
76884,0,0.040734079710710205,5713.0,20.828471411901983,4.39479484291259,8315.0,30.316511085180863,True,9
260869,0,0.040734079710710205,5713.0,20.828471411901983,4.39479484291259,8315.0,30.316511085180863,True,9
326034,0,0.04055391321534967,5730.0,20.890460910151692,159.02533328661605,532.0,1.936260210035006,True,9
46726,0,0.04047619047619048,5731.5,20.89593057176196,4.0,8527.5,31.09137981330222,True,9
159581,0,0.04047619047619048,5731.5,20.89593057176196,4.0,8527.5,31.09137981330222,True,9
320311,0,0.04019432975609463,5790.0,21.109247374562425,0.8164965809277261,12390.0,45.17575845974329,True,9
255355,0,0.03903368239218994,5874.5,21.417371645274212,13.721332436605199,5203.5,18.97060968494749,True,9
131191,0,0.03903368239218994,5874.5,21.417371645274212,13.721332436605199,5203.5,18.97060968494749,True,9
324684,0,0.03899776320954842,5878.0,21.430134189031506,173.8425804946356,468.0,1.7028879813302218,True,9
340534,0,0.03793471662390549,5950.0,21.692677946324388,7.826462259683963,6914.0,25.2078471411902,True,9
232078,0,0.03619116994903934,6126.5,22.3362747957993,12.149811670257861,5496.5,20.03901691948658,True,9
364991,0,0.03619116994903934,6126.5,22.3362747957993,12.149811670257861,5496.5,20.03901691948658,True,9
274295,0,0.036070278818370924,6129.0,22.345390898483082,6.723613009125174,7319.0,26.68465577596266,True,9
306799,0,0.034722222222222224,6333.0,23.08926487747958,1.6666666666666667,11138.5,40.61223745624271,True,9
261064,0,0.03411453592518745,6364.0,23.20230455075846,207.78716624150118,292.0,1.0611143523920654,True,9
265280,0,0.03411453592518745,6364.0,23.20230455075846,207.78716624150118,292.0,1.0611143523920654,True,9
306588,0,0.03411453592518745,6364.0,23.20230455075846,207.78716624150118,292.0,1.0611143523920654,True,9
217158,0,0.03411453592518745,6364.0,23.20230455075846,207.78716624150118,292.0,1.0611143523920654,True,9
361361,0,0.03411453592518745,6364.0,23.20230455075846,207.78716624150118,292.0,1.0611143523920654,True,9
310312,0,0.03411453592518745,6364.0,23.20230455075846,207.78716624150118,292.0,1.0611143523920654,True,9
86193,0,0.03411453592518745,6364.0,23.20230455075846,207.78716624150118,292.0,1.0611143523920654,True,9
124838,0,0.03411453592518745,6364.0,23.20230455075846,207.78716624150118,292.0,1.0611143523920654,True,9
78026,0,0.03411453592518745,6364.0,23.20230455075846,207.78716624150118,292.0,1.0611143523920654,True,9
330418,0,0.03411453592518745,6364.0,23.20230455075846,207.78716624150118,292.0,1.0611143523920654,True,9
201415,0,0.03411453592518745,6364.0,23.20230455075846,207.78716624150118,292.0,1.0611143523920654,True,9
382780,0,0.03397690811473612,6378.0,23.25335472578763,7.595834395054834,6965.0,25.393815635939323,True,9
362598,0,0.03390208131120778,6399.5,23.331753208868143,219.72816876390283,91.5,0.3300029171528588,True,9
252916,0,0.03390208131120778,6399.5,23.331753208868143,219.72816876390283,91.5,0.3300029171528588,True,9
243894,0,0.03390208131120778,6399.5,23.331753208868143,219.72816876390283,91.5,0.3300029171528588,True,9
211379,0,0.03390208131120778,6399.5,23.331753208868143,219.72816876390283,91.5,0.3300029171528588,True,9
109309,0,0.03390208131120778,6399.5,23.331753208868143,219.72816876390283,91.5,0.3300029171528588,True,9
335266,0,0.03390208131120778,6399.5,23.331753208868143,219.72816876390283,91.5,0.3300029171528588,True,9
343521,0,0.03390208131120778,6399.5,23.331753208868143,219.72816876390283,91.5,0.3300029171528588,True,9
105592,0,0.03390208131120778,6399.5,23.331753208868143,219.72816876390283,91.5,0.3300029171528588,True,9
130395,0,0.03390208131120778,6399.5,23.331753208868143,219.72816876390283,91.5,0.3300029171528588,True,9
128305,0,0.03390208131120778,6399.5,23.331753208868143,219.72816876390283,91.5,0.3300029171528588,True,9
303470,0,0.03390208131120778,6399.5,23.331753208868143,219.72816876390283,91.5,0.3300029171528588,True,9
268584,0,0.03390208131120778,6399.5,23.331753208868143,219.72816876390283,91.5,0.3300029171528588,True,9
226644,0,0.03390208131120778,6399.5,23.331753208868143,219.72816876390283,91.5,0.3300029171528588,True,9
102216,0,0.03390208131120778,6399.5,23.331753208868143,219.72816876390283,91.5,0.3300029171528588,True,9
101350,0,0.03390208131120778,6399.5,23.331753208868143,219.72816876390283,91.5,0.3300029171528588,True,9
103913,0,0.03390208131120778,6399.5,23.331753208868143,219.72816876390283,91.5,0.3300029171528588,True,9
117372,0,0.03390208131120778,6399.5,23.331753208868143,219.72816876390283,91.5,0.3300029171528588,True,9
129987,0,0.03390208131120778,6399.5,23.331753208868143,219.72816876390283,91.5,0.3300029171528588,True,9
361088,0,0.03390208131120778,6399.5,23.331753208868143,219.72816876390283,91.5,0.3300029171528588,True,9
231921,0,0.03390208131120778,6399.5,23.331753208868143,219.72816876390283,91.5,0.3300029171528588,True,9
197018,0,0.03390208131120778,6399.5,23.331753208868143,219.72816876390283,91.5,0.3300029171528588,True,9
359970,0,0.03390208131120778,6399.5,23.331753208868143,219.72816876390283,91.5,0.3300029171528588,True,9
315583,0,0.03390208131120778,6399.5,23.331753208868143,219.72816876390283,91.5,0.3300029171528588,True,9
90836,0,0.03390208131120778,6399.5,23.331753208868143,219.72816876390283,91.5,0.3300029171528588,True,9
364746,0,0.03390208131120778,6399.5,23.331753208868143,219.72816876390283,91.5,0.3300029171528588,True,9
382415,0,0.03390208131120778,6399.5,23.331753208868143,219.72816876390283,91.5,0.3300029171528588,True,9
35835,0,0.033842125018297566,6423.5,23.41926779463244,177.8357470017972,445.5,1.620843057176196,True,9
134740,0,0.033842125018297566,6423.5,23.41926779463244,177.8357470017972,445.5,1.620843057176196,True,9
191690,0,0.033842125018297566,6423.5,23.41926779463244,177.8357470017972,445.5,1.620843057176196,True,9
118884,0,0.033842125018297566,6423.5,23.41926779463244,177.8357470017972,445.5,1.620843057176196,True,9
20213,0,0.033842125018297566,6423.5,23.41926779463244,177.8357470017972,445.5,1.620843057176196,True,9
145425,0,0.033842125018297566,6423.5,23.41926779463244,177.8357470017972,445.5,1.620843057176196,True,9
159230,0,0.033842125018297566,6423.5,23.41926779463244,177.8357470017972,445.5,1.620843057176196,True,9
204887,0,0.033842125018297566,6423.5,23.41926779463244,177.8357470017972,445.5,1.620843057176196,True,9
34195,0,0.033842125018297566,6423.5,23.41926779463244,177.8357470017972,445.5,1.620843057176196,True,9
301396,0,0.033842125018297566,6423.5,23.41926779463244,177.8357470017972,445.5,1.620843057176196,True,9
360864,0,0.033842125018297566,6423.5,23.41926779463244,177.8357470017972,445.5,1.620843057176196,True,9
380512,0,0.033842125018297566,6423.5,23.41926779463244,177.8357470017972,445.5,1.620843057176196,True,9
283829,0,0.033842125018297566,6423.5,23.41926779463244,177.8357470017972,445.5,1.620843057176196,True,9
129896,0,0.033842125018297566,6423.5,23.41926779463244,177.8357470017972,445.5,1.620843057176196,True,9
268289,0,0.03364244480142171,6446.0,23.501312718786465,210.87156743796518,205.5,0.7456971995332555,True,9
224669,0,0.03364244480142171,6446.0,23.501312718786465,210.87156743796518,205.5,0.7456971995332555,True,9
91148,0,0.03364244480142171,6446.0,23.501312718786465,210.87156743796518,205.5,0.7456971995332555,True,9
212395,0,0.03364244480142171,6446.0,23.501312718786465,210.87156743796518,205.5,0.7456971995332555,True,9
393733,0,0.03364244480142171,6446.0,23.501312718786465,210.87156743796518,205.5,0.7456971995332555,True,9
156070,0,0.03364244480142171,6446.0,23.501312718786465,210.87156743796518,205.5,0.7456971995332555,True,9
187658,0,0.03364244480142171,6446.0,23.501312718786465,210.87156743796518,205.5,0.7456971995332555,True,9
191398,0,0.033493296393410185,6457.0,23.5414235705951,2.666666666666667,9591.0,34.9693698949825,True,9
66649,0,0.03244611281471441,6533.0,23.81855309218203,210.87156743796518,205.5,0.7456971995332555,True,9
188845,0,0.03215875586611912,6577.5,23.980819719953324,1.8973665961010278,10885.0,39.68786464410735,True,9
202722,0,0.03215875586611912,6577.5,23.980819719953324,1.8973665961010278,10885.0,39.68786464410735,True,9
39539,0,0.03191666557416614,6591.0,24.030046674445742,2.3299165869141283,10157.0,37.03325554259043,True,9
85439,0,0.03166686113997214,6626.0,24.15767211201867,12.60914049815538,5381.0,19.617852975495914,True,9
182353,0,0.03166686113997214,6626.0,24.15767211201867,12.60914049815538,5381.0,19.617852975495914,True,9
373377,0,0.03166686113997214,6626.0,24.15767211201867,12.60914049815538,5381.0,19.617852975495914,True,9
62326,0,0.03166686113997214,6626.0,24.15767211201867,12.60914049815538,5381.0,19.617852975495914,True,9
147062,0,0.03166686113997214,6626.0,24.15767211201867,12.60914049815538,5381.0,19.617852975495914,True,9
224603,0,0.03166686113997214,6626.0,24.15767211201867,12.60914049815538,5381.0,19.617852975495914,True,9
49731,0,0.03166686113997214,6626.0,24.15767211201867,12.60914049815538,5381.0,19.617852975495914,True,9
202491,0,0.03166686113997214,6626.0,24.15767211201867,12.60914049815538,5381.0,19.617852975495914,True,9
100227,0,0.03166686113997214,6626.0,24.15767211201867,12.60914049815538,5381.0,19.617852975495914,True,9
379642,0,0.03166686113997214,6626.0,24.15767211201867,12.60914049815538,5381.0,19.617852975495914,True,9
345593,0,0.03166686113997214,6626.0,24.15767211201867,12.60914049815538,5381.0,19.617852975495914,True,9
390874,0,0.031290309046987326,6639.0,24.205075845974328,210.75199428209612,210.0,0.7621061843640606,True,9
221097,0,0.03070221477941597,6707.5,24.45485705950992,24.35065667272537,3472.5,12.658620186697783,True,9
255320,0,0.03070221477941597,6707.5,24.45485705950992,24.35065667272537,3472.5,12.658620186697783,True,9
240180,0,0.030307632273948545,6744.0,24.587952158693117,2.4053274785083767,9830.0,35.84086931155193,True,9
76999,0,0.029762470876117667,6772.0,24.69005250875146,172.3800379732009,481.0,1.750291715285881,True,9
108427,0,0.029013440323125684,7224.5,26.340067094515753,2.857738033247042,9367.5,34.15439031505251,True,9
96084,0,0.029013440323125684,7224.5,26.340067094515753,2.857738033247042,9367.5,34.15439031505251,True,9
214385,0,0.028957950329835412,7229.0,26.356476079346557,5.067641307721197,7964.0,29.036610268378062,True,9
171157,0,0.028888751742730902,7234.0,26.37470828471412,176.84381488587897,455.0,1.6554842473745623,True,9
89045,0,0.028888751742730902,7234.0,26.37470828471412,176.84381488587897,455.0,1.6554842473745623,True,9
132441,0,0.028888751742730902,7234.0,26.37470828471412,176.84381488587897,455.0,1.6554842473745623,True,9
397499,0,0.02886675074863876,7239.0,26.39294049008168,11.025371047128466,5756.0,20.98526837806301,True,9
195809,0,0.02886675074863876,7239.0,26.39294049008168,11.025371047128466,5756.0,20.98526837806301,True,9
88483,0,0.02886675074863876,7239.0,26.39294049008168,11.025371047128466,5756.0,20.98526837806301,True,9
314436,0,0.02886675074863876,7239.0,26.39294049008168,11.025371047128466,5756.0,20.98526837806301,True,9
199137,0,0.02886675074863876,7239.0,26.39294049008168,11.025371047128466,5756.0,20.98526837806301,True,9
40469,0,0.02886675074863876,7239.0,26.39294049008168,11.025371047128466,5756.0,20.98526837806301,True,9
238946,0,0.02886675074863876,7239.0,26.39294049008168,11.025371047128466,5756.0,20.98526837806301,True,9
379127,0,0.028541814070524446,7264.0,26.484101516919488,21.21569623723814,3807.0,13.87835472578763,True,9
154192,0,0.02768093347693491,7344.0,26.775816802800467,179.407298529237,437.0,1.589848308051342,True,9
7523,0,0.027063769573993028,7430.0,27.08941073512252,7.980632998395654,6863.0,25.021878646441074,True,9
120149,0,0.027057672702321033,7431.5,27.09488039673279,13.910778298327404,5164.5,18.828398483080512,True,9
120688,0,0.027057672702321033,7431.5,27.09488039673279,13.910778298327404,5164.5,18.828398483080512,True,9
304432,0,0.026434218412887893,7631.0,27.822345390898484,212.187795203982,166.0,0.6016627771295215,True,9
192230,0,0.026434218412887893,7631.0,27.822345390898484,212.187795203982,166.0,0.6016627771295215,True,9
391047,0,0.026434218412887893,7631.0,27.822345390898484,212.187795203982,166.0,0.6016627771295215,True,9
26522,0,0.02633859938476536,7647.0,27.88068844807468,0.8164965809277261,12390.0,45.17575845974329,True,9
305636,0,0.02633859938476536,7647.0,27.88068844807468,0.8164965809277261,12390.0,45.17575845974329,True,9
336205,0,0.02633859938476536,7647.0,27.88068844807468,0.8164965809277261,12390.0,45.17575845974329,True,9
236672,0,0.02633859938476536,7647.0,27.88068844807468,0.8164965809277261,12390.0,45.17575845974329,True,9
101858,0,0.02633859938476536,7647.0,27.88068844807468,0.8164965809277261,12390.0,45.17575845974329,True,9
117504,0,0.02600982356282976,7668.0,27.957263710618438,7.075188642953506,7172.0,26.14862893815636,True,9
1710,0,0.02600982356282976,7668.0,27.957263710618438,7.075188642953506,7172.0,26.14862893815636,True,9
302249,0,0.02600982356282976,7668.0,27.957263710618438,7.075188642953506,7172.0,26.14862893815636,True,9
77255,0,0.02347029826690907,8149.0,29.71120186697783,140.2766519563737,674.0,2.4540548424737456,True,9
316153,0,0.02245755505112529,8305.0,30.280046674445742,9.269895209892336,6290.0,22.932467911318554,True,9
264286,0,0.022002858201559197,8352.0,30.451429404900818,6.970529718104497,7243.0,26.40752625437573,True,9
187179,0,0.022002858201559197,8352.0,30.451429404900818,6.970529718104497,7243.0,26.40752625437573,True,9
222712,0,0.022002858201559197,8352.0,30.451429404900818,6.970529718104497,7243.0,26.40752625437573,True,9
241428,0,0.021978207931025617,8390.5,30.59181738623104,210.4633191475013,247.5,0.8988477246207701,True,9
261032,0,0.021978207931025617,8390.5,30.59181738623104,210.4633191475013,247.5,0.8988477246207701,True,9
303924,0,0.021978207931025617,8390.5,30.59181738623104,210.4633191475013,247.5,0.8988477246207701,True,9
261133,0,0.021978207931025617,8390.5,30.59181738623104,210.4633191475013,247.5,0.8988477246207701,True,9
68845,0,0.021978207931025617,8390.5,30.59181738623104,210.4633191475013,247.5,0.8988477246207701,True,9
18758,0,0.021978207931025617,8390.5,30.59181738623104,210.4633191475013,247.5,0.8988477246207701,True,9
303410,0,0.021978207931025617,8390.5,30.59181738623104,210.4633191475013,247.5,0.8988477246207701,True,9
76588,0,0.021978207931025617,8390.5,30.59181738623104,210.4633191475013,247.5,0.8988477246207701,True,9
71731,0,0.021978207931025617,8390.5,30.59181738623104,210.4633191475013,247.5,0.8988477246207701,True,9
178767,0,0.021978207931025617,8390.5,30.59181738623104,210.4633191475013,247.5,0.8988477246207701,True,9
9635,0,0.021978207931025617,8390.5,30.59181738623104,210.4633191475013,247.5,0.8988477246207701,True,9
119969,0,0.021978207931025617,8390.5,30.59181738623104,210.4633191475013,247.5,0.8988477246207701,True,9
223458,0,0.021978207931025617,8390.5,30.59181738623104,210.4633191475013,247.5,0.8988477246207701,True,9
304048,0,0.021978207931025617,8390.5,30.59181738623104,210.4633191475013,247.5,0.8988477246207701,True,9
200077,0,0.021978207931025617,8390.5,30.59181738623104,210.4633191475013,247.5,0.8988477246207701,True,9
220133,0,0.021978207931025617,8390.5,30.59181738623104,210.4633191475013,247.5,0.8988477246207701,True,9
136300,0,0.021978207931025617,8390.5,30.59181738623104,210.4633191475013,247.5,0.8988477246207701,True,9
115793,0,0.021978207931025617,8390.5,30.59181738623104,210.4633191475013,247.5,0.8988477246207701,True,9
138218,0,0.021978207931025617,8390.5,30.59181738623104,210.4633191475013,247.5,0.8988477246207701,True,9
15567,0,0.021978207931025617,8390.5,30.59181738623104,210.4633191475013,247.5,0.8988477246207701,True,9
308352,0,0.021978207931025617,8390.5,30.59181738623104,210.4633191475013,247.5,0.8988477246207701,True,9
153003,0,0.021978207931025617,8390.5,30.59181738623104,210.4633191475013,247.5,0.8988477246207701,True,9
30648,0,0.021978207931025617,8390.5,30.59181738623104,210.4633191475013,247.5,0.8988477246207701,True,9
240480,0,0.021978207931025617,8390.5,30.59181738623104,210.4633191475013,247.5,0.8988477246207701,True,9
78128,0,0.021978207931025617,8390.5,30.59181738623104,210.4633191475013,247.5,0.8988477246207701,True,9
93435,0,0.021978207931025617,8390.5,30.59181738623104,210.4633191475013,247.5,0.8988477246207701,True,9
91301,0,0.021978207931025617,8390.5,30.59181738623104,210.4633191475013,247.5,0.8988477246207701,True,9
169626,0,0.021978207931025617,8390.5,30.59181738623104,210.4633191475013,247.5,0.8988477246207701,True,9
351127,0,0.021978207931025617,8390.5,30.59181738623104,210.4633191475013,247.5,0.8988477246207701,True,9
107833,0,0.021978207931025617,8390.5,30.59181738623104,210.4633191475013,247.5,0.8988477246207701,True,9
78049,0,0.021978207931025617,8390.5,30.59181738623104,210.4633191475013,247.5,0.8988477246207701,True,9
246684,0,0.021978207931025617,8390.5,30.59181738623104,210.4633191475013,247.5,0.8988477246207701,True,9
33644,0,0.021978207931025617,8390.5,30.59181738623104,210.4633191475013,247.5,0.8988477246207701,True,9
319373,0,0.021978207931025617,8390.5,30.59181738623104,210.4633191475013,247.5,0.8988477246207701,True,9
230013,0,0.021978207931025617,8390.5,30.59181738623104,210.4633191475013,247.5,0.8988477246207701,True,9
364114,0,0.021978207931025617,8390.5,30.59181738623104,210.4633191475013,247.5,0.8988477246207701,True,9
58279,0,0.021978207931025617,8390.5,30.59181738623104,210.4633191475013,247.5,0.8988477246207701,True,9
206097,0,0.021978207931025617,8390.5,30.59181738623104,210.4633191475013,247.5,0.8988477246207701,True,9
282572,0,0.021978207931025617,8390.5,30.59181738623104,210.4633191475013,247.5,0.8988477246207701,True,9
242056,0,0.021978207931025617,8390.5,30.59181738623104,210.4633191475013,247.5,0.8988477246207701,True,9
119069,0,0.021978207931025617,8390.5,30.59181738623104,210.4633191475013,247.5,0.8988477246207701,True,9
292907,0,0.021978207931025617,8390.5,30.59181738623104,210.4633191475013,247.5,0.8988477246207701,True,9
276347,0,0.021978207931025617,8390.5,30.59181738623104,210.4633191475013,247.5,0.8988477246207701,True,9
124285,0,0.021978207931025617,8390.5,30.59181738623104,210.4633191475013,247.5,0.8988477246207701,True,9
54054,0,0.021978207931025617,8390.5,30.59181738623104,210.4633191475013,247.5,0.8988477246207701,True,9
66053,0,0.021978207931025617,8390.5,30.59181738623104,210.4633191475013,247.5,0.8988477246207701,True,9
254829,0,0.021978207931025617,8390.5,30.59181738623104,210.4633191475013,247.5,0.8988477246207701,True,9
346375,0,0.021978207931025617,8390.5,30.59181738623104,210.4633191475013,247.5,0.8988477246207701,True,9
396418,0,0.021978207931025617,8390.5,30.59181738623104,210.4633191475013,247.5,0.8988477246207701,True,9
157096,0,0.021978207931025617,8390.5,30.59181738623104,210.4633191475013,247.5,0.8988477246207701,True,9
296294,0,0.021978207931025617,8390.5,30.59181738623104,210.4633191475013,247.5,0.8988477246207701,True,9
23835,0,0.021978207931025617,8390.5,30.59181738623104,210.4633191475013,247.5,0.8988477246207701,True,9
56622,0,0.021978207931025617,8390.5,30.59181738623104,210.4633191475013,247.5,0.8988477246207701,True,9
47919,0,0.021978207931025617,8390.5,30.59181738623104,210.4633191475013,247.5,0.8988477246207701,True,9
84702,0,0.021978207931025617,8390.5,30.59181738623104,210.4633191475013,247.5,0.8988477246207701,True,9
349970,0,0.021978207931025617,8390.5,30.59181738623104,210.4633191475013,247.5,0.8988477246207701,True,9
105396,0,0.021978207931025617,8390.5,30.59181738623104,210.4633191475013,247.5,0.8988477246207701,True,9
21260,0,0.021978207931025617,8390.5,30.59181738623104,210.4633191475013,247.5,0.8988477246207701,True,9
98852,0,0.021978207931025617,8390.5,30.59181738623104,210.4633191475013,247.5,0.8988477246207701,True,9
75114,0,0.021978207931025617,8390.5,30.59181738623104,210.4633191475013,247.5,0.8988477246207701,True,9
302738,0,0.021978207931025617,8390.5,30.59181738623104,210.4633191475013,247.5,0.8988477246207701,True,9
236197,0,0.021978207931025617,8390.5,30.59181738623104,210.4633191475013,247.5,0.8988477246207701,True,9
196932,0,0.021978207931025617,8390.5,30.59181738623104,210.4633191475013,247.5,0.8988477246207701,True,9
87232,0,0.021978207931025617,8390.5,30.59181738623104,210.4633191475013,247.5,0.8988477246207701,True,9
217932,0,0.021978207931025617,8390.5,30.59181738623104,210.4633191475013,247.5,0.8988477246207701,True,9
245527,0,0.021978207931025617,8390.5,30.59181738623104,210.4633191475013,247.5,0.8988477246207701,True,9
163728,0,0.021978207931025617,8390.5,30.59181738623104,210.4633191475013,247.5,0.8988477246207701,True,9
282710,0,0.021978207931025617,8390.5,30.59181738623104,210.4633191475013,247.5,0.8988477246207701,True,9
17853,0,0.021978207931025617,8390.5,30.59181738623104,210.4633191475013,247.5,0.8988477246207701,True,9
178806,0,0.021978207931025617,8390.5,30.59181738623104,210.4633191475013,247.5,0.8988477246207701,True,9
75058,0,0.021978207931025617,8390.5,30.59181738623104,210.4633191475013,247.5,0.8988477246207701,True,9
322584,0,0.021978207931025617,8390.5,30.59181738623104,210.4633191475013,247.5,0.8988477246207701,True,9
249349,0,0.021978207931025617,8390.5,30.59181738623104,210.4633191475013,247.5,0.8988477246207701,True,9
190188,0,0.021978207931025617,8390.5,30.59181738623104,210.4633191475013,247.5,0.8988477246207701,True,9
226146,0,0.021702746221619006,8483.0,30.929113185530923,15.38581995533915,4814.0,17.55032088681447,True,9
145607,0,0.021583448953619702,8486.5,30.941875729288213,173.25060929864384,474.5,1.7265898483080513,True,9
112050,0,0.021583448953619702,8486.5,30.941875729288213,173.25060929864384,474.5,1.7265898483080513,True,9
263468,0,0.0209969513872478,8612.5,31.401327304550758,14.161444013910907,5127.5,18.69348016336056,True,9
294586,0,0.0209969513872478,8612.5,31.401327304550758,14.161444013910907,5127.5,18.69348016336056,True,9
31524,0,0.0209969513872478,8612.5,31.401327304550758,14.161444013910907,5127.5,18.69348016336056,True,9
283525,0,0.0209969513872478,8612.5,31.401327304550758,14.161444013910907,5127.5,18.69348016336056,True,9
303784,0,0.020839494307570972,8628.0,31.4578471411902,139.8814034795959,679.0,2.472287047841307,True,9
173021,0,0.020839494307570972,8628.0,31.4578471411902,139.8814034795959,679.0,2.472287047841307,True,9
4553,0,0.020839494307570972,8628.0,31.4578471411902,139.8814034795959,679.0,2.472287047841307,True,9
256726,0,0.020839494307570972,8628.0,31.4578471411902,139.8814034795959,679.0,2.472287047841307,True,9
298727,0,0.020839494307570972,8628.0,31.4578471411902,139.8814034795959,679.0,2.472287047841307,True,9
389036,0,0.020839494307570972,8628.0,31.4578471411902,139.8814034795959,679.0,2.472287047841307,True,9
339985,0,0.020839494307570972,8628.0,31.4578471411902,139.8814034795959,679.0,2.472287047841307,True,9
244699,0,0.020839494307570972,8628.0,31.4578471411902,139.8814034795959,679.0,2.472287047841307,True,9
58199,0,0.020839494307570972,8628.0,31.4578471411902,139.8814034795959,679.0,2.472287047841307,True,9
136546,0,0.019803394983251836,8789.0,32.04492415402567,44.02294704776883,2047.0,7.460618436406068,True,9
371093,0,0.018554516152234198,9050.0,32.99664527421237,172.17591382796894,482.0,1.7539381563593932,True,9
166200,0,0.017945131630601043,9207.0,33.569136522753794,171.8425804946356,485.0,1.76487747957993,True,9
204812,0,0.017945131630601043,9207.0,33.569136522753794,171.8425804946356,485.0,1.76487747957993,True,9
297685,0,0.017945131630601043,9207.0,33.569136522753794,171.8425804946356,485.0,1.76487747957993,True,9
346760,0,0.017945131630601043,9207.0,33.569136522753794,171.8425804946356,485.0,1.76487747957993,True,9
73832,0,0.017945131630601043,9207.0,33.569136522753794,171.8425804946356,485.0,1.76487747957993,True,9
217115,0,0.017933992711602224,9210.5,33.581899066511085,8.487318925154847,6722.5,24.5095536756126,True,9
366939,0,0.017933992711602224,9210.5,33.581899066511085,8.487318925154847,6722.5,24.5095536756126,True,9
394792,0,0.017267659132997968,9285.0,33.85355892648775,2.7271801834506855,9514.0,34.68859393232206,True,9
367664,0,0.01726327486964582,9286.0,33.857205367561264,2.9865465524487265,9194.0,33.52173278879813,True,9
129250,0,0.017125473016403867,9312.0,33.95201283547258,7.946219479611393,6876.0,25.069282380396732,True,9
289279,0,0.015501335585620916,9558.5,34.85086056009335,3.070238542575728,8943.5,32.60829929988331,True,9
202199,0,0.015501335585620916,9558.5,34.85086056009335,3.070238542575728,8943.5,32.60829929988331,True,9
380589,0,0.014954231473066617,9639.0,35.144399066511085,2.3618073195657994,10135.0,36.95303383897316,True,9
274083,0,0.014954231473066617,9639.0,35.144399066511085,2.3618073195657994,10135.0,36.95303383897316,True,9
355689,0,0.014954231473066617,9639.0,35.144399066511085,2.3618073195657994,10135.0,36.95303383897316,True,9
15805,0,0.014954231473066617,9639.0,35.144399066511085,2.3618073195657994,10135.0,36.95303383897316,True,9
97973,0,0.014954231473066617,9639.0,35.144399066511085,2.3618073195657994,10135.0,36.95303383897316,True,9
303321,0,0.014560424151883586,9700.5,35.36865519253209,3.7622316267729716,8647.5,31.52895274212369,True,9
385624,0,0.014560424151883586,9700.5,35.36865519253209,3.7622316267729716,8647.5,31.52895274212369,True,9
6734,0,0.014560424151883586,9700.5,35.36865519253209,3.7622316267729716,8647.5,31.52895274212369,True,9
183215,0,0.014560424151883586,9700.5,35.36865519253209,3.7622316267729716,8647.5,31.52895274212369,True,9
140323,0,0.013900657073341798,9821.0,35.80805134189031,2.479208274754409,9786.0,35.68042590431739,True,9
121581,0,0.012109538100926411,10052.0,36.650379229871646,5.618825678829855,7751.0,28.259918319719954,True,9
296533,0,0.011621689440206749,10191.0,37.15723453908985,10.085598977230147,6053.0,22.06826137689615,True,9
120882,0,0.010871095035185574,10425.5,38.01232497082847,9.43421397829822,6244.5,22.766554842473745,True,9
398170,0,0.010871095035185574,10425.5,38.01232497082847,9.43421397829822,6244.5,22.766554842473745,True,9
185543,0,0.010871095035185574,10425.5,38.01232497082847,9.43421397829822,6244.5,22.766554842473745,True,9
222942,0,0.010871095035185574,10425.5,38.01232497082847,9.43421397829822,6244.5,22.766554842473745,True,9
33729,0,0.010871095035185574,10425.5,38.01232497082847,9.43421397829822,6244.5,22.766554842473745,True,9
38160,0,0.010871095035185574,10425.5,38.01232497082847,9.43421397829822,6244.5,22.766554842473745,True,9
347752,0,0.010871095035185574,10425.5,38.01232497082847,9.43421397829822,6244.5,22.766554842473745,True,9
203167,0,0.010871095035185574,10425.5,38.01232497082847,9.43421397829822,6244.5,22.766554842473745,True,9
251426,0,0.0,20346.5,74.18866686114352,0.0,20346.5,74.18866686114352,True,9
385803,0,0.0,20346.5,74.18866686114352,0.0,20346.5,74.18866686114352,True,9
394186,0,0.0,20346.5,74.18866686114352,0.0,20346.5,74.18866686114352,True,9
136770,0,0.0,20346.5,74.18866686114352,0.0,20346.5,74.18866686114352,True,9
359334,0,0.0,20346.5,74.18866686114352,0.0,20346.5,74.18866686114352,True,9
359347,0,0.0,20346.5,74.18866686114352,0.0,20346.5,74.18866686114352,True,9
365617,0,0.0,20346.5,74.18866686114352,0.0,20346.5,74.18866686114352,True,9
6014,0,0.0,20346.5,74.18866686114352,0.0,20346.5,74.18866686114352,True,9
383923,0,0.0,20346.5,74.18866686114352,0.0,20346.5,74.18866686114352,True,9
246642,0,0.0,20346.5,74.18866686114352,0.0,20346.5,74.18866686114352,True,9
170179,0,0.0,20346.5,74.18866686114352,0.0,20346.5,74.18866686114352,True,9
399799,0,0.0,20346.5,74.18866686114352,0.0,20346.5,74.18866686114352,True,9
384004,0,0.0,20346.5,74.18866686114352,0.0,20346.5,74.18866686114352,True,9
168265,0,0.0,20346.5,74.18866686114352,0.0,20346.5,74.18866686114352,True,9
296307,0,0.0,20346.5,74.18866686114352,0.0,20346.5,74.18866686114352,True,9
192934,0,0.0,20346.5,74.18866686114352,0.0,20346.5,74.18866686114352,True,9
21862,0,0.0,20346.5,74.18866686114352,0.0,20346.5,74.18866686114352,True,9
192866,0,0.0,20346.5,74.18866686114352,0.0,20346.5,74.18866686114352,True,9
183208,0,0.0,20346.5,74.18866686114352,0.0,20346.5,74.18866686114352,True,9
384942,0,0.0,20346.5,74.18866686114352,0.0,20346.5,74.18866686114352,True,9
243717,0,0.0,20346.5,74.18866686114352,0.0,20346.5,74.18866686114352,True,9
1521,0,0.0,20346.5,74.18866686114352,0.0,20346.5,74.18866686114352,True,9
133402,0,0.0,20346.5,74.18866686114352,0.0,20346.5,74.18866686114352,True,9
152137,0,0.0,20346.5,74.18866686114352,0.0,20346.5,74.18866686114352,True,9
349705,0,0.0,20346.5,74.18866686114352,0.0,20346.5,74.18866686114352,True,9
210897,0,0.0,20346.5,74.18866686114352,0.0,20346.5,74.18866686114352,True,9
115321,0,0.0,20346.5,74.18866686114352,0.0,20346.5,74.18866686114352,True,9
188588,0,0.0,20346.5,74.18866686114352,0.0,20346.5,74.18866686114352,True,9
81976,0,0.0,20346.5,74.18866686114352,0.0,20346.5,74.18866686114352,True,9
331757,0,0.0,20346.5,74.18866686114352,0.0,20346.5,74.18866686114352,True,9
62517,0,0.0,20346.5,74.18866686114352,0.0,20346.5,74.18866686114352,True,9
176317,0,0.0,20346.5,74.18866686114352,0.0,20346.5,74.18866686114352,True,9
308844,0,0.0,20346.5,74.18866686114352,0.0,20346.5,74.18866686114352,True,9
299915,0,0.0,20346.5,74.18866686114352,0.0,20346.5,74.18866686114352,True,9
331706,0,0.0,20346.5,74.18866686114352,0.0,20346.5,74.18866686114352,True,9
34135,0,0.0,20346.5,74.18866686114352,0.0,20346.5,74.18866686114352,True,9
349112,0,0.0,20346.5,74.18866686114352,0.0,20346.5,74.18866686114352,True,9
174098,0,0.0,20346.5,74.18866686114352,0.0,20346.5,74.18866686114352,True,9
54741,0,0.0,20346.5,74.18866686114352,0.0,20346.5,74.18866686114352,True,9
82488,0,0.0,20346.5,74.18866686114352,0.0,20346.5,74.18866686114352,True,9
143771,0,0.0,20346.5,74.18866686114352,0.0,20346.5,74.18866686114352,True,9
121382,0,0.0,20346.5,74.18866686114352,0.0,20346.5,74.18866686114352,True,9
109454,0,0.0,20346.5,74.18866686114352,0.0,20346.5,74.18866686114352,True,9
79557,0,0.0,20346.5,74.18866686114352,0.0,20346.5,74.18866686114352,True,9
289860,0,0.0,20346.5,74.18866686114352,0.0,20346.5,74.18866686114352,True,9
343313,0,0.0,20346.5,74.18866686114352,0.0,20346.5,74.18866686114352,True,9
144425,0,0.0,20346.5,74.18866686114352,0.0,20346.5,74.18866686114352,True,9
324606,0,0.0,20346.5,74.18866686114352,0.0,20346.5,74.18866686114352,True,9
53962,0,0.0,20346.5,74.18866686114352,0.0,20346.5,74.18866686114352,True,9
339648,0,0.0,20346.5,74.18866686114352,0.0,20346.5,74.18866686114352,True,9
27939,0,0.0,20346.5,74.18866686114352,0.0,20346.5,74.18866686114352,True,9
375218,0,0.0,20346.5,74.18866686114352,0.0,20346.5,74.18866686114352,True,9
22365,0,0.0,20346.5,74.18866686114352,0.0,20346.5,74.18866686114352,True,9
137853,0,0.3760303967070153,46.0,0.7386736703873933,10.314662997991686,671.0,10.998030203545634,True,10
118973,1,0.33864931078085564,70.0,1.1326329612606698,14.846116669866834,556.0,9.110308601444517,True,10
62542,1,0.26981246218995764,127.0,2.068286277084701,12.0,603.0,9.881812212738017,True,10
89028,0,0.2692307692307692,129.0,2.101116217990808,19.0,481.0,7.879185817465529,True,10
175137,0,0.24790887898697558,157.5,2.5689428759028234,10.816496580927724,639.5,10.480958634274458,True,10
158365,0,0.24790887898697558,157.5,2.5689428759028234,10.816496580927724,639.5,10.480958634274458,True,10
49235,0,0.23850755598949833,176.0,2.8726198292843073,1.5720162183513917,1417.0,23.24359816152331,True,10
58978,0,0.23187538811659592,184.0,3.0039395929087327,7.529568634023507,766.0,12.557452396585687,True,10
63430,0,0.22839731680045966,187.0,3.0531845042678922,42.23527933243217,230.0,3.7590282337491794,True,10
226784,1,0.21627532991319787,207.0,3.381483913328956,5.241294040824108,914.0,14.986868023637557,True,10
162161,0,0.21376330122305762,217.0,3.545633617859488,22.11535507165041,411.0,6.730137885751805,True,10
289633,1,0.2116491559254601,233.5,3.8164806303348655,45.990021605750506,218.5,3.570256073539068,True,10
1896,1,0.2116491559254601,233.5,3.8164806303348655,45.990021605750506,218.5,3.570256073539068,True,10
390708,0,0.20389148884438146,247.0,4.038082731451083,6.529129157736083,821.0,13.46027577150361,True,10
262691,0,0.20389148884438146,247.0,4.038082731451083,6.529129157736083,821.0,13.46027577150361,True,10
191835,0,0.20389148884438146,247.0,4.038082731451083,6.529129157736083,821.0,13.46027577150361,True,10
93005,0,0.19638515518585353,281.0,4.596191726854892,18.72335542057404,487.0,7.977675640183848,True,10
313466,0,0.1957423012674997,285.0,4.661851608667105,22.908248290463863,394.0,6.451083388049901,True,10
313526,1,0.1829550620150945,308.0,5.039395929087328,34.03845114844644,279.0,4.563361785948786,True,10
285720,0,0.17949593397475921,331.5,5.425147734734077,12.825148224038813,593.5,9.725869993434012,True,10
36507,0,0.17949593397475921,331.5,5.425147734734077,12.825148224038813,593.5,9.725869993434012,True,10
285778,0,0.17660580930761657,341.0,5.581089954038083,43.19471876810754,227.0,3.70978332239002,True,10
66009,1,0.17602428438950715,343.5,5.622127380170716,8.816007725460361,699.5,11.465856861457649,True,10
184827,0,0.17602428438950715,343.5,5.622127380170716,8.816007725460361,699.5,11.465856861457649,True,10
128299,0,0.1716303378241706,357.0,5.843729481286934,7.62887209474628,761.0,12.47537754432042,True,10
48510,0,0.1432203321031446,442.0,7.239001969796455,4.2695332531158465,987.0,16.18516086671044,True,10
399740,0,0.13617615672086736,464.5,7.608338804990151,14.230244379506333,561.5,9.20059093893631,True,10
47846,1,0.13617615672086736,464.5,7.608338804990151,14.230244379506333,561.5,9.20059093893631,True,10
343957,1,0.12489053325509507,511.0,8.371634931057125,3.9789898780465496,1007.0,16.513460275771504,True,10
203833,1,0.12428666375002821,513.5,8.412672357189757,11.196040221012932,630.5,10.33322390019698,True,10
170989,1,0.12428666375002821,513.5,8.412672357189757,11.196040221012932,630.5,10.33322390019698,True,10
290695,1,0.12204472569844146,521.0,8.535784635587657,22.364690576355862,406.0,6.648063033486539,True,10
289792,0,0.11006202649061893,580.5,9.51247537754432,10.127084362067116,674.5,11.05548260013132,True,10
391480,0,0.11006202649061893,580.5,9.51247537754432,10.127084362067116,674.5,11.05548260013132,True,10
219889,1,0.11006202649061893,580.5,9.51247537754432,10.127084362067116,674.5,11.05548260013132,True,10
68282,1,0.11006202649061893,580.5,9.51247537754432,10.127084362067116,674.5,11.05548260013132,True,10
366554,0,0.10274745219568697,626.0,10.25935653315824,10.52099264197423,649.0,10.636900853578464,True,10
261066,0,0.09933472560479922,639.0,10.472751149047932,22.580091907410132,401.0,6.5659881812212735,True,10
172121,0,0.09791621431097798,656.0,10.751805646749835,18.408248290463863,491.0,8.04333552199606,True,10
100208,0,0.09676702723839278,662.0,10.850295469468154,22.87474248180948,397.0,6.500328299409061,True,10
109865,0,0.09676702723839278,662.0,10.850295469468154,22.87474248180948,397.0,6.500328299409061,True,10
148971,0,0.09676702723839278,662.0,10.850295469468154,22.87474248180948,397.0,6.500328299409061,True,10
81391,0,0.09676702723839278,662.0,10.850295469468154,22.87474248180948,397.0,6.500328299409061,True,10
120553,0,0.09676702723839278,662.0,10.850295469468154,22.87474248180948,397.0,6.500328299409061,True,10
332971,0,0.08576479704530879,745.0,12.212738017071569,2.1496917554418253,1283.0,21.04399212081418,True,10
169838,0,0.084491560230009,747.5,12.253775443204201,7.229041480944585,787.5,12.91037426132633,True,10
342690,0,0.084491560230009,747.5,12.253775443204201,7.229041480944585,787.5,12.91037426132633,True,10
39528,0,0.08082951818782812,773.0,12.672357189757058,8.075532644785513,733.0,12.01575837163493,True,10
40164,1,0.07885236201791086,791.0,12.967826657912015,3.7526153414773056,1029.0,16.874589625738675,True,10
8325,0,0.0781249470405649,793.0,13.000656598818122,6.976868132522327,801.0,13.131976362442547,True,10
322211,0,0.07790921101245801,794.0,13.017071569271176,0.9525497468454762,1616.0,26.510177281680892,True,10
230568,0,0.07656303186480014,803.5,13.173013788575181,4.29321134401894,983.5,16.127708470124755,True,10
199997,0,0.07656303186480014,803.5,13.173013788575181,4.29321134401894,983.5,16.127708470124755,True,10
247881,0,0.07656303186480014,803.5,13.173013788575181,4.29321134401894,983.5,16.127708470124755,True,10
290814,0,0.07656303186480014,803.5,13.173013788575181,4.29321134401894,983.5,16.127708470124755,True,10
391776,0,0.07280078757599084,835.5,13.698292843072883,35.0777108132841,265.5,4.341759684832567,True,10
306730,0,0.07280078757599084,835.5,13.698292843072883,35.0777108132841,265.5,4.341759684832567,True,10
283765,0,0.07280078757599084,835.5,13.698292843072883,35.0777108132841,265.5,4.341759684832567,True,10
279813,0,0.07280078757599084,835.5,13.698292843072883,35.0777108132841,265.5,4.341759684832567,True,10
85109,0,0.06797021276933085,873.0,14.313854235062378,7.163688783574647,791.0,12.967826657912015,True,10
149527,0,0.06705127380244687,883.0,14.47800393959291,6.127084362067116,857.0,14.051214707813527,True,10
297277,0,0.06626651342964618,886.0,14.527248850952068,6.91324767052462,805.0,13.19763624425476,True,10
317023,0,0.06511511270336297,902.0,14.789888378200919,31.37457734292464,314.0,5.137885751805647,True,10
209943,0,0.06511500393417506,903.0,14.806303348653973,31.37445834943307,315.0,5.1543007222587,True,10
224828,0,0.06470112103255658,907.0,14.871963230466186,24.888911996422934,379.0,6.2048588312541035,True,10
56015,0,0.06465321412538728,909.0,14.904793171372292,2.4320044566731274,1248.0,20.469468154957323,True,10
197686,1,0.0643826839856995,914.0,14.986868023637557,3.0639975958531505,1146.0,18.795141168745896,True,10
301483,0,0.06302295182693926,919.5,15.07715036112935,3.209156059401902,1130.5,18.540709126723574,True,10
329750,0,0.06302295182693926,919.5,15.07715036112935,3.209156059401902,1130.5,18.540709126723574,True,10
377029,0,0.06204019627151019,926.0,15.183847669074195,2.632463136723668,1231.0,20.190413657255416,True,10
339975,1,0.058744292552603244,957.0,15.692711753118845,1.8573751509475203,1361.0,22.32435981615233,True,10
390519,0,0.057986553316248836,964.0,15.807616546290216,3.1892604323936857,1135.0,18.61457649376231,True,10
71351,0,0.05688969353773822,971.0,15.92252133946159,32.15962323814215,306.0,5.0065659881812214,True,10
383227,1,0.05466694538834513,991.0,16.250820748522653,33.419776225170345,293.0,4.79317137229153,True,10
136548,0,0.05466694538834513,991.0,16.250820748522653,33.419776225170345,293.0,4.79317137229153,True,10
67668,0,0.05466694538834513,991.0,16.250820748522653,33.419776225170345,293.0,4.79317137229153,True,10
193295,0,0.05466694538834513,991.0,16.250820748522653,33.419776225170345,293.0,4.79317137229153,True,10
397535,0,0.05466694538834513,991.0,16.250820748522653,33.419776225170345,293.0,4.79317137229153,True,10
6567,1,0.05373468567620841,1005.0,16.480630334865396,6.899988193087361,806.0,13.214051214707814,True,10
331797,0,0.05084739813501559,1037.0,17.0059093893631,1.1246128837219302,1554.0,25.492449113591597,True,10
373294,0,0.050259235259348105,1044.0,17.12081418253447,3.807097960093631,1023.0,16.776099803020355,True,10
260540,1,0.04707364908421285,1081.0,17.72816808929744,2.342806290802192,1258.0,20.633617859487853,True,10
166325,0,0.04648635228017774,1093.0,17.92514773473408,0.7437816364828438,1728.0,28.34865397242285,True,10
131953,0,0.046484187934321644,1094.0,17.94156270518713,6.461302122870707,825.0,13.525935653315823,True,10
36788,0,0.04554448587978342,1109.5,18.195994747209454,19.051603438357198,476.5,7.805318450426789,True,10
136297,0,0.04554448587978342,1109.5,18.195994747209454,19.051603438357198,476.5,7.805318450426789,True,10
164631,0,0.04438066493970693,1136.0,18.630991464215363,2.0533342723934975,1312.0,21.520026263952726,True,10
269262,0,0.042595952320259506,1158.0,18.992120814182535,2.369214335940052,1254.0,20.56795797767564,True,10
263416,0,0.04248241512328002,1160.0,19.02495075508864,1.9643393614162103,1333.0,21.864740643466842,True,10
203797,0,0.03835581077060107,1205.0,19.763624425476035,6.882077765428098,807.0,13.230466185160866,True,10
337937,0,0.03791396189149311,1211.5,19.87032173342088,2.516566720261364,1239.5,20.32994090610637,True,10
313600,0,0.03791396189149311,1211.5,19.87032173342088,2.516566720261364,1239.5,20.32994090610637,True,10
127300,0,0.036757598161753405,1223.0,20.05909389363099,1.339303884256946,1476.0,24.212081418253447,True,10
256429,0,0.034319740926114756,1279.5,20.986539724228496,6.175872873438873,855.5,14.026592252133947,True,10
118376,0,0.034319740926114756,1279.5,20.986539724228496,6.175872873438873,855.5,14.026592252133947,True,10
362262,0,0.03350689687349009,1294.0,21.224556795797767,13.670813924383955,570.0,9.340118187787262,True,10
253174,0,0.03350689687349009,1294.0,21.224556795797767,13.670813924383955,570.0,9.340118187787262,True,10
178314,0,0.03350689687349009,1294.0,21.224556795797767,13.670813924383955,570.0,9.340118187787262,True,10
327999,0,0.03350689687349009,1294.0,21.224556795797767,13.670813924383955,570.0,9.340118187787262,True,10
152811,0,0.03350689687349009,1294.0,21.224556795797767,13.670813924383955,570.0,9.340118187787262,True,10
185901,0,0.030494196119148425,1345.0,22.06172028890348,0.906249533125501,1635.0,26.822061720288904,True,10
242062,0,0.02913422971598328,1360.5,22.316152330925803,21.151450773803862,441.5,7.230794484569928,True,10
20208,0,0.02913422971598328,1360.5,22.316152330925803,21.151450773803862,441.5,7.230794484569928,True,10
99604,0,0.02913422971598328,1360.5,22.316152330925803,21.151450773803862,441.5,7.230794484569928,True,10
267213,0,0.02913422971598328,1360.5,22.316152330925803,21.151450773803862,441.5,7.230794484569928,True,10
357233,0,0.02814658771405759,1372.5,22.51313197636244,2.082847490840262,1305.5,21.41332895600788,True,10
44307,0,0.02814658771405759,1372.5,22.51313197636244,2.082847490840262,1305.5,21.41332895600788,True,10
368668,1,0.02741165629905951,1381.0,22.652659225213394,11.18390238045192,633.0,10.374261326329613,True,10
376156,0,0.02741165629905951,1381.0,22.652659225213394,11.18390238045192,633.0,10.374261326329613,True,10
46257,0,0.02741165629905951,1381.0,22.652659225213394,11.18390238045192,633.0,10.374261326329613,True,10
153423,0,0.027234871068043523,1388.0,22.767564018384768,2.506959044361752,1242.0,20.370978332239,True,10
237079,0,0.027234871068043523,1388.0,22.767564018384768,2.506959044361752,1242.0,20.370978332239,True,10
194808,0,0.027234871068043523,1388.0,22.767564018384768,2.506959044361752,1242.0,20.370978332239,True,10
80245,0,0.02404402667540097,1424.0,23.358502954694682,2.701875413234623,1209.0,19.829284307288248,True,10
249371,0,0.023787998951063302,1428.0,23.424162836506895,17.270087238471955,502.0,8.223900196979645,True,10
3543,0,0.022549961522173447,1449.0,23.76887721602101,0.9245484224091114,1632.0,26.772816808929743,True,10
306328,0,0.02192027164517701,1461.0,23.96585686145765,0.31772529870541877,2122.0,34.8161523309258,True,10
132442,0,0.021810692750731383,1473.5,24.171043992120815,16.946908267318285,511.5,8.379842416283651,True,10
170325,1,0.021810692750731383,1473.5,24.171043992120815,16.946908267318285,511.5,8.379842416283651,True,10
275188,0,0.021810692750731383,1473.5,24.171043992120815,16.946908267318285,511.5,8.379842416283651,True,10
82933,0,0.021810692750731383,1473.5,24.171043992120815,16.946908267318285,511.5,8.379842416283651,True,10
199796,0,0.021810692750731383,1473.5,24.171043992120815,16.946908267318285,511.5,8.379842416283651,True,10
258242,0,0.021810692750731383,1473.5,24.171043992120815,16.946908267318285,511.5,8.379842416283651,True,10
85871,0,0.021810692750731383,1473.5,24.171043992120815,16.946908267318285,511.5,8.379842416283651,True,10
273211,0,0.021810692750731383,1473.5,24.171043992120815,16.946908267318285,511.5,8.379842416283651,True,10
201457,0,0.021810692750731383,1473.5,24.171043992120815,16.946908267318285,511.5,8.379842416283651,True,10
249381,0,0.021810692750731383,1473.5,24.171043992120815,16.946908267318285,511.5,8.379842416283651,True,10
207483,0,0.021810692750731383,1473.5,24.171043992120815,16.946908267318285,511.5,8.379842416283651,True,10
396053,0,0.021810692750731383,1473.5,24.171043992120815,16.946908267318285,511.5,8.379842416283651,True,10
166915,1,0.021810692750731383,1473.5,24.171043992120815,16.946908267318285,511.5,8.379842416283651,True,10
329494,1,0.021810692750731383,1473.5,24.171043992120815,16.946908267318285,511.5,8.379842416283651,True,10
191315,1,0.021810692750731383,1473.5,24.171043992120815,16.946908267318285,511.5,8.379842416283651,True,10
398991,0,0.021810692750731383,1473.5,24.171043992120815,16.946908267318285,511.5,8.379842416283651,True,10
362543,0,0.021100148589154207,1487.0,24.392646093237033,2.8816704778243025,1188.0,19.48456992777413,True,10
300937,0,0.018716331326480297,1531.0,25.114904793171373,0.5802062711208892,1843.0,30.236375574523965,True,10
200652,0,0.01746942676892018,1554.0,25.492449113591597,1.6595955430474172,1391.0,22.816808929743928,True,10
64488,0,0.01746942676892018,1554.0,25.492449113591597,1.6595955430474172,1391.0,22.816808929743928,True,10
62514,0,0.01746942676892018,1554.0,25.492449113591597,1.6595955430474172,1391.0,22.816808929743928,True,10
233391,0,0.01746942676892018,1554.0,25.492449113591597,1.6595955430474172,1391.0,22.816808929743928,True,10
131349,0,0.01612914531853847,1586.5,26.025935653315823,1.6918525859186357,1382.5,22.677281680892975,True,10
246722,0,0.01612914531853847,1586.5,26.025935653315823,1.6918525859186357,1382.5,22.677281680892975,True,10
346750,0,0.015081916635344647,1609.0,26.39527248850952,1.100979914380159,1560.0,25.590938936309914,True,10
56502,1,0.01473435675824744,1617.0,26.526592252133945,0.7956552649453618,1700.0,27.88903479973736,True,10
57064,0,0.014469108776671537,1625.5,26.666119500984898,0.31086805370129145,2132.5,34.98850952068286,True,10
63709,0,0.014469108776671537,1625.5,26.666119500984898,0.31086805370129145,2132.5,34.98850952068286,True,10
5261,0,0.014153870111225354,1636.0,26.838476690741956,7.197083482540997,790.0,12.951411687458963,True,10
281923,0,0.013804670224750234,1642.0,26.936966513460277,1.4632950438235248,1440.0,23.621142481943533,True,10
292538,0,0.013804670224750234,1642.0,26.936966513460277,1.4632950438235248,1440.0,23.621142481943533,True,10
374405,0,0.013804670224750234,1642.0,26.936966513460277,1.4632950438235248,1440.0,23.621142481943533,True,10
372364,0,0.01372963104978442,1648.0,27.035456336178594,2.0045261332685254,1326.0,21.74983585029547,True,10
371614,0,0.013597965705382421,1657.5,27.1913985554826,1.0383071124636345,1573.5,25.812541037426133,True,10
268388,0,0.013597965705382421,1657.5,27.1913985554826,1.0383071124636345,1573.5,25.812541037426133,True,10
305378,0,0.013446300613084373,1702.5,27.930072225869992,7.261002331065561,782.5,12.828299409061064,True,10
233400,0,0.013446300613084373,1702.5,27.930072225869992,7.261002331065561,782.5,12.828299409061064,True,10
137842,0,0.013446300613084373,1702.5,27.930072225869992,7.261002331065561,782.5,12.828299409061064,True,10
110244,0,0.013446300613084373,1702.5,27.930072225869992,7.261002331065561,782.5,12.828299409061064,True,10
69446,0,0.013446300613084373,1702.5,27.930072225869992,7.261002331065561,782.5,12.828299409061064,True,10
310825,0,0.013446300613084373,1702.5,27.930072225869992,7.261002331065561,782.5,12.828299409061064,True,10
55750,0,0.013446300613084373,1702.5,27.930072225869992,7.261002331065561,782.5,12.828299409061064,True,10
353473,0,0.013446300613084373,1702.5,27.930072225869992,7.261002331065561,782.5,12.828299409061064,True,10
148797,0,0.013375617494817223,1710.0,28.053184504267893,1.1941981239729236,1529.0,25.082074852265265,True,10
339761,1,0.0118139847720099,1770.5,29.04629021667761,0.23627969544019797,2240.5,36.76132632961261,True,10
44819,0,0.011563325253405822,1798.0,29.497701904136573,0.3592027556364292,2088.0,34.258043335522,True,10
48433,0,0.010978858476709775,1815.5,29.784963887065004,5.928583577423279,878.5,14.404136572554169,True,10
345778,0,0.010978858476709775,1815.5,29.784963887065004,5.928583577423279,878.5,14.404136572554169,True,10
30772,1,0.010044135622557696,1845.0,30.269205515430073,0.41180956052486556,2025.0,33.22390019697964,True,10
133192,0,0.008479499924587465,1898.0,31.13919894944189,0.6351865638971019,1806.0,29.629021667761,True,10
129351,0,0.008034788403898345,1917.0,31.451083388049902,0.8519010609725842,1669.0,27.38017071569271,True,10
46886,0,0.007146444292448017,1953.0,32.04202232435981,0.6789122077825616,1765.0,28.95600787918582,True,10
281587,0,0.006181754007657228,2009.0,32.96126066973079,0.5570632027214739,1860.0,30.51543007222587,True,10
258145,0,0.005173260912658989,2065.0,33.880499015101776,0.17475459494516976,2364.0,38.78857518056468,True,10
263886,0,0.005064088247333697,2075.5,34.052856204858834,1.9091612692448041,1348.5,22.119172685489165,True,10
382178,1,0.005064088247333697,2075.5,34.052856204858834,1.9091612692448041,1348.5,22.119172685489165,True,10
39121,0,0.005064088247333697,2075.5,34.052856204858834,1.9091612692448041,1348.5,22.119172685489165,True,10
311871,0,0.005064088247333697,2075.5,34.052856204858834,1.9091612692448041,1348.5,22.119172685489165,True,10
347413,0,0.004495558801092458,2095.0,34.372948128693366,0.8137853725261945,1687.0,27.67564018384767,True,10
181683,0,0.0038417973504644,2127.5,34.906434668417596,0.7203645836149786,1742.5,28.58667104399212,True,10
220605,0,0.0038417973504644,2127.5,34.906434668417596,0.7203645836149786,1742.5,28.58667104399212,True,10
120503,1,0.0033410089715545555,2167.0,35.554826001313195,0.6886464536782928,1759.0,28.857518056467498,True,10
363623,0,0.0020578651160390207,2288.0,37.54103742613263,0.08855115959040324,2551.0,41.85817465528562,True,10
182549,0,0.0012626693387669606,2389.0,39.198949441891,0.9810940762219283,1599.0,26.23112278397899,True,10
363283,0,0.0012626693387669606,2389.0,39.198949441891,0.9810940762219283,1599.0,26.23112278397899,True,10
153744,0,0.0012626693387669606,2389.0,39.198949441891,0.9810940762219283,1599.0,26.23112278397899,True,10
394605,0,0.0012626693387669606,2389.0,39.198949441891,0.9810940762219283,1599.0,26.23112278397899,True,10
159629,0,0.0012626693387669606,2389.0,39.198949441891,0.9810940762219283,1599.0,26.23112278397899,True,10
349777,0,0.0012626693387669606,2389.0,39.198949441891,0.9810940762219283,1599.0,26.23112278397899,True,10
94406,0,0.0012626693387669606,2389.0,39.198949441891,0.9810940762219283,1599.0,26.23112278397899,True,10
245400,0,0.0012626693387669606,2389.0,39.198949441891,0.9810940762219283,1599.0,26.23112278397899,True,10
100122,0,0.0012626693387669606,2389.0,39.198949441891,0.9810940762219283,1599.0,26.23112278397899,True,10
183758,0,0.0012432733412178257,2395.0,39.297439264609324,0.14969899155863323,2414.0,39.609323703217335,True,10
163169,0,0.0010309651979454957,2433.0,39.921208141825346,0.8010599588036502,1696.0,27.823374917925147,True,10
392890,0,0.0010309651979454957,2433.0,39.921208141825346,0.8010599588036502,1696.0,27.823374917925147,True,10
355922,0,0.0010309651979454957,2433.0,39.921208141825346,0.8010599588036502,1696.0,27.823374917925147,True,10
319119,0,5.1576492542441466e-05,2837.0,46.552856204858834,0.019960102613924845,2805.0,46.02757715036113,True,10
4917,0,0.0,4569.0,74.98358502954694,0.0,4569.0,74.98358502954694,True,10
240791,0,0.0,4569.0,74.98358502954694,0.0,4569.0,74.98358502954694,True,10
84834,0,0.0,4569.0,74.98358502954694,0.0,4569.0,74.98358502954694,True,10
309949,0,0.0,4569.0,74.98358502954694,0.0,4569.0,74.98358502954694,True,10
232389,0,0.0,4569.0,74.98358502954694,0.0,4569.0,74.98358502954694,True,10
380327,0,0.0,4569.0,74.98358502954694,0.0,4569.0,74.98358502954694,True,10
254798,0,0.0,4569.0,74.98358502954694,0.0,4569.0,74.98358502954694,True,10
231643,0,0.0,4569.0,74.98358502954694,0.0,4569.0,74.98358502954694,True,10
246529,0,0.0,4569.0,74.98358502954694,0.0,4569.0,74.98358502954694,True,10
257507,0,0.0,4569.0,74.98358502954694,0.0,4569.0,74.98358502954694,True,10
3262,0,0.0,4569.0,74.98358502954694,0.0,4569.0,74.98358502954694,True,10
96333,0,0.0,4569.0,74.98358502954694,0.0,4569.0,74.98358502954694,True,10
187549,0,0.0,4569.0,74.98358502954694,0.0,4569.0,74.98358502954694,True,10
236018,0,0.0,4569.0,74.98358502954694,0.0,4569.0,74.98358502954694,True,10
326177,0,0.2958257713248639,46.5,0.5271084337349398,13.0,1096.0,12.685356811862835,True,15
164848,0,0.2958257713248639,46.5,0.5271084337349398,13.0,1096.0,12.685356811862835,True,15
217484,1,0.25480769230769235,69.0,0.7877664504170528,18.0,906.0,10.484244670991659,True,15
131964,0,0.25095245535518124,72.0,0.8225208526413346,10.968675399338007,1215.0,14.063948100092679,True,15
85048,0,0.23156454028608295,90.0,1.0310472659870251,40.08851832957107,530.0,6.128359592215014,True,15
124455,0,0.2291850724981698,94.0,1.077386468952734,10.18714771688494,1253.0,14.504170528266913,True,15
211074,1,0.22676431313527548,98.0,1.123725671918443,51.650291551505724,443.0,5.120481927710843,True,15
246,0,0.21172057139566208,127.0,1.4596848934198332,48.507359934706166,458.0,5.294253938832252,True,15
316056,0,0.20540158780536985,143.0,1.6450417052826691,21.49602464566739,800.0,9.25625579240037,True,15
249399,0,0.19999999999999998,153.5,1.7666821130676553,10.0,1283.0,14.851714550509731,True,15
52345,0,0.19999999999999998,153.5,1.7666821130676553,10.0,1283.0,14.851714550509731,True,15
367166,0,0.19818056706956677,161.0,1.8535681186283597,33.49496894347001,592.0,6.846617238183503,True,15
125265,1,0.18261789248205068,191.5,2.2069045412418906,21.984337699669005,794.5,9.19253938832252,True,15
92214,0,0.18261789248205068,191.5,2.2069045412418906,21.984337699669005,794.5,9.19253938832252,True,15
16349,0,0.1735327587049374,207.0,2.386468952734013,5.812052396028053,1667.0,19.300278035217794,True,15
273621,0,0.1557192196383908,272.0,3.139481000926784,16.330361710336845,929.0,10.750695088044486,True,15
237605,1,0.1413834114357739,311.5,3.5970806302131604,12.999999999999998,1099.5,12.725903614457831,True,15
392621,0,0.1413834114357739,311.5,3.5970806302131604,12.999999999999998,1099.5,12.725903614457831,True,15
278891,0,0.1400539291022748,317.0,3.66079703429101,14.147872539991019,1040.0,12.03660797034291,True,15
153446,0,0.1351183685671736,336.0,3.880908248378128,4.729578645473616,1801.0,20.852641334569046,True,15
345772,0,0.13384825534340955,340.0,3.927247451343837,15.147872539991017,990.0,11.457367933271549,True,15
227944,0,0.11270080495583483,462.0,5.340593141797961,23.188317606139925,751.0,8.688600556070435,True,15
149923,0,0.11270080495583483,462.0,5.340593141797961,23.188317606139925,751.0,8.688600556070435,True,15
215997,0,0.11270080495583483,462.0,5.340593141797961,23.188317606139925,751.0,8.688600556070435,True,15
101098,0,0.10800385728061718,510.0,5.896663577386469,6.0,1615.0,18.697868396663576,True,15
232075,0,0.10800385728061718,510.0,5.896663577386469,6.0,1615.0,18.697868396663576,True,15
174849,0,0.10800385728061718,510.0,5.896663577386469,6.0,1615.0,18.697868396663576,True,15
134937,0,0.1065496125683005,514.5,5.948795180722891,5.088393935499535,1753.5,20.302363299351253,True,15
213285,0,0.1065496125683005,514.5,5.948795180722891,5.088393935499535,1753.5,20.302363299351253,True,15
262584,0,0.10516428415267139,524.0,6.058850787766451,3.9373507986760172,1899.0,21.987951807228917,True,15
358321,0,0.10196515981584067,537.5,6.215245597775718,12.68842903388956,1108.5,12.830166821130677,True,15
355640,0,0.10196515981584067,537.5,6.215245597775718,12.68842903388956,1108.5,12.830166821130677,True,15
346509,0,0.10142506901285808,547.0,6.325301204819277,4.32554190069801,1836.0,21.258109360519,True,15
176792,0,0.10046897060422626,558.0,6.452734012974977,174.5150523757654,171.0,1.9694161260426322,True,15
97864,0,0.10004177538252057,572.0,6.614921223354958,5.294387715229857,1715.0,19.856348470806303,True,15
61713,0,0.0977730351862391,598.0,6.916126042632067,12.863575137196534,1103.0,12.766450417052827,True,15
307173,0,0.09746326924444121,604.0,6.985634847080631,19.055593709585935,868.0,10.044022242817423,True,15
360108,0,0.09312066508312387,636.5,7.362140871177016,9.344112520624693,1337.5,15.483086190917517,True,15
180346,0,0.09312066508312387,636.5,7.362140871177016,9.344112520624693,1337.5,15.483086190917517,True,15
113795,0,0.09312066508312387,636.5,7.362140871177016,9.344112520624693,1337.5,15.483086190917517,True,15
380357,0,0.09312066508312387,636.5,7.362140871177016,9.344112520624693,1337.5,15.483086190917517,True,15
392139,0,0.09134615384615385,662.0,7.657553290083411,9.5,1329.0,15.384615384615385,True,15
62989,0,0.08996341947350144,673.0,7.78498609823911,5.1582301431419815,1721.0,19.925857275254867,True,15
397351,0,0.08687070879801113,696.0,8.051436515291938,117.5950131587906,269.0,3.104726598702502,True,15
306053,0,0.08256776242544663,792.5,9.169369786839667,214.80987347608462,139.5,1.6044949026876738,True,15
326738,0,0.08256776242544663,792.5,9.169369786839667,214.80987347608462,139.5,1.6044949026876738,True,15
123116,0,0.08256776242544663,792.5,9.169369786839667,214.80987347608462,139.5,1.6044949026876738,True,15
109573,0,0.08256776242544663,792.5,9.169369786839667,214.80987347608462,139.5,1.6044949026876738,True,15
276196,0,0.08121602928817485,810.0,9.372103799814644,258.39742373628974,79.0,0.9036144578313253,True,15
262853,0,0.08121602928817485,810.0,9.372103799814644,258.39742373628974,79.0,0.9036144578313253,True,15
291233,1,0.08121602928817485,810.0,9.372103799814644,258.39742373628974,79.0,0.9036144578313253,True,15
116481,0,0.0809412868289831,829.5,9.598007414272475,260.9873070811748,70.5,0.8051436515291936,True,15
18966,0,0.0809412868289831,829.5,9.598007414272475,260.9873070811748,70.5,0.8051436515291936,True,15
327595,0,0.08085535740245352,831.0,9.615384615384615,176.4375691525616,169.0,1.9462465245597775,True,15
326809,0,0.07515871965112084,879.0,10.171455050973123,5.484337699669004,1692.0,19.589898053753476,True,15
103667,0,0.07416368203824222,891.0,10.31047265987025,179.0259775999257,163.0,1.876737720111214,True,15
361955,0,0.06710715261317991,986.5,11.416821130676553,271.89554750743724,36.5,0.4112604263206673,True,15
217924,0,0.06710715261317991,986.5,11.416821130676553,271.89554750743724,36.5,0.4112604263206673,True,15
80424,0,0.06710715261317991,986.5,11.416821130676553,271.89554750743724,36.5,0.4112604263206673,True,15
108489,0,0.06710715261317991,986.5,11.416821130676553,271.89554750743724,36.5,0.4112604263206673,True,15
255965,0,0.06572214963301347,1006.0,11.642724745134384,283.74886710664254,3.0,0.023169601482854494,True,15
297681,0,0.06572214963301347,1006.0,11.642724745134384,283.74886710664254,3.0,0.023169601482854494,True,15
368225,0,0.06572214963301347,1006.0,11.642724745134384,283.74886710664254,3.0,0.023169601482854494,True,15
98685,0,0.06572214963301347,1006.0,11.642724745134384,283.74886710664254,3.0,0.023169601482854494,True,15
305983,0,0.06572214963301347,1006.0,11.642724745134384,283.74886710664254,3.0,0.023169601482854494,True,15
264824,0,0.06525585458048344,1012.5,11.718025949953661,180.12305825541145,161.5,1.8593605189990732,True,15
379770,0,0.06525585458048344,1012.5,11.718025949953661,180.12305825541145,161.5,1.8593605189990732,True,15
5810,0,0.06444854495829008,1029.0,11.90917516218721,2.666666666666666,2306.5,26.70875810936052,True,15
363224,0,0.06370761177975735,1042.5,12.065569972196478,257.39742373628974,87.5,1.002085264133457,True,15
240447,0,0.06370761177975735,1042.5,12.065569972196478,257.39742373628974,87.5,1.002085264133457,True,15
245643,0,0.06344488929296424,1044.0,12.08294717330862,154.58350080977974,209.0,2.4096385542168677,True,15
336356,0,0.06325594059637885,1051.0,12.16404077849861,256.89742373628974,100.0,1.1468952734012976,True,15
235305,0,0.0630874929634059,1052.0,12.175625579240037,4.697518417042501,1803.0,20.8758109360519,True,15
96504,0,0.061153333363409966,1113.5,12.888090824837812,256.39742373628974,101.5,1.1642724745134383,True,15
74590,0,0.061153333363409966,1113.5,12.888090824837812,256.39742373628974,101.5,1.1642724745134383,True,15
88000,0,0.059401334585619185,1151.0,13.322520852641334,280.82922413422216,20.0,0.2201112140871177,True,15
11088,0,0.059401334585619185,1151.0,13.322520852641334,280.82922413422216,20.0,0.2201112140871177,True,15
303101,0,0.059401334585619185,1151.0,13.322520852641334,280.82922413422216,20.0,0.2201112140871177,True,15
246199,0,0.059401334585619185,1151.0,13.322520852641334,280.82922413422216,20.0,0.2201112140871177,True,15
50972,0,0.059401334585619185,1151.0,13.322520852641334,280.82922413422216,20.0,0.2201112140871177,True,15
139420,0,0.059401334585619185,1151.0,13.322520852641334,280.82922413422216,20.0,0.2201112140871177,True,15
149874,0,0.059401334585619185,1151.0,13.322520852641334,280.82922413422216,20.0,0.2201112140871177,True,15
351782,0,0.059401334585619185,1151.0,13.322520852641334,280.82922413422216,20.0,0.2201112140871177,True,15
265106,0,0.059401334585619185,1151.0,13.322520852641334,280.82922413422216,20.0,0.2201112140871177,True,15
41684,0,0.059401334585619185,1151.0,13.322520852641334,280.82922413422216,20.0,0.2201112140871177,True,15
178355,0,0.059401334585619185,1151.0,13.322520852641334,280.82922413422216,20.0,0.2201112140871177,True,15
282457,0,0.059401334585619185,1151.0,13.322520852641334,280.82922413422216,20.0,0.2201112140871177,True,15
134710,0,0.059401334585619185,1151.0,13.322520852641334,280.82922413422216,20.0,0.2201112140871177,True,15
190651,0,0.059401334585619185,1151.0,13.322520852641334,280.82922413422216,20.0,0.2201112140871177,True,15
37702,0,0.059401334585619185,1151.0,13.322520852641334,280.82922413422216,20.0,0.2201112140871177,True,15
149606,0,0.059401334585619185,1151.0,13.322520852641334,280.82922413422216,20.0,0.2201112140871177,True,15
203187,0,0.059401334585619185,1151.0,13.322520852641334,280.82922413422216,20.0,0.2201112140871177,True,15
295846,0,0.059401334585619185,1151.0,13.322520852641334,280.82922413422216,20.0,0.2201112140871177,True,15
319896,0,0.059401334585619185,1151.0,13.322520852641334,280.82922413422216,20.0,0.2201112140871177,True,15
242023,0,0.059401334585619185,1151.0,13.322520852641334,280.82922413422216,20.0,0.2201112140871177,True,15
34621,0,0.059401334585619185,1151.0,13.322520852641334,280.82922413422216,20.0,0.2201112140871177,True,15
366444,0,0.059401334585619185,1151.0,13.322520852641334,280.82922413422216,20.0,0.2201112140871177,True,15
377291,0,0.059401334585619185,1151.0,13.322520852641334,280.82922413422216,20.0,0.2201112140871177,True,15
94257,0,0.059401334585619185,1151.0,13.322520852641334,280.82922413422216,20.0,0.2201112140871177,True,15
254908,0,0.059401334585619185,1151.0,13.322520852641334,280.82922413422216,20.0,0.2201112140871177,True,15
153062,0,0.059401334585619185,1151.0,13.322520852641334,280.82922413422216,20.0,0.2201112140871177,True,15
322019,0,0.059401334585619185,1151.0,13.322520852641334,280.82922413422216,20.0,0.2201112140871177,True,15
168682,0,0.059401334585619185,1151.0,13.322520852641334,280.82922413422216,20.0,0.2201112140871177,True,15
100335,0,0.059401334585619185,1151.0,13.322520852641334,280.82922413422216,20.0,0.2201112140871177,True,15
126191,0,0.05812272227328869,1191.0,13.785912882298424,257.5361697683684,86.0,0.9847080630213161,True,15
165004,0,0.0575316315630616,1200.0,13.89017608897127,258.32922413422216,81.0,0.9267840593141798,True,15
341253,0,0.057173947770872105,1206.0,13.959684893419833,257.77668683248555,85.0,0.9731232622798888,True,15
31330,0,0.05635160158427697,1224.0,14.168211306765524,229.58878171993786,132.0,1.5176088971269694,True,15
248284,0,0.05419293975409589,1252.0,14.492585727525487,258.31479442749554,83.0,0.9499536607970342,True,15
48466,0,0.05419293975409589,1252.0,14.492585727525487,258.31479442749554,83.0,0.9499536607970342,True,15
206365,0,0.05419293975409589,1252.0,14.492585727525487,258.31479442749554,83.0,0.9499536607970342,True,15
384775,0,0.0536387308980355,1261.5,14.602641334569045,259.33477453496573,74.5,0.8514828544949027,True,15
369727,0,0.0536387308980355,1261.5,14.602641334569045,259.33477453496573,74.5,0.8514828544949027,True,15
280953,0,0.0536387308980355,1261.5,14.602641334569045,259.33477453496573,74.5,0.8514828544949027,True,15
252107,0,0.0536387308980355,1261.5,14.602641334569045,259.33477453496573,74.5,0.8514828544949027,True,15
223760,0,0.0536387308980355,1261.5,14.602641334569045,259.33477453496573,74.5,0.8514828544949027,True,15
89655,0,0.0536387308980355,1261.5,14.602641334569045,259.33477453496573,74.5,0.8514828544949027,True,15
95459,0,0.05313023817958287,1280.5,14.822752548656164,269.6856419921955,47.5,0.538693234476367,True,15
342092,0,0.05313023817958287,1280.5,14.822752548656164,269.6856419921955,47.5,0.538693234476367,True,15
360911,0,0.05313023817958287,1280.5,14.822752548656164,269.6856419921955,47.5,0.538693234476367,True,15
225792,0,0.05313023817958287,1280.5,14.822752548656164,269.6856419921955,47.5,0.538693234476367,True,15
318981,0,0.05313023817958287,1280.5,14.822752548656164,269.6856419921955,47.5,0.538693234476367,True,15
283875,0,0.05313023817958287,1280.5,14.822752548656164,269.6856419921955,47.5,0.538693234476367,True,15
378144,0,0.05313023817958287,1280.5,14.822752548656164,269.6856419921955,47.5,0.538693234476367,True,15
216067,0,0.05313023817958287,1280.5,14.822752548656164,269.6856419921955,47.5,0.538693234476367,True,15
184715,0,0.05313023817958287,1280.5,14.822752548656164,269.6856419921955,47.5,0.538693234476367,True,15
342185,0,0.05313023817958287,1280.5,14.822752548656164,269.6856419921955,47.5,0.538693234476367,True,15
37499,0,0.05313023817958287,1280.5,14.822752548656164,269.6856419921955,47.5,0.538693234476367,True,15
263996,0,0.05313023817958287,1280.5,14.822752548656164,269.6856419921955,47.5,0.538693234476367,True,15
342958,0,0.05313023817958287,1280.5,14.822752548656164,269.6856419921955,47.5,0.538693234476367,True,15
118917,0,0.05313023817958287,1280.5,14.822752548656164,269.6856419921955,47.5,0.538693234476367,True,15
379471,0,0.05313023817958287,1280.5,14.822752548656164,269.6856419921955,47.5,0.538693234476367,True,15
232760,0,0.05313023817958287,1280.5,14.822752548656164,269.6856419921955,47.5,0.538693234476367,True,15
254853,0,0.05313023817958287,1280.5,14.822752548656164,269.6856419921955,47.5,0.538693234476367,True,15
273925,0,0.05313023817958287,1280.5,14.822752548656164,269.6856419921955,47.5,0.538693234476367,True,15
147665,0,0.05062603764407325,1336.0,15.465708989805375,186.3057016697484,156.0,1.7956441149212234,True,15
85068,0,0.050451843715521284,1341.0,15.523632993512512,2.4216884983450218,2371.0,27.455977757182577,True,15
376020,0,0.049375222300031774,1367.0,15.82483781278962,176.75863748710532,168.0,1.9346617238183503,True,15
184326,0,0.04895119179853262,1378.0,15.95227062094532,5.090923947047393,1752.0,20.28498609823911,True,15
173969,0,0.04856310683491776,1386.0,16.044949026876736,187.44639273337415,155.0,1.784059314179796,True,15
255823,0,0.048132794348734464,1391.0,16.102873030583876,9.287226797874693,1345.0,15.56997219647822,True,15
53633,0,0.047900926361485296,1396.0,16.16079703429101,133.45283923765027,241.0,2.7803521779425395,True,15
158461,0,0.04768575807551973,1398.0,16.183966635773864,0.9686753993380087,3126.0,36.20250231696015,True,15
50116,0,0.04765424770787224,1400.0,16.20713623725672,7.2287026897631215,1471.0,17.029657089898055,True,15
130625,0,0.04754116821611762,1403.0,16.241890639481,8.15712085228636,1393.0,16.126042632066728,True,15
278122,0,0.04741110402980968,1405.0,16.265060240963855,190.5608255402999,152.0,1.7493049119555144,True,15
374453,0,0.0464942182409143,1412.0,16.346153846153847,189.64537584086565,153.0,1.7608897126969416,True,15
354164,0,0.04642929555087523,1414.5,16.375115848007415,262.8464614809641,67.5,0.7703892493049119,True,15
114135,0,0.04642929555087523,1414.5,16.375115848007415,262.8464614809641,67.5,0.7703892493049119,True,15
265267,0,0.04642929555087523,1414.5,16.375115848007415,262.8464614809641,67.5,0.7703892493049119,True,15
276092,0,0.04642929555087523,1414.5,16.375115848007415,262.8464614809641,67.5,0.7703892493049119,True,15
131170,0,0.046061520053693926,1422.0,16.46200185356812,3.6759600424597805,2006.0,23.227525486561632,True,15
45491,0,0.04523162914217902,1435.0,16.612604263206673,195.28307576893565,151.0,1.7377201112140872,True,15
382172,0,0.04489905066251669,1447.5,16.757414272474513,256.38176143595877,103.5,1.187442075996293,True,15
372755,0,0.04489905066251669,1447.5,16.757414272474513,256.38176143595877,103.5,1.187442075996293,True,15
116653,0,0.04394488635359426,1463.0,16.936978683966636,178.02428099635728,165.0,1.8999073215940685,True,15
93605,0,0.042318567409144026,1490.0,17.24976830398517,7.847089649021808,1419.0,16.42724745134384,True,15
263097,0,0.04204473222723625,1494.0,17.29610750695088,178.10423581922828,164.0,1.8883225208526413,True,15
288322,0,0.04157683378821602,1510.5,17.48725671918443,221.0847855299395,133.5,1.5349860982391104,True,15
248744,0,0.04157683378821602,1510.5,17.48725671918443,221.0847855299395,133.5,1.5349860982391104,True,15
314420,0,0.04153483225466912,1539.0,17.817423540315108,266.9469518230739,61.0,0.6950880444856349,True,15
344458,0,0.04153483225466912,1539.0,17.817423540315108,266.9469518230739,61.0,0.6950880444856349,True,15
308851,0,0.04153483225466912,1539.0,17.817423540315108,266.9469518230739,61.0,0.6950880444856349,True,15
27271,0,0.04153483225466912,1539.0,17.817423540315108,266.9469518230739,61.0,0.6950880444856349,True,15
80193,0,0.04153483225466912,1539.0,17.817423540315108,266.9469518230739,61.0,0.6950880444856349,True,15
26426,0,0.04153483225466912,1539.0,17.817423540315108,266.9469518230739,61.0,0.6950880444856349,True,15
307599,0,0.04153483225466912,1539.0,17.817423540315108,266.9469518230739,61.0,0.6950880444856349,True,15
153416,0,0.04153483225466912,1539.0,17.817423540315108,266.9469518230739,61.0,0.6950880444856349,True,15
370926,0,0.04153483225466912,1539.0,17.817423540315108,266.9469518230739,61.0,0.6950880444856349,True,15
140927,0,0.04111374359802849,1549.0,17.93327154772938,154.20379830527494,210.0,2.4212233549582947,True,15
313017,0,0.040828499984764795,1567.0,18.14179796107507,4.246163998415539,1845.0,21.362372567191844,True,15
153369,0,0.04047619047619048,1577.0,18.257645968489342,4.0,1870.0,21.651992585727527,True,15
74355,0,0.04047619047619048,1577.0,18.257645968489342,4.0,1870.0,21.651992585727527,True,15
271962,0,0.04047619047619048,1577.0,18.257645968489342,4.0,1870.0,21.651992585727527,True,15
224347,0,0.03919260152303901,1611.0,18.65152919369787,143.4533178274759,215.0,2.479147358665431,True,15
110936,0,0.03814139862399736,1629.0,18.86005560704356,219.75527212138687,136.0,1.5639481000926785,True,15
170612,0,0.03814139862399736,1629.0,18.86005560704356,219.75527212138687,136.0,1.5639481000926785,True,15
370207,0,0.03814139862399736,1629.0,18.86005560704356,219.75527212138687,136.0,1.5639481000926785,True,15
343196,0,0.03796324423072523,1633.5,18.912187210379983,205.11064116527177,142.5,1.6392493049119554,True,15
184745,0,0.03796324423072523,1633.5,18.912187210379983,205.11064116527177,142.5,1.6392493049119554,True,15
4477,0,0.03768272589835481,1640.0,18.98748841519926,138.0102162004894,228.0,2.629749768303985,True,15
60526,0,0.037535531444160226,1642.0,19.010658016682115,10.259607781503338,1248.0,14.446246524559777,True,15
299074,0,0.03691389532838303,1659.0,19.207599629286378,200.3143786336737,147.0,1.6913809082483782,True,15
253848,0,0.03691389532838303,1659.0,19.207599629286378,200.3143786336737,147.0,1.6913809082483782,True,15
396596,0,0.03691389532838303,1659.0,19.207599629286378,200.3143786336737,147.0,1.6913809082483782,True,15
15540,0,0.03691389532838303,1659.0,19.207599629286378,200.3143786336737,147.0,1.6913809082483782,True,15
55233,0,0.03691389532838303,1659.0,19.207599629286378,200.3143786336737,147.0,1.6913809082483782,True,15
128123,0,0.03691389532838303,1659.0,19.207599629286378,200.3143786336737,147.0,1.6913809082483782,True,15
18136,0,0.03691389532838303,1659.0,19.207599629286378,200.3143786336737,147.0,1.6913809082483782,True,15
146474,0,0.03678044187406121,1669.0,19.32344763670065,114.09755359269793,280.0,3.232159406858202,True,15
182206,0,0.036413022883485385,1675.0,19.392956441149213,7.75268591602713,1425.0,16.496756255792402,True,15
230472,0,0.03575989782886335,1688.0,19.543558850787768,1.0,2953.0,34.19833178869323,True,15
163756,0,0.034420971927696276,1713.0,19.833178869323447,3.3903638976830304,2041.0,23.632993512511586,True,15
332969,0,0.034082805640863745,1716.5,19.873725671918443,6.650980015837989,1544.5,17.881139944392956,True,15
310776,0,0.034082805640863745,1716.5,19.873725671918443,6.650980015837989,1544.5,17.881139944392956,True,15
88436,0,0.03349329639341018,1734.5,20.082252085264134,2.666666666666666,2306.5,26.70875810936052,True,15
377179,0,0.03349329639341018,1734.5,20.082252085264134,2.666666666666666,2306.5,26.70875810936052,True,15
192384,0,0.03195380384568104,1756.0,20.33132530120482,180.8975167949917,160.0,1.8419833178869323,True,15
346459,0,0.031662307037119336,1770.0,20.4935125115848,257.32922413422216,94.0,1.077386468952734,True,15
115728,0,0.031662307037119336,1770.0,20.4935125115848,257.32922413422216,94.0,1.077386468952734,True,15
169878,0,0.031662307037119336,1770.0,20.4935125115848,257.32922413422216,94.0,1.077386468952734,True,15
369572,0,0.031662307037119336,1770.0,20.4935125115848,257.32922413422216,94.0,1.077386468952734,True,15
57044,0,0.031662307037119336,1770.0,20.4935125115848,257.32922413422216,94.0,1.077386468952734,True,15
134029,0,0.031662307037119336,1770.0,20.4935125115848,257.32922413422216,94.0,1.077386468952734,True,15
44166,0,0.031662307037119336,1770.0,20.4935125115848,257.32922413422216,94.0,1.077386468952734,True,15
179482,0,0.031662307037119336,1770.0,20.4935125115848,257.32922413422216,94.0,1.077386468952734,True,15
155296,0,0.031662307037119336,1770.0,20.4935125115848,257.32922413422216,94.0,1.077386468952734,True,15
28768,0,0.031662307037119336,1770.0,20.4935125115848,257.32922413422216,94.0,1.077386468952734,True,15
50026,0,0.031662307037119336,1770.0,20.4935125115848,257.32922413422216,94.0,1.077386468952734,True,15
388950,0,0.0302568739298745,1815.0,21.014828544949026,177.09197082043866,167.0,1.9230769230769231,True,15
77966,0,0.02686375865611677,1891.0,21.895273401297498,1.9610543818965243,2557.0,29.610750695088043,True,15
397137,0,0.02667057474272031,1912.0,22.13855421686747,255.39742373628974,118.0,1.355421686746988,True,15
289221,0,0.02667057474272031,1912.0,22.13855421686747,255.39742373628974,118.0,1.355421686746988,True,15
136587,0,0.02667057474272031,1912.0,22.13855421686747,255.39742373628974,118.0,1.355421686746988,True,15
166090,0,0.02667057474272031,1912.0,22.13855421686747,255.39742373628974,118.0,1.355421686746988,True,15
187496,0,0.02667057474272031,1912.0,22.13855421686747,255.39742373628974,118.0,1.355421686746988,True,15
249433,0,0.02667057474272031,1912.0,22.13855421686747,255.39742373628974,118.0,1.355421686746988,True,15
146829,0,0.02667057474272031,1912.0,22.13855421686747,255.39742373628974,118.0,1.355421686746988,True,15
301683,0,0.02667057474272031,1912.0,22.13855421686747,255.39742373628974,118.0,1.355421686746988,True,15
323264,0,0.02667057474272031,1912.0,22.13855421686747,255.39742373628974,118.0,1.355421686746988,True,15
377822,0,0.02667057474272031,1912.0,22.13855421686747,255.39742373628974,118.0,1.355421686746988,True,15
163884,0,0.02667057474272031,1912.0,22.13855421686747,255.39742373628974,118.0,1.355421686746988,True,15
343099,0,0.02667057474272031,1912.0,22.13855421686747,255.39742373628974,118.0,1.355421686746988,True,15
122846,0,0.02667057474272031,1912.0,22.13855421686747,255.39742373628974,118.0,1.355421686746988,True,15
35347,0,0.02667057474272031,1912.0,22.13855421686747,255.39742373628974,118.0,1.355421686746988,True,15
47664,0,0.02667057474272031,1912.0,22.13855421686747,255.39742373628974,118.0,1.355421686746988,True,15
309087,0,0.02667057474272031,1912.0,22.13855421686747,255.39742373628974,118.0,1.355421686746988,True,15
309464,0,0.02667057474272031,1912.0,22.13855421686747,255.39742373628974,118.0,1.355421686746988,True,15
309440,0,0.02667057474272031,1912.0,22.13855421686747,255.39742373628974,118.0,1.355421686746988,True,15
114691,0,0.02667057474272031,1912.0,22.13855421686747,255.39742373628974,118.0,1.355421686746988,True,15
102193,0,0.02667057474272031,1912.0,22.13855421686747,255.39742373628974,118.0,1.355421686746988,True,15
189668,0,0.02667057474272031,1912.0,22.13855421686747,255.39742373628974,118.0,1.355421686746988,True,15
372488,0,0.02667057474272031,1912.0,22.13855421686747,255.39742373628974,118.0,1.355421686746988,True,15
10657,0,0.02667057474272031,1912.0,22.13855421686747,255.39742373628974,118.0,1.355421686746988,True,15
378944,0,0.02667057474272031,1912.0,22.13855421686747,255.39742373628974,118.0,1.355421686746988,True,15
386771,0,0.02667057474272031,1912.0,22.13855421686747,255.39742373628974,118.0,1.355421686746988,True,15
27452,0,0.02667057474272031,1912.0,22.13855421686747,255.39742373628974,118.0,1.355421686746988,True,15
307026,0,0.02667057474272031,1912.0,22.13855421686747,255.39742373628974,118.0,1.355421686746988,True,15
209110,0,0.02335554482681467,2004.0,23.204355885078776,176.34592403969648,170.0,1.9578313253012047,True,15
345319,0,0.02320072173017485,2018.0,23.36654309545876,9.651500239752737,1323.0,15.315106580166821,True,15
51033,0,0.022241777976689085,2043.0,23.656163113994438,177.28272008927257,166.0,1.911492122335496,True,15
113007,0,0.019675533493898386,2190.0,25.359128822984246,3.403867294444421,2039.0,23.60982391102873,True,15
10572,0,0.01962192915326196,2191.0,25.37071362372567,114.77916448464292,279.0,3.2205746061167746,True,15
247844,0,0.018327074590322144,2250.0,26.05421686746988,7.3186563257713715,1462.0,16.925393883225208,True,15
315337,0,0.017069418306966386,2296.0,26.587117701575533,2.6636950436701765,2309.0,26.737720111214088,True,15
229153,0,0.01309020809916228,2493.0,28.8693234476367,0.48433769966900436,3300.0,38.21825764596849,True,15
109793,0,0.012365489014442194,2513.0,29.101019462465246,2.68428872166694,2303.0,26.668211306765524,True,15
224041,0,0.0,5998.0,69.4740500463392,0.0,5998.0,69.4740500463392,True,15
368593,0,0.0,5998.0,69.4740500463392,0.0,5998.0,69.4740500463392,True,15
151288,0,0.3558877465127465,77.0,0.7106788853562745,10.833333333333334,2767.0,25.86497101178231,True,17
178570,0,0.3247904577691812,120.0,1.1127735178604825,23.333333333333332,1662.0,15.532074060220685,True,17
94154,1,0.30167302536100604,152.0,1.412006732747335,54.326190476190476,771.0,7.200299233214887,True,17
306973,0,0.2973760169562174,158.0,1.4681129605386198,171.73940503940506,165.0,1.5335702262951187,True,17
269194,0,0.2958257713248639,160.0,1.486815036469048,13.0,2486.5,23.24200486253974,True,17
216682,0,0.2692307692307692,246.0,2.291004301477464,19.0,2063.0,19.281840284271553,True,17
200320,0,0.25007744120026043,290.0,2.702449971946886,43.28834776334776,1076.0,10.0523658126052,True,17
74239,0,0.24998485399676337,301.5,2.8099869085468487,200.91845654345656,58.5,0.537684682999813,True,17
77636,0,0.24998485399676337,301.5,2.8099869085468487,200.91845654345656,58.5,0.537684682999813,True,17
270366,0,0.2449122807017544,317.0,2.954927997007668,10.666666666666668,2780.0,25.98653450533009,True,17
383639,0,0.23970405928425978,329.0,3.0671404525902375,168.9060717060717,194.0,1.8047503272863288,True,17
116605,0,0.2382683815852842,330.0,3.0764914905554517,174.87273837273838,142.0,1.3184963530951936,True,17
68843,0,0.23660571688092413,346.0,3.226108097998878,196.38512321012323,68.0,0.6265195436693473,True,17
284818,0,0.2225177304964539,377.5,3.5206657939031234,22.333333333333332,1717.5,16.05105666729007,True,17
119467,0,0.2225177304964539,377.5,3.5206657939031234,22.333333333333332,1717.5,16.05105666729007,True,17
305074,0,0.21571526016931697,409.5,3.819899008789976,42.81374458874458,1080.5,10.094445483448663,True,17
246714,0,0.21571526016931697,409.5,3.819899008789976,42.81374458874458,1080.5,10.094445483448663,True,17
298988,0,0.2050432390141494,463.0,4.320179539928932,36.72987012987013,1169.0,10.922012343370113,True,17
322722,0,0.2,484.0,4.516551337198429,10.0,2869.0,26.81877688423415,True,17
32185,0,0.2,484.0,4.516551337198429,10.0,2869.0,26.81877688423415,True,17
272686,0,0.19534381745297563,533.0,4.974752197493922,22.833333333333332,1694.0,15.831307275107537,True,17
41131,0,0.19534381745297563,533.0,4.974752197493922,22.833333333333332,1694.0,15.831307275107537,True,17
151226,0,0.19534381745297563,533.0,4.974752197493922,22.833333333333332,1694.0,15.831307275107537,True,17
372486,0,0.1887680099822581,560.0,5.227230222554703,16.5,2251.5,21.04451094071442,True,17
90178,0,0.1883951072592046,569.0,5.3113895642416304,6.0,3948.0,36.908546848700205,True,17
380571,0,0.1856324306327992,599.0,5.591920703198055,169.57273837273837,181.0,1.683186833738545,True,17
312582,0,0.1853756151659086,600.0,5.601271741163269,198.5069486069486,65.0,0.5984664297737049,True,17
156755,0,0.18414850372870423,618.0,5.769590424537124,169.4060717060717,185.0,1.7205909855994015,True,17
243703,0,0.1840285301219157,620.0,5.788292500467552,211.24177211677213,40.0,0.3646904806433514,True,17
382995,0,0.1801765411118818,653.0,6.096876753319618,172.5477383727384,158.0,1.4681129605386198,True,17
370607,0,0.17671950984462992,671.0,6.265195436693473,210.91933344433346,41.0,0.37404151860856555,True,17
202780,0,0.176410408490609,674.0,6.293248550589116,171.4060717060717,166.0,1.542921264260333,True,17
21070,0,0.168270106183635,719.0,6.714045259023751,214.60454267954267,31.0,0.2805311389564242,True,17
38476,1,0.16748768472906403,724.0,6.760800448849822,5.0,4224.0,39.489433327099306,True,17
305107,0,0.1656299852101857,764.0,7.134841967458388,168.73940503940506,198.0,1.8421544791471853,True,17
238390,1,0.16451149425287354,772.0,7.209650271180101,6.0,3948.0,36.908546848700205,True,17
75273,0,0.15739345114345116,834.5,7.794090144005985,16.5,2251.5,21.04451094071442,True,17
394012,0,0.15739345114345116,834.5,7.794090144005985,16.5,2251.5,21.04451094071442,True,17
318458,0,0.15739345114345116,834.5,7.794090144005985,16.5,2251.5,21.04451094071442,True,17
84498,0,0.15739345114345116,834.5,7.794090144005985,16.5,2251.5,21.04451094071442,True,17
150154,0,0.1556851274941209,849.0,7.929680194501589,43.71470473970474,1070.0,9.996259584813915,True,17
272207,0,0.1532384793579879,906.0,8.462689358518796,24.516666666666666,1598.0,14.93360763044698,True,17
191978,0,0.15225905846929497,911.5,8.514120067327474,13.999999999999998,2412.5,22.550028053113895,True,17
61648,0,0.15225905846929497,911.5,8.514120067327474,13.999999999999998,2412.5,22.550028053113895,True,17
60248,0,0.15225905846929497,911.5,8.514120067327474,13.999999999999998,2412.5,22.550028053113895,True,17
329406,0,0.15225905846929497,911.5,8.514120067327474,13.999999999999998,2412.5,22.550028053113895,True,17
20469,0,0.15181003691975606,918.0,8.574901814101365,207.35656288156287,45.0,0.4114456704694221,True,17
51303,0,0.15142399840145918,919.0,8.58425285206658,172.07273837273837,162.0,1.5055171123994764,True,17
162126,0,0.15119606466080185,920.0,8.593603890031794,29.77777777777778,1312.0,12.259210772395736,True,17
232119,0,0.14936868686868685,935.0,8.733869459510005,7.666666666666666,3370.5,31.50832242378904,True,17
359397,0,0.1479701143370891,942.0,8.799326725266505,209.42483072483074,43.0,0.3927435945389938,True,17
148029,0,0.14791281749301802,943.0,8.808677763231719,175.81440503940505,138.0,1.281092201234337,True,17
4174,0,0.1475177304964539,947.5,8.850757434075183,18.833333333333332,2075.5,19.39872825883673,True,17
298542,0,0.1475177304964539,947.5,8.850757434075183,18.833333333333332,2075.5,19.39872825883673,True,17
342885,0,0.1475177304964539,947.5,8.850757434075183,18.833333333333332,2075.5,19.39872825883673,True,17
52735,0,0.1475177304964539,947.5,8.850757434075183,18.833333333333332,2075.5,19.39872825883673,True,17
346248,0,0.14275651155597885,990.0,9.248176547596783,194.6282079032079,76.0,0.7013278473910604,True,17
116824,0,0.14248183706203757,993.0,9.276229661492426,168.9060717060717,194.0,1.8047503272863288,True,17
308127,0,0.14032783037727908,1003.0,9.369740041144567,201.68697413697416,56.0,0.5143070880867776,True,17
355174,0,0.13927640568606586,1017.0,9.500654572657565,200.31514874014874,63.0,0.5797643538432766,True,17
58590,0,0.1351206861659743,1060.0,9.902749205161774,221.4996003996004,19.0,0.1683186833738545,True,17
96792,0,0.13453880292987713,1064.0,9.940153357022629,185.4358696858697,109.0,1.009912100243127,True,17
349206,0,0.13392944548787708,1066.0,9.958855432953058,212.87955655455656,33.0,0.29923321488685245,True,17
329960,0,0.13392944548787708,1066.0,9.958855432953058,212.87955655455656,33.0,0.29923321488685245,True,17
296043,0,0.13392944548787708,1066.0,9.958855432953058,212.87955655455656,33.0,0.29923321488685245,True,17
229309,1,0.13086349662382002,1098.0,10.25808864783991,259.0845016095016,5.0,0.037404151860856556,True,17
226606,0,0.1304807201129648,1101.0,10.286141761735554,227.0546509046509,16.0,0.1402655694782121,True,17
197867,0,0.12963037433906305,1112.0,10.389003179352908,201.18157675657676,57.0,0.5236581260519918,True,17
371763,0,0.1291360712555843,1117.0,10.435758369178979,210.66020646020647,42.0,0.3833925565737797,True,17
228166,0,0.12874083279449555,1124.0,10.501215634935479,239.31566211566212,9.0,0.07480830372171311,True,17
98965,0,0.12859294817314867,1128.0,10.538619786796334,167.73940503940506,213.0,1.9824200486253973,True,17
328619,0,0.12827708875334987,1131.5,10.571348419674583,28.77777777777778,1329.5,12.422853936786984,True,17
243460,0,0.12827708875334987,1131.5,10.571348419674583,28.77777777777778,1329.5,12.422853936786984,True,17
25741,0,0.12821485707402777,1133.0,10.585374976622406,12.292857142857143,2549.0,23.826444735365627,True,17
234070,0,0.12749619201758433,1142.0,10.669534318309333,216.83271728271728,26.0,0.23377594913035346,True,17
267816,0,0.1266680272803034,1147.0,10.716289508135404,14.166666666666666,2380.0,22.246119319244436,True,17
382239,0,0.12578603462831248,1154.0,10.781746773891902,208.48524253524255,44.0,0.40209463250420796,True,17
393760,0,0.12549460576981303,1156.0,10.800448849822331,196.05178987678988,69.0,0.6358705816345614,True,17
212445,0,0.125360612875596,1159.0,10.828501963717972,169.81242091242092,179.0,1.6644847578081168,True,17
266451,0,0.12531399117591113,1160.0,10.837853001683186,286.7132645132645,1.0,0.0,True,17
276814,0,0.12409439451211492,1206.0,11.268000748083038,218.80535853035855,23.0,0.20572283523471105,True,17
63268,0,0.12388566134595917,1211.5,11.319431456891715,212.03322233322234,38.5,0.3506639236955302,True,17
349341,0,0.12388566134595917,1211.5,11.319431456891715,212.03322233322234,38.5,0.3506639236955302,True,17
289531,0,0.12136903122908424,1271.0,11.875818215821957,270.2280303030303,4.0,0.028053113895642415,True,17
254210,0,0.11778425641687626,1383.0,12.923134467925939,170.57273837273837,173.0,1.6083785300168318,True,17
141194,0,0.11775738002153097,1384.0,12.932485505891155,9.833333333333332,2912.0,27.22087151673836,True,17
103124,0,0.11645311153572364,1393.5,13.021320366560689,4.25,4445.0,41.55601271741163,True,17
42678,0,0.11645311153572364,1393.5,13.021320366560689,4.25,4445.0,41.55601271741163,True,17
135800,0,0.11469815735914081,1427.0,13.334580138395362,212.59895104895105,36.0,0.32728632878249486,True,17
335613,0,0.11469815735914081,1427.0,13.334580138395362,212.59895104895105,36.0,0.32728632878249486,True,17
310302,0,0.11469815735914081,1427.0,13.334580138395362,212.59895104895105,36.0,0.32728632878249486,True,17
89779,0,0.1145578958078958,1431.0,13.371984290256218,5.083333333333333,4192.0,39.19020011221246,True,17
19154,0,0.11428930256798209,1434.0,13.400037404151862,247.2901431901432,8.0,0.06545726575649898,True,17
259210,0,0.1133269083384884,1445.0,13.502898821769216,228.97368464868467,14.0,0.1215634935477838,True,17
291516,0,0.1122018244659754,1458.5,13.629137834299607,9.5,2953.5,27.608939592294746,True,17
183848,0,0.1122018244659754,1458.5,13.629137834299607,9.5,2953.5,27.608939592294746,True,17
16480,0,0.11007132534653259,1497.0,13.98915279596035,202.04464701964704,55.0,0.5049560501215635,True,17
322000,0,0.10966174546715304,1507.0,14.082663175612494,207.08911643911645,46.0,0.42079670843463624,True,17
296926,1,0.10839092797112848,1518.0,14.185524593229848,169.4060717060717,185.0,1.7205909855994015,True,17
129929,0,0.10836508703001116,1519.5,14.199551150177669,217.56845654345656,24.5,0.21974939218253225,True,17
204163,0,0.10836508703001116,1519.5,14.199551150177669,217.56845654345656,24.5,0.21974939218253225,True,17
138938,0,0.10827067669172932,1524.5,14.246306340003741,4.0,4547.5,42.51449410884608,True,17
281325,0,0.10827067669172932,1524.5,14.246306340003741,4.0,4547.5,42.51449410884608,True,17
58301,0,0.10800385728061716,1529.0,14.288386010847203,6.0,3948.0,36.908546848700205,True,17
166192,0,0.10739345114345114,1531.0,14.307088086777632,11.5,2670.0,24.957920329156536,True,17
13169,0,0.10697608725129451,1534.0,14.335141200673275,193.9517898767899,78.0,0.7200299233214887,True,17
296564,0,0.10675615597542278,1543.0,14.419300542360203,27.222136197136198,1533.0,14.32579016270806,True,17
321153,0,0.10631916594362603,1564.0,14.615672339629699,278.75085747585746,2.0,0.009351037965214139,True,17
198381,0,0.10571713117968462,1581.0,14.77463998503834,168.9060717060717,194.0,1.8047503272863288,True,17
116087,0,0.10516806224826275,1584.0,14.802693098933982,175.51440503940503,139.0,1.290443239199551,True,17
2880,0,0.10428101064313458,1596.0,14.914905554516551,27.17451714951715,1534.0,14.335141200673275,True,17
357078,0,0.10418825468560994,1599.0,14.942958668412194,19.95824730824731,1963.0,18.34673648775014,True,17
15162,0,0.10383585243047966,1616.0,15.101926313820835,254.14494116994118,7.0,0.05610622779128483,True,17
116891,0,0.10171023212376597,1655.0,15.466616794464185,178.88940503940503,126.0,1.1688797456517674,True,17
375947,0,0.10108159947171791,1658.0,15.494669908359828,202.67638195138196,53.0,0.4862539741911352,True,17
102383,0,0.10081517039537088,1660.5,15.518047503272863,168.4060717060717,203.0,1.888909668973256,True,17
279144,0,0.10081517039537088,1660.5,15.518047503272863,168.4060717060717,203.0,1.888909668973256,True,17
319218,0,0.10054369356139406,1668.0,15.58818028801197,175.86440503940506,137.0,1.271741163269123,True,17
278782,0,0.09902696564939428,1709.0,15.971572844585749,233.14013486513485,11.0,0.09351037965214139,True,17
205199,0,0.09829217197754536,1838.0,17.177856742098374,5.166666666666666,4179.5,39.07331213764728,True,17
218705,0,0.09824952904736999,1842.0,17.21526089395923,229.8963036963037,13.0,0.11221245558256966,True,17
200812,0,0.09766392653485514,1847.0,17.2620160837853,255.85351315351315,6.0,0.046755189826070694,True,17
210056,0,0.097539710223359,1856.0,17.34617542547223,175.4060717060717,140.0,1.2997942771647653,True,17
182495,0,0.09628070183519621,1892.0,17.682812792219938,270.46956654456653,3.0,0.018702075930428278,True,17
102587,0,0.09615384615384616,1896.0,17.720216944080793,10.0,2869.0,26.81877688423415,True,17
245937,0,0.09615384615384616,1896.0,17.720216944080793,10.0,2869.0,26.81877688423415,True,17
392875,0,0.09615384615384616,1896.0,17.720216944080793,10.0,2869.0,26.81877688423415,True,17
302566,0,0.09452505678920772,1913.0,17.879184589489434,9.5,2953.5,27.608939592294746,True,17
199061,0,0.09452505678920772,1913.0,17.879184589489434,9.5,2953.5,27.608939592294746,True,17
228147,0,0.09452505678920772,1913.0,17.879184589489434,9.5,2953.5,27.608939592294746,True,17
61490,0,0.0936864849684086,1956.0,18.281279221993643,238.56566211566212,10.0,0.08415934168692725,True,17
138729,0,0.09325180054386546,1964.0,18.356087525715356,176.41440503940504,135.0,1.2530390873386945,True,17
366659,0,0.09063459057611045,2049.0,19.150925752758557,216.73512321012322,28.0,0.25247802506078176,True,17
48334,0,0.09063459057611045,2049.0,19.150925752758557,216.73512321012322,28.0,0.25247802506078176,True,17
188079,0,0.09063459057611045,2049.0,19.150925752758557,216.73512321012322,28.0,0.25247802506078176,True,17
156337,0,0.0900308566698807,2081.0,19.450158967645407,168.73940503940506,198.0,1.8421544791471853,True,17
239460,0,0.08928975658005003,2102.0,19.646530764914907,198.94028194028195,64.0,0.5891153918084907,True,17
276299,0,0.08903133903133902,2104.0,19.665232840845334,3.333333333333333,4787.0,44.75406770151487,True,17
134653,0,0.0884701992279632,2126.0,19.870955676080044,10.43095238095238,2796.0,26.13615111277352,True,17
3085,0,0.08823763745690426,2128.5,19.89433327099308,27.111025086025084,1536.5,14.35851879558631,True,17
57667,0,0.08823763745690426,2128.5,19.89433327099308,27.111025086025084,1536.5,14.35851879558631,True,17
276588,0,0.08760273731259613,2134.0,19.945763979801757,226.95187312687312,17.0,0.14961660744342622,True,17
171363,0,0.08654067506803409,2141.0,20.011221245558257,179.9040875790876,122.0,1.131475593790911,True,17
103680,0,0.08475547976705983,2171.0,20.29175238451468,228.68797036297036,15.0,0.13091453151299795,True,17
315993,0,0.08442404668819763,2180.0,20.375911726201608,9.166666666666666,2991.5,27.964279034972883,True,17
207995,0,0.08379704100572972,2189.0,20.460071067888535,200.44824342324344,61.0,0.5610622779128484,True,17
102310,0,0.08379704100572972,2189.0,20.460071067888535,200.44824342324344,61.0,0.5610622779128484,True,17
398633,0,0.08379704100572972,2189.0,20.460071067888535,200.44824342324344,61.0,0.5610622779128484,True,17
319121,0,0.08379356545709929,2191.0,20.478773143818962,177.78940503940504,127.0,1.1782307836169814,True,17
355214,1,0.08376491533399676,2192.0,20.48812418178418,181.0227383727384,116.0,1.075369365999626,True,17
334774,0,0.08281857781894639,2230.0,20.843463624462316,170.4060717060717,174.0,1.617729567982046,True,17
275051,0,0.08216013986702027,2233.0,20.871516738357958,231.18888611388613,12.0,0.10286141761735552,True,17
185742,0,0.08116108234505642,2251.0,21.039835421731812,170.07273837273837,175.5,1.6317561249298673,True,17
86616,0,0.0811182006984012,2252.0,21.049186459697026,170.9060717060717,170.0,1.5803254161211895,True,17
310247,0,0.08050411522633744,2258.0,21.105292687488312,6.166666666666666,3858.5,36.07162895081354,True,17
339465,0,0.07870157411510795,2288.0,21.385823826444735,180.13940503940506,120.0,1.1127735178604825,True,17
271218,0,0.07870157411510795,2288.0,21.385823826444735,180.13940503940506,120.0,1.1127735178604825,True,17
282748,0,0.07870157411510795,2288.0,21.385823826444735,180.13940503940506,120.0,1.1127735178604825,True,17
193662,0,0.07738239038338843,2311.0,21.600897699644662,219.3685397935398,20.0,0.17766972133906864,True,17
13639,0,0.0768529850219145,2333.0,21.80662053487937,192.5597263847264,84.0,0.7761361511127736,True,17
297876,0,0.07628968253968253,2340.5,21.876753319618476,4.3,4429.5,41.411071628950815,True,17
93142,0,0.07628968253968253,2340.5,21.876753319618476,4.3,4429.5,41.411071628950815,True,17
203341,0,0.07620952124651931,2344.0,21.909481952496726,225.65018592518592,18.0,0.15896764540864036,True,17
98487,0,0.07582871502492528,2350.0,21.965588180288012,171.21440503940505,169.0,1.5709743781559753,True,17
388519,0,0.07497281883494278,2357.0,22.031045446044512,26.658247308247308,1547.0,14.456704694221058,True,17
25400,0,0.07458060249413632,2365.0,22.105853749766226,168.73940503940506,198.0,1.8421544791471853,True,17
26976,0,0.07303739261759312,2424.0,22.65756498971386,167.9060717060717,212.0,1.9730690106601834,True,17
168901,0,0.07260165385645215,2433.0,22.741724331400786,43.47600455100455,1073.0,10.024312698709556,True,17
23429,0,0.0715015016080179,2456.0,22.956798204600712,172.4060717060717,160.0,1.486815036469048,True,17
250018,0,0.0715015016080179,2456.0,22.956798204600712,172.4060717060717,160.0,1.486815036469048,True,17
13765,0,0.0715015016080179,2456.0,22.956798204600712,172.4060717060717,160.0,1.486815036469048,True,17
12230,0,0.06967511004589813,2531.5,23.662801570974377,5.25,4142.5,38.72732373293436,True,17
322540,0,0.06967511004589813,2531.5,23.662801570974377,5.25,4142.5,38.72732373293436,True,17
151399,0,0.06930761241722469,2540.0,23.7422853936787,192.7727383727384,83.0,0.7667851131475594,True,17
356673,0,0.06920922995295052,2543.0,23.77033850757434,202.47639305139305,54.0,0.49560501215634933,True,17
384465,1,0.06847700233617303,2563.0,23.957359266878623,9.601587301587301,2941.0,27.49205161772957,True,17
5390,0,0.06813151233081269,2565.0,23.97606134280905,189.95955710955712,105.0,0.9725079483822704,True,17
267268,0,0.06812313112412917,2566.5,23.990087899756873,219.2574286824287,21.5,0.19169627828688984,True,17
286230,0,0.06812313112412917,2566.5,23.990087899756873,219.2574286824287,21.5,0.19169627828688984,True,17
103404,0,0.06748183706203756,2571.5,24.036843089582945,168.4060717060717,203.0,1.888909668973256,True,17
111869,0,0.06748183706203756,2571.5,24.036843089582945,168.4060717060717,203.0,1.888909668973256,True,17
33016,0,0.06652252129689655,2600.0,24.303347671591546,171.8977383727384,163.0,1.5148681503646906,True,17
121804,0,0.06534659576012959,2634.0,24.621282962408827,177.22273837273838,128.0,1.1875818215821956,True,17
344237,0,0.06444854495829008,2667.0,24.929867215260895,2.6666666666666665,5105.0,47.72769777445296,True,17
345114,0,0.06433970248350342,2673.0,24.985973443052178,187.24340936840937,108.0,1.0005610622779129,True,17
165342,0,0.06377813335833385,2695.0,25.19169627828689,168.07273837273837,209.5,1.9496914157471479,True,17
385490,0,0.06276514528503732,2732.5,25.54236020198242,195.37955655455656,72.5,0.6685992145128109,True,17
106787,0,0.06276514528503732,2732.5,25.54236020198242,195.37955655455656,72.5,0.6685992145128109,True,17
79563,0,0.06276514528503732,2732.5,25.54236020198242,195.37955655455656,72.5,0.6685992145128109,True,17
359302,0,0.06276514528503732,2732.5,25.54236020198242,195.37955655455656,72.5,0.6685992145128109,True,17
162453,0,0.06276514528503732,2732.5,25.54236020198242,195.37955655455656,72.5,0.6685992145128109,True,17
67986,0,0.06276514528503732,2732.5,25.54236020198242,195.37955655455656,72.5,0.6685992145128109,True,17
374030,0,0.061934859137010856,2794.0,26.11744903684309,189.03651903651905,106.0,0.9818589863474846,True,17
178067,0,0.06182103441281478,2799.0,26.16420422666916,16.455555555555556,2257.0,21.0959416495231,True,17
294759,0,0.06175306003895077,2800.0,26.173555264634373,203.65178987678988,52.0,0.47690293622592106,True,17
332035,0,0.06021496972555173,2860.0,26.734617542547223,10.074986124986124,2840.0,26.54759678324294,True,17
341208,0,0.06009615384615385,2865.0,26.781372732373292,6.25,3841.0,35.907985786422294,True,17
333312,0,0.05993228791337751,2867.0,26.800074808303723,205.60748973248974,51.0,0.4675518982607069,True,17
368118,0,0.05975386502907228,2873.0,26.856181036095006,194.1851232101232,77.0,0.7106788853562745,True,17
204022,0,0.05947480325382683,2879.0,26.91228726388629,188.7438061938062,107.0,0.9912100243126987,True,17
212058,0,0.05920048954763925,2885.0,26.968393491677578,198.49345654345657,66.0,0.607817467738919,True,17
183930,0,0.05908431138510012,2890.0,27.015148681503646,180.18940503940505,118.0,1.0940714419300543,True,17
169205,0,0.0569760872512945,2982.0,27.875444174303347,193.78512321012323,80.0,0.738731999251917,True,17
194937,0,0.0569760872512945,2982.0,27.875444174303347,193.78512321012323,80.0,0.738731999251917,True,17
190022,0,0.0569760872512945,2982.0,27.875444174303347,193.78512321012323,80.0,0.738731999251917,True,17
394655,0,0.05573420803499678,3011.0,28.146624275294556,183.00448440448443,111.0,1.0286141761735552,True,17
141484,0,0.055606278396754805,3012.0,28.155975313259773,216.24495781995782,30.0,0.27118010099121004,True,17
277688,0,0.054617759392134646,3048.5,28.497288198990088,171.2310717060717,167.5,1.556947821208154,True,17
146162,0,0.054617759392134646,3048.5,28.497288198990088,171.2310717060717,167.5,1.556947821208154,True,17
371258,0,0.0545188740990746,3051.0,28.520665793903124,169.4060717060717,185.0,1.7205909855994015,True,17
339497,0,0.0545188740990746,3051.0,28.520665793903124,169.4060717060717,185.0,1.7205909855994015,True,17
72744,0,0.0545188740990746,3051.0,28.520665793903124,169.4060717060717,185.0,1.7205909855994015,True,17
86367,0,0.054067202915696104,3069.5,28.693659996259584,168.9060717060717,194.0,1.8047503272863288,True,17
310644,0,0.054067202915696104,3069.5,28.693659996259584,168.9060717060717,194.0,1.8047503272863288,True,17
285208,0,0.05352070260596599,3097.0,28.950813540302974,7.432539682539682,3457.0,32.317187207780066,True,17
164754,0,0.05196459568272722,3182.0,29.745651767346175,168.4060717060717,203.0,1.888909668973256,True,17
366764,0,0.05143690479809704,3199.0,29.904619412754815,183.08309190809192,110.0,1.019263138208341,True,17
99275,0,0.05120420571985678,3205.0,29.9607256405461,28.970224220224218,1327.0,12.399476341873948,True,17
50926,0,0.05097513345544774,3213.0,30.035533944267815,170.07273837273837,175.5,1.6317561249298673,True,17
277102,0,0.05091632984152186,3214.0,30.04488498223303,171.82273837273837,164.0,1.5242191883299046,True,17
391575,0,0.05064616740223987,3219.0,30.091640172059098,206.3419524919525,50.0,0.4582008602954928,True,17
78144,0,0.04969976927996978,3262.5,30.498410323545915,192.43940503940505,94.5,0.8743220497475219,True,17
8558,0,0.04969976927996978,3262.5,30.498410323545915,192.43940503940505,94.5,0.8743220497475219,True,17
278788,0,0.04969976927996978,3262.5,30.498410323545915,192.43940503940505,94.5,0.8743220497475219,True,17
51042,0,0.04969976927996978,3262.5,30.498410323545915,192.43940503940505,94.5,0.8743220497475219,True,17
398615,0,0.04969976927996978,3262.5,30.498410323545915,192.43940503940505,94.5,0.8743220497475219,True,17
171719,0,0.04969976927996978,3262.5,30.498410323545915,192.43940503940505,94.5,0.8743220497475219,True,17
75659,0,0.04969976927996978,3262.5,30.498410323545915,192.43940503940505,94.5,0.8743220497475219,True,17
347490,0,0.04969976927996978,3262.5,30.498410323545915,192.43940503940505,94.5,0.8743220497475219,True,17
127722,0,0.04969976927996978,3262.5,30.498410323545915,192.43940503940505,94.5,0.8743220497475219,True,17
212584,0,0.04969976927996978,3262.5,30.498410323545915,192.43940503940505,94.5,0.8743220497475219,True,17
116239,0,0.04969976927996978,3262.5,30.498410323545915,192.43940503940505,94.5,0.8743220497475219,True,17
223915,0,0.04969976927996978,3262.5,30.498410323545915,192.43940503940505,94.5,0.8743220497475219,True,17
23631,0,0.04969976927996978,3262.5,30.498410323545915,192.43940503940505,94.5,0.8743220497475219,True,17
330234,0,0.04969976927996978,3262.5,30.498410323545915,192.43940503940505,94.5,0.8743220497475219,True,17
129602,0,0.04969976927996978,3262.5,30.498410323545915,192.43940503940505,94.5,0.8743220497475219,True,17
210369,0,0.04969976927996978,3262.5,30.498410323545915,192.43940503940505,94.5,0.8743220497475219,True,17
318138,0,0.04969976927996978,3262.5,30.498410323545915,192.43940503940505,94.5,0.8743220497475219,True,17
185723,0,0.04969976927996978,3262.5,30.498410323545915,192.43940503940505,94.5,0.8743220497475219,True,17
141600,0,0.04969976927996978,3262.5,30.498410323545915,192.43940503940505,94.5,0.8743220497475219,True,17
16777,0,0.04969976927996978,3262.5,30.498410323545915,192.43940503940505,94.5,0.8743220497475219,True,17
131320,0,0.048789186733758275,3287.0,30.72751075369366,18.068240093240092,2105.0,19.674583878810548,True,17
257105,0,0.04796964194008634,3299.0,30.83972320927623,168.6560717060717,200.0,1.8608565550776137,True,17
18335,0,0.047838979919180416,3300.0,30.849074247241443,168.07273837273837,209.5,1.9496914157471479,True,17
299569,0,0.04759230467250517,3320.0,31.036095006545725,174.94773837273837,141.0,1.3091453151299794,True,17
378675,0,0.04738280029633413,3326.0,31.09220123433701,169.36797646797646,188.0,1.7486440994950438,True,17
59418,0,0.047179549480338215,3337.0,31.195062651954366,179.5227383727384,124.0,1.150177669721339,True,17
134844,0,0.047179549480338215,3337.0,31.195062651954366,179.5227383727384,124.0,1.150177669721339,True,17
265190,0,0.047179549480338215,3337.0,31.195062651954366,179.5227383727384,124.0,1.150177669721339,True,17
298178,0,0.04667527319540602,3352.0,31.33532822143258,206.3672660672661,48.0,0.4394987843650645,True,17
322767,0,0.04667527319540602,3352.0,31.33532822143258,206.3672660672661,48.0,0.4394987843650645,True,17
194498,0,0.04667527319540602,3352.0,31.33532822143258,206.3672660672661,48.0,0.4394987843650645,True,17
302636,0,0.04658093616113666,3357.0,31.382083411258648,168.32273837273837,206.0,1.9169627828688984,True,17
58916,0,0.04617323629030373,3367.0,31.475593790910793,9.992063492063492,2884.0,26.95904245371236,True,17
96845,0,0.04414850372870423,3453.5,32.28445857490181,169.93940503940505,177.5,1.6504582008602955,True,17
189119,0,0.04414850372870423,3453.5,32.28445857490181,169.93940503940505,177.5,1.6504582008602955,True,17
360829,0,0.04268913391112546,3644.0,34.065831307275104,169.53940503940504,182.0,1.6925378717037591,True,17
81699,0,0.04239450308338699,3655.0,34.168692724892466,197.01686924186924,67.0,0.6171685057041332,True,17
355414,0,0.04047619047619047,3730.0,34.87002057228352,4.0,4547.5,42.51449410884608,True,17
373193,0,0.04047619047619047,3730.0,34.87002057228352,4.0,4547.5,42.51449410884608,True,17
219159,0,0.04047619047619047,3730.0,34.87002057228352,4.0,4547.5,42.51449410884608,True,17
159818,0,0.04031288729034806,3732.5,34.89339816719656,170.73940503940506,171.5,1.5943519730690106,True,17
975,0,0.04031288729034806,3732.5,34.89339816719656,170.73940503940506,171.5,1.5943519730690106,True,17
382782,0,0.03970405928425978,3770.0,35.244062090892086,169.13940503940503,189.0,1.757995137460258,True,17
113957,0,0.03956979595483687,3777.0,35.309519356648586,7.5436507936507935,3377.0,31.569104170562934,True,17
37527,0,0.039494415678389766,3779.0,35.328221432579014,169.73940503940506,180.0,1.6738357957733307,True,17
189319,0,0.038616391977584215,3820.5,35.716289508135404,182.74975857475857,113.5,1.0519917710865907,True,17
149739,0,0.038616391977584215,3820.5,35.716289508135404,182.74975857475857,113.5,1.0519917710865907,True,17
383313,0,0.038616391977584215,3820.5,35.716289508135404,182.74975857475857,113.5,1.0519917710865907,True,17
21204,0,0.038616391977584215,3820.5,35.716289508135404,182.74975857475857,113.5,1.0519917710865907,True,17
375052,0,0.03806713238659164,3843.0,35.92668786235272,6.465873015873015,3798.0,35.505891153918085,True,17
274884,0,0.037523098482609325,3860.5,36.09033102674397,168.07273837273837,209.5,1.9496914157471479,True,17
349253,0,0.037523098482609325,3860.5,36.09033102674397,168.07273837273837,209.5,1.9496914157471479,True,17
37347,0,0.03715478484264611,3875.5,36.23059659622218,3.916666666666666,4624.5,43.23452403216757,True,17
126933,0,0.03715478484264611,3875.5,36.23059659622218,3.916666666666666,4624.5,43.23452403216757,True,17
229003,0,0.03696265300968702,3892.0,36.38488872264821,6.5134920634920634,3757.0,35.122498597344304,True,17
209234,0,0.03693364961729839,3896.0,36.42229287450907,174.73940503940506,146.0,1.3559005049560502,True,17
164665,0,0.03693364961729839,3896.0,36.42229287450907,174.73940503940506,146.0,1.3559005049560502,True,17
298169,0,0.03693364961729839,3896.0,36.42229287450907,174.73940503940506,146.0,1.3559005049560502,True,17
363727,0,0.03693364961729839,3896.0,36.42229287450907,174.73940503940506,146.0,1.3559005049560502,True,17
183869,0,0.03693364961729839,3896.0,36.42229287450907,174.73940503940506,146.0,1.3559005049560502,True,17
337649,0,0.03693364961729839,3896.0,36.42229287450907,174.73940503940506,146.0,1.3559005049560502,True,17
81944,0,0.03693364961729839,3896.0,36.42229287450907,174.73940503940506,146.0,1.3559005049560502,True,17
257571,0,0.036276873793248315,3927.0,36.71217505143071,13.839285714285714,2422.0,22.63886291378343,True,17
202964,0,0.03549678606624532,3947.0,36.899195810734994,6.3468253968253965,3827.0,35.777071254909295,True,17
374258,0,0.03515450043066141,3964.0,37.05816345614363,26.421703296703292,1554.0,14.522161959977558,True,17
148147,0,0.03504356545709929,3976.5,37.175051430708805,176.88940503940503,131.5,1.220310454460445,True,17
147243,0,0.03504356545709929,3976.5,37.175051430708805,176.88940503940503,131.5,1.220310454460445,True,17
248653,0,0.03504356545709929,3976.5,37.175051430708805,176.88940503940503,131.5,1.220310454460445,True,17
248175,1,0.03504356545709929,3976.5,37.175051430708805,176.88940503940503,131.5,1.220310454460445,True,17
296519,0,0.03504356545709929,3976.5,37.175051430708805,176.88940503940503,131.5,1.220310454460445,True,17
238989,0,0.03504356545709929,3976.5,37.175051430708805,176.88940503940503,131.5,1.220310454460445,True,17
230932,0,0.034958800783926866,3982.0,37.226482139517486,180.3215478965479,117.0,1.0847204039648402,True,17
365585,0,0.03472222222222222,3992.0,37.31999251916963,1.6666666666666665,5818.5,54.399663362633255,True,17
337920,0,0.03465084926425642,3994.0,37.33869459510006,5.341666666666667,4100.0,38.32990461941275,True,17
312828,0,0.03451603921495422,3999.0,37.385449784926124,14.355072705072704,2367.0,22.124555825696653,True,17
135803,0,0.034286509159615654,4026.0,37.637927809986905,28.50904095904096,1361.0,12.71741163269123,True,17
102495,0,0.03393612174862175,4035.0,37.72208715167383,4.48968253968254,4378.0,40.92949317374229,True,17
245836,0,0.033493296393410185,4054.0,37.899756873012905,2.6666666666666665,5105.0,47.72769777445296,True,17
204268,0,0.03291393582746966,4088.0,38.217692163830186,168.23940503940506,207.0,1.9263138208341126,True,17
150440,0,0.032286801601044655,4103.0,38.357957733308396,172.97273837273838,157.0,1.4587619225734056,True,17
95841,0,0.032097988572460406,4111.0,38.43276603703011,6.171428571428572,3854.0,36.02954927997008,True,17
75755,0,0.03036844185684902,4172.0,39.00317935290817,2.4250000000000003,5242.0,49.0087899756873,True,17
35222,0,0.030362954333601266,4173.0,39.01253039087339,21.27729492729493,1803.0,16.85057041331588,True,17
30123,0,0.029198309473516725,4237.0,39.610996820647095,193.4517898767899,82.0,0.7574340751823453,True,17
323758,0,0.02675897133917184,4339.0,40.56480269309893,174.61440503940506,153.0,1.421357770712549,True,17
219918,0,0.02675897133917184,4339.0,40.56480269309893,174.61440503940506,153.0,1.421357770712549,True,17
364265,0,0.02675897133917184,4339.0,40.56480269309893,174.61440503940506,153.0,1.421357770712549,True,17
105682,0,0.02675897133917184,4339.0,40.56480269309893,174.61440503940506,153.0,1.421357770712549,True,17
102729,0,0.02675897133917184,4339.0,40.56480269309893,174.61440503940506,153.0,1.421357770712549,True,17
162678,0,0.02675897133917184,4339.0,40.56480269309893,174.61440503940506,153.0,1.421357770712549,True,17
177184,0,0.02675897133917184,4339.0,40.56480269309893,174.61440503940506,153.0,1.421357770712549,True,17
341781,0,0.026634898837846314,4348.5,40.65363755376847,6.988492063492063,3551.5,33.2008602954928,True,17
275504,0,0.026634898837846314,4348.5,40.65363755376847,6.988492063492063,3551.5,33.2008602954928,True,17
266901,0,0.021443938698557805,4680.5,43.75818215821956,168.93940503940505,190.5,1.7720216944080793,True,17
30670,0,0.021443938698557805,4680.5,43.75818215821956,168.93940503940505,190.5,1.7720216944080793,True,17
189541,0,0.018752997994069424,4885.0,45.67046942210585,4.056349206349206,4479.0,41.873948008228915,True,17
80232,0,0.01788608867151846,4938.0,46.1660744342622,14.032850482850483,2388.0,22.32092762296615,True,17
364259,0,0.017481837062037563,4974.0,46.50271180100991,167.4060717060717,217.0,2.019824200486254,True,17
153800,0,0.017481837062037563,4974.0,46.50271180100991,167.4060717060717,217.0,2.019824200486254,True,17
183211,0,0.017481837062037563,4974.0,46.50271180100991,167.4060717060717,217.0,2.019824200486254,True,17
203142,0,0.017481837062037563,4974.0,46.50271180100991,167.4060717060717,217.0,2.019824200486254,True,17
320506,0,0.017481837062037563,4974.0,46.50271180100991,167.4060717060717,217.0,2.019824200486254,True,17
193108,0,0.017481837062037563,4974.0,46.50271180100991,167.4060717060717,217.0,2.019824200486254,True,17
277739,0,0.017481837062037563,4974.0,46.50271180100991,167.4060717060717,217.0,2.019824200486254,True,17
17826,0,0.016908212560386472,5029.5,47.0216944080793,3.5,4697.0,43.9124742846456,True,17
93352,0,0.015355489330678112,5211.0,48.71890779876566,4.040512265512266,4481.0,41.89265008415934,True,17
236885,0,0.014551563162674273,5304.0,49.58855432953058,2.3523809523809525,5261.0,49.18645969702637,True,17
77896,0,0.013991495362157437,5346.5,49.98597344305218,9.664993339993341,2933.5,27.42191883299046,True,17
282922,0,0.013991495362157437,5346.5,49.98597344305218,9.664993339993341,2933.5,27.42191883299046,True,17
34512,0,0.011682669893408274,5622.5,52.56685992145128,5.53531746031746,4056.5,37.92313446792594,True,17
63938,0,0.011682669893408274,5622.5,52.56685992145128,5.53531746031746,4056.5,37.92313446792594,True,17
193270,0,0.011400328410405575,5660.0,52.91752384514681,12.05574513206092,2585.0,24.163082102113336,True,17
54363,0,0.008955083470169677,5851.0,54.70357209650271,4.15515873015873,4454.0,41.64017205909856,True,17
396506,0,0.008931005201348782,5857.5,54.7643538432766,9.877691752691753,2903.5,27.141387694034037,True,17
102191,0,0.008931005201348782,5857.5,54.7643538432766,9.877691752691753,2903.5,27.141387694034037,True,17
170896,0,0.0,8953.5,83.71516738357958,0.0,8953.5,83.71516738357958,True,17
347158,0,0.0,8953.5,83.71516738357958,0.0,8953.5,83.71516738357958,True,17
72327,0,0.0,8953.5,83.71516738357958,0.0,8953.5,83.71516738357958,True,17
221885,0,0.0,8953.5,83.71516738357958,0.0,8953.5,83.71516738357958,True,17
255589,0,0.0,8953.5,83.71516738357958,0.0,8953.5,83.71516738357958,True,17
132004,0,0.0,8953.5,83.71516738357958,0.0,8953.5,83.71516738357958,True,17
358466,0,0.0,8953.5,83.71516738357958,0.0,8953.5,83.71516738357958,True,17
120551,0,0.0,8953.5,83.71516738357958,0.0,8953.5,83.71516738357958,True,17
179570,0,0.0,8953.5,83.71516738357958,0.0,8953.5,83.71516738357958,True,17
395405,0,0.0,8953.5,83.71516738357958,0.0,8953.5,83.71516738357958,True,17
391398,0,0.0,8953.5,83.71516738357958,0.0,8953.5,83.71516738357958,True,17
59117,0,0.0,8953.5,83.71516738357958,0.0,8953.5,83.71516738357958,True,17
141050,0,0.0,8953.5,83.71516738357958,0.0,8953.5,83.71516738357958,True,17
111496,0,0.0,8953.5,83.71516738357958,0.0,8953.5,83.71516738357958,True,17
360337,0,0.0,8953.5,83.71516738357958,0.0,8953.5,83.71516738357958,True,17
320853,0,0.0,8953.5,83.71516738357958,0.0,8953.5,83.71516738357958,True,17
297832,0,0.0,8953.5,83.71516738357958,0.0,8953.5,83.71516738357958,True,17
341582,0,0.0,8953.5,83.71516738357958,0.0,8953.5,83.71516738357958,True,17
56765,0,0.0,8953.5,83.71516738357958,0.0,8953.5,83.71516738357958,True,17
359122,0,0.0,8953.5,83.71516738357958,0.0,8953.5,83.71516738357958,True,17
263234,0,0.0,8953.5,83.71516738357958,0.0,8953.5,83.71516738357958,True,17
95404,0,0.0,8953.5,83.71516738357958,0.0,8953.5,83.71516738357958,True,17
97992,0,0.0,8953.5,83.71516738357958,0.0,8953.5,83.71516738357958,True,17
218841,0,0.0,8953.5,83.71516738357958,0.0,8953.5,83.71516738357958,True,17
399020,0,0.0,8953.5,83.71516738357958,0.0,8953.5,83.71516738357958,True,17
222040,0,0.0,8953.5,83.71516738357958,0.0,8953.5,83.71516738357958,True,17
158868,0,0.0,8953.5,83.71516738357958,0.0,8953.5,83.71516738357958,True,17
121684,0,0.0,8953.5,83.71516738357958,0.0,8953.5,83.71516738357958,True,17
327135,0,0.0,8953.5,83.71516738357958,0.0,8953.5,83.71516738357958,True,17
334575,0,0.0,8953.5,83.71516738357958,0.0,8953.5,83.71516738357958,True,17
204287,0,0.0,8953.5,83.71516738357958,0.0,8953.5,83.71516738357958,True,17
150527,0,0.0,8953.5,83.71516738357958,0.0,8953.5,83.71516738357958,True,17
223099,0,0.0,8953.5,83.71516738357958,0.0,8953.5,83.71516738357958,True,17
126039,0,0.0,8953.5,83.71516738357958,0.0,8953.5,83.71516738357958,True,17
357729,0,0.0,8953.5,83.71516738357958,0.0,8953.5,83.71516738357958,True,17
329329,0,0.0,8953.5,83.71516738357958,0.0,8953.5,83.71516738357958,True,17
142246,0,0.0,8953.5,83.71516738357958,0.0,8953.5,83.71516738357958,True,17
358761,0,0.0,8953.5,83.71516738357958,0.0,8953.5,83.71516738357958,True,17
5582,0,0.0,8953.5,83.71516738357958,0.0,8953.5,83.71516738357958,True,17
123368,0,0.0,8953.5,83.71516738357958,0.0,8953.5,83.71516738357958,True,17
238329,0,0.0,8953.5,83.71516738357958,0.0,8953.5,83.71516738357958,True,17
177975,0,0.0,8953.5,83.71516738357958,0.0,8953.5,83.71516738357958,True,17
98547,0,0.0,8953.5,83.71516738357958,0.0,8953.5,83.71516738357958,True,17
23460,0,0.0,8953.5,83.71516738357958,0.0,8953.5,83.71516738357958,True,17
229407,0,0.0,8953.5,83.71516738357958,0.0,8953.5,83.71516738357958,True,17
26276,0,0.0,8953.5,83.71516738357958,0.0,8953.5,83.71516738357958,True,17
83436,0,0.0,8953.5,83.71516738357958,0.0,8953.5,83.71516738357958,True,17
50974,0,0.0,8953.5,83.71516738357958,0.0,8953.5,83.71516738357958,True,17
131471,0,0.0,8953.5,83.71516738357958,0.0,8953.5,83.71516738357958,True,17
95747,0,0.0,8953.5,83.71516738357958,0.0,8953.5,83.71516738357958,True,17
71483,0,0.0,8953.5,83.71516738357958,0.0,8953.5,83.71516738357958,True,17
324846,0,0.0,8953.5,83.71516738357958,0.0,8953.5,83.71516738357958,True,17
111519,0,0.0,8953.5,83.71516738357958,0.0,8953.5,83.71516738357958,True,17
288533,0,0.0,8953.5,83.71516738357958,0.0,8953.5,83.71516738357958,True,17
147231,0,0.0,8953.5,83.71516738357958,0.0,8953.5,83.71516738357958,True,17
300581,0,0.0,8953.5,83.71516738357958,0.0,8953.5,83.71516738357958,True,17
330750,0,0.0,8953.5,83.71516738357958,0.0,8953.5,83.71516738357958,True,17
77822,0,0.0,8953.5,83.71516738357958,0.0,8953.5,83.71516738357958,True,17
25911,0,0.0,8953.5,83.71516738357958,0.0,8953.5,83.71516738357958,True,17
171334,0,0.0,8953.5,83.71516738357958,0.0,8953.5,83.71516738357958,True,17
315593,0,0.0,8953.5,83.71516738357958,0.0,8953.5,83.71516738357958,True,17
200212,0,0.0,8953.5,83.71516738357958,0.0,8953.5,83.71516738357958,True,17
133360,0,0.34539187198053334,121.0,0.6599208095028597,8.4194935092856,2595.0,14.26528816542015,True,18
185056,0,0.2958257713248638,215.0,1.1768587769467664,13.0,2033.5,11.177408710954685,True,18
200848,0,0.2692307692307692,286.0,1.5673119225692917,18.999999999999996,1315.0,7.226132864056313,True,18
307991,0,0.2692307692307692,286.0,1.5673119225692917,18.999999999999996,1315.0,7.226132864056313,True,18
180297,0,0.2692307692307692,286.0,1.5673119225692917,18.999999999999996,1315.0,7.226132864056313,True,18
30614,0,0.2678436241673868,293.5,1.6085569731632203,8.062429896702277,2638.5,14.504509458864936,True,18
199693,0,0.2678436241673868,293.5,1.6085569731632203,8.062429896702277,2638.5,14.504509458864936,True,18
374537,0,0.2562169898275837,340.0,1.8642762868455784,2.424335340394778,4156.0,22.849758029036515,True,18
360647,0,0.2504657895107375,361.0,1.9797624285085789,11.315200262838076,2205.0,12.120545534535855,True,18
328320,1,0.24947180904217936,365.0,2.001759788825341,23.139101620713216,1111.0,6.104267487901452,True,18
253482,0,0.24907472477617032,366.5,2.010008798944127,31.385691847320846,681.5,3.7423009238891334,True,18
305533,0,0.24907472477617032,366.5,2.010008798944127,31.385691847320846,681.5,3.7423009238891334,True,18
2500,0,0.2426356974937888,406.0,2.2272327320721512,29.393272482516405,748.0,4.108007039155301,True,18
224387,0,0.24240454476119194,408.0,2.2382314122305322,2.65305002284907,4077.0,22.415310162780468,True,18
242554,0,0.22774676779699748,460.0,2.524197096348438,50.352120199297445,423.0,2.32072151341839,True,18
179459,1,0.22736235305744318,463.0,2.5406951165860097,9.947065021293211,2369.0,13.022437307523097,True,18
162236,0,0.2175883750788243,512.5,2.812912450505939,1.9582953757094188,4462.5,24.535305763308404,True,18
208074,0,0.2175883750788243,512.5,2.812912450505939,1.9582953757094188,4462.5,24.535305763308404,True,18
244700,0,0.21695349569310074,515.0,2.8266608007039156,14.545795722074905,1885.0,10.360756709194897,True,18
363983,0,0.21564504538074078,525.0,2.8816542014958206,18.336369230444063,1351.0,7.424109106907171,True,18
73023,0,0.2057081721017007,576.0,3.162120545534536,21.496869335237776,1164.0,6.395732512098548,True,18
358594,0,0.20443704515062347,581.0,3.189617245930488,0.4918774262746351,6399.0,35.1847778266608,True,18
171528,0,0.19999999999999998,596.5,3.274857017157941,10.0,2360.5,12.975692916849978,True,18
179758,0,0.19999999999999998,596.5,3.274857017157941,10.0,2360.5,12.975692916849978,True,18
337394,0,0.19943504002871515,602.0,3.3051033875934888,3.3926660174139927,3742.0,20.57303123625165,True,18
230757,0,0.19832003328965173,615.0,3.3765948086229653,17.240300390415044,1504.0,8.265508139023318,True,18
292361,0,0.19723285865021928,623.5,3.4233391992960844,0.39446571730043856,6728.5,36.99681038275407,True,18
399508,0,0.19723285865021928,623.5,3.4233391992960844,0.39446571730043856,6728.5,36.99681038275407,True,18
31976,1,0.1963072813543957,631.5,3.4673339199296085,40.11728090025377,556.5,3.0548834139903214,True,18
281703,1,0.1963072813543957,631.5,3.4673339199296085,40.11728090025377,556.5,3.0548834139903214,True,18
314596,0,0.18629911707423452,693.0,3.805543334799824,22.58671890745572,1122.0,6.164760228772547,True,18
23609,0,0.18548524354808138,701.0,3.849538055433348,11.891597461115909,2175.0,11.955565332160141,True,18
184148,0,0.1839679332453372,719.0,3.948526176858777,5.210102606708474,3159.0,17.36691597008359,True,18
259370,0,0.1829127132769016,724.0,3.9760228772547292,6.268263442907836,2958.0,16.2615486141663,True,18
341721,1,0.18256041807235704,740.0,4.064012318521778,21.973532510646606,1151.0,6.324241091069072,True,18
316376,0,0.1810586390345784,764.0,4.195996480422349,4.341972079620703,3420.0,18.80224373075231,True,18
361573,0,0.1777006257277468,793.0,4.355477342718873,1.2022613147040466,5141.0,28.266608007039157,True,18
88881,0,0.17766849243117172,794.0,4.360976682798064,28.920656151406874,759.0,4.168499780026397,True,18
375739,0,0.1758006042501057,812.5,4.462714474263088,6.179147044166097,2987.5,16.42377914650242,True,18
33033,0,0.1758006042501057,812.5,4.462714474263088,6.179147044166097,2987.5,16.42377914650242,True,18
365924,0,0.17284275304675065,824.0,4.5259568851737795,21.96338907556041,1153.0,6.335239771227453,True,18
188076,0,0.17141858727371975,852.0,4.679938407391113,16.938029220523937,1548.0,8.507479102507698,True,18
347250,0,0.16666666666666666,882.5,4.847668279806423,2.0,4429.5,24.353827540695118,True,18
99817,0,0.16666666666666666,882.5,4.847668279806423,2.0,4429.5,24.353827540695118,True,18
30510,0,0.16533144068500474,897.0,4.927408710954685,13.764287454082359,1935.0,10.635723713154421,True,18
310457,0,0.15811867682304365,958.0,5.262868455785306,14.091994901771514,1913.0,10.514738231412231,True,18
375423,0,0.15797651244473418,959.0,5.2683677958644965,4.006776154906856,3543.0,19.47866256049274,True,18
386495,0,0.15789473684210523,960.0,5.273867135943687,8.999999999999998,2533.0,13.924329080510338,True,18
112418,0,0.15780588898919856,961.0,5.279366476022878,1.4730909490692559,4873.0,26.792784865816103,True,18
12041,0,0.15562943541982244,1010.5,5.551583809942807,5.475816153806914,3100.5,17.045204575450946,True,18
6971,0,0.15562943541982244,1010.5,5.551583809942807,5.475816153806914,3100.5,17.045204575450946,True,18
84020,0,0.15035639644761364,1046.0,5.746810382754069,41.856237108058025,545.0,2.9916410030796303,True,18
257366,0,0.14890119696393933,1058.0,5.812802463704355,1.9555976965961444,4464.0,24.54355477342719,True,18
238153,0,0.14690385287932403,1069.0,5.8732952045754505,0.5040630180186839,6365.0,34.99780026396832,True,18
334078,0,0.14673297598705942,1072.0,5.8897932248130225,17.545677715417224,1471.0,8.084029916410032,True,18
162384,0,0.14671214639966382,1074.0,5.9007919049714035,15.156097799730757,1832.0,10.0692916849978,True,18
287167,1,0.14671214639966382,1074.0,5.9007919049714035,15.156097799730757,1832.0,10.0692916849978,True,18
379629,0,0.14671214639966382,1074.0,5.9007919049714035,15.156097799730757,1832.0,10.0692916849978,True,18
297761,0,0.1466031535093377,1077.0,5.917289925208975,13.634403741513783,1939.0,10.657721073471183,True,18
334536,1,0.14653849526568463,1079.0,5.928288605367356,23.60674274221304,1042.0,5.724813022437307,True,18
378105,0,0.146456368465515,1080.0,5.9337879454465465,5.246047041188868,3143.0,17.27892652881654,True,18
2690,1,0.14629947847010025,1081.0,5.939287285525737,4.3008758445864546,3430.0,18.857237131544213,True,18
131519,0,0.14513639094305777,1099.0,6.038275406951166,20.318944505765973,1250.0,6.868675758908931,True,18
389759,1,0.1450771385138127,1101.0,6.049274087109547,2.209481987107013,4272.0,23.487681478222612,True,18
375515,0,0.1450771385138127,1101.0,6.049274087109547,2.209481987107013,4272.0,23.487681478222612,True,18
159737,0,0.1450771385138127,1101.0,6.049274087109547,2.209481987107013,4272.0,23.487681478222612,True,18
42557,0,0.1436877465889384,1111.0,6.104267487901452,17.355991675402095,1477.0,8.117025956885174,True,18
31290,1,0.14169042630331782,1173.0,6.445226572811262,19.428506687499617,1306.0,7.176638803343598,True,18
363219,0,0.14005850876849482,1208.0,6.63770347558293,12.880339809808046,2053.0,11.2846458424989,True,18
74650,0,0.14005850876849482,1208.0,6.63770347558293,12.880339809808046,2053.0,11.2846458424989,True,18
260219,0,0.14005850876849482,1208.0,6.63770347558293,12.880339809808046,2053.0,11.2846458424989,True,18
294237,0,0.1399338991155718,1213.0,6.665200175978883,22.700949981006783,1121.0,6.159260888693357,True,18
89392,0,0.13802679994381842,1225.0,6.731192256929169,12.42299580503385,2130.0,11.708095028596569,True,18
230546,0,0.1365426079484258,1244.0,6.835679718433788,6.2669199788780325,2960.0,16.27254729432468,True,18
368330,0,0.1365426079484258,1244.0,6.835679718433788,6.2669199788780325,2960.0,16.27254729432468,True,18
257887,0,0.1365426079484258,1244.0,6.835679718433788,6.2669199788780325,2960.0,16.27254729432468,True,18
81042,1,0.1355175917560844,1249.5,6.865926088869336,14.162778205318595,1909.5,10.495490541135064,True,18
168927,0,0.1355175917560844,1249.5,6.865926088869336,14.162778205318595,1909.5,10.495490541135064,True,18
222520,1,0.13471758599518288,1277.0,7.017157941047074,25.09261921141187,958.0,5.262868455785306,True,18
63386,0,0.13422937119875328,1283.5,7.052903651561812,3.26494798292554,3781.5,20.790255169379673,True,18
354756,0,0.13422937119875328,1283.5,7.052903651561812,3.26494798292554,3781.5,20.790255169379673,True,18
165395,0,0.13405342786160943,1286.0,7.066652001759789,1.2272054757356523,5117.0,28.134623845138584,True,18
395663,0,0.12983524204606933,1344.0,7.385613726352838,15.209804120870226,1828.0,10.047294324681038,True,18
283991,0,0.12952789678289023,1349.0,7.41311042674879,11.204357300106366,2230.0,12.258029036515618,True,18
396113,0,0.12914388986401124,1357.0,7.457105147382314,22.35616170337209,1132.0,6.219753629564452,True,18
86158,0,0.12914388986401124,1357.0,7.457105147382314,22.35616170337209,1132.0,6.219753629564452,True,18
303930,0,0.12914388986401124,1357.0,7.457105147382314,22.35616170337209,1132.0,6.219753629564452,True,18
141092,0,0.12736286714771128,1386.0,7.616586009678839,4.669246931551999,3279.0,18.02683677958645,True,18
138787,0,0.1269118261612047,1390.0,7.638583369995601,15.88480028834839,1754.0,9.640343158820942,True,18
154747,0,0.1267834652975799,1391.0,7.644082710074791,2.906827381772936,3935.0,21.634403871535415,True,18
382786,0,0.12586534055123955,1404.0,7.715574131104267,21.193501644284908,1194.0,6.560712714474263,True,18
236338,0,0.12585399518069143,1405.5,7.723823141223053,1.9093152416574373,4505.5,24.771777386713595,True,18
233861,0,0.12585399518069143,1405.5,7.723823141223053,1.9093152416574373,4505.5,24.771777386713595,True,18
168702,0,0.1251933345418714,1412.0,7.759568851737791,18.269426892733055,1353.0,7.435107787065552,True,18
176263,1,0.1250652279916652,1413.0,7.765068191816982,3.9845660506745735,3552.0,19.528156621205454,True,18
3147,0,0.12357000374958793,1439.0,7.908051033875935,18.23305238226443,1354.0,7.440607127144743,True,18
151407,0,0.12227421090397814,1467.0,8.06203255609327,17.535667289852007,1472.0,8.089529256489222,True,18
203639,0,0.12225593572019502,1468.5,8.070281566212055,0.881737442234178,5548.5,30.50758908930928,True,18
368240,0,0.12225593572019502,1468.5,8.070281566212055,0.881737442234178,5548.5,30.50758908930928,True,18
212254,0,0.11951535700601995,1522.0,8.364496260448746,13.850618373503822,1933.0,10.624725032996041,True,18
220190,0,0.11731916918336865,1554.0,8.540475142982842,26.018613368895895,911.0,5.004399472063352,True,18
232427,0,0.11703045901315778,1555.0,8.545974483062032,23.180220889372197,1060.0,5.823801143862736,True,18
51142,1,0.11400382989801869,1631.0,8.96392432908051,4.761771359337052,3249.0,17.861856577210734,True,18
274770,0,0.11373130615358769,1632.0,8.969423669159701,5.989603082273695,3035.0,16.684997800263968,True,18
127933,0,0.11363636363636362,1634.5,8.983172019357678,2.5,4136.0,22.739771227452707,True,18
359961,0,0.11363636363636362,1634.5,8.983172019357678,2.5,4136.0,22.739771227452707,True,18
320925,1,0.11328281587430009,1638.0,9.002419709634843,5.9495468864157655,3038.0,16.70149582050154,True,18
328617,0,0.11194627687607357,1656.0,9.101407831060273,14.395935523249754,1892.0,10.39925208974923,True,18
131153,0,0.11182646259070382,1657.0,9.106907171139463,24.391243158139286,1000.0,5.493840739111307,True,18
78532,0,0.11139389045242842,1664.0,9.145402551693797,16.665040529176057,1583.0,8.699956005279367,True,18
383884,0,0.11057483566319334,1698.0,9.332380114386273,11.481395272922045,2192.0,12.04905411350638,True,18
79294,0,0.11057483566319334,1698.0,9.332380114386273,11.481395272922045,2192.0,12.04905411350638,True,18
128946,0,0.11057483566319334,1698.0,9.332380114386273,11.481395272922045,2192.0,12.04905411350638,True,18
134616,0,0.10900711488499579,1769.0,9.722833260008798,1.3498456872055158,4986.0,27.41421029476463,True,18
220432,0,0.10706814401864831,1792.0,9.84931808183018,1.6801457348855091,4674.0,25.698416190057195,True,18
356576,0,0.10599544042247422,1827.5,10.044544654641443,3.163734347426962,3820.5,21.004729432468103,True,18
300863,1,0.10599544042247422,1827.5,10.044544654641443,3.163734347426962,3820.5,21.004729432468103,True,18
115236,1,0.10599544042247422,1827.5,10.044544654641443,3.163734347426962,3820.5,21.004729432468103,True,18
394761,0,0.10599544042247422,1827.5,10.044544654641443,3.163734347426962,3820.5,21.004729432468103,True,18
352551,0,0.1046174144951278,1865.0,10.250769907611087,5.245713024353459,3145.0,17.289925208974925,True,18
82262,0,0.1046174144951278,1865.0,10.250769907611087,5.245713024353459,3145.0,17.289925208974925,True,18
187546,0,0.1046174144951278,1865.0,10.250769907611087,5.245713024353459,3145.0,17.289925208974925,True,18
169802,0,0.10415263797257454,1878.0,10.322261328640563,1.493542874138202,4857.0,26.704795424549054,True,18
232515,0,0.10415263797257454,1878.0,10.322261328640563,1.493542874138202,4857.0,26.704795424549054,True,18
322253,0,0.10415263797257454,1878.0,10.322261328640563,1.493542874138202,4857.0,26.704795424549054,True,18
385303,0,0.10362875047633224,1887.0,10.371755389353277,2.1679844452648287,4296.0,23.619665640123184,True,18
183441,0,0.10272840702853356,1910.0,10.498240211174659,17.78336459803139,1435.0,7.886053673559173,True,18
25788,0,0.10169926901517763,1941.0,10.668719753629565,14.0386780635473,1916.0,10.531236251649801,True,18
341838,0,0.10028575093802353,1958.0,10.762208534975803,14.533418888094246,1886.0,10.366256049274087,True,18
181544,0,0.09948745320944481,1968.0,10.817201935767708,1.9141418008333642,4501.0,24.747030356357236,True,18
315517,0,0.09872441332268665,1981.0,10.888693356797184,22.731351440772904,1120.0,6.153761548614166,True,18
127796,0,0.09859109246586144,1983.0,10.899692036955566,14.372570149066075,1894.0,10.410250769907611,True,18
65659,1,0.0985827538439273,1985.0,10.910690717113946,5.966707344871231,3037.0,16.695996480422348,True,18
93292,0,0.09832204101691043,1993.0,10.95468543774747,13.712018635633985,1936.0,10.641223053233611,True,18
329485,0,0.09764415572107688,2003.0,11.009678838539376,14.528135697660353,1887.0,10.371755389353277,True,18
323768,0,0.09655284298250057,2037.0,11.196656401231852,28.101932413438423,842.0,4.624945006599208,True,18
140034,0,0.09629886753962422,2043.0,11.229652441706994,14.047523400629482,1915.0,10.525736911570611,True,18
320957,0,0.09627680204997813,2051.0,11.273647162340518,5.1450834181970215,3167.0,17.410910690717113,True,18
293358,0,0.09615384615384615,2056.0,11.301143862736472,10.0,2360.5,12.975692916849978,True,18
272075,0,0.09546967979281944,2079.5,11.430378354597448,9.75223598931879,2412.5,13.261658600967884,True,18
335898,0,0.09546967979281944,2079.5,11.430378354597448,9.75223598931879,2412.5,13.261658600967884,True,18
122135,0,0.09504585603244835,2089.0,11.482622085349758,22.216587164167475,1139.0,6.258249010118786,True,18
373901,0,0.09504585603244835,2089.0,11.482622085349758,22.216587164167475,1139.0,6.258249010118786,True,18
201625,0,0.09504585603244835,2089.0,11.482622085349758,22.216587164167475,1139.0,6.258249010118786,True,18
393296,0,0.09504585603244835,2089.0,11.482622085349758,22.216587164167475,1139.0,6.258249010118786,True,18
25412,0,0.09504585603244835,2089.0,11.482622085349758,22.216587164167475,1139.0,6.258249010118786,True,18
116810,0,0.0946209879552495,2101.0,11.548614166300045,24.385164375174387,1001.0,5.499340079190497,True,18
207171,0,0.09409896520334081,2123.0,11.669599648042235,13.588129007350219,1949.0,10.71271447426309,True,18
272750,0,0.09265256837687802,2149.0,11.812582490101187,26.01172220041963,912.0,5.009898812142543,True,18
108833,0,0.09259779005739395,2150.0,11.818081830180379,25.953181902297,914.0,5.020897492300924,True,18
352605,0,0.09232627800459255,2152.0,11.829080510338759,21.51700211920634,1163.0,6.390233172019357,True,18
305930,0,0.09109692544049781,2176.0,11.961064672239331,14.512958984866422,1888.0,10.377254729432469,True,18
241755,0,0.09027733493950792,2190.0,12.038055433347997,0.47716569238545187,6453.0,35.48174219093709,True,18
274347,0,0.08892008033786603,2212.0,12.15904091509019,34.576725781990085,616.0,3.382094148702156,True,18
302336,0,0.08857237427154323,2236.0,12.291025076990762,4.894164481023041,3220.0,17.70237571491421,True,18
28043,0,0.08740294419527843,2255.0,12.39551253849538,10.06016913315496,2352.0,12.928948526176859,True,18
232933,0,0.0872218393596851,2256.0,12.401011878574572,4.646259415353984,3292.0,18.098328200615928,True,18
203699,0,0.08534713858467517,2303.0,12.659480862296524,5.51579268551984,3099.0,17.03695556533216,True,18
82727,0,0.0840496591554449,2330.0,12.807963044434668,7.17625864367763,2763.0,15.189177298724154,True,18
58578,0,0.08342864330961675,2344.0,12.884953805543335,18.019344969624544,1385.0,7.611086669599648,True,18
103794,0,0.08333607300490152,2347.5,12.904201495820502,28.12135094449269,840.5,4.616695996480423,True,18
361331,0,0.08333607300490152,2347.5,12.904201495820502,28.12135094449269,840.5,4.616695996480423,True,18
299033,0,0.08325115889713167,2357.0,12.95644522657281,5.073840445566635,3179.0,17.4769027716674,True,18
184647,1,0.08318717724953614,2362.0,12.983941926968765,0.6576891647970795,6008.0,33.034535855697314,True,18
383114,0,0.08258298152450909,2397.0,13.176418829740431,23.483848260698327,1044.0,5.735811702595688,True,18
173167,1,0.08216579796212353,2404.0,13.214914210294765,21.084652405131386,1197.0,6.5772107347118345,True,18
252465,0,0.08118355426716309,2423.0,13.319401671799383,20.54538263853576,1225.0,6.731192256929169,True,18
285888,0,0.08112762949092861,2424.0,13.324901011878575,3.961189649298517,3556.0,19.550153981522218,True,18
151927,1,0.08107257881893451,2432.0,13.3688957325121,21.597763971028794,1160.0,6.373735151781786,True,18
156158,0,0.08092861688998214,2435.5,13.388143422789266,16.04093440829303,1737.5,9.549604047514299,True,18
205067,0,0.08092861688998214,2435.5,13.388143422789266,16.04093440829303,1737.5,9.549604047514299,True,18
398069,0,0.08087904435674549,2440.0,13.412890453145623,3.0496569051853015,3860.0,21.22195336559613,True,18
341234,0,0.08087904435674549,2440.0,13.412890453145623,3.0496569051853015,3860.0,21.22195336559613,True,18
34912,0,0.08087904435674549,2440.0,13.412890453145623,3.0496569051853015,3860.0,21.22195336559613,True,18
129421,0,0.08067067362017652,2443.0,13.429388473383193,7.415414710617522,2729.0,15.002199736031676,True,18
350477,0,0.07999238072669884,2485.0,13.660360756709196,10.098373078597515,2348.0,12.906951165860097,True,18
256450,1,0.07934231450659077,2495.0,13.7153541575011,24.428914988335663,999.0,5.488341399032116,True,18
102210,0,0.07820903875973181,2522.0,13.863836339639244,14.363902159747896,1896.0,10.421249450065993,True,18
201355,0,0.07803323810173836,2538.0,13.951825780906292,1.764474204792119,4603.0,25.30796304443467,True,18
977,0,0.07767446420277452,2549.0,14.012318521777386,6.92363239581315,2820.0,15.502639683238012,True,18
204767,1,0.07748330293804032,2557.0,14.05631324241091,20.86631464597817,1214.0,6.670699516058073,True,18
344655,0,0.07658493153302341,2625.0,14.430268367795865,4.294736493540519,3437.0,18.895732512098547,True,18
212801,0,0.07658493153302341,2625.0,14.430268367795865,4.294736493540519,3437.0,18.895732512098547,True,18
265051,0,0.07658493153302341,2625.0,14.430268367795865,4.294736493540519,3437.0,18.895732512098547,True,18
172944,0,0.07658493153302341,2625.0,14.430268367795865,4.294736493540519,3437.0,18.895732512098547,True,18
144524,0,0.07658493153302341,2625.0,14.430268367795865,4.294736493540519,3437.0,18.895732512098547,True,18
375689,1,0.07591756169209488,2659.0,14.617245930488341,5.762720615504739,3052.0,16.778486581610206,True,18
304791,0,0.07533534261881043,2660.0,14.622745270567531,23.37293456693203,1050.0,5.768807743070831,True,18
7130,1,0.07477674220633922,2686.0,14.765728112626485,1.9534400392754918,4466.0,24.55455345358557,True,18
327394,0,0.07457585331903692,2690.5,14.790475142982842,1.2677895064236275,5081.5,27.93939727232732,True,18
209464,0,0.07457585331903692,2690.5,14.790475142982842,1.2677895064236275,5081.5,27.93939727232732,True,18
219304,0,0.07457585331903692,2690.5,14.790475142982842,1.2677895064236275,5081.5,27.93939727232732,True,18
374789,0,0.07400073140656525,2710.0,14.897712274527057,24.971185502234633,984.0,5.405851297844259,True,18
114029,1,0.07354936009115738,2721.0,14.958205015398152,1.1714762770811884,5180.0,28.481082270127583,True,18
168660,0,0.07319858121102718,2758.0,15.1616805983282,5.118682082806136,3170.0,17.427408710954687,True,18
295872,0,0.07298916879350165,2760.0,15.172679278486582,26.00477501988831,913.0,5.015398152221733,True,18
176904,0,0.07156023448656589,2785.0,15.310162780466344,2.8043421362904746,3986.0,21.91487021557413,True,18
134800,0,0.07123512085670011,2793.0,15.354157501099868,8.617775919217022,2575.0,14.15530136383634,True,18
335726,0,0.07092408728165453,2805.0,15.420149582050154,19.099765034468454,1311.0,7.204135503739551,True,18
184522,0,0.06970852846007244,2825.0,15.530136383633964,23.068932974573755,1112.0,6.109766827980643,True,18
97196,0,0.06949464206771465,2829.5,15.554883413990321,2.572065040792677,4106.5,22.577540695116586,True,18
133588,0,0.06949464206771465,2829.5,15.554883413990321,2.572065040792677,4106.5,22.577540695116586,True,18
248657,0,0.06948000469383987,2831.0,15.563132424109106,20.42493244743539,1237.0,6.797184337879455,True,18
126760,0,0.06935437573232835,2832.0,15.568631764188297,2.608924962505078,4089.0,22.481302243730752,True,18
280164,1,0.0686305771624943,2903.5,15.961834579850418,19.822165989279327,1272.5,6.992410910690717,True,18
78165,0,0.0686305771624943,2903.5,15.961834579850418,19.822165989279327,1272.5,6.992410910690717,True,18
330080,1,0.0678784978007887,2921.0,16.05807303123625,12.092593615483734,2154.0,11.840079190497141,True,18
392648,0,0.06768560451592794,2924.5,16.07732072151342,7.03939930665963,2783.5,15.301913770347559,True,18
58075,0,0.06768560451592794,2924.5,16.07732072151342,7.03939930665963,2783.5,15.301913770347559,True,18
163270,1,0.06724600224670174,2946.0,16.195556533216013,19.07196137570146,1312.0,7.209634843818741,True,18
281771,0,0.06716877216782502,2949.0,16.212054553453587,6.781254460891839,2854.0,15.689617245930489,True,18
397859,0,0.0666648504977226,2962.0,16.28354597448306,3.533286590290923,3679.0,20.22657281126265,True,18
151967,0,0.0664947617754035,2965.0,16.300043994720635,32.54809451892246,662.0,3.6350637923449187,True,18
339429,0,0.0664947617754035,2965.0,16.300043994720635,32.54809451892246,662.0,3.6350637923449187,True,18
379353,0,0.0664947617754035,2965.0,16.300043994720635,32.54809451892246,662.0,3.6350637923449187,True,18
361429,0,0.0664947617754035,2965.0,16.300043994720635,32.54809451892246,662.0,3.6350637923449187,True,18
85863,0,0.0664947617754035,2965.0,16.300043994720635,32.54809451892246,662.0,3.6350637923449187,True,18
7952,0,0.06578128751112235,2994.0,16.459524857017158,6.859603730617693,2827.0,15.541135063792344,True,18
89734,0,0.06578128751112235,2994.0,16.459524857017158,6.859603730617693,2827.0,15.541135063792344,True,18
299891,0,0.06578128751112235,2994.0,16.459524857017158,6.859603730617693,2827.0,15.541135063792344,True,18
8619,0,0.06456038113615738,3013.0,16.564012318521776,14.851675875581922,1869.0,10.272767267927849,True,18
194935,0,0.06369492125043318,3040.5,16.715244170699517,0.7643390550051982,5777.5,31.766937967443905,True,18
291170,0,0.06369492125043318,3040.5,16.715244170699517,0.7643390550051982,5777.5,31.766937967443905,True,18
128958,0,0.06369492125043318,3040.5,16.715244170699517,0.7643390550051982,5777.5,31.766937967443905,True,18
390714,1,0.06369492125043318,3040.5,16.715244170699517,0.7643390550051982,5777.5,31.766937967443905,True,18
290951,0,0.0632804285156199,3086.0,16.965464144302683,3.2272239612062874,3794.0,20.858996920369556,True,18
22546,0,0.06303663477474013,3092.5,17.00120985481742,12.826838006407158,2077.5,11.419379674439067,True,18
226466,0,0.06303663477474013,3092.5,17.00120985481742,12.826838006407158,2077.5,11.419379674439067,True,18
102930,0,0.06303663477474013,3092.5,17.00120985481742,12.826838006407158,2077.5,11.419379674439067,True,18
189281,0,0.06303663477474013,3092.5,17.00120985481742,12.826838006407158,2077.5,11.419379674439067,True,18
379974,0,0.06287058757877796,3099.0,17.03695556533216,23.161840692539734,1110.0,6.098768147822262,True,18
322150,0,0.0627659228190381,3108.0,17.086449626044875,11.026507737781772,2248.0,12.357017157941048,True,18
387945,0,0.06260281780905583,3113.0,17.11394632644083,2.368964118052281,4185.0,23.00923889133304,True,18
333127,0,0.06216097971269087,3122.0,17.163440387153543,14.299709923559734,1899.0,10.437747470303563,True,18
131770,0,0.06203417060139046,3123.0,17.168939727232733,6.73594887259654,2856.0,15.700615926088869,True,18
120377,0,0.06120664623067738,3142.5,17.276176858776946,4.133104651762374,3486.5,19.167949846018477,True,18
163833,0,0.06120664623067738,3142.5,17.276176858776946,4.133104651762374,3486.5,19.167949846018477,True,18
321326,0,0.06066133837605173,3155.0,17.34491860976683,22.36081147675829,1130.0,6.208754949406071,True,18
91029,0,0.060635800798797185,3162.0,17.383413990321163,24.69931633769337,991.0,5.444346678398592,True,18
153612,0,0.06048884529734652,3164.5,17.397162340519138,13.915046792393808,1925.5,10.583479982402112,True,18
65306,1,0.06048884529734652,3164.5,17.397162340519138,13.915046792393808,1925.5,10.583479982402112,True,18
5586,0,0.06037021334140215,3169.5,17.424659040915092,26.10524279581539,908.5,4.990651121865376,True,18
190081,0,0.06037021334140215,3169.5,17.424659040915092,26.10524279581539,908.5,4.990651121865376,True,18
133647,0,0.06023678759287689,3175.0,17.454905411350637,15.586080206619691,1783.0,9.799824021117466,True,18
234059,0,0.05999348432530248,3181.5,17.490651121865376,1.897313139809752,4515.5,24.8267707875055,True,18
142990,1,0.05999348432530248,3181.5,17.490651121865376,1.897313139809752,4515.5,24.8267707875055,True,18
343244,0,0.059979639132485205,3183.0,17.49890013198416,2.5139856189883583,4130.0,22.706775186977563,True,18
255749,0,0.05980784787894509,3185.0,17.50989881214254,14.45246308197609,1889.0,10.382754069511659,True,18
376459,0,0.05978466607824855,3186.0,17.515398152221735,1.149380722005441,5215.0,28.673559172899253,True,18
178858,1,0.05957248562286363,3187.0,17.520897492300925,14.284212720227552,1900.0,10.443246810382755,True,18
383701,0,0.05669559941293109,3290.0,18.087329520457544,27.745903048390897,852.0,4.679938407391113,True,18
45597,0,0.05657635133459839,3291.0,18.092828860536734,27.69319539776784,857.0,4.707435107787066,True,18
29456,0,0.05656049546994912,3292.0,18.098328200615928,1.1494904869236444,5214.0,28.668059832820063,True,18
197425,1,0.056064098455115,3302.0,18.153321601407832,34.28297604652132,624.0,3.42608886933568,True,18
219484,0,0.056064098455115,3302.0,18.153321601407832,34.28297604652132,624.0,3.42608886933568,True,18
307061,0,0.056064098455115,3302.0,18.153321601407832,34.28297604652132,624.0,3.42608886933568,True,18
62666,0,0.055275268810009236,3322.0,18.26330840299164,23.292694271696828,1059.0,5.818301803783546,True,18
5075,0,0.05525885879758565,3323.5,18.271557413110425,3.9295379218004736,3563.5,19.591399032116147,True,18
398455,0,0.05525885879758565,3323.5,18.271557413110425,3.9295379218004736,3563.5,19.591399032116147,True,18
316409,0,0.054318483695873956,3357.0,18.455785305763307,18.838978279618797,1320.0,7.2536295644522655,True,18
33897,0,0.053441873326979535,3367.0,18.510778706555215,6.191991642069846,2986.0,16.415530136383634,True,18
294441,0,0.051912616131971165,3428.5,18.84898812142543,5.346999461593031,3126.5,17.188187417509898,True,18
383204,0,0.051912616131971165,3428.5,18.84898812142543,5.346999461593031,3126.5,17.188187417509898,True,18
99656,0,0.051912616131971165,3428.5,18.84898812142543,5.346999461593031,3126.5,17.188187417509898,True,18
337324,0,0.051912616131971165,3428.5,18.84898812142543,5.346999461593031,3126.5,17.188187417509898,True,18
146175,0,0.051890740880866607,3431.5,18.865486141663002,2.902148175339357,3944.5,21.686647602287724,True,18
321944,0,0.051890740880866607,3431.5,18.865486141663002,2.902148175339357,3944.5,21.686647602287724,True,18
228324,0,0.0512647234274725,3453.0,18.983721953365595,3.8824845194486186,3572.0,19.638143422789266,True,18
296975,0,0.05002665331898383,3541.0,19.46766388033436,5.082341555294904,3177.0,17.465904091509017,True,18
329807,0,0.04936046188084424,3562.0,19.583150021997362,1.0413278136281447,5330.0,29.30598328200616,True,18
248402,1,0.04923417942215889,3564.0,19.594148702155742,19.79127795725703,1274.0,7.000659920809503,True,18
35900,0,0.04909634372347286,3580.0,19.68213814342279,1.2105069028805149,5128.0,28.19511658600968,True,18
323980,0,0.04899909385259416,3582.0,19.69313682358117,4.246967870591148,3461.0,19.02771667399912,True,18
264391,0,0.04824313600465174,3592.0,19.748130224373075,1.03073924149683,5335.0,29.33347998240211,True,18
95005,0,0.04822632481051088,3594.5,19.761878574571053,10.126393642082993,2338.5,12.854707435107787,True,18
238154,0,0.04822632481051088,3594.5,19.761878574571053,10.126393642082993,2338.5,12.854707435107787,True,18
234580,0,0.047548788168642185,3619.0,19.89661240651122,6.545420442879049,2905.0,15.970083589969203,True,18
287053,0,0.04753030312804955,3620.0,19.90211174659041,0.6295258549852735,6059.0,33.31500219973603,True,18
197417,0,0.04723224404803235,3627.0,19.94060712714474,18.867836987812964,1319.0,7.248130224373075,True,18
213024,0,0.047073179173675296,3642.0,20.0230972283326,4.094350061464687,3517.0,19.335679718433788,True,18
380255,0,0.04704034452698289,3646.0,20.045094588649363,22.817684139185413,1118.0,6.142762868455785,True,18
283153,0,0.046046325999948415,3685.0,20.259568851737793,22.53432206658664,1125.0,6.181258249010119,True,18
129547,1,0.045216806921446695,3725.5,20.48229212494501,2.486924380679568,4141.5,22.770017597888252,True,18
196494,0,0.045216806921446695,3725.5,20.48229212494501,2.486924380679568,4141.5,22.770017597888252,True,18
312856,0,0.04507559530091578,3735.0,20.534535855697317,2.1136562255750224,4314.0,23.718653761548616,True,18
307768,0,0.04507559530091578,3735.0,20.534535855697317,2.1136562255750224,4314.0,23.718653761548616,True,18
3269,0,0.04507559530091578,3735.0,20.534535855697317,2.1136562255750224,4314.0,23.718653761548616,True,18
43489,0,0.04483671118550951,3743.0,20.57853057633084,0.5380405342261143,6257.0,34.40387153541575,True,18
77546,0,0.04440026136917814,3761.0,20.67751869775627,28.325992596841974,818.0,4.492960844698636,True,18
14279,0,0.04427214191198123,3777.0,20.765508139023318,0.8186728781658442,5688.0,31.27474703035636,True,18
238326,0,0.04325320813600544,3811.0,20.952485701715794,1.122108565085705,5251.0,28.87153541575011,True,18
169682,0,0.04325320813600544,3811.0,20.952485701715794,1.122108565085705,5251.0,28.87153541575011,True,18
174847,0,0.04325320813600544,3811.0,20.952485701715794,1.122108565085705,5251.0,28.87153541575011,True,18
174297,0,0.042777366123078024,3832.0,21.067971843378796,0.6844378579692484,5972.0,32.83655961284646,True,18
266025,0,0.04257362154368018,3837.0,21.095468543774746,4.5128038836301,3314.0,18.219313682358116,True,18
339294,0,0.041295482903785145,3995.0,21.964364276286844,5.4421575569633935,3107.0,17.080950285965685,True,18
132670,0,0.041295482903785145,3995.0,21.964364276286844,5.4421575569633935,3107.0,17.080950285965685,True,18
182842,0,0.041295482903785145,3995.0,21.964364276286844,5.4421575569633935,3107.0,17.080950285965685,True,18
230342,0,0.041251773280469105,4000.0,21.991860976682798,27.4389002222597,874.0,4.800923889133304,True,18
218890,0,0.04067829835433285,4012.0,22.057853057633086,4.230543028850616,3469.0,19.071711394632644,True,18
121841,0,0.0406095501580629,4014.5,22.07160140783106,25.907636163981998,917.5,5.04014518257809,True,18
244729,0,0.0406095501580629,4014.5,22.07160140783106,25.907636163981998,917.5,5.04014518257809,True,18
299140,0,0.039657182050798524,4061.0,22.32732072151342,24.293542770660927,1002.0,5.504839419269688,True,18
311142,0,0.03964642293024403,4066.0,22.35481742190937,16.175740555539562,1624.0,8.925428948526177,True,18
394837,0,0.03964642293024403,4066.0,22.35481742190937,16.175740555539562,1624.0,8.925428948526177,True,18
134941,0,0.03964642293024403,4066.0,22.35481742190937,16.175740555539562,1624.0,8.925428948526177,True,18
40707,0,0.03964642293024403,4066.0,22.35481742190937,16.175740555539562,1624.0,8.925428948526177,True,18
28009,0,0.03964642293024403,4066.0,22.35481742190937,16.175740555539562,1624.0,8.925428948526177,True,18
265863,0,0.03964642293024403,4066.0,22.35481742190937,16.175740555539562,1624.0,8.925428948526177,True,18
308794,0,0.03964642293024403,4066.0,22.35481742190937,16.175740555539562,1624.0,8.925428948526177,True,18
143614,0,0.03964642293024403,4066.0,22.35481742190937,16.175740555539562,1624.0,8.925428948526177,True,18
56074,0,0.03964642293024403,4066.0,22.35481742190937,16.175740555539562,1624.0,8.925428948526177,True,18
361209,0,0.039636003925232276,4071.0,22.382314122305324,10.395782862321624,2312.0,12.708974923009238,True,18
279733,0,0.03873796601315351,4099.0,22.536295644522657,6.7073556297190375,2858.0,15.71161460624725,True,18
279675,0,0.038110581405952935,4128.0,22.695776506819183,0.851791761423176,5628.0,30.944786625604927,True,18
203388,0,0.03803074239977331,4129.5,22.704025516937968,4.679732917760477,3276.5,18.013088429388475,True,18
114832,0,0.03803074239977331,4129.5,22.704025516937968,4.679732917760477,3276.5,18.013088429388475,True,18
337845,0,0.037961109797598064,4132.0,22.717773867135943,24.2220089647907,1004.0,5.515838099428069,True,18
184537,0,0.0379566553432317,4133.0,22.723273207215133,24.215171377338333,1005.0,5.521337439507259,True,18
227512,0,0.03732454756541476,4148.5,22.808512978442586,5.994073198800234,3033.5,16.676748790145183,True,18
358416,0,0.03732454756541476,4148.5,22.808512978442586,5.994073198800234,3033.5,16.676748790145183,True,18
263417,0,0.03618212138716718,4179.0,22.976242850857897,26.530430206549553,897.0,4.927408710954685,True,18
294009,0,0.036150845367397946,4180.0,22.981742190937087,5.030444829691127,3194.0,17.55939287285526,True,18
82865,0,0.03533839033355857,4202.5,23.105477342718874,2.249733306493013,4248.5,23.358446986361635,True,18
220976,0,0.03533839033355857,4202.5,23.105477342718874,2.249733306493013,4248.5,23.358446986361635,True,18
137741,0,0.03533839033355857,4202.5,23.105477342718874,2.249733306493013,4248.5,23.358446986361635,True,18
293848,0,0.03533839033355857,4202.5,23.105477342718874,2.249733306493013,4248.5,23.358446986361635,True,18
324329,0,0.034739339982326235,4240.5,23.314452265728114,3.114726707511957,3829.5,21.054223493180817,True,18
152182,0,0.034739339982326235,4240.5,23.314452265728114,3.114726707511957,3829.5,21.054223493180817,True,18
282998,0,0.034720331299279636,4245.0,23.33919929608447,25.206960523277015,951.0,5.2243730752309725,True,18
309436,0,0.034720331299279636,4245.0,23.33919929608447,25.206960523277015,951.0,5.2243730752309725,True,18
54058,0,0.034720331299279636,4245.0,23.33919929608447,25.206960523277015,951.0,5.2243730752309725,True,18
149967,0,0.034720331299279636,4245.0,23.33919929608447,25.206960523277015,951.0,5.2243730752309725,True,18
14145,0,0.034720331299279636,4245.0,23.33919929608447,25.206960523277015,951.0,5.2243730752309725,True,18
368929,0,0.034720331299279636,4245.0,23.33919929608447,25.206960523277015,951.0,5.2243730752309725,True,18
26993,0,0.034720331299279636,4245.0,23.33919929608447,25.206960523277015,951.0,5.2243730752309725,True,18
50453,0,0.034663723870100076,4250.0,23.366695996480424,1.8232667682932624,4578.0,25.170479542454906,True,18
167978,0,0.03402634390870624,4276.5,23.51242850857897,26.75200770555699,894.5,4.913660360756709,True,18
324829,0,0.03402634390870624,4276.5,23.51242850857897,26.75200770555699,894.5,4.913660360756709,True,18
124757,0,0.033759422786405875,4294.5,23.6114166300044,0.30383480507765287,7068.5,38.86658600967884,True,18
145487,0,0.033759422786405875,4294.5,23.6114166300044,0.30383480507765287,7068.5,38.86658600967884,True,18
283407,0,0.03374957331892154,4298.0,23.630664320281568,15.373730491512083,1806.0,9.926308842938848,True,18
212756,0,0.03302323283108166,4339.0,23.856137263528378,0.6604646566216332,6004.0,33.012538495380554,True,18
374992,0,0.03302251089811167,4340.0,23.861636603607568,0.3498856247924436,6887.0,37.86845578530576,True,18
84584,0,0.03296495456871172,4341.0,23.86713594368676,12.107679335079117,2153.0,11.83457985041795,True,18
283613,0,0.032943972458510704,4346.0,23.89463264408271,1.305747848279681,5035.0,27.683677958644964,True,18
358234,0,0.031897964169709414,4391.0,24.142102947646283,1.5460725474691064,4804.0,26.413330400351956,True,18
290225,0,0.031897964169709414,4391.0,24.142102947646283,1.5460725474691064,4804.0,26.413330400351956,True,18
196580,0,0.031897964169709414,4391.0,24.142102947646283,1.5460725474691064,4804.0,26.413330400351956,True,18
332523,0,0.03181743854971023,4398.0,24.180598328200617,13.385700272827002,1986.0,10.916190057193138,True,18
249574,0,0.03181743854971023,4398.0,24.180598328200617,13.385700272827002,1986.0,10.916190057193138,True,18
340142,0,0.03181743854971023,4398.0,24.180598328200617,13.385700272827002,1986.0,10.916190057193138,True,18
165062,0,0.03181743854971023,4398.0,24.180598328200617,13.385700272827002,1986.0,10.916190057193138,True,18
89504,0,0.03181743854971023,4398.0,24.180598328200617,13.385700272827002,1986.0,10.916190057193138,True,18
363757,0,0.031757188988786635,4401.0,24.197096348438187,5.099992573340777,3174.0,17.449406071271447,True,18
109815,0,0.030957153080369487,4423.0,24.31808183018038,5.238082722577847,3157.0,17.35591728992521,True,18
265621,0,0.03057365535907377,4438.0,24.400571931368237,14.277246891195228,1901.0,10.448746150461945,True,18
10875,0,0.030514137937644105,4440.0,24.411570611526617,11.532503618748587,2189.0,12.032556093268807,True,18
373754,0,0.030514137937644105,4440.0,24.411570611526617,11.532503618748587,2189.0,12.032556093268807,True,18
167303,0,0.030514137937644105,4440.0,24.411570611526617,11.532503618748587,2189.0,12.032556093268807,True,18
239052,0,0.030496445530659142,4443.0,24.428068631764187,4.290067983616785,3442.0,18.9232292124945,True,18
284396,0,0.030496445530659142,4443.0,24.428068631764187,4.290067983616785,3442.0,18.9232292124945,True,18
53376,0,0.030496445530659142,4443.0,24.428068631764187,4.290067983616785,3442.0,18.9232292124945,True,18
114078,0,0.030493547565785595,4445.5,24.441816981962166,0.9043937848932336,5517.5,30.33710954685438,True,18
59128,0,0.030493547565785595,4445.5,24.441816981962166,0.9043937848932336,5517.5,30.33710954685438,True,18
186386,0,0.02995675465771776,4478.5,24.623295204575452,22.138041692053424,1142.5,6.277496700395952,True,18
89102,1,0.02995675465771776,4478.5,24.623295204575452,22.138041692053424,1142.5,6.277496700395952,True,18
314906,0,0.029771858145700082,4487.0,24.67003959524857,14.920288969112482,1851.0,10.17377914650242,True,18
82587,0,0.02959212702715965,4504.5,24.766278046634405,1.1144780149011955,5254.5,28.89078310602728,True,18
399057,0,0.02959212702715965,4504.5,24.766278046634405,1.1144780149011955,5254.5,28.89078310602728,True,18
255478,0,0.028236145426613474,4543.0,24.97800263968324,17.842596865561525,1431.0,7.864056313242411,True,18
7766,0,0.028144530897968527,4548.0,25.00549934007919,0.8042167904528134,5718.0,31.43972723273207,True,18
171770,0,0.027489319902050186,4602.0,25.30246370435548,4.65131051490817,3287.0,18.070831500219974,True,18
105929,0,0.027284459634756182,4630.0,25.45644522657281,21.200025136205554,1183.0,6.500219973603167,True,18
313243,0,0.027284459634756182,4630.0,25.45644522657281,21.200025136205554,1183.0,6.500219973603167,True,18
134283,0,0.027284459634756182,4630.0,25.45644522657281,21.200025136205554,1183.0,6.500219973603167,True,18
309074,0,0.027284459634756182,4630.0,25.45644522657281,21.200025136205554,1183.0,6.500219973603167,True,18
305489,0,0.027284459634756182,4630.0,25.45644522657281,21.200025136205554,1183.0,6.500219973603167,True,18
98041,0,0.027284459634756182,4630.0,25.45644522657281,21.200025136205554,1183.0,6.500219973603167,True,18
273601,0,0.027284459634756182,4630.0,25.45644522657281,21.200025136205554,1183.0,6.500219973603167,True,18
158785,0,0.027284459634756182,4630.0,25.45644522657281,21.200025136205554,1183.0,6.500219973603167,True,18
283806,0,0.027284459634756182,4630.0,25.45644522657281,21.200025136205554,1183.0,6.500219973603167,True,18
300089,0,0.027284459634756182,4630.0,25.45644522657281,21.200025136205554,1183.0,6.500219973603167,True,18
225281,0,0.027284459634756182,4630.0,25.45644522657281,21.200025136205554,1183.0,6.500219973603167,True,18
302609,0,0.027284459634756182,4630.0,25.45644522657281,21.200025136205554,1183.0,6.500219973603167,True,18
4600,0,0.027284459634756182,4630.0,25.45644522657281,21.200025136205554,1183.0,6.500219973603167,True,18
174926,0,0.027284459634756182,4630.0,25.45644522657281,21.200025136205554,1183.0,6.500219973603167,True,18
391446,0,0.027284459634756182,4630.0,25.45644522657281,21.200025136205554,1183.0,6.500219973603167,True,18
213570,0,0.027284459634756182,4630.0,25.45644522657281,21.200025136205554,1183.0,6.500219973603167,True,18
318501,0,0.027284459634756182,4630.0,25.45644522657281,21.200025136205554,1183.0,6.500219973603167,True,18
220039,0,0.027284459634756182,4630.0,25.45644522657281,21.200025136205554,1183.0,6.500219973603167,True,18
187019,0,0.027284459634756182,4630.0,25.45644522657281,21.200025136205554,1183.0,6.500219973603167,True,18
309282,0,0.027284459634756182,4630.0,25.45644522657281,21.200025136205554,1183.0,6.500219973603167,True,18
23824,0,0.027284459634756182,4630.0,25.45644522657281,21.200025136205554,1183.0,6.500219973603167,True,18
9839,0,0.026903931924220807,4657.0,25.604927408710953,19.70195696726528,1278.0,7.022657281126265,True,18
45083,0,0.026868190913794877,4659.0,25.615926088869337,15.053567177545752,1837.0,10.096788385393753,True,18
203090,0,0.026153616345695307,4689.0,25.78090629124505,8.414949762250915,2596.0,14.27078750549934,True,18
231190,0,0.02574643270502625,4713.0,25.91289045314562,0.7428715626414165,5824.0,32.022657281126264,True,18
49365,0,0.025564501800304007,4723.0,25.96788385393753,4.28670301827665,3444.0,18.93422789265288,True,18
68297,0,0.025559768702000475,4724.5,25.976132864056314,2.354341849370516,4194.5,23.06148262208535,True,18
397830,0,0.025559768702000475,4724.5,25.976132864056314,2.354341849370516,4194.5,23.06148262208535,True,18
116069,0,0.024786906917361105,4762.0,26.182358117025956,1.4004297438036402,4924.0,27.073251209854817,True,18
261202,0,0.024616845388366212,4769.0,26.22085349758029,17.82179110735695,1432.0,7.869555653321601,True,18
358600,0,0.024286671728705665,4797.0,26.374835019797626,5.448547097965699,3105.0,17.069951605807304,True,18
107224,0,0.023976787674229668,4807.5,26.432578090629125,9.324314053552332,2488.5,13.67960844698636,True,18
176425,0,0.023976787674229668,4807.5,26.432578090629125,9.324314053552332,2488.5,13.67960844698636,True,18
15816,0,0.02381795986588835,4815.0,26.473823141223054,1.286169832757971,5051.0,27.771667399912012,True,18
18836,0,0.02355308088919822,4835.0,26.583809942806862,1.1232318733562603,5249.0,28.86053673559173,True,18
84658,0,0.022570769022540623,4907.0,26.97976242850858,0.9254015299241657,5461.0,30.026396832380115,True,18
140615,0,0.022570769022540623,4907.0,26.97976242850858,0.9254015299241657,5461.0,30.026396832380115,True,18
268617,0,0.022570769022540623,4907.0,26.97976242850858,0.9254015299241657,5461.0,30.026396832380115,True,18
7190,0,0.022139406717871134,4937.5,27.14749230092389,7.364752926253858,2738.5,15.054443466783987,True,18
30906,0,0.022139406717871134,4937.5,27.14749230092389,7.364752926253858,2738.5,15.054443466783987,True,18
204639,0,0.021765325870690858,4961.5,27.279476462824462,0.892378360698325,5537.5,30.447096348438187,True,18
67117,0,0.021765325870690858,4961.5,27.279476462824462,0.892378360698325,5537.5,30.447096348438187,True,18
118222,0,0.021348248461620777,4982.5,27.39496260448746,7.068472088153997,2775.5,15.257919049714035,True,18
305379,0,0.021348248461620777,4982.5,27.39496260448746,7.068472088153997,2775.5,15.257919049714035,True,18
261916,0,0.021271273841803634,4991.0,27.44170699516058,15.992291822896455,1742.0,9.574351077870656,True,18
399223,0,0.021271273841803634,4991.0,27.44170699516058,15.992291822896455,1742.0,9.574351077870656,True,18
320547,0,0.021271273841803634,4991.0,27.44170699516058,15.992291822896455,1742.0,9.574351077870656,True,18
131072,0,0.021271273841803634,4991.0,27.44170699516058,15.992291822896455,1742.0,9.574351077870656,True,18
217945,0,0.021271273841803634,4991.0,27.44170699516058,15.992291822896455,1742.0,9.574351077870656,True,18
380934,0,0.02003323382858402,5130.0,28.20611526616806,0.9615952237720329,5418.0,29.789925208974925,True,18
168616,0,0.020028435006275026,5131.5,28.214364276286844,0.7545630030691215,5799.5,31.887923449186097,True,18
70915,0,0.020028435006275026,5131.5,28.214364276286844,0.7545630030691215,5799.5,31.887923449186097,True,18
391813,0,0.01999709043444915,5134.0,28.228112626484823,2.7910308838985984,3991.0,21.942366915970084,True,18
107607,0,0.01999709043444915,5134.0,28.228112626484823,2.7910308838985984,3991.0,21.942366915970084,True,18
61089,0,0.01999709043444915,5134.0,28.228112626484823,2.7910308838985984,3991.0,21.942366915970084,True,18
77580,0,0.01993306729348698,5156.0,28.34909810822701,4.740333501845767,3253.0,17.883853937527498,True,18
381728,0,0.019876100057051625,5159.0,28.365596128464585,4.75534100844983,3252.0,17.878354597448308,True,18
128846,0,0.01977699564197137,5162.5,28.38484381874175,0.5735328736171698,6192.5,34.04916410030796,True,18
17956,0,0.01977699564197137,5162.5,28.38484381874175,0.5735328736171698,6192.5,34.04916410030796,True,18
56606,0,0.019206326226330575,5212.0,28.65706115266168,14.923315477858857,1849.0,10.162780466344039,True,18
46602,0,0.019206326226330575,5212.0,28.65706115266168,14.923315477858857,1849.0,10.162780466344039,True,18
367546,0,0.019206326226330575,5212.0,28.65706115266168,14.923315477858857,1849.0,10.162780466344039,True,18
231334,0,0.01887229357987369,5229.0,28.750549934007918,1.8465653108313074,4551.0,25.02199736031676,True,18
256541,1,0.018535355172637775,5245.0,28.838539375274966,13.438227609425397,1979.0,10.877694676638804,True,18
100911,0,0.018238405856283675,5266.5,28.956775186977563,9.203457709453156,2497.5,13.729102507699077,True,18
231195,0,0.018238405856283675,5266.5,28.956775186977563,9.203457709453156,2497.5,13.729102507699077,True,18
228950,0,0.018238405856283675,5266.5,28.956775186977563,9.203457709453156,2497.5,13.729102507699077,True,18
4057,0,0.018238405856283675,5266.5,28.956775186977563,9.203457709453156,2497.5,13.729102507699077,True,18
47652,0,0.018107052990782,5293.0,29.10250769907611,1.2894619462242092,5049.0,27.760668719753628,True,18
399720,0,0.017927541216796666,5301.0,29.146502419709634,1.39834821491014,4926.0,27.084249890013197,True,18
398485,0,0.017680708042540516,5339.0,29.355477342718874,0.9043829721763064,5519.0,30.345358556973164,True,18
139962,0,0.01700655091910643,5381.0,29.586449626044875,12.816481690342407,2080.0,11.433128024637044,True,18
198269,0,0.0161088432754234,5471.0,30.08139023317202,2.024196769723591,4411.0,24.25208974923009,True,18
364799,0,0.01510756288639808,5574.5,30.650571931368237,1.6014016659581964,4754.5,26.141113066432027,True,18
60547,0,0.01510756288639808,5574.5,30.650571931368237,1.6014016659581964,4754.5,26.141113066432027,True,18
195029,0,0.01434541566595012,5648.5,31.057523097228334,10.628168802044616,2290.5,12.590739111306643,True,18
356521,0,0.014162790223732838,5667.0,31.159260888693357,2.591777746460434,4093.0,22.503299604047513,True,18
238432,1,0.013914319687982554,5687.0,31.269247690277165,7.51373263151058,2714.0,14.91970963484382,True,18
169986,0,0.013914319687982554,5687.0,31.269247690277165,7.51373263151058,2714.0,14.91970963484382,True,18
102560,0,0.013914319687982554,5687.0,31.269247690277165,7.51373263151058,2714.0,14.91970963484382,True,18
127185,0,0.013664589453897327,5708.0,31.384733831940167,0.8834643472214135,5547.0,30.499340079190496,True,18
225761,0,0.01356108282367051,5724.0,31.472723273207215,6.559860932976596,2904.0,15.964584249890013,True,18
362908,0,0.01332973245939629,5751.5,31.623955125384953,1.189320915174434,5151.5,28.324351077870656,True,18
196473,0,0.01332973245939629,5751.5,31.623955125384953,1.189320915174434,5151.5,28.324351077870656,True,18
69110,0,0.01332973245939629,5751.5,31.623955125384953,1.189320915174434,5151.5,28.324351077870656,True,18
197329,0,0.01332973245939629,5751.5,31.623955125384953,1.189320915174434,5151.5,28.324351077870656,True,18
124209,0,0.01325076162141514,5765.0,31.698196216454026,2.3871395992486386,4177.0,22.965244170699517,True,18
377,0,0.013221877990472388,5767.0,31.709194896612406,6.141369842406565,2990.0,16.437527496700397,True,18
222756,0,0.013142359789848021,5781.5,31.78893532776067,1.2485241800355622,5097.5,28.027386713594368,True,18
299823,1,0.013142359789848021,5781.5,31.78893532776067,1.2485241800355622,5097.5,28.027386713594368,True,18
376567,0,0.013045615409768166,5820.0,32.000659920809504,1.0450681136515108,5328.0,29.29498460184778,True,18
146861,0,0.012407460969952077,5868.0,32.26462824461065,4.736052457913176,3254.0,17.889353277606688,True,18
31233,0,0.012043501175651668,5910.0,32.495600527936645,12.068577739557185,2156.0,11.851077870655521,True,18
395207,0,0.01191009964015576,5919.0,32.54509458864936,11.411440996927798,2202.0,12.104047514298284,True,18
112176,0,0.011817955455011743,5926.0,32.58358996920369,0.2538800583469258,7258.0,39.90871095468544,True,18
38546,0,0.011796527923937134,5928.0,32.59458864936207,0.3677673012088278,6828.0,37.54399472063352,True,18
150453,0,0.011584240139499042,5946.0,32.69357677078751,0.927999148404109,5447.0,29.949406071271447,True,18
68824,0,0.011196419652905052,5986.5,32.916300043994724,1.6346772693241376,4707.5,25.882644082710076,True,18
5780,0,0.011196419652905052,5986.5,32.916300043994724,1.6346772693241376,4707.5,25.882644082710076,True,18
250086,0,0.011196419652905052,5986.5,32.916300043994724,1.6346772693241376,4707.5,25.882644082710076,True,18
65204,0,0.011196419652905052,5986.5,32.916300043994724,1.6346772693241376,4707.5,25.882644082710076,True,18
112040,0,0.010710372342406035,6022.0,33.11152661680598,0.15311504268227238,7780.0,42.77936647602288,True,18
353506,0,0.01008201617902425,6103.0,33.55697316322041,0.7767287289762712,5760.0,31.67069951605807,True,18
19098,0,0.009965894696466087,6111.0,33.60096788385394,0.16954555916242564,7695.0,42.31192256929169,True,18
334050,0,0.009579372951238261,6138.5,33.75219973603168,1.3315328402221185,5000.5,27.49395072591289,True,18
168990,0,0.009345367250525254,6162.0,33.881434227892655,1.9344910208587276,4478.0,24.620545534535857,True,18
289273,0,0.009230036152353687,6185.0,34.00791904971403,0.7733949776300107,5763.0,31.687197536295646,True,18
364127,0,0.008997578002869483,6212.0,34.15640123185218,0.9653967582338973,5412.0,29.75692916849978,True,18
111286,0,0.008978423062752854,6216.0,34.17839859216894,0.8744256843053902,5579.0,30.675318961724592,True,18
203317,0,0.008741498396526695,6233.0,34.27188737351518,0.7443280819701136,5820.0,32.000659920809504,True,18
399516,0,0.00844139493828941,6267.0,34.458864936207654,0.6317012550028469,6056.0,33.29850417949846,True,18
34109,0,0.008019810018094297,6342.5,34.874065112186535,0.617854279478891,6080.5,33.433238011438625,True,18
198767,0,0.008019810018094297,6342.5,34.874065112186535,0.617854279478891,6080.5,33.433238011438625,True,18
200218,0,0.007814956880725324,6370.0,35.02529696436427,4.210478857383073,3473.0,19.093708754949407,True,18
37982,0,0.0067147664207910275,6522.0,35.86119665640123,0.502491164798436,6377.0,35.06379234491861,True,18
209182,0,0.006279447386977914,6593.0,36.251649802023756,2.367351664890674,4187.0,23.02023757149142,True,18
118813,0,0.006279447386977914,6593.0,36.251649802023756,2.367351664890674,4187.0,23.02023757149142,True,18
383392,0,0.006279447386977914,6593.0,36.251649802023756,2.367351664890674,4187.0,23.02023757149142,True,18
390475,0,0.006150434104026798,6617.0,36.38363396392433,0.5538085866379182,6223.0,34.21689397272327,True,18
341089,0,0.006001236593989136,6647.5,36.55136383633964,8.97183686534739,2539.5,13.960074791025077,True,18
335753,0,0.005965966419848159,6653.5,36.58435987681478,0.20155407482794946,7524.5,41.37428508578971,True,18
17915,0,0.005965966419848159,6653.5,36.58435987681478,0.20155407482794946,7524.5,41.37428508578971,True,18
342180,0,0.005330500026883562,6776.0,37.258029036515616,7.400178817214081,2732.0,15.018697756269248,True,18
71820,0,0.005298386730222754,6784.5,37.304773427188735,1.029503991103851,5336.5,29.3417289925209,True,18
271855,0,0.005298386730222754,6784.5,37.304773427188735,1.029503991103851,5336.5,29.3417289925209,True,18
368182,0,0.0052289751932167285,6788.0,37.324021117465904,0.8118876032840987,5708.0,31.384733831940167,True,18
125746,0,0.005159886139824544,6799.0,37.384513858337,0.4696422110601806,6497.0,35.72371315442147,True,18
270907,0,0.005159886139824544,6799.0,37.384513858337,0.4696422110601806,6497.0,35.72371315442147,True,18
222649,0,0.005159886139824544,6799.0,37.384513858337,0.4696422110601806,6497.0,35.72371315442147,True,18
140405,0,0.004141231991861609,7012.5,38.55862296524417,0.6680557082105122,5987.5,32.921799384073914,True,18
249173,0,0.004141231991861609,7012.5,38.55862296524417,0.6680557082105122,5987.5,32.921799384073914,True,18
114927,0,0.003573564157152136,7120.0,39.14980202375715,0.4207390055634952,6636.0,36.48812142542895,True,18
160527,0,0.0035721314617275296,7121.0,39.15530136383634,1.2591521373241457,5087.0,27.96964364276287,True,18
220176,0,0.003243655048059905,7188.0,39.52375714914211,0.9709952514031381,5404.0,29.712934447866257,True,18
135880,0,0.003069515932214548,7268.0,39.96370435547734,1.1741377687589203,5176.0,28.459084909810823,True,18
13939,0,0.0028146801504773823,7356.0,40.44764628244611,1.3060421779918794,5034.0,27.678178618565774,True,18
156505,0,0.0028139518607065753,7357.0,40.4531456225253,1.305673663367851,5036.0,27.689177298724154,True,18
246099,0,0.002707200790559512,7388.0,40.623625164980204,0.5576833628552594,6221.0,34.20589529256489,True,18
144053,0,0.002704055482469872,7390.0,40.634623845138584,0.9593228680690471,5422.0,29.811922569291685,True,18
337193,0,0.002473194376773955,7427.0,40.83809942806863,0.8774198377956044,5573.0,30.64232292124945,True,18
114156,0,0.002468428588366577,7431.0,40.86009678838539,0.8701043525902791,5582.0,30.691816981962166,True,18
371120,0,0.002468428588366577,7431.0,40.86009678838539,0.8701043525902791,5582.0,30.691816981962166,True,18
116555,0,0.002468428588366577,7431.0,40.86009678838539,0.8701043525902791,5582.0,30.691816981962166,True,18
205182,0,0.002456242119608318,7435.0,40.88209414870216,0.812328047926722,5706.0,31.373735151781787,True,18
348796,0,0.0024276418616109917,7449.0,40.95908490981082,0.9393380107116661,5441.0,29.916410030796303,True,18
221208,0,0.002324545544114037,7473.5,41.09381874175099,1.133908943359132,5230.5,28.758798944126706,True,18
264437,0,0.002324545544114037,7473.5,41.09381874175099,1.133908943359132,5230.5,28.758798944126706,True,18
56570,0,0.0021556964094269584,7537.0,41.44302683677959,0.8341129756205683,5657.0,31.104267487901453,True,18
262380,0,0.0015515384517571075,7813.0,42.960844698636166,0.7250180009995999,5844.0,32.13264408271007,True,18
160658,0,0.0015468155049408938,7816.0,42.977342718873736,0.7177493844950081,5855.0,32.19313682358117,True,18
333214,0,0.0015468155049408938,7816.0,42.977342718873736,0.7177493844950081,5855.0,32.19313682358117,True,18
220843,0,0.0015468155049408938,7816.0,42.977342718873736,0.7177493844950081,5855.0,32.19313682358117,True,18
60952,0,0.0014054223956166477,7847.0,43.14782226132864,0.40801713835126474,6679.0,36.72459304883414,True,18
240064,0,0.001314866321972732,7912.0,43.505279366476024,0.05144617387093664,8561.0,47.07435107787065,True,18
373225,0,0.0011680529976239946,7994.0,43.956225252969645,0.9075771791538438,5503.0,30.257369115706116,True,18
336037,0,0.0011680529976239946,7994.0,43.956225252969645,0.9075771791538438,5503.0,30.257369115706116,True,18
96371,0,0.0011680529976239946,7994.0,43.956225252969645,0.9075771791538438,5503.0,30.257369115706116,True,18
391497,0,0.0011680529976239946,7994.0,43.956225252969645,0.9075771791538438,5503.0,30.257369115706116,True,18
255739,0,0.0011680529976239946,7994.0,43.956225252969645,0.9075771791538438,5503.0,30.257369115706116,True,18
40988,0,0.0011680529976239946,7994.0,43.956225252969645,0.9075771791538438,5503.0,30.257369115706116,True,18
297599,0,0.0011680529976239946,7994.0,43.956225252969645,0.9075771791538438,5503.0,30.257369115706116,True,18
387290,0,0.0011680529976239946,7994.0,43.956225252969645,0.9075771791538438,5503.0,30.257369115706116,True,18
44625,0,0.0011680529976239946,7994.0,43.956225252969645,0.9075771791538438,5503.0,30.257369115706116,True,18
281576,0,0.0011680529976239946,7994.0,43.956225252969645,0.9075771791538438,5503.0,30.257369115706116,True,18
80472,0,0.0011680529976239946,7994.0,43.956225252969645,0.9075771791538438,5503.0,30.257369115706116,True,18
81562,0,0.0011680529976239946,7994.0,43.956225252969645,0.9075771791538438,5503.0,30.257369115706116,True,18
315319,0,0.0011680529976239946,7994.0,43.956225252969645,0.9075771791538438,5503.0,30.257369115706116,True,18
393961,0,0.0011680529976239946,7994.0,43.956225252969645,0.9075771791538438,5503.0,30.257369115706116,True,18
351358,0,0.0011680529976239946,7994.0,43.956225252969645,0.9075771791538438,5503.0,30.257369115706116,True,18
296002,0,0.0011680529976239946,7994.0,43.956225252969645,0.9075771791538438,5503.0,30.257369115706116,True,18
186295,0,0.0011680529976239946,7994.0,43.956225252969645,0.9075771791538438,5503.0,30.257369115706116,True,18
67690,0,0.0011680529976239946,7994.0,43.956225252969645,0.9075771791538438,5503.0,30.257369115706116,True,18
292510,0,0.0011680529976239946,7994.0,43.956225252969645,0.9075771791538438,5503.0,30.257369115706116,True,18
143791,0,0.0011680529976239946,7994.0,43.956225252969645,0.9075771791538438,5503.0,30.257369115706116,True,18
48971,0,0.0011680529976239946,7994.0,43.956225252969645,0.9075771791538438,5503.0,30.257369115706116,True,18
158171,0,0.000998418953512261,8081.0,44.434667839859216,0.7167470693439276,5859.0,32.21513418389793,True,18
394727,0,0.0008222265429597263,8177.5,44.9653541575011,0.6388700238797074,6043.5,33.22976242850858,True,18
72262,0,0.0008222265429597263,8177.5,44.9653541575011,0.6388700238797074,6043.5,33.22976242850858,True,18
192375,0,0.0007851536609546206,8187.5,45.020347558293004,0.2952177765189374,7091.5,38.99307083150022,True,18
170664,0,0.00022236008581371828,8584.5,47.20358556973163,0.4235859362175634,6633.5,36.47437307523097,True,18
150491,0,0.00022236008581371828,8584.5,47.20358556973163,0.4235859362175634,6633.5,36.47437307523097,True,18
131002,0,0.00018384127614795993,8629.5,47.4510558732952,0.4086791568769149,6675.5,36.705345358556976,True,18
16882,0,0.00018384127614795993,8629.5,47.4510558732952,0.4086791568769149,6675.5,36.705345358556976,True,18
270348,0,0.00018384127614795993,8629.5,47.4510558732952,0.4086791568769149,6675.5,36.705345358556976,True,18
375758,0,0.00018384127614795993,8629.5,47.4510558732952,0.4086791568769149,6675.5,36.705345358556976,True,18
284403,0,0.00018384127614795993,8629.5,47.4510558732952,0.4086791568769149,6675.5,36.705345358556976,True,18
316150,0,0.00018384127614795993,8629.5,47.4510558732952,0.4086791568769149,6675.5,36.705345358556976,True,18
176913,0,0.0001462378240632164,8686.0,47.76176858776947,0.32508668289253,6968.0,38.31390233172019,True,18
192114,0,9.30646342989906e-05,8838.0,48.59766827980642,0.10588817179240254,8099.0,44.533655961284644,True,18
283920,0,8.363945119333625e-05,8870.0,48.77364716234052,0.06703872512268433,8413.0,46.26044874615046,True,18
312429,0,8.363945119333625e-05,8870.0,48.77364716234052,0.06703872512268433,8413.0,46.26044874615046,True,18
308601,0,8.363945119333625e-05,8870.0,48.77364716234052,0.06703872512268433,8413.0,46.26044874615046,True,18
365284,0,5.95441078914585e-05,8953.5,49.232842058952926,0.06585578332795311,8426.5,46.334689837219535,True,18
96413,0,5.4719725944435847e-05,8973.5,49.342828860536734,0.02117653394049667,8835.5,48.58391992960845,True,18
389870,0,5.4719725944435847e-05,8973.5,49.342828860536734,0.02117653394049667,8835.5,48.58391992960845,True,18
270261,0,5.4719725944435847e-05,8973.5,49.342828860536734,0.02117653394049667,8835.5,48.58391992960845,True,18
394238,0,5.4719725944435847e-05,8973.5,49.342828860536734,0.02117653394049667,8835.5,48.58391992960845,True,18
66089,0,5.4719725944435847e-05,8973.5,49.342828860536734,0.02117653394049667,8835.5,48.58391992960845,True,18
279035,0,5.4719725944435847e-05,8973.5,49.342828860536734,0.02117653394049667,8835.5,48.58391992960845,True,18
99790,0,3.064005553623435e-05,9079.5,49.92575890893093,0.011857701492522691,9022.5,49.61229652441707,True,18
253558,0,3.064005553623435e-05,9079.5,49.92575890893093,0.011857701492522691,9022.5,49.61229652441707,True,18
70101,0,0.0,14755.5,81.14001319841618,0.0,14755.5,81.14001319841618,True,18
326493,0,0.0,14755.5,81.14001319841618,0.0,14755.5,81.14001319841618,True,18
182337,0,0.0,14755.5,81.14001319841618,0.0,14755.5,81.14001319841618,True,18
86031,0,0.0,14755.5,81.14001319841618,0.0,14755.5,81.14001319841618,True,18
79227,0,0.0,14755.5,81.14001319841618,0.0,14755.5,81.14001319841618,True,18
329636,0,0.0,14755.5,81.14001319841618,0.0,14755.5,81.14001319841618,True,18
224071,0,0.0,14755.5,81.14001319841618,0.0,14755.5,81.14001319841618,True,18
331845,0,0.0,14755.5,81.14001319841618,0.0,14755.5,81.14001319841618,True,18
165149,0,0.0,14755.5,81.14001319841618,0.0,14755.5,81.14001319841618,True,18
292244,0,0.0,14755.5,81.14001319841618,0.0,14755.5,81.14001319841618,True,18
381545,0,0.0,14755.5,81.14001319841618,0.0,14755.5,81.14001319841618,True,18
321928,0,0.0,14755.5,81.14001319841618,0.0,14755.5,81.14001319841618,True,18
20897,0,0.0,14755.5,81.14001319841618,0.0,14755.5,81.14001319841618,True,18
47309,0,0.0,14755.5,81.14001319841618,0.0,14755.5,81.14001319841618,True,18
239056,0,0.0,14755.5,81.14001319841618,0.0,14755.5,81.14001319841618,True,18
309136,0,0.0,14755.5,81.14001319841618,0.0,14755.5,81.14001319841618,True,18
352526,1,0.0,14755.5,81.14001319841618,0.0,14755.5,81.14001319841618,True,18
208532,0,0.0,14755.5,81.14001319841618,0.0,14755.5,81.14001319841618,True,18
36311,0,0.0,14755.5,81.14001319841618,0.0,14755.5,81.14001319841618,True,18
333621,0,0.0,14755.5,81.14001319841618,0.0,14755.5,81.14001319841618,True,18
114327,0,0.0,14755.5,81.14001319841618,0.0,14755.5,81.14001319841618,True,18
343112,0,0.0,14755.5,81.14001319841618,0.0,14755.5,81.14001319841618,True,18
58200,0,0.0,14755.5,81.14001319841618,0.0,14755.5,81.14001319841618,True,18
213145,0,0.0,14755.5,81.14001319841618,0.0,14755.5,81.14001319841618,True,18
225396,0,0.0,14755.5,81.14001319841618,0.0,14755.5,81.14001319841618,True,18
74872,0,0.0,14755.5,81.14001319841618,0.0,14755.5,81.14001319841618,True,18
44640,0,0.0,14755.5,81.14001319841618,0.0,14755.5,81.14001319841618,True,18
374823,0,0.0,14755.5,81.14001319841618,0.0,14755.5,81.14001319841618,True,18
41972,0,0.0,14755.5,81.14001319841618,0.0,14755.5,81.14001319841618,True,18
193913,0,0.0,14755.5,81.14001319841618,0.0,14755.5,81.14001319841618,True,18
122280,0,0.0,14755.5,81.14001319841618,0.0,14755.5,81.14001319841618,True,18
135645,0,0.0,14755.5,81.14001319841618,0.0,14755.5,81.14001319841618,True,18
24743,0,0.0,14755.5,81.14001319841618,0.0,14755.5,81.14001319841618,True,18
200039,0,0.0,14755.5,81.14001319841618,0.0,14755.5,81.14001319841618,True,18
186917,0,0.0,14755.5,81.14001319841618,0.0,14755.5,81.14001319841618,True,18
311896,0,0.0,14755.5,81.14001319841618,0.0,14755.5,81.14001319841618,True,18
264956,0,0.0,14755.5,81.14001319841618,0.0,14755.5,81.14001319841618,True,18
133573,0,0.0,14755.5,81.14001319841618,0.0,14755.5,81.14001319841618,True,18
331121,0,0.0,14755.5,81.14001319841618,0.0,14755.5,81.14001319841618,True,18
141330,0,0.0,14755.5,81.14001319841618,0.0,14755.5,81.14001319841618,True,18
207489,0,0.0,14755.5,81.14001319841618,0.0,14755.5,81.14001319841618,True,18
111953,0,0.0,14755.5,81.14001319841618,0.0,14755.5,81.14001319841618,True,18
150723,0,0.0,14755.5,81.14001319841618,0.0,14755.5,81.14001319841618,True,18
162877,0,0.0,14755.5,81.14001319841618,0.0,14755.5,81.14001319841618,True,18
205251,0,0.0,14755.5,81.14001319841618,0.0,14755.5,81.14001319841618,True,18
176683,0,0.0,14755.5,81.14001319841618,0.0,14755.5,81.14001319841618,True,18
246368,0,0.0,14755.5,81.14001319841618,0.0,14755.5,81.14001319841618,True,18
33749,0,0.0,14755.5,81.14001319841618,0.0,14755.5,81.14001319841618,True,18
143600,0,0.0,14755.5,81.14001319841618,0.0,14755.5,81.14001319841618,True,18
87326,0,0.0,14755.5,81.14001319841618,0.0,14755.5,81.14001319841618,True,18
342750,0,0.43420070135174116,106.5,0.48588403260719387,195.86023531979126,463.5,2.1300603325196885,True,21
244625,0,0.43420070135174116,106.5,0.48588403260719387,195.86023531979126,463.5,2.1300603325196885,True,21
304061,0,0.40974370718465725,123.0,0.5618753741997882,19.70880520651258,3373.0,15.529866900013817,True,21
386402,0,0.3964378835426935,149.5,0.6839220743333487,48.94711307762046,1949.5,8.973886611707272,True,21
109657,0,0.3964378835426935,149.5,0.6839220743333487,48.94711307762046,1949.5,8.973886611707272,True,21
376472,1,0.3964378835426935,149.5,0.6839220743333487,48.94711307762046,1949.5,8.973886611707272,True,21
75700,1,0.3964378835426935,149.5,0.6839220743333487,48.94711307762046,1949.5,8.973886611707272,True,21
28565,0,0.39491144221380853,152.0,0.6954359139685903,47.64109243836915,1972.0,9.077511168424445,True,21
131252,0,0.35769593022544405,202.5,0.9280154746004697,10.242878726294114,5224.5,24.057016533873718,True,21
393241,0,0.35769593022544405,202.5,0.9280154746004697,10.242878726294114,5224.5,24.057016533873718,True,21
261506,0,0.3528053372308893,206.0,0.9441348500898079,17.800556916048716,3560.0,16.391102104729885,True,21
322680,0,0.35227852953085426,207.0,0.9487403859439045,13.287973898863653,4140.0,19.062312900105926,True,21
298930,0,0.33455433597292394,248.0,1.1375673559618662,16.092172065288082,3701.0,17.040482660157508,True,21
3836,0,0.3264390296895331,288.5,1.3240915580527794,18.473881704409152,3482.5,16.034173076037398,True,21
25508,0,0.3264390296895331,288.5,1.3240915580527794,18.473881704409152,3482.5,16.034173076037398,True,21
327691,0,0.2958257713248639,380.0,1.7454980887026206,13.0,4194.5,19.313314604154193,True,21
268966,0,0.2880214948839977,393.5,1.807672822732925,39.853513120804486,2136.5,9.83512181642334,True,21
284442,0,0.2880214948839977,393.5,1.807672822732925,39.853513120804486,2136.5,9.83512181642334,True,21
115503,1,0.28157394285127274,419.0,1.9251139870123888,8.816496580927726,5726.0,26.366692764703174,True,21
369970,0,0.26828105125289015,475.0,2.1830239948418,23.76824630839734,3032.0,13.959379173766868,True,21
165280,0,0.26065917219979656,508.0,2.3350066780269882,6.328244885281436,6667.0,30.700502003408097,True,21
316361,0,0.2567914205749291,539.5,2.480081057431032,53.3870813745437,1800.5,8.287661769446876,True,21
212953,0,0.2567914205749291,539.5,2.480081057431032,53.3870813745437,1800.5,8.287661769446876,True,21
130133,1,0.2548076923076923,551.5,2.5353474876801916,18.0,3527.0,16.239119421544697,True,21
114204,0,0.2548076923076923,551.5,2.5353474876801916,18.0,3527.0,16.239119421544697,True,21
96586,0,0.2548076923076923,551.5,2.5353474876801916,18.0,3527.0,16.239119421544697,True,21
303231,0,0.2548076923076923,551.5,2.5353474876801916,18.0,3527.0,16.239119421544697,True,21
306755,0,0.24790887898697558,600.0,2.758715976603878,10.816496580927724,5050.0,23.253350527333854,True,21
160081,0,0.24360755573781348,612.0,2.8139824068530372,12.353500505678388,4321.0,19.895914889697416,True,21
114137,1,0.23470260659276504,666.0,3.062681342974255,17.15411030664199,3626.0,16.695067471100263,True,21
320204,0,0.2246788424447538,730.0,3.357435637636439,41.459792828376386,2106.0,9.694652972873394,True,21
146568,0,0.22306756460217358,738.5,3.3965826923962603,20.22160939514587,3246.5,14.947266614470594,True,21
180648,0,0.22306756460217358,738.5,3.3965826923962603,20.22160939514587,3246.5,14.947266614470594,True,21
115045,0,0.2229405869123702,742.5,3.415004835812647,47.463509949113295,1975.5,9.093630543913784,True,21
175690,0,0.2229405869123702,742.5,3.415004835812647,47.463509949113295,1975.5,9.093630543913784,True,21
335781,0,0.2229405869123702,742.5,3.415004835812647,47.463509949113295,1975.5,9.093630543913784,True,21
37416,0,0.2229405869123702,742.5,3.415004835812647,47.463509949113295,1975.5,9.093630543913784,True,21
53525,0,0.2229405869123702,742.5,3.415004835812647,47.463509949113295,1975.5,9.093630543913784,True,21
80370,0,0.2229405869123702,742.5,3.415004835812647,47.463509949113295,1975.5,9.093630543913784,True,21
24619,0,0.22099284005932365,754.0,3.467968498134758,34.56479726807269,2303.0,10.60194353613043,True,21
22852,0,0.2157508826048825,846.5,3.893980564638696,18.168306476308913,3510.5,16.163128079952102,True,21
312752,0,0.2157508826048825,846.5,3.893980564638696,18.168306476308913,3510.5,16.163128079952102,True,21
335952,0,0.2128805536149479,876.0,4.029843872334546,36.099184673833754,2256.0,10.385483350987887,True,21
146935,1,0.21174799008206427,884.0,4.066688159167319,20.029568634023505,3304.0,15.21208492608115,True,21
256654,0,0.2055470475210181,943.0,4.33841477455902,184.5232507219427,494.0,2.2705291760696356,True,21
327509,0,0.20109887296508078,967.5,4.451250402984387,6.529568634023506,6546.5,30.145534932989452,True,21
32584,1,0.20109887296508078,967.5,4.451250402984387,6.529568634023506,6546.5,30.145534932989452,True,21
344659,0,0.20109887296508078,967.5,4.451250402984387,6.529568634023506,6546.5,30.145534932989452,True,21
120190,0,0.20109887296508078,967.5,4.451250402984387,6.529568634023506,6546.5,30.145534932989452,True,21
333097,0,0.2,989.5,4.552572191774513,10.0,5272.0,24.275779486943307,True,21
244548,0,0.2,989.5,4.552572191774513,10.0,5272.0,24.275779486943307,True,21
377666,0,0.19679503749157515,1043.0,4.798968359968683,15.455130727815199,3792.0,17.459586422880303,True,21
183091,0,0.1967637320414744,1048.5,4.824298807166214,19.908248290463863,3355.5,15.449270022567125,True,21
114909,0,0.1967637320414744,1048.5,4.824298807166214,19.908248290463863,3355.5,15.449270022567125,True,21
12157,0,0.1967637320414744,1048.5,4.824298807166214,19.908248290463863,3355.5,15.449270022567125,True,21
111309,0,0.1967637320414744,1048.5,4.824298807166214,19.908248290463863,3355.5,15.449270022567125,True,21
363311,0,0.1967637320414744,1048.5,4.824298807166214,19.908248290463863,3355.5,15.449270022567125,True,21
356561,0,0.1967637320414744,1048.5,4.824298807166214,19.908248290463863,3355.5,15.449270022567125,True,21
349199,0,0.1967637320414744,1048.5,4.824298807166214,19.908248290463863,3355.5,15.449270022567125,True,21
210350,0,0.1967637320414744,1048.5,4.824298807166214,19.908248290463863,3355.5,15.449270022567125,True,21
111298,0,0.1967637320414744,1048.5,4.824298807166214,19.908248290463863,3355.5,15.449270022567125,True,21
305212,0,0.1967637320414744,1048.5,4.824298807166214,19.908248290463863,3355.5,15.449270022567125,True,21
58444,0,0.1949940944280805,1064.0,4.895684612904711,4.112361653781724,8097.0,37.28641827476627,True,21
235079,1,0.1928191522868874,1067.0,4.909501220467002,20.615355071650413,3207.0,14.765347948233776,True,21
71852,0,0.1904231523313295,1079.5,4.9670704186432095,21.908248290463867,3134.5,14.431446598811771,True,21
236457,0,0.1904231523313295,1079.5,4.9670704186432095,21.908248290463867,3134.5,14.431446598811771,True,21
134133,0,0.19038232277932457,1081.0,4.973978722424354,7.207106781186548,6276.5,28.902040252383365,True,21
78167,0,0.18839510725920466,1095.5,5.0407589923087555,6.000000000000001,6901.5,31.780500161193753,True,21
20112,0,0.18839510725920466,1095.5,5.0407589923087555,6.000000000000001,6901.5,31.780500161193753,True,21
223843,0,0.18512920191768906,1133.0,5.213466586837378,3.443375672974064,8554.0,39.39114816008843,True,21
274669,1,0.18510195218107411,1148.0,5.282549624648828,39.66422929975378,2138.0,9.842030120204486,True,21
38292,0,0.1759303987081411,1291.5,5.943444019711693,17.908248290463863,3541.5,16.305899691429097,True,21
344866,0,0.1759303987081411,1291.5,5.943444019711693,17.908248290463863,3541.5,16.305899691429097,True,21
385095,0,0.17567430166351886,1302.0,5.991802146179708,14.704406351679157,3867.0,17.80500161193755,True,21
361079,0,0.1731263649013253,1330.5,6.123059918021462,47.417424446833714,1979.5,9.112052687330172,True,21
258682,1,0.1731263649013253,1330.5,6.123059918021462,47.417424446833714,1979.5,9.112052687330172,True,21
35941,1,0.17029150437970889,1367.0,6.291161976695989,44.650606915753414,2021.0,9.30318242527518,True,21
97963,0,0.1684689119135831,1383.0,6.364850550361535,143.07273115016721,1048.0,4.821996039239165,True,21
292020,0,0.1678190045897923,1394.0,6.415511444756597,42.93790523111061,2061.0,9.487403859439045,True,21
348066,0,0.167506903028529,1402.0,6.45235573158937,83.7779570224795,1499.0,6.899092709436743,True,21
294280,0,0.15761173396788963,1563.0,7.193847004098927,43.59719244914312,2038.0,9.381476534794823,True,21
163002,0,0.1568358634035855,1564.0,7.198452539953023,173.7364146056138,593.0,2.7264772256252017,True,21
43495,0,0.15634929612100332,1573.0,7.239902362639893,16.393846850117352,3681.0,16.94837194307558,True,21
372845,0,0.15634929612100332,1573.0,7.239902362639893,16.393846850117352,3681.0,16.94837194307558,True,21
159525,0,0.15634929612100332,1573.0,7.239902362639893,16.393846850117352,3681.0,16.94837194307558,True,21
245558,0,0.15634929612100332,1573.0,7.239902362639893,16.393846850117352,3681.0,16.94837194307558,True,21
372820,0,0.15634929612100332,1573.0,7.239902362639893,16.393846850117352,3681.0,16.94837194307558,True,21
374803,0,0.15634929612100332,1573.0,7.239902362639893,16.393846850117352,3681.0,16.94837194307558,True,21
84606,0,0.15634929612100332,1573.0,7.239902362639893,16.393846850117352,3681.0,16.94837194307558,True,21
393096,0,0.15634929612100332,1573.0,7.239902362639893,16.393846850117352,3681.0,16.94837194307558,True,21
203957,0,0.15634929612100332,1573.0,7.239902362639893,16.393846850117352,3681.0,16.94837194307558,True,21
286540,0,0.15634929612100332,1573.0,7.239902362639893,16.393846850117352,3681.0,16.94837194307558,True,21
176216,0,0.15634929612100332,1573.0,7.239902362639893,16.393846850117352,3681.0,16.94837194307558,True,21
88411,0,0.15634929612100332,1573.0,7.239902362639893,16.393846850117352,3681.0,16.94837194307558,True,21
395423,0,0.15634929612100332,1573.0,7.239902362639893,16.393846850117352,3681.0,16.94837194307558,True,21
27723,1,0.14873270915877432,1718.0,7.907705061483903,3.0472067242285474,8797.0,40.5102933726339,True,21
1973,0,0.14833336373007455,1724.5,7.937641044535532,43.39306830391119,2039.5,9.388384838575968,True,21
236587,0,0.14833336373007455,1724.5,7.937641044535532,43.39306830391119,2039.5,9.388384838575968,True,21
308863,1,0.1482108909656152,1726.5,7.946852116243725,180.68650420160128,538.5,2.4754755215769353,True,21
3048,1,0.1482108909656152,1726.5,7.946852116243725,180.68650420160128,538.5,2.4754755215769353,True,21
349408,0,0.14670197281230374,1744.0,8.027448993690417,37.96040033986899,2196.0,10.10915119974209,True,21
195410,0,0.14652435517956908,1764.0,8.119559710772348,14.669784854072706,3877.0,17.851056970478517,True,21
265030,0,0.14630976630498502,1770.5,8.149495693823976,204.56232213653644,219.5,1.0063095841201124,True,21
185641,0,0.14630976630498502,1770.5,8.149495693823976,204.56232213653644,219.5,1.0063095841201124,True,21
301229,1,0.1418036146347217,1843.0,8.483397043245981,175.32125391706163,555.0,2.5514668631695296,True,21
381679,1,0.14147955093092515,1844.0,8.488002579100078,13.027050443980869,4180.5,19.24883710219684,True,21
59327,0,0.14138341143577393,1847.5,8.504121954589417,13.0,4194.5,19.313314604154193,True,21
51688,0,0.14138341143577393,1847.5,8.504121954589417,13.0,4194.5,19.313314604154193,True,21
327766,1,0.14138341143577393,1847.5,8.504121954589417,13.0,4194.5,19.313314604154193,True,21
398253,0,0.14138341143577393,1847.5,8.504121954589417,13.0,4194.5,19.313314604154193,True,21
25699,0,0.14138341143577393,1847.5,8.504121954589417,13.0,4194.5,19.313314604154193,True,21
79443,0,0.14138341143577393,1847.5,8.504121954589417,13.0,4194.5,19.313314604154193,True,21
83135,1,0.14137278458503405,1851.0,8.520241330078754,11.619894537362004,4495.0,20.697278128310227,True,21
81358,0,0.13430466523659768,1957.0,9.008428130612996,4.697213595499958,7801.0,35.92317966195367,True,21
275284,0,0.13186416631554054,1989.0,9.155805277944088,13.027050443980869,4180.5,19.24883710219684,True,21
205497,0,0.13083280490421711,2000.0,9.206466172339152,8.054933313927801,5993.0,27.59637083774697,True,21
391638,0,0.12689381385864082,2074.0,9.547275825542302,12.704406351679157,4268.0,19.651821489430294,True,21
25304,0,0.1256584925566753,2108.0,9.703864044581588,14.027050443980869,3937.0,18.127389121724313,True,21
387858,0,0.1255056628688857,2110.0,9.71307511628978,173.99170498206018,585.0,2.6896329387924287,True,21
374158,0,0.12011896659540364,2295.0,10.565099249297656,169.86020525651048,789.0,3.6291622530281398,True,21
53874,0,0.12011896659540364,2295.0,10.565099249297656,169.86020525651048,789.0,3.6291622530281398,True,21
302221,0,0.12011896659540364,2295.0,10.565099249297656,169.86020525651048,789.0,3.6291622530281398,True,21
225702,0,0.11889153154069963,2327.0,10.712476396628748,24.631045324775624,2985.0,13.742918988624327,True,21
350280,0,0.11889153154069963,2327.0,10.712476396628748,24.631045324775624,2985.0,13.742918988624327,True,21
282730,0,0.11889153154069963,2327.0,10.712476396628748,24.631045324775624,2985.0,13.742918988624327,True,21
270230,0,0.11889153154069963,2327.0,10.712476396628748,24.631045324775624,2985.0,13.742918988624327,True,21
337233,0,0.11889153154069963,2327.0,10.712476396628748,24.631045324775624,2985.0,13.742918988624327,True,21
284595,0,0.1187475892879074,2335.0,10.749320683461521,25.384331065529423,2886.0,13.28697093906876,True,21
381659,0,0.1187475892879074,2335.0,10.749320683461521,25.384331065529423,2886.0,13.28697093906876,True,21
22951,0,0.1187475892879074,2335.0,10.749320683461521,25.384331065529423,2886.0,13.28697093906876,True,21
3683,0,0.11649683714205461,2390.0,11.002625155436835,165.22945336300816,890.0,4.094321374291899,True,21
129694,0,0.1161970724408858,2395.0,11.025652834707317,133.43684904779,1130.0,5.1996499792750885,True,21
324652,0,0.11352683529142657,2457.0,11.31119605766131,10.61445555206044,5126.0,23.6033712522452,True,21
62555,0,0.1132789638239319,2534.5,11.668125086353797,169.92558939741272,786.5,3.617648413392898,True,21
97955,0,0.1132789638239319,2534.5,11.668125086353797,169.92558939741272,786.5,3.617648413392898,True,21
368060,0,0.11319329950702801,2537.0,11.679638925989039,14.505867090118693,3904.0,17.975406438539125,True,21
159553,0,0.11078313095267463,2605.0,11.99281536406761,9.074914957130531,5584.0,25.71270667342145,True,21
357111,0,0.10743780798157167,2676.5,12.322111177635518,182.46295669161432,520.5,2.392575876203196,True,21
8922,0,0.10743780798157167,2676.5,12.322111177635518,182.46295669161432,520.5,2.392575876203196,True,21
145368,0,0.10743780798157167,2676.5,12.322111177635518,182.46295669161432,520.5,2.392575876203196,True,21
318941,0,0.10743780798157167,2676.5,12.322111177635518,182.46295669161432,520.5,2.392575876203196,True,21
132001,0,0.10743780798157167,2676.5,12.322111177635518,182.46295669161432,520.5,2.392575876203196,True,21
180682,0,0.10743780798157167,2676.5,12.322111177635518,182.46295669161432,520.5,2.392575876203196,True,21
202540,0,0.10743780798157167,2676.5,12.322111177635518,182.46295669161432,520.5,2.392575876203196,True,21
202281,0,0.10743780798157167,2676.5,12.322111177635518,182.46295669161432,520.5,2.392575876203196,True,21
198438,0,0.10743780798157167,2676.5,12.322111177635518,182.46295669161432,520.5,2.392575876203196,True,21
337339,0,0.10743780798157167,2676.5,12.322111177635518,182.46295669161432,520.5,2.392575876203196,True,21
41860,0,0.10743780798157167,2676.5,12.322111177635518,182.46295669161432,520.5,2.392575876203196,True,21
44662,0,0.10743780798157167,2676.5,12.322111177635518,182.46295669161432,520.5,2.392575876203196,True,21
66360,0,0.10743780798157167,2676.5,12.322111177635518,182.46295669161432,520.5,2.392575876203196,True,21
123535,0,0.10743780798157167,2676.5,12.322111177635518,182.46295669161432,520.5,2.392575876203196,True,21
2867,0,0.10743780798157167,2676.5,12.322111177635518,182.46295669161432,520.5,2.392575876203196,True,21
330913,0,0.10743780798157167,2676.5,12.322111177635518,182.46295669161432,520.5,2.392575876203196,True,21
141135,0,0.10743780798157167,2676.5,12.322111177635518,182.46295669161432,520.5,2.392575876203196,True,21
325340,0,0.10743780798157167,2676.5,12.322111177635518,182.46295669161432,520.5,2.392575876203196,True,21
154155,0,0.10743780798157167,2676.5,12.322111177635518,182.46295669161432,520.5,2.392575876203196,True,21
372401,0,0.10743780798157167,2676.5,12.322111177635518,182.46295669161432,520.5,2.392575876203196,True,21
85154,0,0.10743780798157167,2676.5,12.322111177635518,182.46295669161432,520.5,2.392575876203196,True,21
164763,0,0.10743780798157167,2676.5,12.322111177635518,182.46295669161432,520.5,2.392575876203196,True,21
274266,0,0.10743780798157167,2676.5,12.322111177635518,182.46295669161432,520.5,2.392575876203196,True,21
20329,0,0.10743780798157167,2676.5,12.322111177635518,182.46295669161432,520.5,2.392575876203196,True,21
29123,0,0.10743780798157167,2676.5,12.322111177635518,182.46295669161432,520.5,2.392575876203196,True,21
137625,0,0.10743780798157167,2676.5,12.322111177635518,182.46295669161432,520.5,2.392575876203196,True,21
36954,0,0.10743780798157167,2676.5,12.322111177635518,182.46295669161432,520.5,2.392575876203196,True,21
300090,0,0.10743780798157167,2676.5,12.322111177635518,182.46295669161432,520.5,2.392575876203196,True,21
272370,0,0.10743780798157167,2676.5,12.322111177635518,182.46295669161432,520.5,2.392575876203196,True,21
45427,0,0.10743780798157167,2676.5,12.322111177635518,182.46295669161432,520.5,2.392575876203196,True,21
67102,0,0.10615536212954653,2704.0,12.448763413623174,4.598043143238497,7831.0,36.061345737576566,True,21
74635,0,0.10598446912931035,2711.5,12.483304932528899,186.78450529941648,480.5,2.2083544420393313,True,21
246913,0,0.10598446912931035,2711.5,12.483304932528899,186.78450529941648,480.5,2.2083544420393313,True,21
354955,0,0.10598446912931035,2711.5,12.483304932528899,186.78450529941648,480.5,2.2083544420393313,True,21
71112,0,0.10598446912931035,2711.5,12.483304932528899,186.78450529941648,480.5,2.2083544420393313,True,21
328357,0,0.10598446912931035,2711.5,12.483304932528899,186.78450529941648,480.5,2.2083544420393313,True,21
34954,0,0.10598446912931035,2711.5,12.483304932528899,186.78450529941648,480.5,2.2083544420393313,True,21
181252,0,0.10598446912931035,2711.5,12.483304932528899,186.78450529941648,480.5,2.2083544420393313,True,21
157230,0,0.10598446912931035,2711.5,12.483304932528899,186.78450529941648,480.5,2.2083544420393313,True,21
64862,0,0.10598446912931035,2711.5,12.483304932528899,186.78450529941648,480.5,2.2083544420393313,True,21
45736,0,0.10598446912931035,2711.5,12.483304932528899,186.78450529941648,480.5,2.2083544420393313,True,21
378070,0,0.10522757539711906,2783.0,12.812600746096809,8.741581623797197,5741.5,26.43807857044167,True,21
129312,0,0.10395211099774289,2810.5,12.939252982084465,5.715476066494081,7100.5,32.697001796158986,True,21
285048,1,0.10395211099774289,2810.5,12.939252982084465,5.715476066494081,7100.5,32.697001796158986,True,21
202427,0,0.10235646029554857,2842.0,13.084327361488509,183.85998500719404,499.0,2.293556855340119,True,21
237167,0,0.10235646029554857,2842.0,13.084327361488509,183.85998500719404,499.0,2.293556855340119,True,21
32504,0,0.10235646029554857,2842.0,13.084327361488509,183.85998500719404,499.0,2.293556855340119,True,21
37682,0,0.10235646029554857,2842.0,13.084327361488509,183.85998500719404,499.0,2.293556855340119,True,21
208415,0,0.10235646029554857,2842.0,13.084327361488509,183.85998500719404,499.0,2.293556855340119,True,21
392166,0,0.10225718670975299,2845.0,13.098143969050799,8.693717110647537,5745.0,26.45419794593101,True,21
307921,0,0.09927332218351917,2940.5,13.537972643117026,19.844176236181934,3363.5,15.486114309399898,True,21
251,0,0.09927332218351917,2940.5,13.537972643117026,19.844176236181934,3363.5,15.486114309399898,True,21
67819,0,0.09703507376750672,2975.0,13.69686363008336,3.632993161855452,8472.5,39.01579698797955,True,21
16073,0,0.09637613448524841,2992.0,13.775157739603003,25.237727290668772,2891.0,13.309998618339243,True,21
111097,0,0.09600906695471431,3004.5,13.83272693777921,5.0,7582.5,34.91687007783356,True,21
110911,0,0.09600906695471431,3004.5,13.83272693777921,5.0,7582.5,34.91687007783356,True,21
212952,0,0.09597740810766581,3010.5,13.860360152903791,11.686833839011722,4469.5,20.579836964030765,True,21
265565,0,0.09597740810766581,3010.5,13.860360152903791,11.686833839011722,4469.5,20.579836964030765,True,21
333164,0,0.09415083353125236,3061.0,14.092939713535669,10.99308148627397,4973.0,22.898724266568415,True,21
308623,0,0.09272133569549766,3093.0,14.240316860866761,12.204775504662026,4340.0,19.983420070925252,True,21
331942,0,0.09259706537480777,3110.0,14.318610970386404,17.408248290463863,3609.0,16.61677336158062,True,21
2811,0,0.09259706537480777,3110.0,14.318610970386404,17.408248290463863,3609.0,16.61677336158062,True,21
220807,0,0.09259706537480777,3110.0,14.318610970386404,17.408248290463863,3609.0,16.61677336158062,True,21
152086,0,0.09216606903409048,3161.0,14.553493298945332,15.842479172134997,3734.0,17.192465343342697,True,21
56222,0,0.09134615384615384,3198.0,14.723898125546908,9.5,5400.0,24.865288076267674,True,21
42513,0,0.09019749964887386,3274.0,15.07391885045825,12.360383777314203,4319.0,19.886703817989222,True,21
311534,0,0.09019749964887386,3274.0,15.07391885045825,12.360383777314203,4319.0,19.886703817989222,True,21
381842,0,0.09019749964887386,3274.0,15.07391885045825,12.360383777314203,4319.0,19.886703817989222,True,21
240194,0,0.08994837093623227,3289.0,15.1430018882697,167.94952165398752,810.0,3.725878505964169,True,21
76800,0,0.08994837093623227,3289.0,15.1430018882697,167.94952165398752,810.0,3.725878505964169,True,21
122486,0,0.08994837093623227,3289.0,15.1430018882697,167.94952165398752,810.0,3.725878505964169,True,21
256871,0,0.08832557072045004,3321.0,15.290379035600791,193.2118076615447,466.0,2.14157417215493,True,21
392683,0,0.08832557072045004,3321.0,15.290379035600791,193.2118076615447,466.0,2.14157417215493,True,21
327479,0,0.08832557072045004,3321.0,15.290379035600791,193.2118076615447,466.0,2.14157417215493,True,21
145601,0,0.08790043084169392,3337.5,15.366370377193386,22.762322597601276,3073.5,14.150508911711878,True,21
342062,0,0.08790043084169392,3337.5,15.366370377193386,22.762322597601276,3073.5,14.150508911711878,True,21
82663,0,0.08755080772035138,3346.0,15.405517431953207,8.741581623797197,5741.5,26.43807857044167,True,21
389755,0,0.08725383038143608,3354.0,15.44236171878598,110.42785065439232,1293.0,5.950352323492838,True,21
335378,0,0.08494612994134863,3424.0,15.764749228572745,207.5623221365364,173.0,0.7921521669046193,True,21
347362,0,0.08494612994134863,3424.0,15.764749228572745,207.5623221365364,173.0,0.7921521669046193,True,21
287133,0,0.08494612994134863,3424.0,15.764749228572745,207.5623221365364,173.0,0.7921521669046193,True,21
391063,0,0.08369815200513535,3445.5,15.863768249435822,4.764846366557522,7752.5,35.699811173029985,True,21
312339,0,0.08369815200513535,3445.5,15.863768249435822,4.764846366557522,7752.5,35.699811173029985,True,21
20615,0,0.08062245456691577,3543.0,16.312807995210242,145.64318707379326,1027.0,4.725279786303136,True,21
257754,1,0.08012164291013871,3570.0,16.43715746327085,16.957015458847405,3646.0,16.787178188182196,True,21
392005,0,0.07972313822026077,3589.5,16.526965412425735,160.72024054384156,895.5,4.11965182148943,True,21
28501,0,0.07972313822026077,3589.5,16.526965412425735,160.72024054384156,895.5,4.11965182148943,True,21
151852,0,0.07972313822026077,3589.5,16.526965412425735,160.72024054384156,895.5,4.11965182148943,True,21
132083,0,0.07972313822026077,3589.5,16.526965412425735,160.72024054384156,895.5,4.11965182148943,True,21
137064,0,0.07972313822026077,3589.5,16.526965412425735,160.72024054384156,895.5,4.11965182148943,True,21
193228,0,0.07972313822026077,3589.5,16.526965412425735,160.72024054384156,895.5,4.11965182148943,True,21
189602,0,0.07972313822026077,3589.5,16.526965412425735,160.72024054384156,895.5,4.11965182148943,True,21
153515,0,0.07972313822026077,3589.5,16.526965412425735,160.72024054384156,895.5,4.11965182148943,True,21
199350,0,0.07972313822026077,3589.5,16.526965412425735,160.72024054384156,895.5,4.11965182148943,True,21
398741,0,0.07972313822026077,3589.5,16.526965412425735,160.72024054384156,895.5,4.11965182148943,True,21
327754,0,0.07764486513596737,3758.0,17.302998203841017,207.30397317432306,175.0,0.8013632386128126,True,21
15203,0,0.07429406727378969,3860.0,17.772762860958874,5.408248290463862,7214.0,33.21973011559895,True,21
317005,0,0.07429406727378969,3860.0,17.772762860958874,5.408248290463862,7214.0,33.21973011559895,True,21
372531,0,0.07429406727378969,3860.0,17.772762860958874,5.408248290463862,7214.0,33.21973011559895,True,21
76247,0,0.07429406727378969,3860.0,17.772762860958874,5.408248290463862,7214.0,33.21973011559895,True,21
299256,0,0.07429406727378969,3860.0,17.772762860958874,5.408248290463862,7214.0,33.21973011559895,True,21
132484,0,0.07429406727378969,3860.0,17.772762860958874,5.408248290463862,7214.0,33.21973011559895,True,21
379658,0,0.07429406727378969,3860.0,17.772762860958874,5.408248290463862,7214.0,33.21973011559895,True,21
247085,0,0.07378619512639485,3878.0,17.85566250633261,8.209349712238932,5945.0,27.375305116750333,True,21
89885,0,0.0725237724293895,3919.0,18.044489476350574,2.8284271247461903,9191.0,42.324874499147974,True,21
47730,0,0.07236753386453897,3925.0,18.072122691475155,200.12528094330156,357.0,1.6395707640583983,True,21
118598,0,0.07175925925925924,3933.0,18.108966978307926,5.5,7170.5,33.019389305945744,True,21
135817,0,0.07130976630498502,3968.0,18.27016073320131,205.06232213653644,215.5,0.9878874407037259,True,21
24940,0,0.06919486799628292,4082.0,18.795191820568323,144.87120203660825,1037.0,4.771335144844103,True,21
175639,0,0.06909154070120845,4083.0,18.79979735642242,180.71117504211617,537.0,2.4685672177957905,True,21
57074,0,0.06812316676322452,4114.5,18.944871735826464,178.893074210931,541.5,2.4892921291392254,True,21
7137,0,0.06812316676322452,4114.5,18.944871735826464,178.893074210931,541.5,2.4892921291392254,True,21
4265,0,0.0673226236501306,4155.0,19.131395937917375,208.80164644308644,166.0,0.759913415925943,True,21
188082,0,0.06677451333799173,4213.5,19.40081978538203,171.19353858984383,778.5,3.580804126560125,True,21
115450,0,0.06677451333799173,4213.5,19.40081978538203,171.19353858984383,778.5,3.580804126560125,True,21
48184,0,0.06677451333799173,4213.5,19.40081978538203,171.19353858984383,778.5,3.580804126560125,True,21
267977,0,0.06677451333799173,4213.5,19.40081978538203,171.19353858984383,778.5,3.580804126560125,True,21
323059,0,0.06677451333799173,4213.5,19.40081978538203,171.19353858984383,778.5,3.580804126560125,True,21
179750,0,0.06677451333799173,4213.5,19.40081978538203,171.19353858984383,778.5,3.580804126560125,True,21
82190,0,0.06677451333799173,4213.5,19.40081978538203,171.19353858984383,778.5,3.580804126560125,True,21
248894,0,0.06677451333799173,4213.5,19.40081978538203,171.19353858984383,778.5,3.580804126560125,True,21
136648,0,0.06677451333799173,4213.5,19.40081978538203,171.19353858984383,778.5,3.580804126560125,True,21
100913,0,0.06677451333799173,4213.5,19.40081978538203,171.19353858984383,778.5,3.580804126560125,True,21
35036,0,0.06577956201428437,4416.0,20.333440795836594,4.921668296450266,7627.0,35.12181642334085,True,21
171717,0,0.06577956201428437,4416.0,20.333440795836594,4.921668296450266,7627.0,35.12181642334085,True,21
249375,0,0.06577956201428437,4416.0,20.333440795836594,4.921668296450266,7627.0,35.12181642334085,True,21
76263,0,0.06536320475164051,4445.5,20.469304103532448,192.75779754057598,470.5,2.162299083498365,True,21
240891,0,0.06536320475164051,4445.5,20.469304103532448,192.75779754057598,470.5,2.162299083498365,True,21
252296,0,0.06536320475164051,4445.5,20.469304103532448,192.75779754057598,470.5,2.162299083498365,True,21
302540,0,0.06536320475164051,4445.5,20.469304103532448,192.75779754057598,470.5,2.162299083498365,True,21
257574,0,0.06536320475164051,4445.5,20.469304103532448,192.75779754057598,470.5,2.162299083498365,True,21
252903,0,0.06536320475164051,4445.5,20.469304103532448,192.75779754057598,470.5,2.162299083498365,True,21
327520,0,0.0644485449582901,4488.0,20.665039377331553,2.666666666666667,9398.0,43.27822042094598,True,21
56226,0,0.06371934175571273,4526.5,20.842352507714274,173.35071696515735,687.5,3.1617003638373324,True,21
20254,0,0.06371934175571273,4526.5,20.842352507714274,173.35071696515735,687.5,3.1617003638373324,True,21
350418,0,0.06369564762468541,4530.0,20.85847188320361,167.28285498732086,859.0,3.9515497628149037,True,21
161987,0,0.0626721227359214,4585.0,21.111776355178925,173.31357723639698,690.0,3.173214203472574,True,21
277253,0,0.0626721227359214,4585.0,21.111776355178925,173.31357723639698,690.0,3.173214203472574,True,21
154516,0,0.0626721227359214,4585.0,21.111776355178925,173.31357723639698,690.0,3.173214203472574,True,21
38524,0,0.06246305273447549,4617.5,21.261456270437066,186.72872352886958,486.5,2.235987657163911,True,21
25014,0,0.06246305273447549,4617.5,21.261456270437066,186.72872352886958,486.5,2.235987657163911,True,21
238697,0,0.06142303515866383,4649.0,21.40653064984111,200.5022673288913,356.0,1.6349652282043017,True,21
323549,0,0.06098586760697283,4679.0,21.544696725464007,3.3390185147286,8621.0,39.6997190623129,True,21
141909,0,0.06089756584715898,4684.5,21.57002717266154,177.30344200939658,546.5,2.5123198084097083,True,21
161952,0,0.06089756584715898,4684.5,21.57002717266154,177.30344200939658,546.5,2.5123198084097083,True,21
107960,0,0.06089756584715898,4684.5,21.57002717266154,177.30344200939658,546.5,2.5123198084097083,True,21
76447,0,0.06089756584715898,4684.5,21.57002717266154,177.30344200939658,546.5,2.5123198084097083,True,21
64805,0,0.06089756584715898,4684.5,21.57002717266154,177.30344200939658,546.5,2.5123198084097083,True,21
336045,0,0.06089756584715898,4684.5,21.57002717266154,177.30344200939658,546.5,2.5123198084097083,True,21
103982,0,0.06088546090656375,4689.5,21.593054851932024,4.08248290463863,8100.0,37.30023488232856,True,21
118605,0,0.06088546090656375,4689.5,21.593054851932024,4.08248290463863,8100.0,37.30023488232856,True,21
244219,0,0.06076440213631065,4695.0,21.618385299129553,21.58127486604339,3167.0,14.581126514069911,True,21
209707,0,0.05895749337873898,4733.0,21.793395661585226,110.74721547653525,1292.0,5.9457467876387415,True,21
260610,0,0.058470281301388365,4768.0,21.95458941647861,175.07125391706163,566.0,2.6021277575645927,True,21
356127,0,0.05835385358154253,4774.0,21.982222631603186,6.47727774755122,6586.0,30.32745359922627,True,21
116728,0,0.05834680334202203,4777.0,21.996039239165476,206.06232213653644,195.0,0.8934739556947451,True,21
168229,0,0.05834680334202203,4777.0,21.996039239165476,206.06232213653644,195.0,0.8934739556947451,True,21
136944,0,0.05834680334202203,4777.0,21.996039239165476,206.06232213653644,195.0,0.8934739556947451,True,21
83440,0,0.05834680334202203,4777.0,21.996039239165476,206.06232213653644,195.0,0.8934739556947451,True,21
222213,0,0.05834680334202203,4777.0,21.996039239165476,206.06232213653644,195.0,0.8934739556947451,True,21
244713,0,0.05813760383557498,4783.5,22.025975222217106,191.16816533904156,474.5,2.1807212269147516,True,21
380482,0,0.05813760383557498,4783.5,22.025975222217106,191.16816533904156,474.5,2.1807212269147516,True,21
196904,0,0.056683452450408386,4880.0,22.47040943213743,218.49478608386914,78.0,0.35462626076544007,True,21
59603,0,0.056683452450408386,4880.0,22.47040943213743,218.49478608386914,78.0,0.35462626076544007,True,21
21186,0,0.056683452450408386,4880.0,22.47040943213743,218.49478608386914,78.0,0.35462626076544007,True,21
73160,0,0.056683452450408386,4880.0,22.47040943213743,218.49478608386914,78.0,0.35462626076544007,True,21
135526,0,0.056683452450408386,4880.0,22.47040943213743,218.49478608386914,78.0,0.35462626076544007,True,21
37959,0,0.056683452450408386,4880.0,22.47040943213743,218.49478608386914,78.0,0.35462626076544007,True,21
115421,0,0.056683452450408386,4880.0,22.47040943213743,218.49478608386914,78.0,0.35462626076544007,True,21
388710,0,0.056683452450408386,4880.0,22.47040943213743,218.49478608386914,78.0,0.35462626076544007,True,21
79691,0,0.056683452450408386,4880.0,22.47040943213743,218.49478608386914,78.0,0.35462626076544007,True,21
26406,0,0.056683452450408386,4880.0,22.47040943213743,218.49478608386914,78.0,0.35462626076544007,True,21
158509,0,0.056683452450408386,4880.0,22.47040943213743,218.49478608386914,78.0,0.35462626076544007,True,21
12596,0,0.056196461924392656,4901.0,22.56712568507346,8.7459827279562,5736.0,26.41274812324414,True,21
215478,0,0.05579252492567466,4953.0,22.80661354948648,205.06232213653644,215.5,0.9878874407037259,True,21
244701,0,0.05577554875527117,4955.5,22.818127389121724,4.908248290463863,7637.0,35.16787178188182,True,21
149436,0,0.05577554875527117,4955.5,22.818127389121724,4.908248290463863,7637.0,35.16787178188182,True,21
175468,0,0.05577554875527117,4955.5,22.818127389121724,4.908248290463863,7637.0,35.16787178188182,True,21
152097,0,0.05577554875527117,4955.5,22.818127389121724,4.908248290463863,7637.0,35.16787178188182,True,21
195318,0,0.05544064222788499,4975.0,22.90793533827661,158.80862638883104,904.0,4.158798876249252,True,21
197006,0,0.05537593648781824,4977.0,22.917146409984802,171.51516780622055,772.0,3.550868143508497,True,21
256417,0,0.05537593648781824,4977.0,22.917146409984802,171.51516780622055,772.0,3.550868143508497,True,21
364191,0,0.05537593648781824,4977.0,22.917146409984802,171.51516780622055,772.0,3.550868143508497,True,21
157331,0,0.05524938164031613,5003.0,23.036890342191313,198.85519658871604,445.0,2.044857919218901,True,21
266021,0,0.05524938164031613,5003.0,23.036890342191313,198.85519658871604,445.0,2.044857919218901,True,21
9350,0,0.05524938164031613,5003.0,23.036890342191313,198.85519658871604,445.0,2.044857919218901,True,21
331106,0,0.05524938164031613,5003.0,23.036890342191313,198.85519658871604,445.0,2.044857919218901,True,21
321528,0,0.05524938164031613,5003.0,23.036890342191313,198.85519658871604,445.0,2.044857919218901,True,21
253667,0,0.05524938164031613,5003.0,23.036890342191313,198.85519658871604,445.0,2.044857919218901,True,21
122684,0,0.05524938164031613,5003.0,23.036890342191313,198.85519658871604,445.0,2.044857919218901,True,21
194199,0,0.05524938164031613,5003.0,23.036890342191313,198.85519658871604,445.0,2.044857919218901,True,21
308237,0,0.05524938164031613,5003.0,23.036890342191313,198.85519658871604,445.0,2.044857919218901,True,21
95771,0,0.05524938164031613,5003.0,23.036890342191313,198.85519658871604,445.0,2.044857919218901,True,21
89995,0,0.05524938164031613,5003.0,23.036890342191313,198.85519658871604,445.0,2.044857919218901,True,21
128795,0,0.05524938164031613,5003.0,23.036890342191313,198.85519658871604,445.0,2.044857919218901,True,21
398361,0,0.05524938164031613,5003.0,23.036890342191313,198.85519658871604,445.0,2.044857919218901,True,21
129181,0,0.05524938164031613,5003.0,23.036890342191313,198.85519658871604,445.0,2.044857919218901,True,21
5924,0,0.05524938164031613,5003.0,23.036890342191313,198.85519658871604,445.0,2.044857919218901,True,21
1522,0,0.05524938164031613,5003.0,23.036890342191313,198.85519658871604,445.0,2.044857919218901,True,21
163447,0,0.05524938164031613,5003.0,23.036890342191313,198.85519658871604,445.0,2.044857919218901,True,21
284698,0,0.05524938164031613,5003.0,23.036890342191313,198.85519658871604,445.0,2.044857919218901,True,21
382515,0,0.05524938164031613,5003.0,23.036890342191313,198.85519658871604,445.0,2.044857919218901,True,21
350919,0,0.05524938164031613,5003.0,23.036890342191313,198.85519658871604,445.0,2.044857919218901,True,21
365710,0,0.05524938164031613,5003.0,23.036890342191313,198.85519658871604,445.0,2.044857919218901,True,21
350850,0,0.05524938164031613,5003.0,23.036890342191313,198.85519658871604,445.0,2.044857919218901,True,21
366222,0,0.05524938164031613,5003.0,23.036890342191313,198.85519658871604,445.0,2.044857919218901,True,21
348754,0,0.05524938164031613,5003.0,23.036890342191313,198.85519658871604,445.0,2.044857919218901,True,21
113340,0,0.05524938164031613,5003.0,23.036890342191313,198.85519658871604,445.0,2.044857919218901,True,21
35928,0,0.05524938164031613,5003.0,23.036890342191313,198.85519658871604,445.0,2.044857919218901,True,21
365704,0,0.05524938164031613,5003.0,23.036890342191313,198.85519658871604,445.0,2.044857919218901,True,21
325650,0,0.05524938164031613,5003.0,23.036890342191313,198.85519658871604,445.0,2.044857919218901,True,21
193748,0,0.05524938164031613,5003.0,23.036890342191313,198.85519658871604,445.0,2.044857919218901,True,21
210680,0,0.05524938164031613,5003.0,23.036890342191313,198.85519658871604,445.0,2.044857919218901,True,21
58785,0,0.05524938164031613,5003.0,23.036890342191313,198.85519658871604,445.0,2.044857919218901,True,21
205808,0,0.05524938164031613,5003.0,23.036890342191313,198.85519658871604,445.0,2.044857919218901,True,21
205401,0,0.05524938164031613,5003.0,23.036890342191313,198.85519658871604,445.0,2.044857919218901,True,21
160472,0,0.05524938164031613,5003.0,23.036890342191313,198.85519658871604,445.0,2.044857919218901,True,21
328933,0,0.05524938164031613,5003.0,23.036890342191313,198.85519658871604,445.0,2.044857919218901,True,21
276353,0,0.05480182173948125,5029.5,23.158937042324876,7.805749827491414,6108.5,28.12831022889513,True,21
82013,0,0.05480182173948125,5029.5,23.158937042324876,7.805749827491414,6108.5,28.12831022889513,True,21
245342,0,0.05432326363652828,5057.0,23.285589278312532,205.4158755271297,214.0,0.980979136922581,True,21
92006,0,0.0539189685108106,5155.0,23.736931792014,155.58109702723027,921.0,4.237092985768895,True,21
221963,0,0.0539189685108106,5155.0,23.736931792014,155.58109702723027,921.0,4.237092985768895,True,21
368655,0,0.0539189685108106,5155.0,23.736931792014,155.58109702723027,921.0,4.237092985768895,True,21
13748,0,0.05367175161806952,5167.5,23.79450099019021,183.97559195660318,495.5,2.277437479850781,True,21
36739,0,0.05367175161806952,5167.5,23.79450099019021,183.97559195660318,495.5,2.277437479850781,True,21
90675,0,0.053055479172710224,5249.0,24.169852162299083,7.0136173990419906,6341.0,29.199097314972597,True,21
18209,0,0.052772681607287236,5259.0,24.215907520840048,214.93177252027303,128.0,0.5849030534702713,True,21
127992,0,0.052772681607287236,5259.0,24.215907520840048,214.93177252027303,128.0,0.5849030534702713,True,21
88944,0,0.052772681607287236,5259.0,24.215907520840048,214.93177252027303,128.0,0.5849030534702713,True,21
115627,0,0.052772681607287236,5259.0,24.215907520840048,214.93177252027303,128.0,0.5849030534702713,True,21
123346,0,0.052772681607287236,5259.0,24.215907520840048,214.93177252027303,128.0,0.5849030534702713,True,21
284870,0,0.052772681607287236,5259.0,24.215907520840048,214.93177252027303,128.0,0.5849030534702713,True,21
296105,0,0.052772681607287236,5259.0,24.215907520840048,214.93177252027303,128.0,0.5849030534702713,True,21
249998,0,0.052772681607287236,5259.0,24.215907520840048,214.93177252027303,128.0,0.5849030534702713,True,21
205400,0,0.052772681607287236,5259.0,24.215907520840048,214.93177252027303,128.0,0.5849030534702713,True,21
38148,0,0.052772681607287236,5259.0,24.215907520840048,214.93177252027303,128.0,0.5849030534702713,True,21
396409,0,0.052772681607287236,5259.0,24.215907520840048,214.93177252027303,128.0,0.5849030534702713,True,21
388707,0,0.052772681607287236,5259.0,24.215907520840048,214.93177252027303,128.0,0.5849030534702713,True,21
91235,0,0.052772681607287236,5259.0,24.215907520840048,214.93177252027303,128.0,0.5849030534702713,True,21
384383,0,0.052772681607287236,5259.0,24.215907520840048,214.93177252027303,128.0,0.5849030534702713,True,21
123971,0,0.052772681607287236,5259.0,24.215907520840048,214.93177252027303,128.0,0.5849030534702713,True,21
349478,0,0.052772681607287236,5259.0,24.215907520840048,214.93177252027303,128.0,0.5849030534702713,True,21
109085,0,0.052772681607287236,5259.0,24.215907520840048,214.93177252027303,128.0,0.5849030534702713,True,21
28816,0,0.05262468583776629,5285.0,24.335651453046562,174.6601366286519,571.0,2.6251554368350756,True,21
55020,0,0.05248669816660753,5313.0,24.464606456961267,228.28679819301712,27.0,0.11974393220651222,True,21
209172,0,0.05248669816660753,5313.0,24.464606456961267,228.28679819301712,27.0,0.11974393220651222,True,21
320756,0,0.05248669816660753,5313.0,24.464606456961267,228.28679819301712,27.0,0.11974393220651222,True,21
287267,0,0.05248669816660753,5313.0,24.464606456961267,228.28679819301712,27.0,0.11974393220651222,True,21
387697,0,0.05248669816660753,5313.0,24.464606456961267,228.28679819301712,27.0,0.11974393220651222,True,21
132281,0,0.05248669816660753,5313.0,24.464606456961267,228.28679819301712,27.0,0.11974393220651222,True,21
244790,0,0.05248669816660753,5313.0,24.464606456961267,228.28679819301712,27.0,0.11974393220651222,True,21
233109,0,0.05248669816660753,5313.0,24.464606456961267,228.28679819301712,27.0,0.11974393220651222,True,21
215607,0,0.05248669816660753,5313.0,24.464606456961267,228.28679819301712,27.0,0.11974393220651222,True,21
264940,0,0.05248669816660753,5313.0,24.464606456961267,228.28679819301712,27.0,0.11974393220651222,True,21
274389,1,0.05248669816660753,5313.0,24.464606456961267,228.28679819301712,27.0,0.11974393220651222,True,21
372253,0,0.05248669816660753,5313.0,24.464606456961267,228.28679819301712,27.0,0.11974393220651222,True,21
139842,0,0.05248669816660753,5313.0,24.464606456961267,228.28679819301712,27.0,0.11974393220651222,True,21
347012,0,0.05248669816660753,5313.0,24.464606456961267,228.28679819301712,27.0,0.11974393220651222,True,21
240391,0,0.05248669816660753,5313.0,24.464606456961267,228.28679819301712,27.0,0.11974393220651222,True,21
363351,0,0.05248669816660753,5313.0,24.464606456961267,228.28679819301712,27.0,0.11974393220651222,True,21
145556,0,0.05248669816660753,5313.0,24.464606456961267,228.28679819301712,27.0,0.11974393220651222,True,21
239243,0,0.05248669816660753,5313.0,24.464606456961267,228.28679819301712,27.0,0.11974393220651222,True,21
174292,0,0.05248669816660753,5313.0,24.464606456961267,228.28679819301712,27.0,0.11974393220651222,True,21
231058,0,0.05248669816660753,5313.0,24.464606456961267,228.28679819301712,27.0,0.11974393220651222,True,21
5719,0,0.05248669816660753,5313.0,24.464606456961267,228.28679819301712,27.0,0.11974393220651222,True,21
270508,0,0.05248669816660753,5313.0,24.464606456961267,228.28679819301712,27.0,0.11974393220651222,True,21
229782,0,0.05248669816660753,5313.0,24.464606456961267,228.28679819301712,27.0,0.11974393220651222,True,21
391234,0,0.05248669816660753,5313.0,24.464606456961267,228.28679819301712,27.0,0.11974393220651222,True,21
126177,0,0.05248669816660753,5313.0,24.464606456961267,228.28679819301712,27.0,0.11974393220651222,True,21
271221,0,0.05248669816660753,5313.0,24.464606456961267,228.28679819301712,27.0,0.11974393220651222,True,21
117472,0,0.05248669816660753,5313.0,24.464606456961267,228.28679819301712,27.0,0.11974393220651222,True,21
102101,0,0.05248669816660753,5313.0,24.464606456961267,228.28679819301712,27.0,0.11974393220651222,True,21
348950,0,0.05248669816660753,5313.0,24.464606456961267,228.28679819301712,27.0,0.11974393220651222,True,21
295407,0,0.05248669816660753,5313.0,24.464606456961267,228.28679819301712,27.0,0.11974393220651222,True,21
399058,0,0.05248669816660753,5313.0,24.464606456961267,228.28679819301712,27.0,0.11974393220651222,True,21
224736,0,0.05248669816660753,5313.0,24.464606456961267,228.28679819301712,27.0,0.11974393220651222,True,21
358307,0,0.05248669816660753,5313.0,24.464606456961267,228.28679819301712,27.0,0.11974393220651222,True,21
231198,0,0.05248669816660753,5313.0,24.464606456961267,228.28679819301712,27.0,0.11974393220651222,True,21
235135,1,0.05248669816660753,5313.0,24.464606456961267,228.28679819301712,27.0,0.11974393220651222,True,21
259661,0,0.05248669816660753,5313.0,24.464606456961267,228.28679819301712,27.0,0.11974393220651222,True,21
285593,0,0.05248669816660753,5313.0,24.464606456961267,228.28679819301712,27.0,0.11974393220651222,True,21
211115,0,0.05248669816660753,5313.0,24.464606456961267,228.28679819301712,27.0,0.11974393220651222,True,21
49153,0,0.05248669816660753,5313.0,24.464606456961267,228.28679819301712,27.0,0.11974393220651222,True,21
137002,0,0.05248669816660753,5313.0,24.464606456961267,228.28679819301712,27.0,0.11974393220651222,True,21
314771,0,0.05248669816660753,5313.0,24.464606456961267,228.28679819301712,27.0,0.11974393220651222,True,21
65485,0,0.05248669816660753,5313.0,24.464606456961267,228.28679819301712,27.0,0.11974393220651222,True,21
331285,0,0.05248669816660753,5313.0,24.464606456961267,228.28679819301712,27.0,0.11974393220651222,True,21
1588,0,0.05248669816660753,5313.0,24.464606456961267,228.28679819301712,27.0,0.11974393220651222,True,21
186190,0,0.05248669816660753,5313.0,24.464606456961267,228.28679819301712,27.0,0.11974393220651222,True,21
127176,0,0.05248669816660753,5313.0,24.464606456961267,228.28679819301712,27.0,0.11974393220651222,True,21
106371,0,0.05248669816660753,5313.0,24.464606456961267,228.28679819301712,27.0,0.11974393220651222,True,21
68884,0,0.05248669816660753,5313.0,24.464606456961267,228.28679819301712,27.0,0.11974393220651222,True,21
337155,0,0.05248669816660753,5313.0,24.464606456961267,228.28679819301712,27.0,0.11974393220651222,True,21
157371,0,0.05248669816660753,5313.0,24.464606456961267,228.28679819301712,27.0,0.11974393220651222,True,21
191131,0,0.05248669816660753,5313.0,24.464606456961267,228.28679819301712,27.0,0.11974393220651222,True,21
74835,0,0.05248669816660753,5313.0,24.464606456961267,228.28679819301712,27.0,0.11974393220651222,True,21
169145,0,0.05248669816660753,5313.0,24.464606456961267,228.28679819301712,27.0,0.11974393220651222,True,21
121731,0,0.052218921300418934,5346.5,24.618891908073504,175.43171785738687,552.5,2.5399530235342884,True,21
354910,0,0.052218921300418934,5346.5,24.618891908073504,175.43171785738687,552.5,2.5399530235342884,True,21
258802,0,0.052218921300418934,5346.5,24.618891908073504,175.43171785738687,552.5,2.5399530235342884,True,21
246441,0,0.052218921300418934,5346.5,24.618891908073504,175.43171785738687,552.5,2.5399530235342884,True,21
150466,0,0.05077254885442448,5429.0,24.998848616036476,205.47653569890952,209.0,0.9579514576520978,True,21
102302,0,0.05077254885442448,5429.0,24.998848616036476,205.47653569890952,209.0,0.9579514576520978,True,21
334697,0,0.05077254885442448,5429.0,24.998848616036476,205.47653569890952,209.0,0.9579514576520978,True,21
225891,0,0.05077254885442448,5429.0,24.998848616036476,205.47653569890952,209.0,0.9579514576520978,True,21
249340,0,0.05077254885442448,5429.0,24.998848616036476,205.47653569890952,209.0,0.9579514576520978,True,21
105459,0,0.05077254885442448,5429.0,24.998848616036476,205.47653569890952,209.0,0.9579514576520978,True,21
61252,0,0.05077254885442448,5429.0,24.998848616036476,205.47653569890952,209.0,0.9579514576520978,True,21
9056,0,0.05077254885442448,5429.0,24.998848616036476,205.47653569890952,209.0,0.9579514576520978,True,21
254971,0,0.05077254885442448,5429.0,24.998848616036476,205.47653569890952,209.0,0.9579514576520978,True,21
201071,0,0.050662932660661124,5437.0,25.03569290286925,158.92892249356203,903.0,4.154193340395155,True,21
52188,0,0.0505561004619415,5439.0,25.04490397457744,209.66908657708018,164.0,0.7507023442177497,True,21
318016,0,0.0505561004619415,5439.0,25.04490397457744,209.66908657708018,164.0,0.7507023442177497,True,21
38336,0,0.0505561004619415,5439.0,25.04490397457744,209.66908657708018,164.0,0.7507023442177497,True,21
28486,0,0.050032345207300676,5452.0,25.1047759406807,224.91491441961762,63.0,0.2855432229539907,True,21
163126,0,0.050032345207300676,5452.0,25.1047759406807,224.91491441961762,63.0,0.2855432229539907,True,21
237330,0,0.050032345207300676,5452.0,25.1047759406807,224.91491441961762,63.0,0.2855432229539907,True,21
105771,0,0.050032345207300676,5452.0,25.1047759406807,224.91491441961762,63.0,0.2855432229539907,True,21
180039,0,0.050032345207300676,5452.0,25.1047759406807,224.91491441961762,63.0,0.2855432229539907,True,21
68713,0,0.050032345207300676,5452.0,25.1047759406807,224.91491441961762,63.0,0.2855432229539907,True,21
273623,0,0.050032345207300676,5452.0,25.1047759406807,224.91491441961762,63.0,0.2855432229539907,True,21
253155,0,0.050032345207300676,5452.0,25.1047759406807,224.91491441961762,63.0,0.2855432229539907,True,21
6159,0,0.050032345207300676,5452.0,25.1047759406807,224.91491441961762,63.0,0.2855432229539907,True,21
269443,0,0.050032345207300676,5452.0,25.1047759406807,224.91491441961762,63.0,0.2855432229539907,True,21
291401,0,0.050032345207300676,5452.0,25.1047759406807,224.91491441961762,63.0,0.2855432229539907,True,21
213117,0,0.050032345207300676,5452.0,25.1047759406807,224.91491441961762,63.0,0.2855432229539907,True,21
395293,0,0.050032345207300676,5452.0,25.1047759406807,224.91491441961762,63.0,0.2855432229539907,True,21
254111,0,0.050032345207300676,5452.0,25.1047759406807,224.91491441961762,63.0,0.2855432229539907,True,21
333453,0,0.050032345207300676,5452.0,25.1047759406807,224.91491441961762,63.0,0.2855432229539907,True,21
117006,0,0.050032345207300676,5452.0,25.1047759406807,224.91491441961762,63.0,0.2855432229539907,True,21
202950,0,0.050032345207300676,5452.0,25.1047759406807,224.91491441961762,63.0,0.2855432229539907,True,21
263360,0,0.050032345207300676,5452.0,25.1047759406807,224.91491441961762,63.0,0.2855432229539907,True,21
241285,0,0.050032345207300676,5452.0,25.1047759406807,224.91491441961762,63.0,0.2855432229539907,True,21
277053,0,0.04998846163636081,5475.5,25.21300603325197,206.78679819301715,176.5,0.8082715423939575,True,21
258603,0,0.04998846163636081,5475.5,25.21300603325197,206.78679819301715,176.5,0.8082715423939575,True,21
56703,0,0.048941967331919085,5560.5,25.604476580850182,159.52896695102189,901.5,4.14728503661401,True,21
237701,0,0.048941967331919085,5560.5,25.604476580850182,159.52896695102189,901.5,4.14728503661401,True,21
200072,0,0.04891564639537138,5563.0,25.615990420485424,183.09921064068593,504.0,2.3165845346106018,True,21
331718,0,0.04891564639537138,5563.0,25.615990420485424,183.09921064068593,504.0,2.3165845346106018,True,21
94150,0,0.04891564639537138,5563.0,25.615990420485424,183.09921064068593,504.0,2.3165845346106018,True,21
305867,0,0.047756494185531975,5595.0,25.763367567816516,167.28285498732086,859.0,3.9515497628149037,True,21
36221,0,0.04775032358390253,5596.0,25.767973103670613,179.14182741181125,540.0,2.4823838253580806,True,21
365904,0,0.04754372433545614,5622.0,25.887717035877124,167.57153012191569,813.0,3.7396951135264587,True,21
160988,0,0.04727117745989128,5632.0,25.933772394418092,167.8409331920458,812.0,3.7350895776723623,True,21
120120,0,0.04682555281018688,5655.0,26.039699719062313,136.028234165764,1109.0,5.102933726339059,True,21
104997,0,0.046785579477526665,5657.5,26.051213558697555,144.0603662124486,1045.5,4.810482199603924,True,21
105523,0,0.046785579477526665,5657.5,26.051213558697555,144.0603662124486,1045.5,4.810482199603924,True,21
725,0,0.046785579477526665,5657.5,26.051213558697555,144.0603662124486,1045.5,4.810482199603924,True,21
177326,0,0.046785579477526665,5657.5,26.051213558697555,144.0603662124486,1045.5,4.810482199603924,True,21
211431,0,0.046615730109933376,5671.0,26.11338829272786,3.771838382189206,8364.0,38.51609634781007,True,21
163439,0,0.046281845120937776,5684.0,26.173260258831114,178.40024578801405,543.0,2.49620043292037,True,21
98280,0,0.04619328111221413,5688.0,26.1916824022475,207.6953152983919,169.0,0.7737300234882328,True,21
121029,0,0.04619328111221413,5688.0,26.1916824022475,207.6953152983919,169.0,0.7737300234882328,True,21
194954,0,0.04619328111221413,5688.0,26.1916824022475,207.6953152983919,169.0,0.7737300234882328,True,21
230214,0,0.04619328111221413,5688.0,26.1916824022475,207.6953152983919,169.0,0.7737300234882328,True,21
92884,0,0.04619328111221413,5688.0,26.1916824022475,207.6953152983919,169.0,0.7737300234882328,True,21
94236,0,0.045982927358290765,5698.5,26.240040528715515,206.67767720818682,178.5,0.8174826141021508,True,21
112017,0,0.045982927358290765,5698.5,26.240040528715515,206.67767720818682,178.5,0.8174826141021508,True,21
391732,0,0.04570248289773855,5710.5,26.295306958964677,186.13637508297458,490.5,2.2544098005802975,True,21
293233,0,0.04570248289773855,5710.5,26.295306958964677,186.13637508297458,490.5,2.2544098005802975,True,21
66637,0,0.04570248289773855,5710.5,26.295306958964677,186.13637508297458,490.5,2.2544098005802975,True,21
256813,0,0.04570248289773855,5710.5,26.295306958964677,186.13637508297458,490.5,2.2544098005802975,True,21
332317,0,0.04570248289773855,5710.5,26.295306958964677,186.13637508297458,490.5,2.2544098005802975,True,21
22100,1,0.04570248289773855,5710.5,26.295306958964677,186.13637508297458,490.5,2.2544098005802975,True,21
139800,0,0.0449933203843534,5794.0,26.679869202781745,173.84208565585246,589.0,2.708055082208815,True,21
333787,0,0.0449933203843534,5794.0,26.679869202781745,173.84208565585246,589.0,2.708055082208815,True,21
266048,0,0.0449933203843534,5794.0,26.679869202781745,173.84208565585246,589.0,2.708055082208815,True,21
186633,0,0.0449933203843534,5794.0,26.679869202781745,173.84208565585246,589.0,2.708055082208815,True,21
259306,0,0.0449933203843534,5794.0,26.679869202781745,173.84208565585246,589.0,2.708055082208815,True,21
278934,0,0.0449933203843534,5794.0,26.679869202781745,173.84208565585246,589.0,2.708055082208815,True,21
190517,0,0.0449933203843534,5794.0,26.679869202781745,173.84208565585246,589.0,2.708055082208815,True,21
261830,0,0.04497874492900258,5799.0,26.702896882052226,3.3284271247461907,8629.5,39.738866117072725,True,21
225339,0,0.04467769919395503,5813.5,26.769677151936627,145.6293562909514,1029.5,4.736793625938378,True,21
139704,0,0.04467769919395503,5813.5,26.769677151936627,145.6293562909514,1029.5,4.736793625938378,True,21
394506,0,0.04467769919395503,5813.5,26.769677151936627,145.6293562909514,1029.5,4.736793625938378,True,21
89306,0,0.04467769919395503,5813.5,26.769677151936627,145.6293562909514,1029.5,4.736793625938378,True,21
92244,0,0.04376390226164674,5862.5,26.99534840878736,134.75613334504186,1125.5,5.178925067931654,True,21
70110,0,0.04376390226164674,5862.5,26.99534840878736,134.75613334504186,1125.5,5.178925067931654,True,21
90393,0,0.043617555433721714,5882.5,27.087459125869294,216.10852826605424,101.5,0.4628563533367107,True,21
264734,0,0.043617555433721714,5882.5,27.087459125869294,216.10852826605424,101.5,0.4628563533367107,True,21
185926,0,0.043617555433721714,5882.5,27.087459125869294,216.10852826605424,101.5,0.4628563533367107,True,21
316443,0,0.043617555433721714,5882.5,27.087459125869294,216.10852826605424,101.5,0.4628563533367107,True,21
207336,0,0.043617555433721714,5882.5,27.087459125869294,216.10852826605424,101.5,0.4628563533367107,True,21
119776,0,0.043617555433721714,5882.5,27.087459125869294,216.10852826605424,101.5,0.4628563533367107,True,21
274095,0,0.043617555433721714,5882.5,27.087459125869294,216.10852826605424,101.5,0.4628563533367107,True,21
173186,0,0.043617555433721714,5882.5,27.087459125869294,216.10852826605424,101.5,0.4628563533367107,True,21
397301,0,0.043617555433721714,5882.5,27.087459125869294,216.10852826605424,101.5,0.4628563533367107,True,21
328608,0,0.043617555433721714,5882.5,27.087459125869294,216.10852826605424,101.5,0.4628563533367107,True,21
299072,0,0.043617555433721714,5882.5,27.087459125869294,216.10852826605424,101.5,0.4628563533367107,True,21
1266,0,0.043617555433721714,5882.5,27.087459125869294,216.10852826605424,101.5,0.4628563533367107,True,21
361417,0,0.043617555433721714,5882.5,27.087459125869294,216.10852826605424,101.5,0.4628563533367107,True,21
243188,0,0.043617555433721714,5882.5,27.087459125869294,216.10852826605424,101.5,0.4628563533367107,True,21
334612,0,0.043617555433721714,5882.5,27.087459125869294,216.10852826605424,101.5,0.4628563533367107,True,21
155669,0,0.043617555433721714,5882.5,27.087459125869294,216.10852826605424,101.5,0.4628563533367107,True,21
122156,0,0.043617555433721714,5882.5,27.087459125869294,216.10852826605424,101.5,0.4628563533367107,True,21
223821,0,0.043617555433721714,5882.5,27.087459125869294,216.10852826605424,101.5,0.4628563533367107,True,21
387059,0,0.043617555433721714,5882.5,27.087459125869294,216.10852826605424,101.5,0.4628563533367107,True,21
49023,0,0.043617555433721714,5882.5,27.087459125869294,216.10852826605424,101.5,0.4628563533367107,True,21
56361,0,0.043617555433721714,5882.5,27.087459125869294,216.10852826605424,101.5,0.4628563533367107,True,21
101387,0,0.043617555433721714,5882.5,27.087459125869294,216.10852826605424,101.5,0.4628563533367107,True,21
43494,0,0.043617555433721714,5882.5,27.087459125869294,216.10852826605424,101.5,0.4628563533367107,True,21
108185,0,0.043617555433721714,5882.5,27.087459125869294,216.10852826605424,101.5,0.4628563533367107,True,21
224460,0,0.043617555433721714,5882.5,27.087459125869294,216.10852826605424,101.5,0.4628563533367107,True,21
54426,0,0.043617555433721714,5882.5,27.087459125869294,216.10852826605424,101.5,0.4628563533367107,True,21
267093,0,0.043617555433721714,5882.5,27.087459125869294,216.10852826605424,101.5,0.4628563533367107,True,21
19767,0,0.043617555433721714,5882.5,27.087459125869294,216.10852826605424,101.5,0.4628563533367107,True,21
380345,0,0.043617555433721714,5882.5,27.087459125869294,216.10852826605424,101.5,0.4628563533367107,True,21
117286,0,0.043617555433721714,5882.5,27.087459125869294,216.10852826605424,101.5,0.4628563533367107,True,21
18780,0,0.043617555433721714,5882.5,27.087459125869294,216.10852826605424,101.5,0.4628563533367107,True,21
386053,0,0.043617555433721714,5882.5,27.087459125869294,216.10852826605424,101.5,0.4628563533367107,True,21
33549,0,0.043617555433721714,5882.5,27.087459125869294,216.10852826605424,101.5,0.4628563533367107,True,21
151222,0,0.043617555433721714,5882.5,27.087459125869294,216.10852826605424,101.5,0.4628563533367107,True,21
156442,0,0.043617555433721714,5882.5,27.087459125869294,216.10852826605424,101.5,0.4628563533367107,True,21
64512,0,0.043617555433721714,5882.5,27.087459125869294,216.10852826605424,101.5,0.4628563533367107,True,21
38106,0,0.042824620747881924,5966.0,27.472021369686363,8.279880019314072,5931.0,27.31082761479298,True,21
191437,0,0.04203946921620485,6065.5,27.930272187168978,7.656539168457117,6140.5,28.275687376226223,True,21
340138,0,0.04203946921620485,6065.5,27.930272187168978,7.656539168457117,6140.5,28.275687376226223,True,21
118300,0,0.04183881775149081,6094.0,28.06152995901073,150.25158555161204,965.0,4.439736563349146,True,21
102914,0,0.04177818486301778,6105.0,28.112190853405792,149.59185768654254,966.0,4.444342099203242,True,21
137357,0,0.041363511925355485,6148.0,28.31022889513195,134.82658517110107,1117.0,5.139778013171832,True,21
236496,0,0.041363511925355485,6148.0,28.31022889513195,134.82658517110107,1117.0,5.139778013171832,True,21
153758,0,0.041363511925355485,6148.0,28.31022889513195,134.82658517110107,1117.0,5.139778013171832,True,21
92941,0,0.041363511925355485,6148.0,28.31022889513195,134.82658517110107,1117.0,5.139778013171832,True,21
187977,0,0.041363511925355485,6148.0,28.31022889513195,134.82658517110107,1117.0,5.139778013171832,True,21
180066,0,0.041363511925355485,6148.0,28.31022889513195,134.82658517110107,1117.0,5.139778013171832,True,21
135477,0,0.041363511925355485,6148.0,28.31022889513195,134.82658517110107,1117.0,5.139778013171832,True,21
28717,0,0.041363511925355485,6148.0,28.31022889513195,134.82658517110107,1117.0,5.139778013171832,True,21
302259,0,0.041363511925355485,6148.0,28.31022889513195,134.82658517110107,1117.0,5.139778013171832,True,21
79441,0,0.041363511925355485,6148.0,28.31022889513195,134.82658517110107,1117.0,5.139778013171832,True,21
92893,0,0.041363511925355485,6148.0,28.31022889513195,134.82658517110107,1117.0,5.139778013171832,True,21
33237,0,0.041363511925355485,6148.0,28.31022889513195,134.82658517110107,1117.0,5.139778013171832,True,21
11200,0,0.041363511925355485,6148.0,28.31022889513195,134.82658517110107,1117.0,5.139778013171832,True,21
136022,0,0.041363511925355485,6148.0,28.31022889513195,134.82658517110107,1117.0,5.139778013171832,True,21
11567,0,0.041363511925355485,6148.0,28.31022889513195,134.82658517110107,1117.0,5.139778013171832,True,21
131526,0,0.04111277113612935,6196.5,28.533597384055636,170.6237562681623,784.5,3.608437341684705,True,21
303535,0,0.04111277113612935,6196.5,28.533597384055636,170.6237562681623,784.5,3.608437341684705,True,21
292578,0,0.04108872615317185,6203.0,28.56353336710726,168.94952165398755,801.0,3.684428683277299,True,21
128779,0,0.04108872615317185,6203.0,28.56353336710726,168.94952165398755,801.0,3.684428683277299,True,21
261439,0,0.04108872615317185,6203.0,28.56353336710726,168.94952165398755,801.0,3.684428683277299,True,21
78467,0,0.04108872615317185,6203.0,28.56353336710726,168.94952165398755,801.0,3.684428683277299,True,21
387983,0,0.04108872615317185,6203.0,28.56353336710726,168.94952165398755,801.0,3.684428683277299,True,21
264569,0,0.04108872615317185,6203.0,28.56353336710726,168.94952165398755,801.0,3.684428683277299,True,21
15862,0,0.04108872615317185,6203.0,28.56353336710726,168.94952165398755,801.0,3.684428683277299,True,21
153397,0,0.0408512387975567,6212.0,28.604983189794133,183.64225862326987,502.0,2.3073734629024085,True,21
41173,0,0.04077952742711233,6230.5,28.69018560309492,211.40242207957843,155.5,0.7115552894579285,True,21
395732,0,0.04077952742711233,6230.5,28.69018560309492,211.40242207957843,155.5,0.7115552894579285,True,21
74402,0,0.04077952742711233,6230.5,28.69018560309492,211.40242207957843,155.5,0.7115552894579285,True,21
298825,0,0.04077952742711233,6230.5,28.69018560309492,211.40242207957843,155.5,0.7115552894579285,True,21
369869,0,0.04077952742711233,6230.5,28.69018560309492,211.40242207957843,155.5,0.7115552894579285,True,21
91418,0,0.04077952742711233,6230.5,28.69018560309492,211.40242207957843,155.5,0.7115552894579285,True,21
126340,0,0.04077952742711233,6230.5,28.69018560309492,211.40242207957843,155.5,0.7115552894579285,True,21
350935,0,0.04077952742711233,6230.5,28.69018560309492,211.40242207957843,155.5,0.7115552894579285,True,21
385533,0,0.04077952742711233,6230.5,28.69018560309492,211.40242207957843,155.5,0.7115552894579285,True,21
258413,0,0.04077952742711233,6230.5,28.69018560309492,211.40242207957843,155.5,0.7115552894579285,True,21
300829,0,0.04077952742711233,6230.5,28.69018560309492,211.40242207957843,155.5,0.7115552894579285,True,21
393568,0,0.04077952742711233,6230.5,28.69018560309492,211.40242207957843,155.5,0.7115552894579285,True,21
103370,0,0.04077952742711233,6230.5,28.69018560309492,211.40242207957843,155.5,0.7115552894579285,True,21
157351,0,0.04077952742711233,6230.5,28.69018560309492,211.40242207957843,155.5,0.7115552894579285,True,21
1744,0,0.04068527217816576,6268.5,28.86519596555059,201.66894961811505,326.5,1.4991019205084513,True,21
98131,0,0.04068527217816576,6268.5,28.86519596555059,201.66894961811505,326.5,1.4991019205084513,True,21
390361,0,0.04068527217816576,6268.5,28.86519596555059,201.66894961811505,326.5,1.4991019205084513,True,21
209262,0,0.04068527217816576,6268.5,28.86519596555059,201.66894961811505,326.5,1.4991019205084513,True,21
245961,0,0.04068527217816576,6268.5,28.86519596555059,201.66894961811505,326.5,1.4991019205084513,True,21
131982,0,0.04068527217816576,6268.5,28.86519596555059,201.66894961811505,326.5,1.4991019205084513,True,21
44291,0,0.04068527217816576,6268.5,28.86519596555059,201.66894961811505,326.5,1.4991019205084513,True,21
226816,0,0.04068527217816576,6268.5,28.86519596555059,201.66894961811505,326.5,1.4991019205084513,True,21
48621,0,0.04068527217816576,6268.5,28.86519596555059,201.66894961811505,326.5,1.4991019205084513,True,21
249861,0,0.04068527217816576,6268.5,28.86519596555059,201.66894961811505,326.5,1.4991019205084513,True,21
322934,0,0.04068527217816576,6268.5,28.86519596555059,201.66894961811505,326.5,1.4991019205084513,True,21
149116,0,0.04068527217816576,6268.5,28.86519596555059,201.66894961811505,326.5,1.4991019205084513,True,21
257489,0,0.04068527217816576,6268.5,28.86519596555059,201.66894961811505,326.5,1.4991019205084513,True,21
143433,0,0.04068527217816576,6268.5,28.86519596555059,201.66894961811505,326.5,1.4991019205084513,True,21
242985,0,0.04068527217816576,6268.5,28.86519596555059,201.66894961811505,326.5,1.4991019205084513,True,21
349378,0,0.04068527217816576,6268.5,28.86519596555059,201.66894961811505,326.5,1.4991019205084513,True,21
93268,0,0.04068527217816576,6268.5,28.86519596555059,201.66894961811505,326.5,1.4991019205084513,True,21
260025,0,0.04068527217816576,6268.5,28.86519596555059,201.66894961811505,326.5,1.4991019205084513,True,21
234049,0,0.04068527217816576,6268.5,28.86519596555059,201.66894961811505,326.5,1.4991019205084513,True,21
40241,0,0.04068527217816576,6268.5,28.86519596555059,201.66894961811505,326.5,1.4991019205084513,True,21
24151,0,0.04068527217816576,6268.5,28.86519596555059,201.66894961811505,326.5,1.4991019205084513,True,21
366816,0,0.04068527217816576,6268.5,28.86519596555059,201.66894961811505,326.5,1.4991019205084513,True,21
191361,0,0.04068527217816576,6268.5,28.86519596555059,201.66894961811505,326.5,1.4991019205084513,True,21
165009,1,0.04068527217816576,6268.5,28.86519596555059,201.66894961811505,326.5,1.4991019205084513,True,21
273404,0,0.04068527217816576,6268.5,28.86519596555059,201.66894961811505,326.5,1.4991019205084513,True,21
204977,0,0.04068527217816576,6268.5,28.86519596555059,201.66894961811505,326.5,1.4991019205084513,True,21
330803,0,0.04068527217816576,6268.5,28.86519596555059,201.66894961811505,326.5,1.4991019205084513,True,21
94974,0,0.04068527217816576,6268.5,28.86519596555059,201.66894961811505,326.5,1.4991019205084513,True,21
244342,0,0.04068527217816576,6268.5,28.86519596555059,201.66894961811505,326.5,1.4991019205084513,True,21
222406,0,0.04068527217816576,6268.5,28.86519596555059,201.66894961811505,326.5,1.4991019205084513,True,21
109390,0,0.04068527217816576,6268.5,28.86519596555059,201.66894961811505,326.5,1.4991019205084513,True,21
140563,0,0.04068527217816576,6268.5,28.86519596555059,201.66894961811505,326.5,1.4991019205084513,True,21
124158,0,0.04068527217816576,6268.5,28.86519596555059,201.66894961811505,326.5,1.4991019205084513,True,21
370094,0,0.04068527217816576,6268.5,28.86519596555059,201.66894961811505,326.5,1.4991019205084513,True,21
296109,0,0.04068527217816576,6268.5,28.86519596555059,201.66894961811505,326.5,1.4991019205084513,True,21
394766,0,0.04068527217816576,6268.5,28.86519596555059,201.66894961811505,326.5,1.4991019205084513,True,21
261462,0,0.04068527217816576,6268.5,28.86519596555059,201.66894961811505,326.5,1.4991019205084513,True,21
136731,0,0.04068527217816576,6268.5,28.86519596555059,201.66894961811505,326.5,1.4991019205084513,True,21
346312,0,0.04068527217816576,6268.5,28.86519596555059,201.66894961811505,326.5,1.4991019205084513,True,21
392206,0,0.04068527217816576,6268.5,28.86519596555059,201.66894961811505,326.5,1.4991019205084513,True,21
93190,1,0.04068527217816576,6268.5,28.86519596555059,201.66894961811505,326.5,1.4991019205084513,True,21
261314,0,0.04068527217816576,6268.5,28.86519596555059,201.66894961811505,326.5,1.4991019205084513,True,21
219690,0,0.04068527217816576,6268.5,28.86519596555059,201.66894961811505,326.5,1.4991019205084513,True,21
126548,0,0.04068527217816576,6268.5,28.86519596555059,201.66894961811505,326.5,1.4991019205084513,True,21
140324,0,0.04068527217816576,6268.5,28.86519596555059,201.66894961811505,326.5,1.4991019205084513,True,21
302629,0,0.04068527217816576,6268.5,28.86519596555059,201.66894961811505,326.5,1.4991019205084513,True,21
194896,0,0.04068527217816576,6268.5,28.86519596555059,201.66894961811505,326.5,1.4991019205084513,True,21
146010,0,0.04068527217816576,6268.5,28.86519596555059,201.66894961811505,326.5,1.4991019205084513,True,21
305376,0,0.04068527217816576,6268.5,28.86519596555059,201.66894961811505,326.5,1.4991019205084513,True,21
63601,0,0.04068527217816576,6268.5,28.86519596555059,201.66894961811505,326.5,1.4991019205084513,True,21
17444,0,0.04068527217816576,6268.5,28.86519596555059,201.66894961811505,326.5,1.4991019205084513,True,21
50976,0,0.04068527217816576,6268.5,28.86519596555059,201.66894961811505,326.5,1.4991019205084513,True,21
65382,0,0.04068527217816576,6268.5,28.86519596555059,201.66894961811505,326.5,1.4991019205084513,True,21
256568,0,0.04068527217816576,6268.5,28.86519596555059,201.66894961811505,326.5,1.4991019205084513,True,21
386583,0,0.04068527217816576,6268.5,28.86519596555059,201.66894961811505,326.5,1.4991019205084513,True,21
155060,0,0.04068527217816576,6268.5,28.86519596555059,201.66894961811505,326.5,1.4991019205084513,True,21
238530,0,0.04068527217816576,6268.5,28.86519596555059,201.66894961811505,326.5,1.4991019205084513,True,21
240070,0,0.04068527217816576,6268.5,28.86519596555059,201.66894961811505,326.5,1.4991019205084513,True,21
29009,0,0.04047619047619048,6312.0,29.065536775203796,4.0,8204.0,37.77921061115461,True,21
116102,0,0.04047619047619048,6312.0,29.065536775203796,4.0,8204.0,37.77921061115461,True,21
191212,0,0.04047619047619048,6312.0,29.065536775203796,4.0,8204.0,37.77921061115461,True,21
125581,0,0.04047619047619048,6312.0,29.065536775203796,4.0,8204.0,37.77921061115461,True,21
82694,0,0.04047619047619048,6312.0,29.065536775203796,4.0,8204.0,37.77921061115461,True,21
124802,0,0.04047619047619048,6312.0,29.065536775203796,4.0,8204.0,37.77921061115461,True,21
184198,0,0.04047619047619048,6312.0,29.065536775203796,4.0,8204.0,37.77921061115461,True,21
96427,0,0.04047619047619048,6312.0,29.065536775203796,4.0,8204.0,37.77921061115461,True,21
296044,0,0.04047619047619048,6312.0,29.065536775203796,4.0,8204.0,37.77921061115461,True,21
8142,0,0.04047619047619048,6312.0,29.065536775203796,4.0,8204.0,37.77921061115461,True,21
326061,0,0.04047619047619048,6312.0,29.065536775203796,4.0,8204.0,37.77921061115461,True,21
80043,0,0.03966476918841565,6339.5,29.192189011191452,174.72759371215494,569.5,2.6182471330539308,True,21
110994,0,0.03966476918841565,6339.5,29.192189011191452,174.72759371215494,569.5,2.6182471330539308,True,21
189388,0,0.03929864448836981,6351.0,29.245152673513562,182.45614200554618,536.0,2.463961681941694,True,21
81066,0,0.03869202248460459,6367.0,29.318841247179108,126.11872208473908,1189.0,5.47137659466679,True,21
308468,0,0.03869202248460459,6367.0,29.318841247179108,126.11872208473908,1189.0,5.47137659466679,True,21
136664,0,0.03869202248460459,6367.0,29.318841247179108,126.11872208473908,1189.0,5.47137659466679,True,21
4585,0,0.03812917909135284,6397.5,29.459310090729055,204.97057042700027,217.5,0.9970985124119192,True,21
139633,0,0.03812917909135284,6397.5,29.459310090729055,204.97057042700027,217.5,0.9970985124119192,True,21
127772,0,0.038104453656588065,6402.0,29.48003500207249,174.41360841334532,580.0,2.6666052595219454,True,21
371913,0,0.038104453656588065,6402.0,29.48003500207249,174.41360841334532,580.0,2.6666052595219454,True,21
163472,0,0.038104453656588065,6402.0,29.48003500207249,174.41360841334532,580.0,2.6666052595219454,True,21
236614,0,0.038104453656588065,6402.0,29.48003500207249,174.41360841334532,580.0,2.6666052595219454,True,21
200971,0,0.038104453656588065,6402.0,29.48003500207249,174.41360841334532,580.0,2.6666052595219454,True,21
235136,0,0.038104453656588065,6402.0,29.48003500207249,174.41360841334532,580.0,2.6666052595219454,True,21
74947,0,0.038104453656588065,6402.0,29.48003500207249,174.41360841334532,580.0,2.6666052595219454,True,21
284728,0,0.037695833990923536,6439.0,29.650439828674067,176.71007332830328,550.0,2.5284391838990468,True,21
86048,0,0.037440612748960884,6442.0,29.664256436236357,167.28285498732086,859.0,3.9515497628149037,True,21
91713,0,0.03738049699174923,6446.0,29.68267857965274,145.92980484249173,1021.0,4.697646571178557,True,21
151572,0,0.03738049699174923,6446.0,29.68267857965274,145.92980484249173,1021.0,4.697646571178557,True,21
5942,0,0.03738049699174923,6446.0,29.68267857965274,145.92980484249173,1021.0,4.697646571178557,True,21
372331,0,0.03738049699174923,6446.0,29.68267857965274,145.92980484249173,1021.0,4.697646571178557,True,21
3873,0,0.03738049699174923,6446.0,29.68267857965274,145.92980484249173,1021.0,4.697646571178557,True,21
14703,0,0.0373675445321042,6450.0,29.70110072306913,133.79902506703343,1128.0,5.190438907566896,True,21
128673,0,0.0373675445321042,6450.0,29.70110072306913,133.79902506703343,1128.0,5.190438907566896,True,21
113486,0,0.0373675445321042,6450.0,29.70110072306913,133.79902506703343,1128.0,5.190438907566896,True,21
152455,0,0.03719866476947176,6466.5,29.777092064661723,175.00398691440498,567.5,2.6090360613457375,True,21
105600,0,0.03719866476947176,6466.5,29.777092064661723,175.00398691440498,567.5,2.6090360613457375,True,21
66782,0,0.037037037037037035,6490.0,29.885322157232995,3.0,8948.5,41.208032054529546,True,21
282606,0,0.037011295689400855,6502.0,29.940588587482154,167.5183377612607,814.0,3.7443006493805555,True,21
386963,0,0.03650621892001359,6544.5,30.13632386128126,175.29266204899977,561.5,2.581402846221158,True,21
88112,0,0.03650621892001359,6544.5,30.13632386128126,175.29266204899977,561.5,2.581402846221158,True,21
143776,0,0.03650621892001359,6544.5,30.13632386128126,175.29266204899977,561.5,2.581402846221158,True,21
266006,0,0.03650621892001359,6544.5,30.13632386128126,175.29266204899977,561.5,2.581402846221158,True,21
43207,0,0.03650621892001359,6544.5,30.13632386128126,175.29266204899977,561.5,2.581402846221158,True,21
265716,0,0.03650621892001359,6544.5,30.13632386128126,175.29266204899977,561.5,2.581402846221158,True,21
151939,0,0.03613710794521375,6558.0,30.198498595311566,175.11724340983847,565.0,2.597522221710496,True,21
381786,0,0.036070278818370924,6561.0,30.212315202873853,6.723613009125174,6472.0,29.802422511859255,True,21
372525,0,0.03560470422386364,6588.5,30.338967438861513,147.76450741735292,998.5,4.594022014461382,True,21
43617,0,0.03560470422386364,6588.5,30.338967438861513,147.76450741735292,998.5,4.594022014461382,True,21
203113,0,0.03548627507813017,6592.0,30.355086814350848,174.01790810346384,584.0,2.685027402938332,True,21
395611,0,0.035234479266175796,6606.0,30.419564316308204,174.6504335238117,574.0,2.6389720443973657,True,21
188304,0,0.035234479266175796,6606.0,30.419564316308204,174.6504335238117,574.0,2.6389720443973657,True,21
299946,0,0.035234479266175796,6606.0,30.419564316308204,174.6504335238117,574.0,2.6389720443973657,True,21
374199,0,0.035234479266175796,6606.0,30.419564316308204,174.6504335238117,574.0,2.6389720443973657,True,21
115769,0,0.035234479266175796,6606.0,30.419564316308204,174.6504335238117,574.0,2.6389720443973657,True,21
356907,0,0.03395018919915656,6643.5,30.592271910836825,18.60599916159189,3476.5,16.006539860912817,True,21
328827,0,0.033493296393410185,6696.5,30.836365311103947,2.666666666666667,9398.0,43.27822042094598,True,21
391164,0,0.033493296393410185,6696.5,30.836365311103947,2.666666666666667,9398.0,43.27822042094598,True,21
321267,0,0.03325923681103233,6731.0,30.99525629807028,3.5883349631169312,8503.0,39.156265831529495,True,21
301978,0,0.033233639685167175,6738.5,31.029797816976004,213.32717175293797,142.5,0.6516833233546723,True,21
37087,0,0.033233639685167175,6738.5,31.029797816976004,213.32717175293797,142.5,0.6516833233546723,True,21
191731,0,0.033233639685167175,6738.5,31.029797816976004,213.32717175293797,142.5,0.6516833233546723,True,21
61988,0,0.033233639685167175,6738.5,31.029797816976004,213.32717175293797,142.5,0.6516833233546723,True,21
135293,0,0.033233639685167175,6738.5,31.029797816976004,213.32717175293797,142.5,0.6516833233546723,True,21
277729,0,0.033233639685167175,6738.5,31.029797816976004,213.32717175293797,142.5,0.6516833233546723,True,21
200236,0,0.033233639685167175,6738.5,31.029797816976004,213.32717175293797,142.5,0.6516833233546723,True,21
213332,0,0.033233639685167175,6738.5,31.029797816976004,213.32717175293797,142.5,0.6516833233546723,True,21
20970,0,0.033233639685167175,6738.5,31.029797816976004,213.32717175293797,142.5,0.6516833233546723,True,21
276615,0,0.033233639685167175,6738.5,31.029797816976004,213.32717175293797,142.5,0.6516833233546723,True,21
222102,0,0.033233639685167175,6738.5,31.029797816976004,213.32717175293797,142.5,0.6516833233546723,True,21
117296,0,0.033233639685167175,6738.5,31.029797816976004,213.32717175293797,142.5,0.6516833233546723,True,21
311541,0,0.03243283773405761,6772.0,31.18408326808824,175.31702060809042,557.0,2.560677934877723,True,21
219168,0,0.03243283773405761,6772.0,31.18408326808824,175.31702060809042,557.0,2.560677934877723,True,21
78886,0,0.03243283773405761,6772.0,31.18408326808824,175.31702060809042,557.0,2.560677934877723,True,21
151446,0,0.03234186691027128,6809.5,31.356790862616865,199.83340045917825,392.5,1.8030672868788284,True,21
262620,0,0.03234186691027128,6809.5,31.356790862616865,199.83340045917825,392.5,1.8030672868788284,True,21
41817,0,0.03234186691027128,6809.5,31.356790862616865,199.83340045917825,392.5,1.8030672868788284,True,21
46311,0,0.03234186691027128,6809.5,31.356790862616865,199.83340045917825,392.5,1.8030672868788284,True,21
263749,0,0.03234186691027128,6809.5,31.356790862616865,199.83340045917825,392.5,1.8030672868788284,True,21
148807,0,0.03234186691027128,6809.5,31.356790862616865,199.83340045917825,392.5,1.8030672868788284,True,21
139819,0,0.03234186691027128,6809.5,31.356790862616865,199.83340045917825,392.5,1.8030672868788284,True,21
353846,0,0.03234186691027128,6809.5,31.356790862616865,199.83340045917825,392.5,1.8030672868788284,True,21
156228,0,0.03234186691027128,6809.5,31.356790862616865,199.83340045917825,392.5,1.8030672868788284,True,21
253362,0,0.03234186691027128,6809.5,31.356790862616865,199.83340045917825,392.5,1.8030672868788284,True,21
123745,0,0.03234186691027128,6809.5,31.356790862616865,199.83340045917825,392.5,1.8030672868788284,True,21
70076,0,0.03234186691027128,6809.5,31.356790862616865,199.83340045917825,392.5,1.8030672868788284,True,21
185487,0,0.03234186691027128,6809.5,31.356790862616865,199.83340045917825,392.5,1.8030672868788284,True,21
113382,0,0.03234186691027128,6809.5,31.356790862616865,199.83340045917825,392.5,1.8030672868788284,True,21
18761,0,0.03234186691027128,6809.5,31.356790862616865,199.83340045917825,392.5,1.8030672868788284,True,21
321717,0,0.03234186691027128,6809.5,31.356790862616865,199.83340045917825,392.5,1.8030672868788284,True,21
167320,0,0.03234186691027128,6809.5,31.356790862616865,199.83340045917825,392.5,1.8030672868788284,True,21
300198,0,0.03234186691027128,6809.5,31.356790862616865,199.83340045917825,392.5,1.8030672868788284,True,21
213903,0,0.03234186691027128,6809.5,31.356790862616865,199.83340045917825,392.5,1.8030672868788284,True,21
116645,0,0.03234186691027128,6809.5,31.356790862616865,199.83340045917825,392.5,1.8030672868788284,True,21
86841,0,0.03234186691027128,6809.5,31.356790862616865,199.83340045917825,392.5,1.8030672868788284,True,21
269764,0,0.03234186691027128,6809.5,31.356790862616865,199.83340045917825,392.5,1.8030672868788284,True,21
131996,0,0.03234186691027128,6809.5,31.356790862616865,199.83340045917825,392.5,1.8030672868788284,True,21
75427,0,0.03234186691027128,6809.5,31.356790862616865,199.83340045917825,392.5,1.8030672868788284,True,21
309599,0,0.03234186691027128,6809.5,31.356790862616865,199.83340045917825,392.5,1.8030672868788284,True,21
234859,0,0.03234186691027128,6809.5,31.356790862616865,199.83340045917825,392.5,1.8030672868788284,True,21
242080,0,0.03234186691027128,6809.5,31.356790862616865,199.83340045917825,392.5,1.8030672868788284,True,21
265881,0,0.03234186691027128,6809.5,31.356790862616865,199.83340045917825,392.5,1.8030672868788284,True,21
163465,0,0.03234186691027128,6809.5,31.356790862616865,199.83340045917825,392.5,1.8030672868788284,True,21
201740,0,0.03234186691027128,6809.5,31.356790862616865,199.83340045917825,392.5,1.8030672868788284,True,21
119916,0,0.03234186691027128,6809.5,31.356790862616865,199.83340045917825,392.5,1.8030672868788284,True,21
97453,0,0.03234186691027128,6809.5,31.356790862616865,199.83340045917825,392.5,1.8030672868788284,True,21
368552,0,0.03234186691027128,6809.5,31.356790862616865,199.83340045917825,392.5,1.8030672868788284,True,21
380378,0,0.03234186691027128,6809.5,31.356790862616865,199.83340045917825,392.5,1.8030672868788284,True,21
377504,0,0.03234186691027128,6809.5,31.356790862616865,199.83340045917825,392.5,1.8030672868788284,True,21
41240,0,0.03234186691027128,6809.5,31.356790862616865,199.83340045917825,392.5,1.8030672868788284,True,21
382469,0,0.03234186691027128,6809.5,31.356790862616865,199.83340045917825,392.5,1.8030672868788284,True,21
259775,0,0.03234186691027128,6809.5,31.356790862616865,199.83340045917825,392.5,1.8030672868788284,True,21
287076,0,0.03234186691027128,6809.5,31.356790862616865,199.83340045917825,392.5,1.8030672868788284,True,21
226288,0,0.03234186691027128,6809.5,31.356790862616865,199.83340045917825,392.5,1.8030672868788284,True,21
253967,0,0.03234186691027128,6809.5,31.356790862616865,199.83340045917825,392.5,1.8030672868788284,True,21
318140,0,0.03234186691027128,6809.5,31.356790862616865,199.83340045917825,392.5,1.8030672868788284,True,21
120831,0,0.03234186691027128,6809.5,31.356790862616865,199.83340045917825,392.5,1.8030672868788284,True,21
359811,0,0.03234186691027128,6809.5,31.356790862616865,199.83340045917825,392.5,1.8030672868788284,True,21
90255,0,0.03234186691027128,6809.5,31.356790862616865,199.83340045917825,392.5,1.8030672868788284,True,21
167315,0,0.03234186691027128,6809.5,31.356790862616865,199.83340045917825,392.5,1.8030672868788284,True,21
356486,0,0.03234186691027128,6809.5,31.356790862616865,199.83340045917825,392.5,1.8030672868788284,True,21
29447,0,0.03234186691027128,6809.5,31.356790862616865,199.83340045917825,392.5,1.8030672868788284,True,21
184682,0,0.03234186691027128,6809.5,31.356790862616865,199.83340045917825,392.5,1.8030672868788284,True,21
244928,0,0.03234186691027128,6809.5,31.356790862616865,199.83340045917825,392.5,1.8030672868788284,True,21
234375,0,0.03234186691027128,6809.5,31.356790862616865,199.83340045917825,392.5,1.8030672868788284,True,21
234160,0,0.03234186691027128,6809.5,31.356790862616865,199.83340045917825,392.5,1.8030672868788284,True,21
227292,0,0.03234186691027128,6809.5,31.356790862616865,199.83340045917825,392.5,1.8030672868788284,True,21
137524,0,0.03234186691027128,6809.5,31.356790862616865,199.83340045917825,392.5,1.8030672868788284,True,21
209270,0,0.03234186691027128,6809.5,31.356790862616865,199.83340045917825,392.5,1.8030672868788284,True,21
333683,0,0.03234186691027128,6809.5,31.356790862616865,199.83340045917825,392.5,1.8030672868788284,True,21
286009,0,0.03234186691027128,6809.5,31.356790862616865,199.83340045917825,392.5,1.8030672868788284,True,21
78317,0,0.03234186691027128,6809.5,31.356790862616865,199.83340045917825,392.5,1.8030672868788284,True,21
32183,0,0.03234186691027128,6809.5,31.356790862616865,199.83340045917825,392.5,1.8030672868788284,True,21
166116,0,0.03234186691027128,6809.5,31.356790862616865,199.83340045917825,392.5,1.8030672868788284,True,21
364500,0,0.03234186691027128,6809.5,31.356790862616865,199.83340045917825,392.5,1.8030672868788284,True,21
361539,0,0.03234186691027128,6809.5,31.356790862616865,199.83340045917825,392.5,1.8030672868788284,True,21
157355,0,0.03234186691027128,6809.5,31.356790862616865,199.83340045917825,392.5,1.8030672868788284,True,21
303518,0,0.03234186691027128,6809.5,31.356790862616865,199.83340045917825,392.5,1.8030672868788284,True,21
106704,0,0.03234186691027128,6809.5,31.356790862616865,199.83340045917825,392.5,1.8030672868788284,True,21
98218,0,0.03234186691027128,6809.5,31.356790862616865,199.83340045917825,392.5,1.8030672868788284,True,21
386990,0,0.03234186691027128,6809.5,31.356790862616865,199.83340045917825,392.5,1.8030672868788284,True,21
220463,0,0.03234186691027128,6809.5,31.356790862616865,199.83340045917825,392.5,1.8030672868788284,True,21
231077,0,0.03234186691027128,6809.5,31.356790862616865,199.83340045917825,392.5,1.8030672868788284,True,21
66926,0,0.03234186691027128,6809.5,31.356790862616865,199.83340045917825,392.5,1.8030672868788284,True,21
243992,0,0.03152830911678035,6873.0,31.649242389352,206.3104015551314,186.0,0.8520241330078755,True,21
268981,0,0.03152830911678035,6873.0,31.649242389352,206.3104015551314,186.0,0.8520241330078755,True,21
15000,0,0.03152830911678035,6873.0,31.649242389352,206.3104015551314,186.0,0.8520241330078755,True,21
153034,0,0.03152830911678035,6873.0,31.649242389352,206.3104015551314,186.0,0.8520241330078755,True,21
185946,0,0.03152830911678035,6873.0,31.649242389352,206.3104015551314,186.0,0.8520241330078755,True,21
386342,0,0.03152830911678035,6873.0,31.649242389352,206.3104015551314,186.0,0.8520241330078755,True,21
99919,0,0.03152830911678035,6873.0,31.649242389352,206.3104015551314,186.0,0.8520241330078755,True,21
95309,0,0.03152830911678035,6873.0,31.649242389352,206.3104015551314,186.0,0.8520241330078755,True,21
80409,0,0.03152830911678035,6873.0,31.649242389352,206.3104015551314,186.0,0.8520241330078755,True,21
128302,0,0.03152830911678035,6873.0,31.649242389352,206.3104015551314,186.0,0.8520241330078755,True,21
114386,0,0.03152830911678035,6873.0,31.649242389352,206.3104015551314,186.0,0.8520241330078755,True,21
48542,0,0.03152830911678035,6873.0,31.649242389352,206.3104015551314,186.0,0.8520241330078755,True,21
64924,0,0.03152830911678035,6873.0,31.649242389352,206.3104015551314,186.0,0.8520241330078755,True,21
377466,0,0.03113234436167053,6931.0,31.916363468889607,167.35776994445138,836.0,3.845622438170681,True,21
82221,0,0.03113234436167053,6931.0,31.916363468889607,167.35776994445138,836.0,3.845622438170681,True,21
319246,0,0.03113234436167053,6931.0,31.916363468889607,167.35776994445138,836.0,3.845622438170681,True,21
312583,0,0.030698709183617764,6987.0,32.174273476719016,7.4687666781599695,6186.0,28.48523925758762,True,21
364481,0,0.030146290476894565,7034.5,32.39303642978861,157.38273693273268,911.5,4.193340395154976,True,21
290973,0,0.030146290476894565,7034.5,32.39303642978861,157.38273693273268,911.5,4.193340395154976,True,21
351203,0,0.030146290476894565,7034.5,32.39303642978861,157.38273693273268,911.5,4.193340395154976,True,21
387632,0,0.030146290476894565,7034.5,32.39303642978861,157.38273693273268,911.5,4.193340395154976,True,21
334538,0,0.030146290476894565,7034.5,32.39303642978861,157.38273693273268,911.5,4.193340395154976,True,21
139208,0,0.030146290476894565,7034.5,32.39303642978861,157.38273693273268,911.5,4.193340395154976,True,21
254854,0,0.030146290476894565,7034.5,32.39303642978861,157.38273693273268,911.5,4.193340395154976,True,21
139913,0,0.030146290476894565,7034.5,32.39303642978861,157.38273693273268,911.5,4.193340395154976,True,21
144128,0,0.030146290476894565,7034.5,32.39303642978861,157.38273693273268,911.5,4.193340395154976,True,21
350429,0,0.030146290476894565,7034.5,32.39303642978861,157.38273693273268,911.5,4.193340395154976,True,21
29386,0,0.030146290476894565,7034.5,32.39303642978861,157.38273693273268,911.5,4.193340395154976,True,21
85984,0,0.030146290476894565,7034.5,32.39303642978861,157.38273693273268,911.5,4.193340395154976,True,21
339797,0,0.030146290476894565,7034.5,32.39303642978861,157.38273693273268,911.5,4.193340395154976,True,21
208975,0,0.030146290476894565,7034.5,32.39303642978861,157.38273693273268,911.5,4.193340395154976,True,21
255964,0,0.02997306385340623,7062.5,32.52199143370331,173.41435471287056,670.5,3.0834062543176897,True,21
67416,0,0.02997306385340623,7062.5,32.52199143370331,173.41435471287056,670.5,3.0834062543176897,True,21
358607,0,0.02997306385340623,7062.5,32.52199143370331,173.41435471287056,670.5,3.0834062543176897,True,21
142132,0,0.02997306385340623,7062.5,32.52199143370331,173.41435471287056,670.5,3.0834062543176897,True,21
27416,0,0.02997306385340623,7062.5,32.52199143370331,173.41435471287056,670.5,3.0834062543176897,True,21
176715,0,0.02997306385340623,7062.5,32.52199143370331,173.41435471287056,670.5,3.0834062543176897,True,21
259397,0,0.02997306385340623,7062.5,32.52199143370331,173.41435471287056,670.5,3.0834062543176897,True,21
120289,0,0.02997306385340623,7062.5,32.52199143370331,173.41435471287056,670.5,3.0834062543176897,True,21
174157,0,0.02997306385340623,7062.5,32.52199143370331,173.41435471287056,670.5,3.0834062543176897,True,21
261588,0,0.02997306385340623,7062.5,32.52199143370331,173.41435471287056,670.5,3.0834062543176897,True,21
367594,0,0.02997306385340623,7062.5,32.52199143370331,173.41435471287056,670.5,3.0834062543176897,True,21
82805,0,0.02997306385340623,7062.5,32.52199143370331,173.41435471287056,670.5,3.0834062543176897,True,21
896,0,0.02997306385340623,7062.5,32.52199143370331,173.41435471287056,670.5,3.0834062543176897,True,21
180628,0,0.02997306385340623,7062.5,32.52199143370331,173.41435471287056,670.5,3.0834062543176897,True,21
304505,0,0.02997306385340623,7062.5,32.52199143370331,173.41435471287056,670.5,3.0834062543176897,True,21
338802,0,0.02997306385340623,7062.5,32.52199143370331,173.41435471287056,670.5,3.0834062543176897,True,21
337430,0,0.02997306385340623,7062.5,32.52199143370331,173.41435471287056,670.5,3.0834062543176897,True,21
265293,0,0.02997306385340623,7062.5,32.52199143370331,173.41435471287056,670.5,3.0834062543176897,True,21
168232,0,0.02997306385340623,7062.5,32.52199143370331,173.41435471287056,670.5,3.0834062543176897,True,21
53967,0,0.02997306385340623,7062.5,32.52199143370331,173.41435471287056,670.5,3.0834062543176897,True,21
178761,0,0.02997306385340623,7062.5,32.52199143370331,173.41435471287056,670.5,3.0834062543176897,True,21
396219,0,0.02997306385340623,7062.5,32.52199143370331,173.41435471287056,670.5,3.0834062543176897,True,21
233365,0,0.02997306385340623,7062.5,32.52199143370331,173.41435471287056,670.5,3.0834062543176897,True,21
204596,0,0.02997306385340623,7062.5,32.52199143370331,173.41435471287056,670.5,3.0834062543176897,True,21
160222,0,0.02997306385340623,7062.5,32.52199143370331,173.41435471287056,670.5,3.0834062543176897,True,21
186693,0,0.02997306385340623,7062.5,32.52199143370331,173.41435471287056,670.5,3.0834062543176897,True,21
233018,0,0.02997306385340623,7062.5,32.52199143370331,173.41435471287056,670.5,3.0834062543176897,True,21
15838,0,0.02997306385340623,7062.5,32.52199143370331,173.41435471287056,670.5,3.0834062543176897,True,21
313176,0,0.02997306385340623,7062.5,32.52199143370331,173.41435471287056,670.5,3.0834062543176897,True,21
307022,0,0.02997306385340623,7062.5,32.52199143370331,173.41435471287056,670.5,3.0834062543176897,True,21
314069,0,0.02995298719735099,7078.0,32.59337723944181,156.50566608294022,919.0,4.227881914060701,True,21
257380,0,0.02928061800394806,7147.5,32.91346198130152,173.70302984746536,624.5,2.871551605029245,True,21
274090,0,0.02928061800394806,7147.5,32.91346198130152,173.70302984746536,624.5,2.871551605029245,True,21
224292,0,0.02928061800394806,7147.5,32.91346198130152,173.70302984746536,624.5,2.871551605029245,True,21
59235,0,0.02928061800394806,7147.5,32.91346198130152,173.70302984746536,624.5,2.871551605029245,True,21
6098,0,0.02928061800394806,7147.5,32.91346198130152,173.70302984746536,624.5,2.871551605029245,True,21
81008,0,0.02928061800394806,7147.5,32.91346198130152,173.70302984746536,624.5,2.871551605029245,True,21
198423,0,0.02928061800394806,7147.5,32.91346198130152,173.70302984746536,624.5,2.871551605029245,True,21
8508,1,0.02928061800394806,7147.5,32.91346198130152,173.70302984746536,624.5,2.871551605029245,True,21
339546,0,0.02928061800394806,7147.5,32.91346198130152,173.70302984746536,624.5,2.871551605029245,True,21
137219,0,0.02928061800394806,7147.5,32.91346198130152,173.70302984746536,624.5,2.871551605029245,True,21
11918,0,0.02928061800394806,7147.5,32.91346198130152,173.70302984746536,624.5,2.871551605029245,True,21
319666,0,0.02928061800394806,7147.5,32.91346198130152,173.70302984746536,624.5,2.871551605029245,True,21
293303,0,0.02928061800394806,7147.5,32.91346198130152,173.70302984746536,624.5,2.871551605029245,True,21
3631,0,0.02928061800394806,7147.5,32.91346198130152,173.70302984746536,624.5,2.871551605029245,True,21
218445,0,0.02928061800394806,7147.5,32.91346198130152,173.70302984746536,624.5,2.871551605029245,True,21
252051,0,0.02928061800394806,7147.5,32.91346198130152,173.70302984746536,624.5,2.871551605029245,True,21
102064,0,0.02928061800394806,7147.5,32.91346198130152,173.70302984746536,624.5,2.871551605029245,True,21
249172,0,0.02928061800394806,7147.5,32.91346198130152,173.70302984746536,624.5,2.871551605029245,True,21
250748,0,0.02928061800394806,7147.5,32.91346198130152,173.70302984746536,624.5,2.871551605029245,True,21
381373,0,0.02928061800394806,7147.5,32.91346198130152,173.70302984746536,624.5,2.871551605029245,True,21
25126,0,0.02928061800394806,7147.5,32.91346198130152,173.70302984746536,624.5,2.871551605029245,True,21
47600,0,0.02928061800394806,7147.5,32.91346198130152,173.70302984746536,624.5,2.871551605029245,True,21
159497,0,0.02928061800394806,7147.5,32.91346198130152,173.70302984746536,624.5,2.871551605029245,True,21
343154,0,0.02928061800394806,7147.5,32.91346198130152,173.70302984746536,624.5,2.871551605029245,True,21
114215,0,0.02928061800394806,7147.5,32.91346198130152,173.70302984746536,624.5,2.871551605029245,True,21
51536,0,0.02928061800394806,7147.5,32.91346198130152,173.70302984746536,624.5,2.871551605029245,True,21
138662,0,0.02928061800394806,7147.5,32.91346198130152,173.70302984746536,624.5,2.871551605029245,True,21
136029,0,0.02928061800394806,7147.5,32.91346198130152,173.70302984746536,624.5,2.871551605029245,True,21
253683,0,0.02928061800394806,7147.5,32.91346198130152,173.70302984746536,624.5,2.871551605029245,True,21
253813,0,0.02928061800394806,7147.5,32.91346198130152,173.70302984746536,624.5,2.871551605029245,True,21
259069,0,0.02928061800394806,7147.5,32.91346198130152,173.70302984746536,624.5,2.871551605029245,True,21
274511,0,0.02928061800394806,7147.5,32.91346198130152,173.70302984746536,624.5,2.871551605029245,True,21
276527,0,0.02928061800394806,7147.5,32.91346198130152,173.70302984746536,624.5,2.871551605029245,True,21
99833,0,0.02928061800394806,7147.5,32.91346198130152,173.70302984746536,624.5,2.871551605029245,True,21
311019,0,0.02928061800394806,7147.5,32.91346198130152,173.70302984746536,624.5,2.871551605029245,True,21
398162,0,0.02928061800394806,7147.5,32.91346198130152,173.70302984746536,624.5,2.871551605029245,True,21
129923,0,0.02928061800394806,7147.5,32.91346198130152,173.70302984746536,624.5,2.871551605029245,True,21
281183,0,0.02928061800394806,7147.5,32.91346198130152,173.70302984746536,624.5,2.871551605029245,True,21
280121,0,0.02928061800394806,7147.5,32.91346198130152,173.70302984746536,624.5,2.871551605029245,True,21
16549,0,0.02928061800394806,7147.5,32.91346198130152,173.70302984746536,624.5,2.871551605029245,True,21
236083,0,0.02928061800394806,7147.5,32.91346198130152,173.70302984746536,624.5,2.871551605029245,True,21
142108,0,0.02928061800394806,7147.5,32.91346198130152,173.70302984746536,624.5,2.871551605029245,True,21
38770,0,0.02928061800394806,7147.5,32.91346198130152,173.70302984746536,624.5,2.871551605029245,True,21
118074,0,0.02928061800394806,7147.5,32.91346198130152,173.70302984746536,624.5,2.871551605029245,True,21
378829,0,0.02928061800394806,7147.5,32.91346198130152,173.70302984746536,624.5,2.871551605029245,True,21
153886,0,0.02928061800394806,7147.5,32.91346198130152,173.70302984746536,624.5,2.871551605029245,True,21
235050,1,0.02928061800394806,7147.5,32.91346198130152,173.70302984746536,624.5,2.871551605029245,True,21
42117,0,0.02928061800394806,7147.5,32.91346198130152,173.70302984746536,624.5,2.871551605029245,True,21
229282,0,0.02928061800394806,7147.5,32.91346198130152,173.70302984746536,624.5,2.871551605029245,True,21
389684,0,0.02928061800394806,7147.5,32.91346198130152,173.70302984746536,624.5,2.871551605029245,True,21
267759,0,0.02928061800394806,7147.5,32.91346198130152,173.70302984746536,624.5,2.871551605029245,True,21
234233,0,0.02928061800394806,7147.5,32.91346198130152,173.70302984746536,624.5,2.871551605029245,True,21
197401,0,0.02928061800394806,7147.5,32.91346198130152,173.70302984746536,624.5,2.871551605029245,True,21
345482,1,0.02928061800394806,7147.5,32.91346198130152,173.70302984746536,624.5,2.871551605029245,True,21
233419,0,0.02928061800394806,7147.5,32.91346198130152,173.70302984746536,624.5,2.871551605029245,True,21
269140,0,0.02928061800394806,7147.5,32.91346198130152,173.70302984746536,624.5,2.871551605029245,True,21
76679,0,0.02928061800394806,7147.5,32.91346198130152,173.70302984746536,624.5,2.871551605029245,True,21
296828,0,0.02928061800394806,7147.5,32.91346198130152,173.70302984746536,624.5,2.871551605029245,True,21
120344,0,0.02928061800394806,7147.5,32.91346198130152,173.70302984746536,624.5,2.871551605029245,True,21
197888,0,0.02928061800394806,7147.5,32.91346198130152,173.70302984746536,624.5,2.871551605029245,True,21
12396,0,0.02928061800394806,7147.5,32.91346198130152,173.70302984746536,624.5,2.871551605029245,True,21
90055,0,0.02928061800394806,7147.5,32.91346198130152,173.70302984746536,624.5,2.871551605029245,True,21
7509,0,0.029095834871849392,7229.5,33.29111592133745,173.31080132227729,694.5,3.193939114816009,True,21
433,0,0.029095834871849392,7229.5,33.29111592133745,173.31080132227729,694.5,3.193939114816009,True,21
160444,0,0.029095834871849392,7229.5,33.29111592133745,173.31080132227729,694.5,3.193939114816009,True,21
192985,0,0.029095834871849392,7229.5,33.29111592133745,173.31080132227729,694.5,3.193939114816009,True,21
128473,0,0.029095834871849392,7229.5,33.29111592133745,173.31080132227729,694.5,3.193939114816009,True,21
215292,0,0.029095834871849392,7229.5,33.29111592133745,173.31080132227729,694.5,3.193939114816009,True,21
48193,0,0.029032523563264516,7241.5,33.346382351586605,0.9000082304611999,13061.5,60.15060102242896,True,21
366771,0,0.029032523563264516,7241.5,33.346382351586605,0.9000082304611999,13061.5,60.15060102242896,True,21
38739,0,0.029032523563264516,7241.5,33.346382351586605,0.9000082304611999,13061.5,60.15060102242896,True,21
207486,0,0.029032523563264516,7241.5,33.346382351586605,0.9000082304611999,13061.5,60.15060102242896,True,21
292149,0,0.029032523563264516,7241.5,33.346382351586605,0.9000082304611999,13061.5,60.15060102242896,True,21
301973,0,0.029032523563264516,7241.5,33.346382351586605,0.9000082304611999,13061.5,60.15060102242896,True,21
151001,0,0.029013440323125684,7245.5,33.36480449500299,2.857738033247042,9187.5,42.308755123658635,True,21
149790,0,0.029013440323125684,7245.5,33.36480449500299,2.857738033247042,9187.5,42.308755123658635,True,21
397279,0,0.028010802654416172,7300.5,33.618108966978305,168.85998577005483,805.5,3.705153594620734,True,21
256363,0,0.028010802654416172,7300.5,33.618108966978305,168.85998577005483,805.5,3.705153594620734,True,21
147895,0,0.02800887835011026,7338.0,33.79081656150693,173.06080132227729,734.0,3.3758577810528254,True,21
275982,0,0.02800887835011026,7338.0,33.79081656150693,173.06080132227729,734.0,3.3758577810528254,True,21
369821,0,0.02800887835011026,7338.0,33.79081656150693,173.06080132227729,734.0,3.3758577810528254,True,21
277299,0,0.02800887835011026,7338.0,33.79081656150693,173.06080132227729,734.0,3.3758577810528254,True,21
291684,0,0.02800887835011026,7338.0,33.79081656150693,173.06080132227729,734.0,3.3758577810528254,True,21
186024,0,0.02800887835011026,7338.0,33.79081656150693,173.06080132227729,734.0,3.3758577810528254,True,21
107330,0,0.02800887835011026,7338.0,33.79081656150693,173.06080132227729,734.0,3.3758577810528254,True,21
231978,0,0.02800887835011026,7338.0,33.79081656150693,173.06080132227729,734.0,3.3758577810528254,True,21
65858,0,0.02800887835011026,7338.0,33.79081656150693,173.06080132227729,734.0,3.3758577810528254,True,21
330869,1,0.02800887835011026,7338.0,33.79081656150693,173.06080132227729,734.0,3.3758577810528254,True,21
61493,0,0.02800887835011026,7338.0,33.79081656150693,173.06080132227729,734.0,3.3758577810528254,True,21
75281,0,0.02800887835011026,7338.0,33.79081656150693,173.06080132227729,734.0,3.3758577810528254,True,21
315159,0,0.02800887835011026,7338.0,33.79081656150693,173.06080132227729,734.0,3.3758577810528254,True,21
198552,0,0.02800887835011026,7338.0,33.79081656150693,173.06080132227729,734.0,3.3758577810528254,True,21
323880,0,0.02800887835011026,7338.0,33.79081656150693,173.06080132227729,734.0,3.3758577810528254,True,21
116476,0,0.02800887835011026,7338.0,33.79081656150693,173.06080132227729,734.0,3.3758577810528254,True,21
154588,0,0.02800887835011026,7338.0,33.79081656150693,173.06080132227729,734.0,3.3758577810528254,True,21
340731,0,0.02800887835011026,7338.0,33.79081656150693,173.06080132227729,734.0,3.3758577810528254,True,21
370483,0,0.02800887835011026,7338.0,33.79081656150693,173.06080132227729,734.0,3.3758577810528254,True,21
183897,0,0.02800887835011026,7338.0,33.79081656150693,173.06080132227729,734.0,3.3758577810528254,True,21
243623,0,0.02800887835011026,7338.0,33.79081656150693,173.06080132227729,734.0,3.3758577810528254,True,21
196873,0,0.02800887835011026,7338.0,33.79081656150693,173.06080132227729,734.0,3.3758577810528254,True,21
2932,0,0.02800887835011026,7338.0,33.79081656150693,173.06080132227729,734.0,3.3758577810528254,True,21
386817,0,0.02800887835011026,7338.0,33.79081656150693,173.06080132227729,734.0,3.3758577810528254,True,21
377841,0,0.02800887835011026,7338.0,33.79081656150693,173.06080132227729,734.0,3.3758577810528254,True,21
30572,0,0.02800887835011026,7338.0,33.79081656150693,173.06080132227729,734.0,3.3758577810528254,True,21
301938,0,0.02800887835011026,7338.0,33.79081656150693,173.06080132227729,734.0,3.3758577810528254,True,21
32027,0,0.02800887835011026,7338.0,33.79081656150693,173.06080132227729,734.0,3.3758577810528254,True,21
139717,0,0.02800887835011026,7338.0,33.79081656150693,173.06080132227729,734.0,3.3758577810528254,True,21
126961,0,0.02800887835011026,7338.0,33.79081656150693,173.06080132227729,734.0,3.3758577810528254,True,21
154641,0,0.02800887835011026,7338.0,33.79081656150693,173.06080132227729,734.0,3.3758577810528254,True,21
13305,0,0.02800887835011026,7338.0,33.79081656150693,173.06080132227729,734.0,3.3758577810528254,True,21
343833,0,0.02800887835011026,7338.0,33.79081656150693,173.06080132227729,734.0,3.3758577810528254,True,21
149710,0,0.02800887835011026,7338.0,33.79081656150693,173.06080132227729,734.0,3.3758577810528254,True,21
35862,0,0.02800887835011026,7338.0,33.79081656150693,173.06080132227729,734.0,3.3758577810528254,True,21
178777,0,0.02800887835011026,7338.0,33.79081656150693,173.06080132227729,734.0,3.3758577810528254,True,21
87160,0,0.02800887835011026,7338.0,33.79081656150693,173.06080132227729,734.0,3.3758577810528254,True,21
275660,0,0.02800887835011026,7338.0,33.79081656150693,173.06080132227729,734.0,3.3758577810528254,True,21
124302,0,0.02800887835011026,7338.0,33.79081656150693,173.06080132227729,734.0,3.3758577810528254,True,21
219650,0,0.02800887835011026,7338.0,33.79081656150693,173.06080132227729,734.0,3.3758577810528254,True,21
233810,0,0.02800887835011026,7338.0,33.79081656150693,173.06080132227729,734.0,3.3758577810528254,True,21
220334,0,0.02800887835011026,7338.0,33.79081656150693,173.06080132227729,734.0,3.3758577810528254,True,21
15467,0,0.02800887835011026,7338.0,33.79081656150693,173.06080132227729,734.0,3.3758577810528254,True,21
100414,0,0.02800887835011026,7338.0,33.79081656150693,173.06080132227729,734.0,3.3758577810528254,True,21
79669,0,0.02800887835011026,7338.0,33.79081656150693,173.06080132227729,734.0,3.3758577810528254,True,21
143879,0,0.02800887835011026,7338.0,33.79081656150693,173.06080132227729,734.0,3.3758577810528254,True,21
229925,0,0.02800887835011026,7338.0,33.79081656150693,173.06080132227729,734.0,3.3758577810528254,True,21
382459,0,0.02800887835011026,7338.0,33.79081656150693,173.06080132227729,734.0,3.3758577810528254,True,21
181874,0,0.02800887835011026,7338.0,33.79081656150693,173.06080132227729,734.0,3.3758577810528254,True,21
16771,0,0.02800887835011026,7338.0,33.79081656150693,173.06080132227729,734.0,3.3758577810528254,True,21
56131,0,0.02800887835011026,7338.0,33.79081656150693,173.06080132227729,734.0,3.3758577810528254,True,21
138392,0,0.02800887835011026,7338.0,33.79081656150693,173.06080132227729,734.0,3.3758577810528254,True,21
22684,0,0.02800887835011026,7338.0,33.79081656150693,173.06080132227729,734.0,3.3758577810528254,True,21
197362,0,0.02800887835011026,7338.0,33.79081656150693,173.06080132227729,734.0,3.3758577810528254,True,21
243001,0,0.02800887835011026,7338.0,33.79081656150693,173.06080132227729,734.0,3.3758577810528254,True,21
9978,0,0.02800887835011026,7338.0,33.79081656150693,173.06080132227729,734.0,3.3758577810528254,True,21
264204,0,0.02800887835011026,7338.0,33.79081656150693,173.06080132227729,734.0,3.3758577810528254,True,21
166953,0,0.02800887835011026,7338.0,33.79081656150693,173.06080132227729,734.0,3.3758577810528254,True,21
160500,0,0.02800887835011026,7338.0,33.79081656150693,173.06080132227729,734.0,3.3758577810528254,True,21
159900,0,0.02800887835011026,7338.0,33.79081656150693,173.06080132227729,734.0,3.3758577810528254,True,21
123956,0,0.02800887835011026,7338.0,33.79081656150693,173.06080132227729,734.0,3.3758577810528254,True,21
281343,0,0.02800887835011026,7338.0,33.79081656150693,173.06080132227729,734.0,3.3758577810528254,True,21
330732,0,0.02800887835011026,7338.0,33.79081656150693,173.06080132227729,734.0,3.3758577810528254,True,21
320579,0,0.02800887835011026,7338.0,33.79081656150693,173.06080132227729,734.0,3.3758577810528254,True,21
390160,0,0.02800887835011026,7338.0,33.79081656150693,173.06080132227729,734.0,3.3758577810528254,True,21
77341,0,0.02800887835011026,7338.0,33.79081656150693,173.06080132227729,734.0,3.3758577810528254,True,21
366792,0,0.02800887835011026,7338.0,33.79081656150693,173.06080132227729,734.0,3.3758577810528254,True,21
129566,0,0.02800887835011026,7338.0,33.79081656150693,173.06080132227729,734.0,3.3758577810528254,True,21
54215,0,0.02800887835011026,7338.0,33.79081656150693,173.06080132227729,734.0,3.3758577810528254,True,21
358349,0,0.02800887835011026,7338.0,33.79081656150693,173.06080132227729,734.0,3.3758577810528254,True,21
216854,0,0.02800887835011026,7338.0,33.79081656150693,173.06080132227729,734.0,3.3758577810528254,True,21
86703,0,0.02800887835011026,7338.0,33.79081656150693,173.06080132227729,734.0,3.3758577810528254,True,21
175271,1,0.02800887835011026,7338.0,33.79081656150693,173.06080132227729,734.0,3.3758577810528254,True,21
179875,0,0.02798958021360617,7376.0,33.9658269239626,148.78193177995428,968.0,4.4535531709114355,True,21
378455,0,0.02798958021360617,7376.0,33.9658269239626,148.78193177995428,968.0,4.4535531709114355,True,21
383298,0,0.02798958021360617,7376.0,33.9658269239626,148.78193177995428,968.0,4.4535531709114355,True,21
328560,0,0.02796221167560706,7378.0,33.975037995670796,2.041241452319315,9919.0,45.67770460093032,True,21
31619,0,0.02795084971874737,7381.5,33.991157371160135,0.8944271909999159,13066.0,60.171325933772394,True,21
348894,0,0.02795084971874737,7381.5,33.991157371160135,0.8944271909999159,13066.0,60.171325933772394,True,21
224191,0,0.02754751846647818,7423.0,34.18228710910515,173.3748676346215,686.0,3.1547920600561876,True,21
268267,0,0.027211235059248346,7434.5,34.23525077142725,169.1933191033882,794.5,3.654492700225671,True,21
107161,0,0.027211235059248346,7434.5,34.23525077142725,169.1933191033882,794.5,3.654492700225671,True,21
55546,0,0.027211235059248346,7434.5,34.23525077142725,169.1933191033882,794.5,3.654492700225671,True,21
268550,0,0.027211235059248346,7434.5,34.23525077142725,169.1933191033882,794.5,3.654492700225671,True,21
177354,0,0.027211235059248346,7434.5,34.23525077142725,169.1933191033882,794.5,3.654492700225671,True,21
240904,0,0.027211235059248346,7434.5,34.23525077142725,169.1933191033882,794.5,3.654492700225671,True,21
109014,0,0.027063769573993028,7450.5,34.3089393450928,7.980632998395654,6078.5,27.990144153272233,True,21
368961,0,0.027063769573993028,7450.5,34.3089393450928,7.980632998395654,6078.5,27.990144153272233,True,21
344625,0,0.026997865877130614,7455.0,34.32966425643624,168.7404126141858,807.0,3.712061898401879,True,21
204051,0,0.026808723308063248,7465.0,34.3757196149772,155.10651416489583,925.0,4.255515129185281,True,21
164714,0,0.026808723308063248,7465.0,34.3757196149772,155.10651416489583,925.0,4.255515129185281,True,21
33736,0,0.026808723308063248,7465.0,34.3757196149772,155.10651416489583,925.0,4.255515129185281,True,21
281167,0,0.02641088933293744,7493.0,34.50467461889191,9.49067564673034,5401.0,24.86989361212177,True,21
176194,1,0.026189380912012825,7509.0,34.578363192557454,155.36471305464298,923.0,4.246304057477087,True,21
195967,0,0.02600982356282976,7514.0,34.60139087182794,7.075188642953506,6319.0,29.09777552618247,True,21
48167,0,0.02600982356282976,7514.0,34.60139087182794,7.075188642953506,6319.0,29.09777552618247,True,21
398384,0,0.02600982356282976,7514.0,34.60139087182794,7.075188642953506,6319.0,29.09777552618247,True,21
256547,0,0.02600982356282976,7514.0,34.60139087182794,7.075188642953506,6319.0,29.09777552618247,True,21
199518,0,0.02600982356282976,7514.0,34.60139087182794,7.075188642953506,6319.0,29.09777552618247,True,21
226632,0,0.025765776786847282,7543.0,34.73495141159674,205.78679819301715,201.0,0.9211071708193248,True,21
306408,0,0.025765776786847282,7543.0,34.73495141159674,205.78679819301715,201.0,0.9211071708193248,True,21
268133,0,0.025765776786847282,7543.0,34.73495141159674,205.78679819301715,201.0,0.9211071708193248,True,21
25735,0,0.025765776786847282,7543.0,34.73495141159674,205.78679819301715,201.0,0.9211071708193248,True,21
37824,0,0.025765776786847282,7543.0,34.73495141159674,205.78679819301715,201.0,0.9211071708193248,True,21
82076,0,0.025765776786847282,7543.0,34.73495141159674,205.78679819301715,201.0,0.9211071708193248,True,21
122414,0,0.025765776786847282,7543.0,34.73495141159674,205.78679819301715,201.0,0.9211071708193248,True,21
101360,0,0.025480470809816518,7577.5,34.89384239856307,9.714871343006083,5353.5,24.651130659052182,True,21
288714,0,0.025480470809816518,7577.5,34.89384239856307,9.714871343006083,5353.5,24.651130659052182,True,21
29926,0,0.02505190238574748,7608.5,35.03661401004007,154.790286398879,932.5,4.290056648091006,True,21
126092,0,0.02505190238574748,7608.5,35.03661401004007,154.790286398879,932.5,4.290056648091006,True,21
265059,0,0.02505190238574748,7608.5,35.03661401004007,154.790286398879,932.5,4.290056648091006,True,21
258819,0,0.02505190238574748,7608.5,35.03661401004007,154.790286398879,932.5,4.290056648091006,True,21
370401,0,0.02505190238574748,7608.5,35.03661401004007,154.790286398879,932.5,4.290056648091006,True,21
374257,0,0.02505190238574748,7608.5,35.03661401004007,154.790286398879,932.5,4.290056648091006,True,21
231364,0,0.02505190238574748,7608.5,35.03661401004007,154.790286398879,932.5,4.290056648091006,True,21
256785,0,0.02505190238574748,7608.5,35.03661401004007,154.790286398879,932.5,4.290056648091006,True,21
42214,0,0.02505190238574748,7608.5,35.03661401004007,154.790286398879,932.5,4.290056648091006,True,21
361042,0,0.02505190238574748,7608.5,35.03661401004007,154.790286398879,932.5,4.290056648091006,True,21
109790,0,0.02505190238574748,7608.5,35.03661401004007,154.790286398879,932.5,4.290056648091006,True,21
212861,0,0.02505190238574748,7608.5,35.03661401004007,154.790286398879,932.5,4.290056648091006,True,21
34178,0,0.02389006494617161,7795.0,35.89554644682909,4.738680552142919,7755.0,35.71132501266522,True,21
376299,0,0.023689374824782738,7813.5,35.98074886012988,2.333333333333334,9623.5,44.316768756044766,True,21
231100,0,0.023689374824782738,7813.5,35.98074886012988,2.333333333333334,9623.5,44.316768756044766,True,21
4548,0,0.023499731984892067,7829.5,36.05443743379542,150.84508975784973,951.5,4.377561829318841,True,21
2738,0,0.023499731984892067,7829.5,36.05443743379542,150.84508975784973,951.5,4.377561829318841,True,21
138281,0,0.023499731984892067,7829.5,36.05443743379542,150.84508975784973,951.5,4.377561829318841,True,21
396277,0,0.023499731984892067,7829.5,36.05443743379542,150.84508975784973,951.5,4.377561829318841,True,21
327021,0,0.023499731984892067,7829.5,36.05443743379542,150.84508975784973,951.5,4.377561829318841,True,21
101430,0,0.023499731984892067,7829.5,36.05443743379542,150.84508975784973,951.5,4.377561829318841,True,21
159917,0,0.023499731984892067,7829.5,36.05443743379542,150.84508975784973,951.5,4.377561829318841,True,21
234421,0,0.023499731984892067,7829.5,36.05443743379542,150.84508975784973,951.5,4.377561829318841,True,21
312937,0,0.023499731984892067,7829.5,36.05443743379542,150.84508975784973,951.5,4.377561829318841,True,21
57173,0,0.023499731984892067,7829.5,36.05443743379542,150.84508975784973,951.5,4.377561829318841,True,21
390976,0,0.023499731984892067,7829.5,36.05443743379542,150.84508975784973,951.5,4.377561829318841,True,21
78499,0,0.023499731984892067,7829.5,36.05443743379542,150.84508975784973,951.5,4.377561829318841,True,21
163747,0,0.023499731984892067,7829.5,36.05443743379542,150.84508975784973,951.5,4.377561829318841,True,21
241419,0,0.023499731984892067,7829.5,36.05443743379542,150.84508975784973,951.5,4.377561829318841,True,21
65656,0,0.023499731984892067,7829.5,36.05443743379542,150.84508975784973,951.5,4.377561829318841,True,21
336614,0,0.023499731984892067,7829.5,36.05443743379542,150.84508975784973,951.5,4.377561829318841,True,21
234792,0,0.023499731984892067,7829.5,36.05443743379542,150.84508975784973,951.5,4.377561829318841,True,21
13462,0,0.023499731984892067,7829.5,36.05443743379542,150.84508975784973,951.5,4.377561829318841,True,21
387998,0,0.023499731984892067,7829.5,36.05443743379542,150.84508975784973,951.5,4.377561829318841,True,21
156108,0,0.023499731984892067,7829.5,36.05443743379542,150.84508975784973,951.5,4.377561829318841,True,21
381277,0,0.023499731984892067,7829.5,36.05443743379542,150.84508975784973,951.5,4.377561829318841,True,21
75588,0,0.023499731984892067,7829.5,36.05443743379542,150.84508975784973,951.5,4.377561829318841,True,21
384606,0,0.023499731984892067,7829.5,36.05443743379542,150.84508975784973,951.5,4.377561829318841,True,21
46888,0,0.023499731984892067,7829.5,36.05443743379542,150.84508975784973,951.5,4.377561829318841,True,21
38912,0,0.023499731984892067,7829.5,36.05443743379542,150.84508975784973,951.5,4.377561829318841,True,21
337728,0,0.023499731984892067,7829.5,36.05443743379542,150.84508975784973,951.5,4.377561829318841,True,21
25450,0,0.02250769961080106,7912.0,36.434394141758396,169.2214459446843,791.0,3.638373324736333,True,21
322445,0,0.021820194329694266,7961.0,36.66006539860913,119.17636690444088,1215.0,5.5911205268733015,True,21
90519,0,0.021309766304985007,8122.0,37.40155667111868,204.06232213653644,259.0,1.188228250356929,True,21
74713,0,0.021309766304985007,8122.0,37.40155667111868,204.06232213653644,259.0,1.188228250356929,True,21
75551,0,0.021309766304985007,8122.0,37.40155667111868,204.06232213653644,259.0,1.188228250356929,True,21
260839,0,0.021309766304985007,8122.0,37.40155667111868,204.06232213653644,259.0,1.188228250356929,True,21
292063,0,0.021309766304985007,8122.0,37.40155667111868,204.06232213653644,259.0,1.188228250356929,True,21
242218,0,0.021309766304985007,8122.0,37.40155667111868,204.06232213653644,259.0,1.188228250356929,True,21
314170,0,0.021309766304985007,8122.0,37.40155667111868,204.06232213653644,259.0,1.188228250356929,True,21
365252,0,0.021309766304985007,8122.0,37.40155667111868,204.06232213653644,259.0,1.188228250356929,True,21
342412,0,0.021309766304985007,8122.0,37.40155667111868,204.06232213653644,259.0,1.188228250356929,True,21
264472,0,0.021309766304985007,8122.0,37.40155667111868,204.06232213653644,259.0,1.188228250356929,True,21
297538,0,0.021309766304985007,8122.0,37.40155667111868,204.06232213653644,259.0,1.188228250356929,True,21
135093,0,0.021309766304985007,8122.0,37.40155667111868,204.06232213653644,259.0,1.188228250356929,True,21
77492,0,0.021309766304985007,8122.0,37.40155667111868,204.06232213653644,259.0,1.188228250356929,True,21
328287,0,0.021309766304985007,8122.0,37.40155667111868,204.06232213653644,259.0,1.188228250356929,True,21
7674,0,0.021309766304985007,8122.0,37.40155667111868,204.06232213653644,259.0,1.188228250356929,True,21
216669,0,0.021309766304985007,8122.0,37.40155667111868,204.06232213653644,259.0,1.188228250356929,True,21
180752,0,0.021309766304985007,8122.0,37.40155667111868,204.06232213653644,259.0,1.188228250356929,True,21
378723,0,0.021309766304985007,8122.0,37.40155667111868,204.06232213653644,259.0,1.188228250356929,True,21
171439,0,0.021309766304985007,8122.0,37.40155667111868,204.06232213653644,259.0,1.188228250356929,True,21
94111,0,0.021309766304985007,8122.0,37.40155667111868,204.06232213653644,259.0,1.188228250356929,True,21
243508,0,0.021309766304985007,8122.0,37.40155667111868,204.06232213653644,259.0,1.188228250356929,True,21
34901,0,0.021309766304985007,8122.0,37.40155667111868,204.06232213653644,259.0,1.188228250356929,True,21
71617,0,0.021309766304985007,8122.0,37.40155667111868,204.06232213653644,259.0,1.188228250356929,True,21
75527,0,0.021309766304985007,8122.0,37.40155667111868,204.06232213653644,259.0,1.188228250356929,True,21
153391,0,0.021309766304985007,8122.0,37.40155667111868,204.06232213653644,259.0,1.188228250356929,True,21
301131,0,0.021309766304985007,8122.0,37.40155667111868,204.06232213653644,259.0,1.188228250356929,True,21
98415,0,0.021309766304985007,8122.0,37.40155667111868,204.06232213653644,259.0,1.188228250356929,True,21
369176,0,0.021309766304985007,8122.0,37.40155667111868,204.06232213653644,259.0,1.188228250356929,True,21
378466,0,0.021309766304985007,8122.0,37.40155667111868,204.06232213653644,259.0,1.188228250356929,True,21
84798,0,0.021309766304985007,8122.0,37.40155667111868,204.06232213653644,259.0,1.188228250356929,True,21
358154,0,0.021309766304985007,8122.0,37.40155667111868,204.06232213653644,259.0,1.188228250356929,True,21
55262,1,0.021309766304985007,8122.0,37.40155667111868,204.06232213653644,259.0,1.188228250356929,True,21
102019,0,0.021309766304985007,8122.0,37.40155667111868,204.06232213653644,259.0,1.188228250356929,True,21
276607,0,0.021309766304985007,8122.0,37.40155667111868,204.06232213653644,259.0,1.188228250356929,True,21
175093,0,0.021309766304985007,8122.0,37.40155667111868,204.06232213653644,259.0,1.188228250356929,True,21
203945,0,0.021309766304985007,8122.0,37.40155667111868,204.06232213653644,259.0,1.188228250356929,True,21
174371,0,0.021309766304985007,8122.0,37.40155667111868,204.06232213653644,259.0,1.188228250356929,True,21
197252,0,0.021309766304985007,8122.0,37.40155667111868,204.06232213653644,259.0,1.188228250356929,True,21
370836,1,0.021309766304985007,8122.0,37.40155667111868,204.06232213653644,259.0,1.188228250356929,True,21
296941,0,0.021309766304985007,8122.0,37.40155667111868,204.06232213653644,259.0,1.188228250356929,True,21
300097,0,0.021309766304985007,8122.0,37.40155667111868,204.06232213653644,259.0,1.188228250356929,True,21
210807,0,0.021309766304985007,8122.0,37.40155667111868,204.06232213653644,259.0,1.188228250356929,True,21
392920,0,0.021309766304985007,8122.0,37.40155667111868,204.06232213653644,259.0,1.188228250356929,True,21
399741,0,0.021309766304985007,8122.0,37.40155667111868,204.06232213653644,259.0,1.188228250356929,True,21
397209,0,0.021309766304985007,8122.0,37.40155667111868,204.06232213653644,259.0,1.188228250356929,True,21
347532,0,0.021309766304985007,8122.0,37.40155667111868,204.06232213653644,259.0,1.188228250356929,True,21
22429,0,0.021309766304985007,8122.0,37.40155667111868,204.06232213653644,259.0,1.188228250356929,True,21
76361,0,0.021309766304985007,8122.0,37.40155667111868,204.06232213653644,259.0,1.188228250356929,True,21
285528,0,0.021309766304985007,8122.0,37.40155667111868,204.06232213653644,259.0,1.188228250356929,True,21
57031,0,0.021309766304985007,8122.0,37.40155667111868,204.06232213653644,259.0,1.188228250356929,True,21
104615,0,0.021309766304985007,8122.0,37.40155667111868,204.06232213653644,259.0,1.188228250356929,True,21
6483,0,0.021309766304985007,8122.0,37.40155667111868,204.06232213653644,259.0,1.188228250356929,True,21
195399,0,0.021309766304985007,8122.0,37.40155667111868,204.06232213653644,259.0,1.188228250356929,True,21
38873,0,0.021309766304985007,8122.0,37.40155667111868,204.06232213653644,259.0,1.188228250356929,True,21
294653,0,0.021309766304985007,8122.0,37.40155667111868,204.06232213653644,259.0,1.188228250356929,True,21
58740,0,0.021309766304985007,8122.0,37.40155667111868,204.06232213653644,259.0,1.188228250356929,True,21
397598,0,0.021309766304985007,8122.0,37.40155667111868,204.06232213653644,259.0,1.188228250356929,True,21
15855,0,0.021309766304985007,8122.0,37.40155667111868,204.06232213653644,259.0,1.188228250356929,True,21
191206,0,0.021309766304985007,8122.0,37.40155667111868,204.06232213653644,259.0,1.188228250356929,True,21
245651,0,0.021309766304985007,8122.0,37.40155667111868,204.06232213653644,259.0,1.188228250356929,True,21
56717,0,0.021309766304985007,8122.0,37.40155667111868,204.06232213653644,259.0,1.188228250356929,True,21
3729,0,0.021309766304985007,8122.0,37.40155667111868,204.06232213653644,259.0,1.188228250356929,True,21
112491,0,0.021309766304985007,8122.0,37.40155667111868,204.06232213653644,259.0,1.188228250356929,True,21
194233,0,0.021309766304985007,8122.0,37.40155667111868,204.06232213653644,259.0,1.188228250356929,True,21
251561,0,0.021309766304985007,8122.0,37.40155667111868,204.06232213653644,259.0,1.188228250356929,True,21
221527,0,0.021309766304985007,8122.0,37.40155667111868,204.06232213653644,259.0,1.188228250356929,True,21
68314,0,0.021309766304985007,8122.0,37.40155667111868,204.06232213653644,259.0,1.188228250356929,True,21
81157,0,0.021309766304985007,8122.0,37.40155667111868,204.06232213653644,259.0,1.188228250356929,True,21
396708,0,0.021309766304985007,8122.0,37.40155667111868,204.06232213653644,259.0,1.188228250356929,True,21
79291,0,0.021309766304985007,8122.0,37.40155667111868,204.06232213653644,259.0,1.188228250356929,True,21
272785,0,0.021309766304985007,8122.0,37.40155667111868,204.06232213653644,259.0,1.188228250356929,True,21
8633,0,0.021309766304985007,8122.0,37.40155667111868,204.06232213653644,259.0,1.188228250356929,True,21
62999,0,0.021309766304985007,8122.0,37.40155667111868,204.06232213653644,259.0,1.188228250356929,True,21
385107,0,0.021309766304985007,8122.0,37.40155667111868,204.06232213653644,259.0,1.188228250356929,True,21
288164,0,0.021309766304985007,8122.0,37.40155667111868,204.06232213653644,259.0,1.188228250356929,True,21
101196,0,0.021309766304985007,8122.0,37.40155667111868,204.06232213653644,259.0,1.188228250356929,True,21
20548,0,0.021309766304985007,8122.0,37.40155667111868,204.06232213653644,259.0,1.188228250356929,True,21
89183,0,0.0212120455406489,8170.0,37.622622392115325,168.46294165997392,808.0,3.716667434255976,True,21
225146,0,0.020763979297540636,8247.0,37.97724865288076,147.19229957841986,1006.0,4.628563533367108,True,21
48582,0,0.020763979297540636,8247.0,37.97724865288076,147.19229957841986,1006.0,4.628563533367108,True,21
225593,0,0.020763979297540636,8247.0,37.97724865288076,147.19229957841986,1006.0,4.628563533367108,True,21
283610,0,0.020763979297540636,8247.0,37.97724865288076,147.19229957841986,1006.0,4.628563533367108,True,21
343851,0,0.020763979297540636,8247.0,37.97724865288076,147.19229957841986,1006.0,4.628563533367108,True,21
385874,0,0.020763979297540636,8247.0,37.97724865288076,147.19229957841986,1006.0,4.628563533367108,True,21
258861,0,0.020763979297540636,8247.0,37.97724865288076,147.19229957841986,1006.0,4.628563533367108,True,21
316901,0,0.020763979297540636,8247.0,37.97724865288076,147.19229957841986,1006.0,4.628563533367108,True,21
357007,0,0.020763979297540636,8247.0,37.97724865288076,147.19229957841986,1006.0,4.628563533367108,True,21
203662,0,0.020763979297540636,8247.0,37.97724865288076,147.19229957841986,1006.0,4.628563533367108,True,21
145777,0,0.020763979297540636,8247.0,37.97724865288076,147.19229957841986,1006.0,4.628563533367108,True,21
139566,0,0.02035845047429648,8340.5,38.407866255238794,11.871501257844368,4416.5,20.335743563763643,True,21
232790,0,0.02035845047429648,8340.5,38.407866255238794,11.871501257844368,4416.5,20.335743563763643,True,21
44092,0,0.02035845047429648,8340.5,38.407866255238794,11.871501257844368,4416.5,20.335743563763643,True,21
118357,0,0.02035845047429648,8340.5,38.407866255238794,11.871501257844368,4416.5,20.335743563763643,True,21
50354,0,0.01966739738652169,8407.5,38.71643715746327,167.02443661111806,862.5,3.9676691383042417,True,21
392776,0,0.01966739738652169,8407.5,38.71643715746327,167.02443661111806,862.5,3.9676691383042417,True,21
155897,0,0.01966739738652169,8407.5,38.71643715746327,167.02443661111806,862.5,3.9676691383042417,True,21
39158,0,0.01966739738652169,8407.5,38.71643715746327,167.02443661111806,862.5,3.9676691383042417,True,21
12990,0,0.01886782979135386,8559.5,39.41647860728596,167.35776994445138,836.0,3.845622438170681,True,21
389792,0,0.01886782979135386,8559.5,39.41647860728596,167.35776994445138,836.0,3.845622438170681,True,21
47721,0,0.01886782979135386,8559.5,39.41647860728596,167.35776994445138,836.0,3.845622438170681,True,21
143872,0,0.01886782979135386,8559.5,39.41647860728596,167.35776994445138,836.0,3.845622438170681,True,21
89533,0,0.01886782979135386,8559.5,39.41647860728596,167.35776994445138,836.0,3.845622438170681,True,21
67049,0,0.01886782979135386,8559.5,39.41647860728596,167.35776994445138,836.0,3.845622438170681,True,21
209871,0,0.01886782979135386,8559.5,39.41647860728596,167.35776994445138,836.0,3.845622438170681,True,21
239813,0,0.01886782979135386,8559.5,39.41647860728596,167.35776994445138,836.0,3.845622438170681,True,21
270102,0,0.01886782979135386,8559.5,39.41647860728596,167.35776994445138,836.0,3.845622438170681,True,21
242863,0,0.01886782979135386,8559.5,39.41647860728596,167.35776994445138,836.0,3.845622438170681,True,21
66105,0,0.01886782979135386,8559.5,39.41647860728596,167.35776994445138,836.0,3.845622438170681,True,21
270143,0,0.01886782979135386,8559.5,39.41647860728596,167.35776994445138,836.0,3.845622438170681,True,21
355236,0,0.01886782979135386,8559.5,39.41647860728596,167.35776994445138,836.0,3.845622438170681,True,21
240117,0,0.01886782979135386,8559.5,39.41647860728596,167.35776994445138,836.0,3.845622438170681,True,21
289281,0,0.01886782979135386,8559.5,39.41647860728596,167.35776994445138,836.0,3.845622438170681,True,21
98799,0,0.01886782979135386,8559.5,39.41647860728596,167.35776994445138,836.0,3.845622438170681,True,21
180990,0,0.01886782979135386,8559.5,39.41647860728596,167.35776994445138,836.0,3.845622438170681,True,21
166499,0,0.01886782979135386,8559.5,39.41647860728596,167.35776994445138,836.0,3.845622438170681,True,21
343903,0,0.01886782979135386,8559.5,39.41647860728596,167.35776994445138,836.0,3.845622438170681,True,21
250633,0,0.01886782979135386,8559.5,39.41647860728596,167.35776994445138,836.0,3.845622438170681,True,21
75156,0,0.01886782979135386,8559.5,39.41647860728596,167.35776994445138,836.0,3.845622438170681,True,21
34393,0,0.01886782979135386,8559.5,39.41647860728596,167.35776994445138,836.0,3.845622438170681,True,21
21129,0,0.01886782979135386,8559.5,39.41647860728596,167.35776994445138,836.0,3.845622438170681,True,21
275677,0,0.01886782979135386,8559.5,39.41647860728596,167.35776994445138,836.0,3.845622438170681,True,21
305445,0,0.01886782979135386,8559.5,39.41647860728596,167.35776994445138,836.0,3.845622438170681,True,21
222339,0,0.01886782979135386,8559.5,39.41647860728596,167.35776994445138,836.0,3.845622438170681,True,21
281102,0,0.01886782979135386,8559.5,39.41647860728596,167.35776994445138,836.0,3.845622438170681,True,21
341669,0,0.01886782979135386,8559.5,39.41647860728596,167.35776994445138,836.0,3.845622438170681,True,21
318580,0,0.01886782979135386,8559.5,39.41647860728596,167.35776994445138,836.0,3.845622438170681,True,21
295803,0,0.01886782979135386,8559.5,39.41647860728596,167.35776994445138,836.0,3.845622438170681,True,21
365722,0,0.01886782979135386,8559.5,39.41647860728596,167.35776994445138,836.0,3.845622438170681,True,21
301030,0,0.01886782979135386,8559.5,39.41647860728596,167.35776994445138,836.0,3.845622438170681,True,21
224992,0,0.01886782979135386,8559.5,39.41647860728596,167.35776994445138,836.0,3.845622438170681,True,21
166994,0,0.01886782979135386,8559.5,39.41647860728596,167.35776994445138,836.0,3.845622438170681,True,21
21127,0,0.01886782979135386,8559.5,39.41647860728596,167.35776994445138,836.0,3.845622438170681,True,21
159600,0,0.01886782979135386,8559.5,39.41647860728596,167.35776994445138,836.0,3.845622438170681,True,21
89420,0,0.01886782979135386,8559.5,39.41647860728596,167.35776994445138,836.0,3.845622438170681,True,21
305903,0,0.01886782979135386,8559.5,39.41647860728596,167.35776994445138,836.0,3.845622438170681,True,21
398905,0,0.01886782979135386,8559.5,39.41647860728596,167.35776994445138,836.0,3.845622438170681,True,21
111130,0,0.01886782979135386,8559.5,39.41647860728596,167.35776994445138,836.0,3.845622438170681,True,21
4231,0,0.01865446060923613,8590.0,39.55694745083591,166.904863455249,865.0,3.9791829779394834,True,21
152831,0,0.01830076932459909,8731.5,40.208630774190574,40.682610208583775,2124.5,9.779855386174182,True,21
354065,0,0.01830076932459909,8731.5,40.208630774190574,40.682610208583775,2124.5,9.779855386174182,True,21
198206,0,0.018209151670835907,8751.0,40.29843872334546,10.618193523005706,5117.0,23.56192142955833,True,21
167622,0,0.018209151670835907,8751.0,40.29843872334546,10.618193523005706,5117.0,23.56192142955833,True,21
295680,0,0.018209151670835907,8751.0,40.29843872334546,10.618193523005706,5117.0,23.56192142955833,True,21
233794,0,0.018209151670835907,8751.0,40.29843872334546,10.618193523005706,5117.0,23.56192142955833,True,21
239257,0,0.018209151670835907,8751.0,40.29843872334546,10.618193523005706,5117.0,23.56192142955833,True,21
52237,0,0.018209151670835907,8751.0,40.29843872334546,10.618193523005706,5117.0,23.56192142955833,True,21
296501,0,0.018209151670835907,8751.0,40.29843872334546,10.618193523005706,5117.0,23.56192142955833,True,21
370110,0,0.018209151670835907,8751.0,40.29843872334546,10.618193523005706,5117.0,23.56192142955833,True,21
16479,0,0.018209151670835907,8751.0,40.29843872334546,10.618193523005706,5117.0,23.56192142955833,True,21
294371,0,0.018209151670835907,8751.0,40.29843872334546,10.618193523005706,5117.0,23.56192142955833,True,21
55824,0,0.018209151670835907,8751.0,40.29843872334546,10.618193523005706,5117.0,23.56192142955833,True,21
307186,0,0.018209151670835907,8751.0,40.29843872334546,10.618193523005706,5117.0,23.56192142955833,True,21
35849,0,0.018209151670835907,8751.0,40.29843872334546,10.618193523005706,5117.0,23.56192142955833,True,21
258906,0,0.018209151670835907,8751.0,40.29843872334546,10.618193523005706,5117.0,23.56192142955833,True,21
175353,0,0.018209151670835907,8751.0,40.29843872334546,10.618193523005706,5117.0,23.56192142955833,True,21
64615,0,0.01739935132838912,8913.5,41.046838299636164,166.6161883206542,877.5,4.036752176115691,True,21
251806,0,0.01739935132838912,8913.5,41.046838299636164,166.6161883206542,877.5,4.036752176115691,True,21
215685,0,0.01739935132838912,8913.5,41.046838299636164,166.6161883206542,877.5,4.036752176115691,True,21
258869,0,0.01739935132838912,8913.5,41.046838299636164,166.6161883206542,877.5,4.036752176115691,True,21
175445,0,0.01739935132838912,8913.5,41.046838299636164,166.6161883206542,877.5,4.036752176115691,True,21
171773,0,0.01739935132838912,8913.5,41.046838299636164,166.6161883206542,877.5,4.036752176115691,True,21
192595,0,0.01739935132838912,8913.5,41.046838299636164,166.6161883206542,877.5,4.036752176115691,True,21
106178,0,0.01739935132838912,8913.5,41.046838299636164,166.6161883206542,877.5,4.036752176115691,True,21
89160,0,0.01739935132838912,8913.5,41.046838299636164,166.6161883206542,877.5,4.036752176115691,True,21
82270,0,0.01739935132838912,8913.5,41.046838299636164,166.6161883206542,877.5,4.036752176115691,True,21
131472,0,0.01739935132838912,8913.5,41.046838299636164,166.6161883206542,877.5,4.036752176115691,True,21
205600,0,0.01739935132838912,8913.5,41.046838299636164,166.6161883206542,877.5,4.036752176115691,True,21
96279,0,0.01739935132838912,8913.5,41.046838299636164,166.6161883206542,877.5,4.036752176115691,True,21
201051,0,0.01739935132838912,8913.5,41.046838299636164,166.6161883206542,877.5,4.036752176115691,True,21
204907,0,0.01739935132838912,8913.5,41.046838299636164,166.6161883206542,877.5,4.036752176115691,True,21
398763,0,0.01739935132838912,8913.5,41.046838299636164,166.6161883206542,877.5,4.036752176115691,True,21
254084,0,0.01739935132838912,8913.5,41.046838299636164,166.6161883206542,877.5,4.036752176115691,True,21
278791,0,0.01739935132838912,8913.5,41.046838299636164,166.6161883206542,877.5,4.036752176115691,True,21
323920,0,0.01739935132838912,8913.5,41.046838299636164,166.6161883206542,877.5,4.036752176115691,True,21
231349,0,0.01739935132838912,8913.5,41.046838299636164,166.6161883206542,877.5,4.036752176115691,True,21
238949,0,0.01739935132838912,8913.5,41.046838299636164,166.6161883206542,877.5,4.036752176115691,True,21
124493,0,0.01739935132838912,8913.5,41.046838299636164,166.6161883206542,877.5,4.036752176115691,True,21
42001,0,0.01739935132838912,8913.5,41.046838299636164,166.6161883206542,877.5,4.036752176115691,True,21
36054,0,0.01739935132838912,8913.5,41.046838299636164,166.6161883206542,877.5,4.036752176115691,True,21
338195,0,0.017267659132997968,8935.0,41.14585732049924,2.7271801834506855,9347.0,43.043338092387046,True,21
53677,0,0.017267659132997968,8935.0,41.14585732049924,2.7271801834506855,9347.0,43.043338092387046,True,21
21155,0,0.017267659132997968,8935.0,41.14585732049924,2.7271801834506855,9347.0,43.043338092387046,True,21
337530,0,0.017267659132997968,8935.0,41.14585732049924,2.7271801834506855,9347.0,43.043338092387046,True,21
40621,0,0.017267659132997968,8935.0,41.14585732049924,2.7271801834506855,9347.0,43.043338092387046,True,21
32905,0,0.016931101683429366,9003.0,41.45903375857781,136.61120330733436,1108.0,5.098328190484963,True,21
109889,0,0.01634001991359329,9064.0,41.7399714456777,144.9360802926067,1035.0,4.76212407313591,True,21
281553,0,0.01634001991359329,9064.0,41.7399714456777,144.9360802926067,1035.0,4.76212407313591,True,21
199772,1,0.01634001991359329,9064.0,41.7399714456777,144.9360802926067,1035.0,4.76212407313591,True,21
386920,0,0.015805741930176698,9228.5,42.4975820936766,6.575188642953505,6532.5,30.0810574310321,True,21
395348,0,0.015805741930176698,9228.5,42.4975820936766,6.575188642953505,6532.5,30.0810574310321,True,21
286970,0,0.015501335585620916,9251.5,42.60350941832082,3.070238542575728,8789.5,40.475751853728184,True,21
381028,0,0.015501335585620916,9251.5,42.60350941832082,3.070238542575728,8789.5,40.475751853728184,True,21
86689,0,0.015068280259755495,9300.5,42.82918067517156,144.29385176741863,1040.5,4.787454520333441,True,21
280135,0,0.015068280259755495,9300.5,42.82918067517156,144.29385176741863,1040.5,4.787454520333441,True,21
52935,0,0.015068280259755495,9300.5,42.82918067517156,144.29385176741863,1040.5,4.787454520333441,True,21
278676,0,0.015068280259755495,9300.5,42.82918067517156,144.29385176741863,1040.5,4.787454520333441,True,21
395734,0,0.015068280259755495,9300.5,42.82918067517156,144.29385176741863,1040.5,4.787454520333441,True,21
177046,0,0.015068280259755495,9300.5,42.82918067517156,144.29385176741863,1040.5,4.787454520333441,True,21
336564,0,0.014501618611803336,9414.0,43.35190899461152,2.729208274754409,9344.0,43.02952148482476,True,21
272630,0,0.01407752725737459,9500.5,43.75028784599088,1.6329931618554523,10770.0,49.59701561276655,True,21
368568,0,0.01407752725737459,9500.5,43.75028784599088,1.6329931618554523,10770.0,49.59701561276655,True,21
253370,0,0.013982890164663786,9525.0,43.86312347441625,6.488061036403996,6580.0,30.29982038410169,True,21
200121,0,0.013982890164663786,9525.0,43.86312347441625,6.488061036403996,6580.0,30.29982038410169,True,21
293584,0,0.013982890164663786,9525.0,43.86312347441625,6.488061036403996,6580.0,30.29982038410169,True,21
331402,0,0.013982890164663786,9525.0,43.86312347441625,6.488061036403996,6580.0,30.29982038410169,True,21
332599,0,0.013982890164663786,9525.0,43.86312347441625,6.488061036403996,6580.0,30.29982038410169,True,21
306976,0,0.013982890164663786,9525.0,43.86312347441625,6.488061036403996,6580.0,30.29982038410169,True,21
283811,0,0.013982890164663786,9525.0,43.86312347441625,6.488061036403996,6580.0,30.29982038410169,True,21
313543,0,0.01360827634879543,9604.0,44.226960806889885,1.6329931618554518,10794.5,49.70985124119191,True,21
141184,0,0.01360827634879543,9604.0,44.226960806889885,1.6329931618554518,10794.5,49.70985124119191,True,21
56089,0,0.01290533424501527,9729.0,44.80265278865196,5.368619045926351,7234.0,33.31184083268088,True,21
177857,0,0.012109538100926411,9801.0,45.13425137014692,5.618825678829855,7141.0,32.883525998249894,True,21
382621,0,0.012109538100926411,9801.0,45.13425137014692,5.618825678829855,7141.0,32.883525998249894,True,21
21942,0,0.012109538100926411,9801.0,45.13425137014692,5.618825678829855,7141.0,32.883525998249894,True,21
389113,0,0.012109538100926411,9801.0,45.13425137014692,5.618825678829855,7141.0,32.883525998249894,True,21
76641,0,0.012109538100926411,9801.0,45.13425137014692,5.618825678829855,7141.0,32.883525998249894,True,21
201550,0,0.012109538100926411,9801.0,45.13425137014692,5.618825678829855,7141.0,32.883525998249894,True,21
82476,0,0.012109538100926411,9801.0,45.13425137014692,5.618825678829855,7141.0,32.883525998249894,True,21
61701,0,0.012109538100926411,9801.0,45.13425137014692,5.618825678829855,7141.0,32.883525998249894,True,21
70066,0,0.012109538100926411,9801.0,45.13425137014692,5.618825678829855,7141.0,32.883525998249894,True,21
49729,0,0.012109538100926411,9801.0,45.13425137014692,5.618825678829855,7141.0,32.883525998249894,True,21
32686,0,0.012109538100926411,9801.0,45.13425137014692,5.618825678829855,7141.0,32.883525998249894,True,21
183244,0,0.012109538100926411,9801.0,45.13425137014692,5.618825678829855,7141.0,32.883525998249894,True,21
351896,0,0.012109538100926411,9801.0,45.13425137014692,5.618825678829855,7141.0,32.883525998249894,True,21
233986,0,0.011033737580104409,10211.0,47.02252107032653,0.4082482904638631,13964.5,64.30939989867821,True,21
231633,0,0.002893012908747116,12477.5,57.46096808363653,9.347324708161933,5453.5,25.111684244461845,True,21
112065,0,0.002893012908747116,12477.5,57.46096808363653,9.347324708161933,5453.5,25.111684244461845,True,21
216398,0,0.002893012908747116,12477.5,57.46096808363653,9.347324708161933,5453.5,25.111684244461845,True,21
86942,0,0.002893012908747116,12477.5,57.46096808363653,9.347324708161933,5453.5,25.111684244461845,True,21
161259,0,0.002893012908747116,12477.5,57.46096808363653,9.347324708161933,5453.5,25.111684244461845,True,21
267897,0,0.002893012908747116,12477.5,57.46096808363653,9.347324708161933,5453.5,25.111684244461845,True,21
92342,0,0.0,18000.0,82.89503983788514,0.0,18000.0,82.89503983788514,True,21
35152,0,0.0,18000.0,82.89503983788514,0.0,18000.0,82.89503983788514,True,21
204677,0,0.0,18000.0,82.89503983788514,0.0,18000.0,82.89503983788514,True,21
27796,0,0.0,18000.0,82.89503983788514,0.0,18000.0,82.89503983788514,True,21
86131,0,0.0,18000.0,82.89503983788514,0.0,18000.0,82.89503983788514,True,21
163849,0,0.0,18000.0,82.89503983788514,0.0,18000.0,82.89503983788514,True,21
155000,0,0.0,18000.0,82.89503983788514,0.0,18000.0,82.89503983788514,True,21
53120,0,0.0,18000.0,82.89503983788514,0.0,18000.0,82.89503983788514,True,21
191678,0,0.0,18000.0,82.89503983788514,0.0,18000.0,82.89503983788514,True,21
25106,0,0.0,18000.0,82.89503983788514,0.0,18000.0,82.89503983788514,True,21
188910,0,0.0,18000.0,82.89503983788514,0.0,18000.0,82.89503983788514,True,21
290559,0,0.0,18000.0,82.89503983788514,0.0,18000.0,82.89503983788514,True,21
54197,0,0.0,18000.0,82.89503983788514,0.0,18000.0,82.89503983788514,True,21
217535,0,0.0,18000.0,82.89503983788514,0.0,18000.0,82.89503983788514,True,21
180144,0,0.0,18000.0,82.89503983788514,0.0,18000.0,82.89503983788514,True,21
94438,0,0.5701341335432244,35.0,0.2597998013295637,23.25,1228.5,9.379536945059984,True,22
195175,0,0.5195134575569358,59.0,0.4431878963857263,13.854761904761904,1791.0,13.677695422938795,True,22
304486,0,0.44938616018564576,74.0,0.557805455795828,71.30613275613275,609.0,4.645831741422786,True,22
51934,0,0.3845072751322751,114.0,0.8634522808894323,8.666666666666666,2404.0,18.36173301749828,True,22
397614,0,0.36340445269016697,134.0,1.0162756934362345,8.416666666666668,2447.0,18.690303354473905,True,22
92406,0,0.3557797868586571,139.0,1.054481546572935,73.57131844763424,605.0,4.6152670589134255,True,22
193444,0,0.3466023875114784,154.0,1.1690991059830367,17.05,1575.0,12.027202567433331,True,22
132877,0,0.3247904577691812,198.0,1.5053106135860013,23.333333333333332,1225.5,9.356613433177962,True,22
284057,0,0.2958257713248639,243.0,1.8491632918163063,13.0,1830.5,13.979521662718728,True,22
154069,0,0.27437553169138523,275.0,2.0936807518911897,311.5606143856144,1.0,0.0,True,22
395977,0,0.2677622285617141,285.0,2.1700924581645906,68.94502164502164,610.0,4.653472912050126,True,22
135396,1,0.2548076923076923,311.5,2.3725834797891037,18.0,1517.0,11.584014671047605,True,22
285239,0,0.2548076923076923,311.5,2.3725834797891037,18.0,1517.0,11.584014671047605,True,22
25534,0,0.24933339358121284,343.0,2.613280354550317,42.95501443001443,837.0,6.388018644456331,True,22
12100,0,0.246033190160523,346.0,2.6362038664323375,63.96244588744589,625.0,4.768090471460228,True,22
65101,0,0.2449122807017544,348.0,2.6514862076870176,10.666666666666668,2112.0,16.13051119431497,True,22
262586,0,0.23887547152276772,360.5,2.747000840528769,173.51321456321455,181.5,1.3792312982348895,True,22
200330,0,0.23887547152276772,360.5,2.747000840528769,173.51321456321455,181.5,1.3792312982348895,True,22
3852,0,0.23258634076387513,380.5,2.8998242530755713,54.522907647907644,730.5,5.574233972644609,True,22
142767,0,0.23258634076387513,380.5,2.8998242530755713,54.522907647907644,730.5,5.574233972644609,True,22
242738,0,0.2238095238095238,400.0,3.0488270803087034,4.25,3486.5,26.63330022159395,True,22
133670,0,0.2225177304964539,414.0,3.155803469091465,22.333333333333332,1292.0,9.86475127989608,True,22
79924,0,0.22044334975369456,427.0,3.255138687246886,6.5,2850.5,21.77351570260564,True,22
173442,0,0.21821356924097018,431.0,3.2857033697562468,53.152128427128424,742.0,5.662107434859021,True,22
109848,0,0.21753544264156116,433.0,3.300985711010927,221.9367105117105,6.0,0.038205853136700545,True,22
122091,0,0.21546254198783402,438.0,3.3391915641476273,62.512337662337664,627.0,4.783372812714908,True,22
260609,0,0.20948192005907934,461.5,3.51875907389012,41.81374458874458,869.5,6.6363566898448845,True,22
7973,1,0.20948192005907934,461.5,3.51875907389012,41.81374458874458,869.5,6.6363566898448845,True,22
84279,0,0.2,501.0,3.8205853136700543,10.0,2196.5,16.776190112325207,True,22
348339,0,0.2,501.0,3.8205853136700543,10.0,2196.5,16.776190112325207,True,22
392381,0,0.19534381745297563,525.0,4.003973408726217,22.833333333333332,1263.0,9.643157331703216,True,22
56120,0,0.19336658239187443,534.5,4.076564529685948,62.02622655122655,630.5,4.810116909910598,True,22
184388,0,0.19336658239187443,534.5,4.076564529685948,62.02622655122655,630.5,4.810116909910598,True,22
199060,0,0.19336658239187443,534.5,4.076564529685948,62.02622655122655,630.5,4.810116909910598,True,22
5825,0,0.19336658239187443,534.5,4.076564529685948,62.02622655122655,630.5,4.810116909910598,True,22
366142,0,0.1887680099822581,542.0,4.1338733093909985,16.5,1602.5,12.237334759685183,True,22
167700,0,0.1883951072592046,544.0,4.149155650645679,6.0,2983.0,22.785970810728205,True,22
137637,0,0.17939495972829078,595.0,4.538855352640025,295.37917082917085,2.0,0.007641170627340109,True,22
18000,0,0.16692386831275718,650.5,4.962940322457401,8.5,2434.0,18.590968136318484,True,22
334916,0,0.16692386831275718,650.5,4.962940322457401,8.5,2434.0,18.590968136318484,True,22
72086,0,0.16666666666666666,658.0,5.020249102162452,0.8333333333333333,5468.5,41.77810040498204,True,22
1372,0,0.1581906945940354,704.5,5.375563536333766,47.604112554112554,778.5,5.9410101627569345,True,22
213954,0,0.1581906945940354,704.5,5.375563536333766,47.604112554112554,778.5,5.9410101627569345,True,22
292752,0,0.15739345114345116,710.0,5.4175899747841365,16.5,1602.5,12.237334759685183,True,22
85285,1,0.15711451102133378,711.0,5.425231145411477,209.89115884115884,23.0,0.16810575380148238,True,22
109690,0,0.15155875990840112,740.0,5.64682509360434,173.36321456321454,183.0,1.3906930541758997,True,22
298140,0,0.15119606466080185,741.0,5.65446626423168,29.77777777777778,1052.0,8.030870329334453,True,22
21780,0,0.14936868686868685,754.5,5.757622067700772,7.666666666666666,2627.5,20.069534652708796,True,22
295094,0,0.14936868686868685,754.5,5.757622067700772,7.666666666666666,2627.5,20.069534652708796,True,22
26477,0,0.14338332277242183,802.0,6.120577672499427,48.118145743145746,776.0,5.921907236188584,True,22
258411,0,0.13549032314705076,861.0,6.5714067395124935,123.59682539682541,396.0,3.018262397799343,True,22
146499,0,0.1354876758951356,862.0,6.579047910139834,213.7620213120213,17.0,0.12225873003744174,True,22
75163,0,0.13427119583702019,877.0,6.693665469549935,13.092857142857142,1823.0,13.922212883013678,True,22
274890,0,0.13331353760262485,888.0,6.777718346450676,173.94654789654788,179.0,1.3601283716665393,True,22
212504,0,0.13252714957934614,893.0,6.815924199587377,212.4120213120213,18.0,0.12989990066478185,True,22
175304,0,0.13218711562435473,895.0,6.831206540842057,43.00147907647907,836.0,6.3803774738289905,True,22
342575,0,0.12827708875334987,931.0,7.106288683426301,28.77777777777778,1070.0,8.168411400626576,True,22
114527,0,0.12827708875334987,931.0,7.106288683426301,28.77777777777778,1070.0,8.168411400626576,True,22
149389,0,0.12827708875334987,931.0,7.106288683426301,28.77777777777778,1070.0,8.168411400626576,True,22
262751,0,0.1266680272803034,944.0,7.205623901581722,14.166666666666666,1767.0,13.494307327882632,True,22
268329,0,0.11977086977567007,1035.0,7.900970428669672,172.11321456321454,187.0,1.4212577366852601,True,22
70217,0,0.11791901792381823,1054.5,8.049973255902804,171.86321456321454,193.5,1.470925345762971,True,22
125587,0,0.11791901792381823,1054.5,8.049973255902804,171.86321456321454,193.5,1.470925345762971,True,22
163794,0,0.11791901792381823,1054.5,8.049973255902804,171.86321456321454,193.5,1.470925345762971,True,22
237903,0,0.11791901792381823,1054.5,8.049973255902804,171.86321456321454,193.5,1.470925345762971,True,22
11330,0,0.11791901792381823,1054.5,8.049973255902804,171.86321456321454,193.5,1.470925345762971,True,22
167640,0,0.11791901792381823,1054.5,8.049973255902804,171.86321456321454,193.5,1.470925345762971,True,22
104988,0,0.11734762333204188,1064.0,8.122564376862535,208.87044067044067,27.0,0.19867043631084283,True,22
213341,0,0.11540510902726928,1078.0,8.229540765645297,226.65119967751545,3.0,0.015282341254680218,True,22
57742,0,0.1145578958078958,1087.0,8.298311301291358,5.083333333333333,3230.0,24.67333995568121,True,22
57347,0,0.11377284036015942,1092.0,8.336517154428059,201.0351232101232,57.0,0.42790555513104606,True,22
163508,0,0.11017832696404123,1157.0,8.833193245205166,180.01321456321455,142.0,1.0774050584549553,True,22
34721,0,0.10972555289102051,1165.0,8.894322610223886,12.833333333333334,1850.0,14.128524489951861,True,22
242811,0,0.10827067669172932,1196.0,9.13119889967143,4.0,3553.5,27.145258653625735,True,22
207521,0,0.10800385728061716,1202.5,9.18086650874914,6.0,2983.0,22.785970810728205,True,22
144161,0,0.10800385728061716,1202.5,9.18086650874914,6.0,2983.0,22.785970810728205,True,22
309808,0,0.10452914136387526,1243.0,9.490333919156415,173.3155955155955,184.0,1.3983342248032398,True,22
68043,0,0.1041031029816309,1244.0,9.497975089783754,27.46261238761239,1091.0,8.32887598380072,True,22
339886,0,0.1012268298619135,1289.5,9.84564835332773,208.90226995226993,25.5,0.18720868036983265,True,22
181513,0,0.1012268298619135,1289.5,9.84564835332773,208.90226995226993,25.5,0.18720868036983265,True,22
258014,0,0.09852045088672937,1350.0,10.307939176281806,197.96527084027085,62.0,0.4661114082677466,True,22
381804,0,0.09829217197754536,1356.0,10.353786200045848,5.166666666666666,3219.0,24.58928707878047,True,22
155731,0,0.09751773049645389,1359.5,10.380530297241537,18.333333333333332,1505.5,11.496141208833194,True,22
359021,0,0.09751773049645389,1359.5,10.380530297241537,18.333333333333332,1505.5,11.496141208833194,True,22
117336,0,0.09739139867500929,1361.0,10.391992053182548,199.92163114663114,59.0,0.4431878963857263,True,22
238980,0,0.0972972972972973,1368.0,10.445480247573927,10.25,2174.5,16.608084358523726,True,22
91779,0,0.0971449884415673,1372.0,10.476044930083289,226.45119967751546,4.0,0.022923511882020325,True,22
140809,0,0.09452505678920772,1408.0,10.751127072667533,9.5,2280.5,17.41804844502178,True,22
210622,0,0.09408116997474272,1416.0,10.812256437686253,217.31799866799867,9.0,0.06112936501872087,True,22
165664,0,0.09395373551955986,1418.5,10.831359364254604,11.883333333333333,1908.5,14.575532971651256,True,22
204158,0,0.09395373551955986,1418.5,10.831359364254604,11.883333333333333,1908.5,14.575532971651256,True,22
196604,0,0.09395373551955986,1418.5,10.831359364254604,11.883333333333333,1908.5,14.575532971651256,True,22
210220,0,0.09395373551955986,1418.5,10.831359364254604,11.883333333333333,1908.5,14.575532971651256,True,22
195571,0,0.09291961271664673,1435.0,10.957438679605715,7.113492063492063,2717.0,20.753419423855735,True,22
256480,0,0.09134615384615385,1475.0,11.26308550469932,9.5,2280.5,17.41804844502178,True,22
348018,0,0.09016561817682266,1507.0,11.507602964774204,170.02988122988123,218.0,1.6581340261328035,True,22
209556,0,0.08991162901004687,1508.0,11.515244135401543,197.5091602841603,63.0,0.4737525788950867,True,22
45679,0,0.08896821440465945,1517.0,11.584014671047605,207.2485542235542,48.0,0.3591350194849851,True,22
146217,0,0.0884701992279632,1520.0,11.606938182929625,10.43095238095238,2141.0,16.35210514250783,True,22
228590,0,0.08442404668819763,1593.0,12.164743638725453,9.166666666666666,2316.0,17.689310002292352,True,22
126247,0,0.08430372029110506,1596.0,12.187667150607473,215.61439116439115,15.0,0.10697638878276151,True,22
354136,0,0.08393180251267168,1602.5,12.237334759685183,201.7387196137196,55.5,0.41644379919003593,True,22
24945,0,0.08393180251267168,1602.5,12.237334759685183,201.7387196137196,55.5,0.41644379919003593,True,22
130725,0,0.08295333932588833,1640.0,12.523878658210437,171.69654789654788,197.0,1.4976694429586612,True,22
270556,0,0.08206514352726961,1647.0,12.577366852601818,171.36321456321454,199.0,1.5129517842133415,True,22
126568,0,0.08195493811918349,1648.0,12.58500802322916,177.72988122988122,165.0,1.2531519828837778,True,22
43175,0,0.08125296220534314,1657.0,12.653778558875219,172.19654789654788,186.0,1.41361656605792,True,22
229061,0,0.0805939471597715,1666.0,12.72254909452128,10.601587301587301,2115.0,16.15343470619699,True,22
270575,0,0.08050411522633744,1667.0,12.730190265148622,6.166666666666666,2913.0,22.251088866814396,True,22
91508,0,0.07976226154797583,1693.5,12.932681286773134,181.92988122988123,126.5,0.9589669137311836,True,22
217177,0,0.07976226154797583,1693.5,12.932681286773134,181.92988122988123,126.5,0.9589669137311836,True,22
382280,0,0.07758620689655173,1735.0,13.249789867807749,4.5,3413.0,26.07167418048445,True,22
107978,0,0.07628968253968253,1763.0,13.463742645373271,4.3,3477.5,26.564529685947885,True,22
247051,0,0.07550849722943125,1786.0,13.639489569802093,198.4494089244089,61.0,0.4584702376404065,True,22
50494,0,0.07519485292922792,1836.0,14.021548101169099,5.717460317460318,3037.0,23.19859402460457,True,22
249113,0,0.07255897887900689,1880.0,14.357759608772064,184.96162726162726,115.0,0.8710934515167724,True,22
213928,0,0.07163626311495985,1892.0,14.449453656300145,173.69654789654788,180.0,1.3677695422938794,True,22
362153,0,0.0713659361883286,1904.0,14.541147703828226,217.93956043956044,8.0,0.05348819439138076,True,22
269038,0,0.07088716236585911,1919.0,14.655765263238328,195.72988122988122,78.0,0.5883701383051884,True,22
140055,0,0.06967511004589813,1932.0,14.75510048139375,5.25,3205.5,24.48613127531138,True,22
2488,0,0.06967511004589813,1932.0,14.75510048139375,5.25,3205.5,24.48613127531138,True,22
282084,0,0.06967511004589813,1932.0,14.75510048139375,5.25,3205.5,24.48613127531138,True,22
239921,0,0.06944237392416663,1939.0,14.80858867578513,194.06321456321456,96.0,0.7259112095973103,True,22
144394,0,0.0678913119813064,1997.0,15.251776572170856,220.1771728271728,7.0,0.04584702376404065,True,22
184386,0,0.06761659856897953,2000.0,15.274700084052878,169.69654789654788,222.0,1.6886987086421639,True,22
134928,0,0.06391289486527582,2124.0,16.22220524184305,169.36321456321454,226.0,1.7192633911515245,True,22
370344,0,0.0636539840405765,2134.5,16.302437533430123,211.0148851148851,20.5,0.14900282723313213,True,22
308186,0,0.0636539840405765,2134.5,16.302437533430123,211.0148851148851,20.5,0.14900282723313213,True,22
11754,0,0.06337812012312068,2141.0,16.35210514250783,216.94542679542678,12.0,0.08405287690074119,True,22
12503,0,0.06337812012312068,2141.0,16.35210514250783,216.94542679542678,12.0,0.08405287690074119,True,22
376341,0,0.06337812012312068,2141.0,16.35210514250783,216.94542679542678,12.0,0.08405287690074119,True,22
153752,0,0.06337812012312068,2141.0,16.35210514250783,216.94542679542678,12.0,0.08405287690074119,True,22
317878,0,0.06337812012312068,2141.0,16.35210514250783,216.94542679542678,12.0,0.08405287690074119,True,22
180100,0,0.0628999067919793,2158.0,16.482005043172613,196.67003274503273,69.0,0.5195996026591274,True,22
129676,0,0.0628999067919793,2158.0,16.482005043172613,196.67003274503273,69.0,0.5195996026591274,True,22
37071,0,0.0628999067919793,2158.0,16.482005043172613,196.67003274503273,69.0,0.5195996026591274,True,22
357479,0,0.0628999067919793,2158.0,16.482005043172613,196.67003274503273,69.0,0.5195996026591274,True,22
95951,0,0.0628999067919793,2158.0,16.482005043172613,196.67003274503273,69.0,0.5195996026591274,True,22
289891,0,0.0628999067919793,2158.0,16.482005043172613,196.67003274503273,69.0,0.5195996026591274,True,22
69010,0,0.0628999067919793,2158.0,16.482005043172613,196.67003274503273,69.0,0.5195996026591274,True,22
816,0,0.0628999067919793,2158.0,16.482005043172613,196.67003274503273,69.0,0.5195996026591274,True,22
80806,0,0.0628999067919793,2158.0,16.482005043172613,196.67003274503273,69.0,0.5195996026591274,True,22
101924,0,0.0628999067919793,2158.0,16.482005043172613,196.67003274503273,69.0,0.5195996026591274,True,22
65610,0,0.0628999067919793,2158.0,16.482005043172613,196.67003274503273,69.0,0.5195996026591274,True,22
383181,0,0.06285490008931863,2165.0,16.535493237563994,214.6673382173382,16.0,0.11461755941010163,True,22
161158,0,0.06172103376711004,2195.0,16.764728356384197,199.95284715284714,58.0,0.4355467257583862,True,22
171232,0,0.060661444397027496,2211.0,16.88698708642164,187.08503996003995,113.0,0.8558111102620921,True,22
86375,0,0.05982436331385628,2227.0,17.00924581645908,195.33274225774224,82.0,0.6189348208145488,True,22
153914,0,0.05982436331385628,2227.0,17.00924581645908,195.33274225774224,82.0,0.6189348208145488,True,22
158170,0,0.05982436331385628,2227.0,17.00924581645908,195.33274225774224,82.0,0.6189348208145488,True,22
30650,0,0.05982436331385628,2227.0,17.00924581645908,195.33274225774224,82.0,0.6189348208145488,True,22
86066,0,0.05982436331385628,2227.0,17.00924581645908,195.33274225774224,82.0,0.6189348208145488,True,22
148309,0,0.05982436331385628,2227.0,17.00924581645908,195.33274225774224,82.0,0.6189348208145488,True,22
245006,0,0.05982436331385628,2227.0,17.00924581645908,195.33274225774224,82.0,0.6189348208145488,True,22
281087,0,0.0597566126363495,2242.0,17.123863375869185,195.84940892440892,77.0,0.5807289676778482,True,22
200630,0,0.05927161359443989,2247.0,17.162069229005883,206.48274225774225,49.0,0.3667761901123252,True,22
298100,0,0.057876161557948516,2290.0,17.490639565981507,210.6870462870463,22.0,0.16046458317414228,True,22
345342,0,0.05712312941854309,2301.0,17.57469244288225,4.5357142857142865,3398.0,25.957056621074347,True,22
350984,0,0.056895138942261066,2302.0,17.58233361350959,223.09416416916415,5.0,0.030564682509360435,True,22
99069,0,0.05668596300599102,2307.5,17.62436005195996,184.6282939282939,117.5,0.8901963780851226,True,22
56471,0,0.05668596300599102,2307.5,17.62436005195996,184.6282939282939,117.5,0.8901963780851226,True,22
95512,0,0.05668596300599102,2307.5,17.62436005195996,184.6282939282939,117.5,0.8901963780851226,True,22
331749,0,0.05668596300599102,2307.5,17.62436005195996,184.6282939282939,117.5,0.8901963780851226,True,22
237821,0,0.0557008549503597,2333.0,17.819209902957134,211.67004384504384,19.0,0.13754107129212195,True,22
240216,0,0.054675436574976054,2369.0,18.094292045541376,180.39456376956375,140.0,1.0621227172002752,True,22
57772,0,0.054653635606016555,2372.0,18.117215557423396,170.69654789654788,205.0,1.5587988079773822,True,22
334797,0,0.05420196442263806,2396.0,18.30060365247956,170.19654789654788,216.0,1.6428516848781234,True,22
7970,0,0.05420196442263806,2396.0,18.30060365247956,170.19654789654788,216.0,1.6428516848781234,True,22
68261,0,0.05420196442263806,2396.0,18.30060365247956,170.19654789654788,216.0,1.6428516848781234,True,22
382300,0,0.05400147183673522,2403.0,18.35409184687094,7.632539682539683,2636.0,20.134484603041187,True,22
245133,0,0.05265941851387905,2429.0,18.552762283181785,2.8964285714285714,4089.0,31.237105524566363,True,22
188542,0,0.052032655376835324,2450.0,18.713226866355924,9.94484126984127,2214.0,16.90991059830366,True,22
144469,0,0.051571666305038996,2463.0,18.81256208451135,184.3735680985681,120.0,0.9092993046534729,True,22
243072,0,0.05120638532543294,2471.0,18.873691449530067,179.9687701187701,143.0,1.0850462290822953,True,22
375682,0,0.051157536186072376,2473.0,18.88897379078475,209.7648851148851,24.0,0.1757469244288225,True,22
146319,0,0.05074197120708748,2481.0,18.95010315580347,2.4285714285714284,4225.0,32.27630472988462,True,22
102156,0,0.05074197120708748,2481.0,18.95010315580347,2.4285714285714284,4225.0,32.27630472988462,True,22
190185,0,0.05074197120708748,2481.0,18.95010315580347,2.4285714285714284,4225.0,32.27630472988462,True,22
262096,1,0.05074197120708748,2481.0,18.95010315580347,2.4285714285714284,4225.0,32.27630472988462,True,22
101303,0,0.05074197120708748,2481.0,18.95010315580347,2.4285714285714284,4225.0,32.27630472988462,True,22
146945,0,0.050625557938261526,2485.0,18.98066783831283,19.579279054279056,1457.0,11.125544433407198,True,22
376793,0,0.05056690947079469,2487.0,18.995950179567508,183.01797646797647,125.0,0.9475051577901734,True,22
3427,0,0.050485525005771484,2488.0,19.00359135019485,6.9714285714285715,2750.0,21.005578054557958,True,22
388882,0,0.04983453078691174,2525.5,19.290135248720105,193.72988122988122,104.5,0.7908611599297012,True,22
15339,0,0.04983453078691174,2525.5,19.290135248720105,193.72988122988122,104.5,0.7908611599297012,True,22
162263,0,0.04983453078691174,2525.5,19.290135248720105,193.72988122988122,104.5,0.7908611599297012,True,22
370384,0,0.04983453078691174,2525.5,19.290135248720105,193.72988122988122,104.5,0.7908611599297012,True,22
255592,0,0.04983453078691174,2525.5,19.290135248720105,193.72988122988122,104.5,0.7908611599297012,True,22
322922,0,0.04983453078691174,2525.5,19.290135248720105,193.72988122988122,104.5,0.7908611599297012,True,22
175729,0,0.04983453078691174,2525.5,19.290135248720105,193.72988122988122,104.5,0.7908611599297012,True,22
52111,0,0.04983453078691174,2525.5,19.290135248720105,193.72988122988122,104.5,0.7908611599297012,True,22
187461,0,0.04983453078691174,2525.5,19.290135248720105,193.72988122988122,104.5,0.7908611599297012,True,22
71961,0,0.04983453078691174,2525.5,19.290135248720105,193.72988122988122,104.5,0.7908611599297012,True,22
103490,0,0.04983453078691174,2525.5,19.290135248720105,193.72988122988122,104.5,0.7908611599297012,True,22
175539,0,0.04983453078691174,2525.5,19.290135248720105,193.72988122988122,104.5,0.7908611599297012,True,22
366157,0,0.04983453078691174,2525.5,19.290135248720105,193.72988122988122,104.5,0.7908611599297012,True,22
389297,0,0.04983453078691174,2525.5,19.290135248720105,193.72988122988122,104.5,0.7908611599297012,True,22
350824,0,0.04983453078691174,2525.5,19.290135248720105,193.72988122988122,104.5,0.7908611599297012,True,22
352697,0,0.04983453078691174,2525.5,19.290135248720105,193.72988122988122,104.5,0.7908611599297012,True,22
143190,0,0.04966594980099072,2536.0,19.370367540307175,7.993650793650794,2560.0,19.553755635363338,True,22
123180,0,0.049431273946360155,2550.5,19.481164514403606,8.15515873015873,2480.5,18.9462825704898,True,22
257951,0,0.049431273946360155,2550.5,19.481164514403606,8.15515873015873,2480.5,18.9462825704898,True,22
298719,0,0.04890052094659722,2555.0,19.515549782226636,199.6195138195138,60.0,0.4508290670130664,True,22
302930,0,0.048662267031182496,2560.5,19.557576220677007,208.44821844821843,28.5,0.21013219225185298,True,22
99209,0,0.048662267031182496,2560.5,19.557576220677007,208.44821844821843,28.5,0.21013219225185298,True,22
20632,0,0.04813130445133246,2572.0,19.645449682891417,181.14654789654787,135.0,1.0239168640635745,True,22
368799,0,0.04813130445133246,2572.0,19.645449682891417,181.14654789654787,135.0,1.0239168640635745,True,22
287095,0,0.04813130445133246,2572.0,19.645449682891417,181.14654789654787,135.0,1.0239168640635745,True,22
200834,0,0.04813130445133246,2572.0,19.645449682891417,181.14654789654787,135.0,1.0239168640635745,True,22
65310,0,0.04813130445133246,2572.0,19.645449682891417,181.14654789654787,135.0,1.0239168640635745,True,22
73725,0,0.04813130445133246,2572.0,19.645449682891417,181.14654789654787,135.0,1.0239168640635745,True,22
306775,0,0.04813130445133246,2572.0,19.645449682891417,181.14654789654787,135.0,1.0239168640635745,True,22
312226,0,0.04813130445133246,2572.0,19.645449682891417,181.14654789654787,135.0,1.0239168640635745,True,22
360383,0,0.04813130445133246,2572.0,19.645449682891417,181.14654789654787,135.0,1.0239168640635745,True,22
189654,0,0.0481044034470283,2578.0,19.69129670665546,169.94654789654788,220.0,1.6734163673874838,True,22
317222,0,0.0481044034470283,2578.0,19.69129670665546,169.94654789654788,220.0,1.6734163673874838,True,22
131548,0,0.0481044034470283,2578.0,19.69129670665546,169.94654789654788,220.0,1.6734163673874838,True,22
280350,0,0.047756462079288374,2597.0,19.83647894857492,204.58274225774224,52.0,0.38969970199434556,True,22
21824,0,0.047756462079288374,2597.0,19.83647894857492,204.58274225774224,52.0,0.38969970199434556,True,22
51798,0,0.047756462079288374,2597.0,19.83647894857492,204.58274225774224,52.0,0.38969970199434556,True,22
225235,0,0.04761659856897952,2607.0,19.912890654848322,171.47988122988122,198.0,1.5053106135860013,True,22
84148,0,0.047354252889967176,2622.0,20.027508214258425,179.12988122988122,144.0,1.0926873997096356,True,22
306650,0,0.04723271589696126,2624.5,20.046611140826776,177.10488122988122,166.5,1.264613738824788,True,22
105493,0,0.04723271589696126,2624.5,20.046611140826776,177.10488122988122,166.5,1.264613738824788,True,22
15298,0,0.047189630896515164,2626.0,20.058072896767786,196.49067876567875,75.0,0.565446626423168,True,22
116489,0,0.046762589928057555,2633.5,20.115381676472836,6.5,2850.5,21.77351570260564,True,22
43230,0,0.046762589928057555,2633.5,20.115381676472836,6.5,2850.5,21.77351570260564,True,22
69343,0,0.04674577148019002,2643.5,20.191793382746237,207.5148851148851,38.5,0.2865438985252541,True,22
83246,0,0.04674577148019002,2643.5,20.191793382746237,207.5148851148851,38.5,0.2865438985252541,True,22
305232,0,0.04674577148019002,2643.5,20.191793382746237,207.5148851148851,38.5,0.2865438985252541,True,22
21538,0,0.04674577148019002,2643.5,20.191793382746237,207.5148851148851,38.5,0.2865438985252541,True,22
35480,0,0.04674577148019002,2643.5,20.191793382746237,207.5148851148851,38.5,0.2865438985252541,True,22
388824,0,0.04674577148019002,2643.5,20.191793382746237,207.5148851148851,38.5,0.2865438985252541,True,22
89476,0,0.04674577148019002,2643.5,20.191793382746237,207.5148851148851,38.5,0.2865438985252541,True,22
95706,0,0.04674577148019002,2643.5,20.191793382746237,207.5148851148851,38.5,0.2865438985252541,True,22
59535,0,0.04674577148019002,2643.5,20.191793382746237,207.5148851148851,38.5,0.2865438985252541,True,22
36135,0,0.04674577148019002,2643.5,20.191793382746237,207.5148851148851,38.5,0.2865438985252541,True,22
196538,0,0.04674577148019002,2643.5,20.191793382746237,207.5148851148851,38.5,0.2865438985252541,True,22
195711,0,0.04674577148019002,2643.5,20.191793382746237,207.5148851148851,38.5,0.2865438985252541,True,22
341362,0,0.04674577148019002,2643.5,20.191793382746237,207.5148851148851,38.5,0.2865438985252541,True,22
34388,0,0.04674577148019002,2643.5,20.191793382746237,207.5148851148851,38.5,0.2865438985252541,True,22
58973,0,0.04674577148019002,2643.5,20.191793382746237,207.5148851148851,38.5,0.2865438985252541,True,22
263451,0,0.04674577148019002,2643.5,20.191793382746237,207.5148851148851,38.5,0.2865438985252541,True,22
63970,0,0.04674577148019002,2643.5,20.191793382746237,207.5148851148851,38.5,0.2865438985252541,True,22
396784,0,0.04674577148019002,2643.5,20.191793382746237,207.5148851148851,38.5,0.2865438985252541,True,22
40480,0,0.04671569766807862,2653.0,20.26438450370597,169.61321456321454,223.0,1.6963398792695041,True,22
214932,0,0.04537793636742933,2708.0,20.684648888209672,201.75186202686203,54.0,0.40498204324902576,True,22
192662,0,0.044283265235646185,2735.5,20.894781080461527,171.22988122988122,200.5,1.5244135401543517,True,22
127173,0,0.044283265235646185,2735.5,20.894781080461527,171.22988122988122,200.5,1.5244135401543517,True,22
395135,0,0.04215186838359189,2781.0,21.242454344005502,205.9993228993229,50.0,0.3744173607396653,True,22
153202,0,0.04047619047619047,2854.5,21.804080385115,4.0,3553.5,27.145258653625735,True,22
183150,0,0.04047619047619047,2854.5,21.804080385115,4.0,3553.5,27.145258653625735,True,22
21134,0,0.04047619047619047,2854.5,21.804080385115,4.0,3553.5,27.145258653625735,True,22
92863,0,0.04047619047619047,2854.5,21.804080385115,4.0,3553.5,27.145258653625735,True,22
316203,0,0.040447648797290014,2859.0,21.83846565293803,172.02988122988123,189.0,1.4365400779399404,True,22
354347,0,0.040447648797290014,2859.0,21.83846565293803,172.02988122988123,189.0,1.4365400779399404,True,22
7937,0,0.040447648797290014,2859.0,21.83846565293803,172.02988122988123,189.0,1.4365400779399404,True,22
246173,0,0.03983882079120174,2879.0,21.991289065484832,170.4298812298812,208.0,1.5817223198594024,True,22
250243,0,0.03983882079120174,2879.0,21.991289065484832,170.4298812298812,208.0,1.5817223198594024,True,22
300854,0,0.03983882079120174,2879.0,21.991289065484832,170.4298812298812,208.0,1.5817223198594024,True,22
276708,0,0.03983882079120174,2879.0,21.991289065484832,170.4298812298812,208.0,1.5817223198594024,True,22
374338,0,0.03983882079120174,2879.0,21.991289065484832,170.4298812298812,208.0,1.5817223198594024,True,22
78258,0,0.039629177185331724,2892.5,22.094444868953925,171.02988122988123,202.5,1.5396958814090318,True,22
204024,0,0.039629177185331724,2892.5,22.094444868953925,171.02988122988123,202.5,1.5396958814090318,True,22
193302,0,0.038831839313205774,2923.0,22.327500573087796,180.06003996003994,141.0,1.0697638878276152,True,22
348036,0,0.038792617282110246,2924.0,22.335141743715138,194.93274225774223,86.0,0.6494995033239093,True,22
303713,0,0.03875115348452617,2926.5,22.35424467028349,184.04023476523474,122.5,0.9284022312218232,True,22
107588,0,0.03875115348452617,2926.5,22.35424467028349,184.04023476523474,122.5,0.9284022312218232,True,22
210560,0,0.03875115348452617,2926.5,22.35424467028349,184.04023476523474,122.5,0.9284022312218232,True,22
73793,0,0.03875115348452617,2926.5,22.35424467028349,184.04023476523474,122.5,0.9284022312218232,True,22
331119,0,0.03715478484264611,2966.0,22.656070910063423,3.916666666666666,3597.0,27.47764957591503,True,22
290891,0,0.03706841112424035,2967.5,22.667532666004433,176.02988122988123,169.5,1.2875372507068084,True,22
226448,0,0.03706841112424035,2967.5,22.667532666004433,176.02988122988123,169.5,1.2875372507068084,True,22
103622,0,0.03616351877384307,3009.0,22.984641247039047,174.19456376956376,178.0,1.3524872010391993,True,22
267322,0,0.03610425288996717,3021.0,23.076335294567127,178.6798812298812,154.0,1.1690991059830367,True,22
127950,0,0.03610425288996717,3021.0,23.076335294567127,178.6798812298812,154.0,1.1690991059830367,True,22
157354,0,0.03610425288996717,3021.0,23.076335294567127,178.6798812298812,154.0,1.1690991059830367,True,22
350926,0,0.03610425288996717,3021.0,23.076335294567127,178.6798812298812,154.0,1.1690991059830367,True,22
305217,0,0.03610425288996717,3021.0,23.076335294567127,178.6798812298812,154.0,1.1690991059830367,True,22
297408,0,0.03610425288996717,3021.0,23.076335294567127,178.6798812298812,154.0,1.1690991059830367,True,22
324995,0,0.03610425288996717,3021.0,23.076335294567127,178.6798812298812,154.0,1.1690991059830367,True,22
281742,0,0.03610425288996717,3021.0,23.076335294567127,178.6798812298812,154.0,1.1690991059830367,True,22
41543,0,0.03610425288996717,3021.0,23.076335294567127,178.6798812298812,154.0,1.1690991059830367,True,22
25982,0,0.03610425288996717,3021.0,23.076335294567127,178.6798812298812,154.0,1.1690991059830367,True,22
187620,0,0.03610425288996717,3021.0,23.076335294567127,178.6798812298812,154.0,1.1690991059830367,True,22
38191,0,0.03610425288996717,3021.0,23.076335294567127,178.6798812298812,154.0,1.1690991059830367,True,22
283039,0,0.03610425288996717,3021.0,23.076335294567127,178.6798812298812,154.0,1.1690991059830367,True,22
280912,0,0.03610425288996717,3021.0,23.076335294567127,178.6798812298812,154.0,1.1690991059830367,True,22
11056,0,0.03610425288996717,3021.0,23.076335294567127,178.6798812298812,154.0,1.1690991059830367,True,22
55498,0,0.03610425288996717,3021.0,23.076335294567127,178.6798812298812,154.0,1.1690991059830367,True,22
140475,0,0.03610425288996717,3021.0,23.076335294567127,178.6798812298812,154.0,1.1690991059830367,True,22
284890,0,0.03610425288996717,3021.0,23.076335294567127,178.6798812298812,154.0,1.1690991059830367,True,22
381877,0,0.03610425288996717,3021.0,23.076335294567127,178.6798812298812,154.0,1.1690991059830367,True,22
163217,0,0.03597755529701455,3032.0,23.16038817146787,6.546825396825397,2824.0,21.571024680981125,True,22
39491,0,0.035167882648502805,3065.0,23.41254680217009,175.49892884892884,176.0,1.337204859784519,True,22
190169,0,0.035093562290868824,3070.0,23.450752655306793,181.61202408702408,129.0,0.9780698402995339,True,22
355021,0,0.035093562290868824,3070.0,23.450752655306793,181.61202408702408,129.0,0.9780698402995339,True,22
265327,0,0.035093562290868824,3070.0,23.450752655306793,181.61202408702408,129.0,0.9780698402995339,True,22
49456,0,0.033987208507454986,3100.0,23.679987774126996,6.571428571428571,2823.0,21.563383510353788,True,22
309144,0,0.03372572717810813,3106.0,23.725834797891036,175.849000999001,174.0,1.3219225185298387,True,22
244050,0,0.03372572717810813,3106.0,23.725834797891036,175.849000999001,174.0,1.3219225185298387,True,22
309941,0,0.03372572717810813,3106.0,23.725834797891036,175.849000999001,174.0,1.3219225185298387,True,22
248848,0,0.033493296393410185,3119.5,23.82899060136013,2.6666666666666665,4141.0,31.63444639718805,True,22
270059,0,0.033493296393410185,3119.5,23.82899060136013,2.6666666666666665,4141.0,31.63444639718805,True,22
318935,0,0.03304869733441162,3157.5,24.119355085199054,169.52988122988123,224.5,1.7078016352105143,True,22
73518,0,0.03304869733441162,3157.5,24.119355085199054,169.52988122988123,224.5,1.7078016352105143,True,22
352823,0,0.033030947629619764,3160.0,24.1384580117674,174.5965478965479,177.0,1.344846030411859,True,22
343125,0,0.032818532818532815,3164.0,24.169022694276762,0.6666666666666666,5648.0,43.149690532589595,True,22
361852,0,0.03222933407409019,3192.0,24.382975471842286,195.9494089244089,76.0,0.5730877970505082,True,22
232073,0,0.03204228182052425,3194.0,24.398257813096965,185.87582695082693,114.0,0.8634522808894323,True,22
136287,0,0.03196812350673055,3198.0,24.428822495606326,5.738888888888889,3034.0,23.17567051272255,True,22
301742,0,0.029346803847571896,3292.0,25.1470925345763,172.69654789654788,185.0,1.40597539543058,True,22
221980,0,0.02926880775830072,3299.0,25.20058072896768,194.59940892440892,91.0,0.6877053564606098,True,22
78738,0,0.02926880775830072,3299.0,25.20058072896768,194.59940892440892,91.0,0.6877053564606098,True,22
236714,0,0.02926880775830072,3299.0,25.20058072896768,194.59940892440892,91.0,0.6877053564606098,True,22
388933,0,0.02926880775830072,3299.0,25.20058072896768,194.59940892440892,91.0,0.6877053564606098,True,22
354242,0,0.02926880775830072,3299.0,25.20058072896768,194.59940892440892,91.0,0.6877053564606098,True,22
226695,0,0.02926880775830072,3299.0,25.20058072896768,194.59940892440892,91.0,0.6877053564606098,True,22
384322,0,0.02926880775830072,3299.0,25.20058072896768,194.59940892440892,91.0,0.6877053564606098,True,22
159585,0,0.02926880775830072,3299.0,25.20058072896768,194.59940892440892,91.0,0.6877053564606098,True,22
324756,0,0.02926880775830072,3299.0,25.20058072896768,194.59940892440892,91.0,0.6877053564606098,True,22
105353,0,0.026893732846113797,3384.5,25.853900817605258,175.90488122988123,171.5,1.3028195919614884,True,22
202343,0,0.026893732846113797,3384.5,25.853900817605258,175.90488122988123,171.5,1.3028195919614884,True,22
347197,0,0.026634898837846314,3404.0,26.00290364483839,6.988492063492063,2748.0,20.99029571330328,True,22
161406,0,0.02532598188848189,3464.0,26.461373882478796,4.48968253968254,3426.0,26.17100939863987,True,22
66590,0,0.02511415525114155,3470.0,26.507220906242836,1.8333333333333333,4579.0,34.981279131963014,True,22
365414,0,0.02389011199041235,3534.0,26.996255826392602,170.70607170607167,204.0,1.551157637350042,True,22
332281,0,0.02368937482478273,3563.0,27.217849774585467,2.333333333333333,4264.0,32.57431038435088,True,22
220497,0,0.021687886301293462,3621.0,27.661037670971194,3.825,3611.0,27.584625964697793,True,22
386902,0,0.021578700205499762,3625.5,27.695422938794223,170.22988122988122,212.5,1.616107587682433,True,22
137546,0,0.021578700205499762,3625.5,27.695422938794223,170.22988122988122,212.5,1.616107587682433,True,22
239984,0,0.021578700205499762,3625.5,27.695422938794223,170.22988122988122,212.5,1.616107587682433,True,22
193750,0,0.021578700205499762,3625.5,27.695422938794223,170.22988122988122,212.5,1.616107587682433,True,22
319539,0,0.02006184350921542,3752.0,28.662031023152746,176.59713429845007,168.0,1.2760754947657982,True,22
7231,0,0.019233767224838653,3801.0,29.036448383892413,4.256349206349206,3483.0,26.606556124398256,True,22
22998,0,0.019144061405966167,3821.0,29.189271796439215,169.27392884892885,227.0,1.7269045617788645,True,22
275548,0,0.01861517639676353,3859.0,29.47963628027814,27.92786102786103,1084.0,8.275387789409338,True,22
216328,0,0.01761659856897952,3953.5,30.201726904561777,168.69654789654788,236.5,1.7994956827385955,True,22
383765,0,0.01761659856897952,3953.5,30.201726904561777,168.69654789654788,236.5,1.7994956827385955,True,22
94428,0,0.01761659856897952,3953.5,30.201726904561777,168.69654789654788,236.5,1.7994956827385955,True,22
199881,0,0.01761659856897952,3953.5,30.201726904561777,168.69654789654788,236.5,1.7994956827385955,True,22
317134,0,0.01761659856897952,3953.5,30.201726904561777,168.69654789654788,236.5,1.7994956827385955,True,22
319036,0,0.01761659856897952,3953.5,30.201726904561777,168.69654789654788,236.5,1.7994956827385955,True,22
102985,0,0.01761659856897952,3953.5,30.201726904561777,168.69654789654788,236.5,1.7994956827385955,True,22
25491,0,0.01761659856897952,3953.5,30.201726904561777,168.69654789654788,236.5,1.7994956827385955,True,22
290432,0,0.01761659856897952,3953.5,30.201726904561777,168.69654789654788,236.5,1.7994956827385955,True,22
324965,0,0.01761659856897952,3953.5,30.201726904561777,168.69654789654788,236.5,1.7994956827385955,True,22
58282,0,0.01761659856897952,3953.5,30.201726904561777,168.69654789654788,236.5,1.7994956827385955,True,22
11157,0,0.01761659856897952,3953.5,30.201726904561777,168.69654789654788,236.5,1.7994956827385955,True,22
142520,0,0.01761659856897952,3953.5,30.201726904561777,168.69654789654788,236.5,1.7994956827385955,True,22
67536,0,0.01761659856897952,3953.5,30.201726904561777,168.69654789654788,236.5,1.7994956827385955,True,22
10465,0,0.01761659856897952,3953.5,30.201726904561777,168.69654789654788,236.5,1.7994956827385955,True,22
22188,0,0.01761659856897952,3953.5,30.201726904561777,168.69654789654788,236.5,1.7994956827385955,True,22
182531,0,0.01761659856897952,3953.5,30.201726904561777,168.69654789654788,236.5,1.7994956827385955,True,22
293780,0,0.01761659856897952,3953.5,30.201726904561777,168.69654789654788,236.5,1.7994956827385955,True,22
9000,0,0.01706553293601771,3985.0,30.442423779322993,4.8694444444444445,3296.0,25.177657217085656,True,22
365618,0,0.015854978354978354,4076.0,31.137770306410943,1.3318181818181818,4850.0,37.052036371972186,True,22
221643,0,0.013343473451327434,4303.0,32.87231603881715,1.5,4714.0,36.01283716665393,True,22
4966,0,0.013123167155425221,4325.0,33.04042179261863,0.40681818181818186,5929.0,45.296859478872165,True,22
106592,0,0.011494252873563218,4496.0,34.34706196989379,1.3333333333333333,4824.5,36.85718652097501,True,22
379172,0,0.008955083470169677,4879.0,37.27363032016505,4.15515873015873,3503.0,26.759379536945058,True,22
399656,0,0.0,9628.0,73.56154962940323,0.0,9628.0,73.56154962940323,True,22
273282,0,0.0,9628.0,73.56154962940323,0.0,9628.0,73.56154962940323,True,22
184376,0,0.0,9628.0,73.56154962940323,0.0,9628.0,73.56154962940323,True,22
334155,0,0.0,9628.0,73.56154962940323,0.0,9628.0,73.56154962940323,True,22
31143,0,0.0,9628.0,73.56154962940323,0.0,9628.0,73.56154962940323,True,22
200479,0,0.2958257713248638,54.0,0.8075575194270913,13.0,1000.5,15.229315861648637,True,23
61650,0,0.25752248700803676,83.0,1.2494286149626694,8.523336824591171,1259.0,19.168063385646807,True,23
76266,1,0.25480769230769235,84.0,1.2646655492914824,17.999999999999996,799.5,12.166692061557214,True,23
127781,0,0.2505202477942852,92.0,1.386561023921987,10.947065021293211,1092.5,16.631113819899436,True,23
287315,0,0.23857735725013876,108.0,1.6303519731829956,14.490738616238788,927.0,14.109401188480877,True,23
391312,0,0.22401643140974548,125.0,1.8893798567728173,38.26764001056374,485.0,7.374676215145513,True,23
32,1,0.22291648463878447,128.5,1.942709126923663,49.98068971380448,414.5,6.300472344964193,True,23
57450,0,0.22291648463878447,128.5,1.942709126923663,49.98068971380448,414.5,6.300472344964193,True,23
359000,0,0.2185781766337414,135.0,2.0417492000609476,9.715677154641362,1205.0,18.345268931890903,True,23
318721,0,0.21263200311115654,150.0,2.2703032149931435,49.50507637484754,416.0,6.323327746457413,True,23
132334,0,0.20836774656978577,155.0,2.3464878866372088,21.996869335237772,737.0,11.2143836660064,True,23
384462,0,0.20540632794416885,167.0,2.529331098582965,19.973532510646606,769.0,11.701965564528416,True,23
315715,0,0.20187818160178087,178.0,2.6969373761999087,34.215820183130184,538.0,8.182233734572604,True,23
288304,0,0.20042404473401362,180.0,2.7274112448575347,36.658661454623726,509.0,7.740362639037026,True,23
114694,0,0.19999999999999998,185.5,2.811214383666006,10.0,1176.0,17.903397836355325,True,23
5634,0,0.19999999999999998,185.5,2.811214383666006,10.0,1176.0,17.903397836355325,True,23
42938,0,0.19608955775783343,197.0,2.9864391284473566,22.973532510646603,702.0,10.681090964497942,True,23
11365,0,0.19608955775783343,197.0,2.9864391284473566,22.973532510646603,702.0,10.681090964497942,True,23
372379,0,0.19608955775783343,197.0,2.9864391284473566,22.973532510646603,702.0,10.681090964497942,True,23
348400,0,0.17136675288943234,252.0,3.824470516532074,14.113323766371513,939.0,14.292244400426634,True,23
347976,0,0.16642372750235526,266.0,4.037787597135456,9.685297903704829,1206.0,18.360505866219718,True,23
129581,0,0.15789473684210523,311.0,4.723449641932043,8.999999999999998,1233.0,18.77190309309767,True,23
15964,0,0.15574388058142558,315.0,4.784397379247295,16.332498655250014,854.0,12.997104982477525,True,23
83530,0,0.15408834983343064,318.0,4.830108182233735,150.62605706010658,192.0,2.9102544568032913,True,23
65259,0,0.15225905846929502,325.5,4.944385189699832,14.000000000000002,943.5,14.360810604906293,True,23
90351,0,0.15225905846929502,325.5,4.944385189699832,14.000000000000002,943.5,14.360810604906293,True,23
127224,0,0.1348806671785091,383.0,5.820508913606583,4.720124072739485,1676.0,25.521865000761846,True,23
245462,0,0.13445078985166642,385.0,5.850982782264208,13.380520686427712,988.0,15.038854182538474,True,23
221247,1,0.12115291751124087,437.0,6.643303367362487,14.047187353094376,942.0,14.337955203413074,True,23
191784,0,0.11525765752785673,471.5,7.168977601706537,24.079244308656627,671.5,10.216364467469145,True,23
331414,0,0.11525765752785673,471.5,7.168977601706537,24.079244308656627,671.5,10.216364467469145,True,23
97033,0,0.10800385728061715,522.5,7.946061252476002,6.0,1478.0,22.504952003656864,True,23
351044,0,0.10800385728061715,522.5,7.946061252476002,6.0,1478.0,22.504952003656864,True,23
364249,0,0.10731651807732608,524.0,7.968916653969221,7.602987659699084,1330.0,20.249885722992534,True,23
223121,0,0.10262526094435204,544.0,8.273655340545483,4.895694322821032,1658.0,25.24760018284321,True,23
136024,0,0.10262526094435204,544.0,8.273655340545483,4.895694322821032,1658.0,25.24760018284321,True,23
82954,0,0.10262526094435204,544.0,8.273655340545483,4.895694322821032,1658.0,25.24760018284321,True,23
259391,0,0.10259238579503702,546.0,8.304129209203108,4.391376620126823,1707.0,25.99420996495505,True,23
114194,0,0.10139124462568119,551.0,8.380313880847174,20.154002662331973,764.0,11.625780892884352,True,23
8453,0,0.10050058407774738,563.0,8.56315709279293,174.66938812571956,156.0,2.3617248209660215,True,23
74808,0,0.09984383080014841,587.5,8.936461983848849,12.33352874283309,1018.5,15.503580679567271,True,23
52123,0,0.09984383080014841,587.5,8.936461983848849,12.33352874283309,1018.5,15.503580679567271,True,23
331026,0,0.09456258476650717,627.0,9.538320889836966,12.416113138476971,1013.0,15.4197775407588,True,23
116583,0,0.093191404270032,635.0,9.66021636446747,9.351964570371495,1218.0,18.543349078165473,True,23
164693,0,0.09098345106542416,653.0,9.934481182386104,158.60061892055325,163.0,2.468383361267713,True,23
249438,0,0.089180234546934,672.0,10.223982934633552,248.1081078396219,73.0,1.097059271674539,True,23
326044,0,0.08853056811037369,675.0,10.26969373761999,5.067731184160779,1605.0,24.440042663416122,True,23
237908,0,0.08574880173306838,698.0,10.620143227182691,119.91549637803463,242.0,3.6721011732439433,True,23
374218,0,0.0841821800632597,708.0,10.772512570470822,6.447065021293211,1426.0,21.712631418558587,True,23
25055,0,0.08048107510132754,764.0,11.625780892884352,172.8534418369791,157.0,2.3769617552948348,True,23
244984,0,0.08029409806052257,765.0,11.641017827213165,198.78880911468877,138.0,2.087460003047387,True,23
176932,0,0.07930498854992828,779.0,11.854334907816547,209.52353187053941,135.0,2.0417492000609476,True,23
93193,0,0.07930498854992828,779.0,11.854334907816547,209.52353187053941,135.0,2.0417492000609476,True,23
288288,0,0.07930498854992828,779.0,11.854334907816547,209.52353187053941,135.0,2.0417492000609476,True,23
195409,0,0.07805662959458771,816.0,12.41810147798263,250.0169219840757,68.0,1.0208746000304738,True,23
90105,0,0.07503593341222994,852.0,12.966631113819899,5.4735325106466055,1568.0,23.876276093250038,True,23
25578,0,0.06714959938721321,918.0,13.97226877952156,192.34587012752556,146.0,2.2093554776778914,True,23
87308,0,0.06676715698530811,925.0,14.07892731982325,9.280634820957827,1223.0,18.619533749809538,True,23
355868,0,0.06551786596503845,940.5,14.315099801919853,6.866242628399601,1397.5,21.278378790187414,True,23
214438,0,0.06551786596503845,940.5,14.315099801919853,6.866242628399601,1397.5,21.278378790187414,True,23
309044,0,0.0651902938408144,948.0,14.429376809385952,260.7838483951615,36.0,0.5332927015084565,True,23
161512,0,0.0651902938408144,948.0,14.429376809385952,260.7838483951615,36.0,0.5332927015084565,True,23
192485,0,0.0651902938408144,948.0,14.429376809385952,260.7838483951615,36.0,0.5332927015084565,True,23
254773,0,0.0651902938408144,948.0,14.429376809385952,260.7838483951615,36.0,0.5332927015084565,True,23
319823,0,0.0651902938408144,948.0,14.429376809385952,260.7838483951615,36.0,0.5332927015084565,True,23
33276,0,0.0651902938408144,948.0,14.429376809385952,260.7838483951615,36.0,0.5332927015084565,True,23
271563,0,0.0651902938408144,948.0,14.429376809385952,260.7838483951615,36.0,0.5332927015084565,True,23
326779,0,0.06505999284789715,954.0,14.52079841535883,176.55516721156607,152.0,2.3007770836507695,True,23
223347,0,0.0644485449582901,966.0,14.703641627304586,2.6666666666666674,2019.0,30.74813347554472,True,23
306773,0,0.0634007916671242,973.0,14.810300167606277,4.722143038739484,1675.0,25.506628066433034,True,23
96669,0,0.063347381142985,974.0,14.82553710193509,156.65528108415654,164.0,2.483620295596526,True,23
304552,0,0.0625809079476074,989.0,15.054091116867287,246.60810783962194,76.0,1.1427700746609781,True,23
24745,0,0.06238388356984078,995.0,15.145512722840165,271.3539570302522,3.0,0.030473868657626087,True,23
29653,0,0.06238388356984078,995.0,15.145512722840165,271.3539570302522,3.0,0.030473868657626087,True,23
375637,0,0.06238388356984078,995.0,15.145512722840165,271.3539570302522,3.0,0.030473868657626087,True,23
389657,0,0.06238388356984078,995.0,15.145512722840165,271.3539570302522,3.0,0.030473868657626087,True,23
354962,0,0.06238388356984078,995.0,15.145512722840165,271.3539570302522,3.0,0.030473868657626087,True,23
348142,0,0.062129236764228914,998.5,15.19884199299101,246.1081078396219,87.5,1.317994819442328,True,23
98999,0,0.062129236764228914,998.5,15.19884199299101,246.1081078396219,87.5,1.317994819442328,True,23
387102,0,0.06082367945887881,1020.0,15.52643608106049,246.05457999010255,89.0,1.3408502209355477,True,23
36727,0,0.06002662953126003,1049.0,15.968307176596069,245.6081078396219,90.0,1.3560871552643607,True,23
16842,1,0.0575816149545138,1092.0,16.62349535273503,269.501434961766,19.0,0.2742648179186348,True,23
298952,0,0.0575816149545138,1092.0,16.62349535273503,269.501434961766,19.0,0.2742648179186348,True,23
79304,0,0.0575816149545138,1092.0,16.62349535273503,269.501434961766,19.0,0.2742648179186348,True,23
319317,0,0.0575816149545138,1092.0,16.62349535273503,269.501434961766,19.0,0.2742648179186348,True,23
316521,0,0.0575816149545138,1092.0,16.62349535273503,269.501434961766,19.0,0.2742648179186348,True,23
291461,0,0.0575816149545138,1092.0,16.62349535273503,269.501434961766,19.0,0.2742648179186348,True,23
232646,0,0.0575816149545138,1092.0,16.62349535273503,269.501434961766,19.0,0.2742648179186348,True,23
162571,0,0.0575816149545138,1092.0,16.62349535273503,269.501434961766,19.0,0.2742648179186348,True,23
248260,0,0.0575816149545138,1092.0,16.62349535273503,269.501434961766,19.0,0.2742648179186348,True,23
319224,0,0.0575816149545138,1092.0,16.62349535273503,269.501434961766,19.0,0.2742648179186348,True,23
150358,0,0.0575816149545138,1092.0,16.62349535273503,269.501434961766,19.0,0.2742648179186348,True,23
263177,0,0.0575816149545138,1092.0,16.62349535273503,269.501434961766,19.0,0.2742648179186348,True,23
375444,0,0.0575816149545138,1092.0,16.62349535273503,269.501434961766,19.0,0.2742648179186348,True,23
151546,0,0.0575816149545138,1092.0,16.62349535273503,269.501434961766,19.0,0.2742648179186348,True,23
70495,0,0.0575816149545138,1092.0,16.62349535273503,269.501434961766,19.0,0.2742648179186348,True,23
370304,0,0.0575816149545138,1092.0,16.62349535273503,269.501434961766,19.0,0.2742648179186348,True,23
278019,0,0.0575816149545138,1092.0,16.62349535273503,269.501434961766,19.0,0.2742648179186348,True,23
211583,0,0.0575816149545138,1092.0,16.62349535273503,269.501434961766,19.0,0.2742648179186348,True,23
137007,0,0.0575816149545138,1092.0,16.62349535273503,269.501434961766,19.0,0.2742648179186348,True,23
212301,0,0.0575816149545138,1092.0,16.62349535273503,269.501434961766,19.0,0.2742648179186348,True,23
336763,0,0.0575816149545138,1092.0,16.62349535273503,269.501434961766,19.0,0.2742648179186348,True,23
389656,0,0.0575816149545138,1092.0,16.62349535273503,269.501434961766,19.0,0.2742648179186348,True,23
92181,0,0.0575816149545138,1092.0,16.62349535273503,269.501434961766,19.0,0.2742648179186348,True,23
221022,0,0.0575816149545138,1092.0,16.62349535273503,269.501434961766,19.0,0.2742648179186348,True,23
55424,0,0.0575816149545138,1092.0,16.62349535273503,269.501434961766,19.0,0.2742648179186348,True,23
111284,0,0.0575816149545138,1092.0,16.62349535273503,269.501434961766,19.0,0.2742648179186348,True,23
87592,0,0.0575816149545138,1092.0,16.62349535273503,269.501434961766,19.0,0.2742648179186348,True,23
311122,0,0.05674213429380241,1118.0,17.019655645284168,128.63663670758027,233.0,3.534968764284626,True,23
109801,0,0.05555679459415348,1139.0,17.339631266189244,187.50800127631942,149.0,2.2550662806643302,True,23
353984,0,0.05551760891237908,1145.0,17.43105287216212,215.33166610296504,129.0,1.9503275940880695,True,23
161118,0,0.05519927775212774,1148.0,17.47676367514856,246.9212295732634,75.0,1.1275331403321651,True,23
157935,0,0.052586104982342986,1181.0,17.97958250799939,247.4745846512298,74.0,1.112296206003352,True,23
258036,0,0.05221599448992943,1187.5,18.078622581136674,248.50223788220833,70.5,1.0589669358525065,True,23
228742,0,0.05221599448992943,1187.5,18.078622581136674,248.50223788220833,70.5,1.0589669358525065,True,23
107957,0,0.05221599448992943,1187.5,18.078622581136674,248.50223788220833,70.5,1.0589669358525065,True,23
247895,0,0.05221599448992943,1187.5,18.078622581136674,248.50223788220833,70.5,1.0589669358525065,True,23
281338,0,0.05124497259274222,1209.5,18.41383513637056,258.48670274799474,47.5,0.7085174462898065,True,23
318548,0,0.05124497259274222,1209.5,18.41383513637056,258.48670274799474,47.5,0.7085174462898065,True,23
119109,0,0.05124497259274222,1209.5,18.41383513637056,258.48670274799474,47.5,0.7085174462898065,True,23
76903,0,0.05124497259274222,1209.5,18.41383513637056,258.48670274799474,47.5,0.7085174462898065,True,23
124728,0,0.05124497259274222,1209.5,18.41383513637056,258.48670274799474,47.5,0.7085174462898065,True,23
128477,0,0.05124497259274222,1209.5,18.41383513637056,258.48670274799474,47.5,0.7085174462898065,True,23
167783,0,0.05124497259274222,1209.5,18.41383513637056,258.48670274799474,47.5,0.7085174462898065,True,23
57515,0,0.05124497259274222,1209.5,18.41383513637056,258.48670274799474,47.5,0.7085174462898065,True,23
180191,0,0.05124497259274222,1209.5,18.41383513637056,258.48670274799474,47.5,0.7085174462898065,True,23
226893,0,0.05124497259274222,1209.5,18.41383513637056,258.48670274799474,47.5,0.7085174462898065,True,23
336198,0,0.05124497259274222,1209.5,18.41383513637056,258.48670274799474,47.5,0.7085174462898065,True,23
320807,0,0.05124497259274222,1209.5,18.41383513637056,258.48670274799474,47.5,0.7085174462898065,True,23
2514,0,0.05124497259274222,1209.5,18.41383513637056,258.48670274799474,47.5,0.7085174462898065,True,23
158998,0,0.05124497259274222,1209.5,18.41383513637056,258.48670274799474,47.5,0.7085174462898065,True,23
265826,0,0.05124497259274222,1209.5,18.41383513637056,258.48670274799474,47.5,0.7085174462898065,True,23
270934,0,0.05124497259274222,1209.5,18.41383513637056,258.48670274799474,47.5,0.7085174462898065,True,23
289198,0,0.05114885315232762,1219.0,18.558586012494285,5.3194807278420715,1590.0,24.211488648483925,True,23
323944,0,0.04662192672389359,1275.0,19.411854334907815,0.9470650212932111,2629.0,40.042663416120675,True,23
131651,0,0.04611308376585223,1279.0,19.472802072223068,3.6848805646631653,1802.0,27.44171872619229,True,23
19111,0,0.045803249788622886,1285.0,19.564223678195948,8.812827162885045,1243.0,18.9242724363858,True,23
140065,0,0.04574027659061315,1286.0,19.57946061252476,185.89097351474786,150.0,2.2703032149931435,True,23
250314,0,0.045218849338097146,1301.5,19.81563309462136,252.0255747067995,64.5,0.9675453298796283,True,23
118794,0,0.045218849338097146,1301.5,19.81563309462136,252.0255747067995,64.5,0.9675453298796283,True,23
223918,0,0.045218849338097146,1301.5,19.81563309462136,252.0255747067995,64.5,0.9675453298796283,True,23
126361,0,0.045218849338097146,1301.5,19.81563309462136,252.0255747067995,64.5,0.9675453298796283,True,23
256317,0,0.045218849338097146,1301.5,19.81563309462136,252.0255747067995,64.5,0.9675453298796283,True,23
207965,0,0.045218849338097146,1301.5,19.81563309462136,252.0255747067995,64.5,0.9675453298796283,True,23
282436,0,0.04492868498406354,1311.0,19.960383970745085,7.718433505146418,1324.0,20.158464117019655,True,23
80412,0,0.04482997192161921,1313.0,19.99085783940271,175.58748692933622,155.0,2.3464878866372088,True,23
323615,0,0.04391383355752843,1329.0,20.23464878866372,191.0139578095143,147.0,2.224592412006704,True,23
203042,0,0.04389842412220501,1330.0,20.249885722992534,22.597583200527392,716.0,10.894408045101326,True,23
121497,0,0.04357225073735937,1336.0,20.341307328965414,245.58164035026851,91.0,1.3713240895931738,True,23
134609,0,0.043519450390426,1337.0,20.356544263294225,4.526022840604303,1693.0,25.78089288435167,True,23
190109,0,0.04312824297521334,1340.0,20.402255066280663,188.193757109599,148.0,2.2398293463355174,True,23
242853,0,0.04282667247842388,1344.0,20.463202803595916,11.535055104367018,1056.0,16.07496571689776,True,23
263375,0,0.04071056710642532,1387.0,21.118390979734876,154.04728981867797,165.0,2.498857229925339,True,23
339135,0,0.04047619047619047,1394.0,21.225049520036567,4.0,1754.5,26.71796434557367,True,23
210647,0,0.04047619047619047,1394.0,21.225049520036567,4.0,1754.5,26.71796434557367,True,23
265622,0,0.04047619047619047,1394.0,21.225049520036567,4.0,1754.5,26.71796434557367,True,23
179224,0,0.039946989727030854,1409.0,21.453603534968764,7.316276783432719,1352.0,20.585098278226422,True,23
300094,0,0.039925637626569505,1411.0,21.48407740362639,214.64663767824644,131.0,1.9808014627456956,True,23
271152,0,0.039925637626569505,1411.0,21.48407740362639,214.64663767824644,131.0,1.9808014627456956,True,23
127461,0,0.039925637626569505,1411.0,21.48407740362639,214.64663767824644,131.0,1.9808014627456956,True,23
334537,0,0.03978590401773112,1418.5,21.598354411092487,255.67416756388582,58.5,0.87612372390675,True,23
295175,0,0.03978590401773112,1418.5,21.598354411092487,255.67416756388582,58.5,0.87612372390675,True,23
212298,0,0.03978590401773112,1418.5,21.598354411092487,255.67416756388582,58.5,0.87612372390675,True,23
74329,0,0.03978590401773112,1418.5,21.598354411092487,255.67416756388582,58.5,0.87612372390675,True,23
313282,0,0.03978590401773112,1418.5,21.598354411092487,255.67416756388582,58.5,0.87612372390675,True,23
101231,0,0.03978590401773112,1418.5,21.598354411092487,255.67416756388582,58.5,0.87612372390675,True,23
286846,0,0.03901392216195527,1430.0,21.77357915587384,10.841765620790499,1103.0,16.791101630351974,True,23
254897,0,0.0382214154933299,1443.0,21.971659302148407,7.4741807992059,1338.0,20.371781197623037,True,23
51070,0,0.037182659128867125,1460.0,22.23068718573823,200.90741361728485,137.0,2.0722230687185736,True,23
182459,0,0.03648179231846552,1480.0,22.53542587231449,213.3138695440102,133.0,2.0112753314033216,True,23
289685,0,0.03595127812290753,1489.0,22.67255828127381,118.89893877981295,251.0,3.8092335822032606,True,23
14675,0,0.035768472735223586,1492.5,22.725887551424652,6.622909665487293,1412.5,21.50693280511961,True,23
65261,0,0.035768472735223586,1492.5,22.725887551424652,6.622909665487293,1412.5,21.50693280511961,True,23
346092,0,0.03571748027980392,1496.5,22.786835288739905,195.45862270557032,141.5,2.1407892731982323,True,23
77376,0,0.03571748027980392,1496.5,22.786835288739905,195.45862270557032,141.5,2.1407892731982323,True,23
160791,0,0.03571748027980392,1496.5,22.786835288739905,195.45862270557032,141.5,2.1407892731982323,True,23
139335,0,0.03571748027980392,1496.5,22.786835288739905,195.45862270557032,141.5,2.1407892731982323,True,23
310063,0,0.03571748027980392,1496.5,22.786835288739905,195.45862270557032,141.5,2.1407892731982323,True,23
309222,0,0.03571748027980392,1496.5,22.786835288739905,195.45862270557032,141.5,2.1407892731982323,True,23
44219,0,0.03561181872026196,1500.0,22.840164558890752,7.605275241538681,1329.0,20.23464878866372,True,23
111711,0,0.03435673419760086,1527.0,23.251561785768704,7.527215093351317,1333.0,20.295596525978972,True,23
166046,0,0.033493296393410185,1540.5,23.45726039920768,2.6666666666666674,2019.0,30.74813347554472,True,23
366272,0,0.033493296393410185,1540.5,23.45726039920768,2.6666666666666674,2019.0,30.74813347554472,True,23
257920,0,0.033147049741023046,1553.0,23.64772207831784,138.82323631342348,207.0,3.1388084717354867,True,23
363842,0,0.03261458422917205,1562.0,23.78485448727716,122.13546661477586,241.0,3.6568642389151305,True,23
337982,0,0.03183086575995321,1577.0,24.013408502209355,177.40814624861432,151.0,2.2855401493219563,True,23
119591,0,0.03127613596859602,1585.0,24.13530397683986,9.26597460375227,1224.0,18.634770684138353,True,23
355842,0,0.030436189055645414,1611.5,24.539082736553407,246.50143496176597,81.5,1.22657321346945,True,23
382467,0,0.030436189055645414,1611.5,24.539082736553407,246.50143496176597,81.5,1.22657321346945,True,23
358123,0,0.030436189055645414,1611.5,24.539082736553407,246.50143496176597,81.5,1.22657321346945,True,23
290161,0,0.030436189055645414,1611.5,24.539082736553407,246.50143496176597,81.5,1.22657321346945,True,23
258573,0,0.030436189055645414,1611.5,24.539082736553407,246.50143496176597,81.5,1.22657321346945,True,23
158205,0,0.030436189055645414,1611.5,24.539082736553407,246.50143496176597,81.5,1.22657321346945,True,23
366243,0,0.030436189055645414,1611.5,24.539082736553407,246.50143496176597,81.5,1.22657321346945,True,23
174480,0,0.030436189055645414,1611.5,24.539082736553407,246.50143496176597,81.5,1.22657321346945,True,23
160723,0,0.030436189055645414,1611.5,24.539082736553407,246.50143496176597,81.5,1.22657321346945,True,23
191168,0,0.030436189055645414,1611.5,24.539082736553407,246.50143496176597,81.5,1.22657321346945,True,23
149630,0,0.027648522167333833,1688.0,25.704708212707605,176.121426126177,153.0,2.3160140179795827,True,23
202961,0,0.027157277001310313,1694.0,25.79612981868048,193.11769170417318,145.0,2.194118543349078,True,23
199160,0,0.02662995771131534,1701.0,25.90278835898217,1.94398691292602,2209.0,33.6431509980192,True,23
193260,0,0.025543870910570372,1741.0,26.512265732134694,244.6081078396219,110.0,1.6608258418406217,True,23
75262,0,0.025543870910570372,1741.0,26.512265732134694,244.6081078396219,110.0,1.6608258418406217,True,23
257148,0,0.025543870910570372,1741.0,26.512265732134694,244.6081078396219,110.0,1.6608258418406217,True,23
65871,0,0.025543870910570372,1741.0,26.512265732134694,244.6081078396219,110.0,1.6608258418406217,True,23
359708,0,0.025543870910570372,1741.0,26.512265732134694,244.6081078396219,110.0,1.6608258418406217,True,23
155727,0,0.025543870910570372,1741.0,26.512265732134694,244.6081078396219,110.0,1.6608258418406217,True,23
334233,0,0.025543870910570372,1741.0,26.512265732134694,244.6081078396219,110.0,1.6608258418406217,True,23
276477,0,0.025543870910570372,1741.0,26.512265732134694,244.6081078396219,110.0,1.6608258418406217,True,23
285477,0,0.025543870910570372,1741.0,26.512265732134694,244.6081078396219,110.0,1.6608258418406217,True,23
303404,0,0.025543870910570372,1741.0,26.512265732134694,244.6081078396219,110.0,1.6608258418406217,True,23
252042,0,0.025543870910570372,1741.0,26.512265732134694,244.6081078396219,110.0,1.6608258418406217,True,23
224365,0,0.025543870910570372,1741.0,26.512265732134694,244.6081078396219,110.0,1.6608258418406217,True,23
268672,0,0.025543870910570372,1741.0,26.512265732134694,244.6081078396219,110.0,1.6608258418406217,True,23
160818,0,0.025543870910570372,1741.0,26.512265732134694,244.6081078396219,110.0,1.6608258418406217,True,23
274888,0,0.025543870910570372,1741.0,26.512265732134694,244.6081078396219,110.0,1.6608258418406217,True,23
354561,0,0.025543870910570372,1741.0,26.512265732134694,244.6081078396219,110.0,1.6608258418406217,True,23
291008,0,0.025543870910570372,1741.0,26.512265732134694,244.6081078396219,110.0,1.6608258418406217,True,23
198689,0,0.025543870910570372,1741.0,26.512265732134694,244.6081078396219,110.0,1.6608258418406217,True,23
203046,0,0.025543870910570372,1741.0,26.512265732134694,244.6081078396219,110.0,1.6608258418406217,True,23
214469,0,0.025543870910570372,1741.0,26.512265732134694,244.6081078396219,110.0,1.6608258418406217,True,23
338019,0,0.025543870910570372,1741.0,26.512265732134694,244.6081078396219,110.0,1.6608258418406217,True,23
237488,0,0.025543870910570372,1741.0,26.512265732134694,244.6081078396219,110.0,1.6608258418406217,True,23
78168,0,0.025543870910570372,1741.0,26.512265732134694,244.6081078396219,110.0,1.6608258418406217,True,23
94862,0,0.025543870910570372,1741.0,26.512265732134694,244.6081078396219,110.0,1.6608258418406217,True,23
245562,0,0.025543870910570372,1741.0,26.512265732134694,244.6081078396219,110.0,1.6608258418406217,True,23
145627,0,0.025543870910570372,1741.0,26.512265732134694,244.6081078396219,110.0,1.6608258418406217,True,23
274665,0,0.025543870910570372,1741.0,26.512265732134694,244.6081078396219,110.0,1.6608258418406217,True,23
363231,0,0.025543870910570372,1741.0,26.512265732134694,244.6081078396219,110.0,1.6608258418406217,True,23
123597,0,0.025543870910570372,1741.0,26.512265732134694,244.6081078396219,110.0,1.6608258418406217,True,23
225905,0,0.025543870910570372,1741.0,26.512265732134694,244.6081078396219,110.0,1.6608258418406217,True,23
194124,0,0.025543870910570372,1741.0,26.512265732134694,244.6081078396219,110.0,1.6608258418406217,True,23
192941,0,0.025543870910570372,1741.0,26.512265732134694,244.6081078396219,110.0,1.6608258418406217,True,23
358448,0,0.025543870910570372,1741.0,26.512265732134694,244.6081078396219,110.0,1.6608258418406217,True,23
93634,0,0.025543870910570372,1741.0,26.512265732134694,244.6081078396219,110.0,1.6608258418406217,True,23
47843,0,0.025543870910570372,1741.0,26.512265732134694,244.6081078396219,110.0,1.6608258418406217,True,23
245242,0,0.025543870910570372,1741.0,26.512265732134694,244.6081078396219,110.0,1.6608258418406217,True,23
350756,0,0.025543870910570372,1741.0,26.512265732134694,244.6081078396219,110.0,1.6608258418406217,True,23
165391,0,0.023689374824782734,1813.0,27.609325003809232,2.333333333333334,2084.0,31.738534206917567,True,23
99151,0,0.0226524819015438,1844.0,28.081669968002437,172.7239869523373,158.0,2.3921986896236476,True,23
104109,0,0.02008217370069407,1907.0,29.04159683071766,139.07107620611708,206.0,3.123571537406674,True,23
308400,0,0.019309839266283626,1933.0,29.4377571232668,3.3406021930670677,1843.0,28.066433033673626,True,23
45351,0,0.017578200849412463,1997.0,30.41292092031083,7.012372778604361,1375.0,20.93554776778912,True,23
101361,0,0.017046437213737695,2012.5,30.649093402407434,2.6658319885833457,2022.5,30.801462745695567,True,23
116612,0,0.017046437213737695,2012.5,30.649093402407434,2.6658319885833457,2022.5,30.801462745695567,True,23
370404,0,0.012857392701506933,2210.0,33.65838793234801,2.742932784893371,2005.0,30.534816394941338,True,23
186562,0,0.0,4696.0,71.53740667377724,0.0,4696.0,71.53740667377724,True,23
182998,0,0.0,4696.0,71.53740667377724,0.0,4696.0,71.53740667377724,True,23
181743,0,0.40843134960883704,44.0,0.7120384169564498,15.489755623046188,561.0,9.273058453386323,True,25
8519,0,0.3258721603558064,114.0,1.8711707236297401,9.390733284242424,701.0,11.591323066732903,True,25
169615,1,0.26981246218995764,171.0,2.815035601920848,12.0,628.5,10.390793177678423,True,25
160171,0,0.2692307692307692,172.0,2.831594634873323,19.0,498.0,8.229839377380362,True,25
114162,0,0.253002251210748,191.0,3.1462162609703594,6.091803726500655,822.0,13.594966053982448,True,25
30060,0,0.24790887898697558,199.5,3.2869680410664017,10.816496580927724,650.5,10.755091902632886,True,25
392255,0,0.24790887898697558,199.5,3.2869680410664017,10.816496580927724,650.5,10.755091902632886,True,25
354426,0,0.23187538811659592,222.0,3.6595462824971023,7.529568634023507,761.0,12.584865043881438,True,25
158945,0,0.22935095461450622,227.0,3.7423414472594803,42.66250907312504,238.0,3.9244908097367115,True,25
184809,1,0.21836958954068883,250.0,4.123199205166419,47.208239495986504,219.0,3.6098691836396752,True,25
138842,0,0.21376330122305762,255.0,4.2059943699287965,22.11535507165041,443.0,7.319092564994205,True,25
150808,0,0.20136166048321782,282.0,4.653088259645637,20.794858672962924,478.0,7.898658718330849,True,25
363170,0,0.2,285.5,4.711044874979301,10.0,674.0,11.144229177016062,True,25
165117,0,0.2,285.5,4.711044874979301,10.0,674.0,11.144229177016062,True,25
149699,0,0.1957423012674997,294.0,4.8517966550753435,22.908248290463863,426.0,7.037589004802119,True,25
53225,0,0.17875404865678596,345.0,5.696307335651598,6.1101747260258605,817.0,13.51217088922007,True,25
132449,0,0.17128056150073803,371.0,6.126842192415963,41.351514226340335,245.0,4.040404040404041,True,25
217797,0,0.17084641427411412,373.0,6.159960258320914,41.34326542903448,246.0,4.056963073356516,True,25
1299,0,0.16968552060604736,375.0,6.193078324225866,33.67744523610495,293.0,4.835237622122868,True,25
1876,0,0.15160499546035638,435.0,7.1866203013744,39.61304074010891,254.0,4.18943533697632,True,25
295454,0,0.14057854282990648,481.0,7.948335817188276,11.598063270637116,635.0,10.498426891869515,True,25
106161,0,0.13556177226041183,490.0,8.097367113760557,8.438826836021292,734.0,12.137771154164597,True,25
30493,0,0.1344489632573146,502.0,8.296075509190263,3.199182053857427,979.0,16.194734227521113,True,25
188316,0,0.13377925996835635,506.0,8.362311641000165,13.892654117945325,590.0,9.753270409008113,True,25
330986,0,0.13333736811688998,507.0,8.37887067395264,12.366652833999757,625.0,10.33283656234476,True,25
337192,0,0.12247007196543776,545.0,9.008113926146713,3.912523082074765,931.0,15.399900645802285,True,25
116079,0,0.11360329406785276,580.0,9.587680079483357,20.95743843509556,473.0,7.815863553568471,True,25
211253,0,0.10943877422987533,601.5,9.943699287961582,10.073731786588851,667.5,11.036595462824971,True,25
193241,0,0.10943877422987533,601.5,9.943699287961582,10.073731786588851,667.5,11.036595462824971,True,25
66261,0,0.10943877422987533,601.5,9.943699287961582,10.073731786588851,667.5,11.036595462824971,True,25
378735,0,0.10943877422987533,601.5,9.943699287961582,10.073731786588851,667.5,11.036595462824971,True,25
222744,0,0.10711004439821788,620.0,10.25004139758238,3.803070545479706,945.0,15.631727107136943,True,25
205177,0,0.09791621431097798,668.0,11.044874979301209,18.408248290463863,505.0,8.34575260804769,True,25
194524,0,0.08376824864724716,727.0,12.021857923497267,10.253558534973987,664.0,10.978638847491306,True,25
299697,0,0.07516425268583853,771.5,12.758734889882431,21.471730763274394,462.5,7.641993707567478,True,25
133273,0,0.07516425268583853,771.5,12.758734889882431,21.471730763274394,462.5,7.641993707567478,True,25
130080,0,0.07516425268583853,771.5,12.758734889882431,21.471730763274394,462.5,7.641993707567478,True,25
136271,0,0.07516425268583853,771.5,12.758734889882431,21.471730763274394,462.5,7.641993707567478,True,25
228788,0,0.06950621311559915,795.0,13.147872164265607,34.63221883164927,285.0,4.702765358503063,True,25
304575,0,0.0667931095927765,815.0,13.479052823315119,20.68241855231096,480.0,7.931776784235801,True,25
191037,0,0.06216824695402686,842.5,13.934426229508198,30.975998207686445,322.5,5.323729094220898,True,25
248580,0,0.06216824695402686,842.5,13.934426229508198,30.975998207686445,322.5,5.323729094220898,True,25
173644,0,0.058500042544908246,858.0,14.191091240271568,6.569482009054244,802.0,13.263785394932937,True,25
281660,0,0.05576343084081876,874.5,14.464315283987416,34.08644289183702,288.5,4.760721973836728,True,25
298102,0,0.05576343084081876,874.5,14.464315283987416,34.08644289183702,288.5,4.760721973836728,True,25
135474,0,0.05576343084081876,874.5,14.464315283987416,34.08644289183702,288.5,4.760721973836728,True,25
64275,0,0.05576343084081876,874.5,14.464315283987416,34.08644289183702,288.5,4.760721973836728,True,25
396798,0,0.053883654957758605,899.0,14.870011591323067,23.469420641338278,413.0,6.822321576419937,True,25
40562,0,0.049154114824985225,921.0,15.23431031627753,29.81007358661863,328.0,5.4148037754595135,True,25
372055,0,0.046821005212256066,939.0,15.53237290942209,1.4793962525265774,1155.0,19.109124027156813,True,25
295620,0,0.04660340765905274,942.0,15.582050008279516,4.639573852087415,890.0,14.720980294750786,True,25
27745,0,0.045800661205981405,946.0,15.648286140089418,6.366291907631415,808.0,13.363139592647789,True,25
233155,0,0.04343566635790581,962.0,15.913230667329028,2.3889616496848194,1051.0,17.386984600099353,True,25
57398,1,0.035894561087829374,1046.0,17.304189435336976,0.18864263412816268,1569.0,25.964563669481702,True,25
279943,0,0.03572143524849775,1050.0,17.370425567146878,1.5757194130210614,1145.0,18.94353369763206,True,25
355423,0,0.03432472281997941,1060.5,17.54429541314787,14.0044869105516,578.5,9.562841530054644,True,25
310469,0,0.03432472281997941,1060.5,17.54429541314787,14.0044869105516,578.5,9.562841530054644,True,25
217737,0,0.03432472281997941,1060.5,17.54429541314787,14.0044869105516,578.5,9.562841530054644,True,25
295770,0,0.03432472281997941,1060.5,17.54429541314787,14.0044869105516,578.5,9.562841530054644,True,25
259563,0,0.030986207133242547,1096.0,18.132141082960754,2.813308089098093,1007.0,16.65838715019043,True,25
108053,0,0.029696555184941773,1106.0,18.29773141248551,21.559699064267726,458.0,7.5674780592813375,True,25
204162,0,0.029696555184941773,1106.0,18.29773141248551,21.559699064267726,458.0,7.5674780592813375,True,25
316504,0,0.029696555184941773,1106.0,18.29773141248551,21.559699064267726,458.0,7.5674780592813375,True,25
356288,0,0.028337003475363214,1126.0,18.628912071535023,1.6332118036787484,1129.0,18.67858917039245,True,25
28505,0,0.028337003475363214,1126.0,18.628912071535023,1.6332118036787484,1129.0,18.67858917039245,True,25
163179,0,0.028337003475363214,1126.0,18.628912071535023,1.6332118036787484,1129.0,18.67858917039245,True,25
106854,0,0.028026018851276136,1129.0,18.67858917039245,11.434615691293194,637.0,10.531544957774466,True,25
41527,0,0.028026018851276136,1129.0,18.67858917039245,11.434615691293194,637.0,10.531544957774466,True,25
347696,0,0.028026018851276136,1129.0,18.67858917039245,11.434615691293194,637.0,10.531544957774466,True,25
310791,0,0.027486548535375667,1138.0,18.827620466964728,2.7211905416378297,1019.0,16.857095545620137,True,25
85966,0,0.02611453298944826,1151.0,19.04288789534691,0.2523751605399248,1505.0,24.904785560523266,True,25
318107,0,0.024906143913764285,1162.0,19.225037257824145,2.6941136748198335,1022.0,16.906772644477563,True,25
33329,0,0.024518453820365375,1165.0,19.27471435668157,2.7187546880882856,1020.0,16.873654578572612,True,25
160431,0,0.024247135773836487,1176.0,19.4568637191588,17.603420571805287,529.0,8.743169398907105,True,25
427,0,0.024226393358235454,1177.0,19.473422752111276,1.9908613330867928,1072.0,17.73472429210134,True,25
44263,0,0.02125951125578448,1207.0,19.970193740685545,0.14806808468619315,1616.0,26.742838218248053,True,25
355274,0,0.02034226158020357,1220.0,20.185461169067725,0.7755087192861673,1269.0,20.99685378373903,True,25
173133,0,0.019638810577140495,1228.0,20.317933432687532,0.31327790764990215,1465.0,24.242424242424242,True,25
391048,0,0.019531445320768316,1230.0,20.351051498592483,0.35202424353780587,1423.0,23.546944858420268,True,25
11633,0,0.017639603871271885,1261.5,20.872661036595463,0.8370191961069996,1255.5,20.77330683888061,True,25
378531,0,0.017639603871271885,1261.5,20.872661036595463,0.8370191961069996,1255.5,20.77330683888061,True,25
53017,0,0.016637530163085494,1279.0,21.162444113263785,0.048467000235257546,1849.0,30.601092896174862,True,25
226370,0,0.0137838562196677,1331.0,22.023513826792517,0.5236033044606558,1332.0,22.040072859744992,True,25
319673,0,0.013060443097727168,1352.0,22.371253518794504,0.2089670895636347,1549.0,25.63338301043219,True,25
211084,0,0.012228206437944,1374.0,22.735552243748966,9.50131640228249,693.0,11.458850803113098,True,25
159634,0,0.012228206437944,1374.0,22.735552243748966,9.50131640228249,693.0,11.458850803113098,True,25
123121,0,0.012228206437944,1374.0,22.735552243748966,9.50131640228249,693.0,11.458850803113098,True,25
190366,0,0.012228206437944,1374.0,22.735552243748966,9.50131640228249,693.0,11.458850803113098,True,25
212885,0,0.012228206437944,1374.0,22.735552243748966,9.50131640228249,693.0,11.458850803113098,True,25
134149,0,0.012228206437944,1374.0,22.735552243748966,9.50131640228249,693.0,11.458850803113098,True,25
333205,0,0.012228206437944,1374.0,22.735552243748966,9.50131640228249,693.0,11.458850803113098,True,25
113634,0,0.012228206437944,1374.0,22.735552243748966,9.50131640228249,693.0,11.458850803113098,True,25
251760,0,0.012228206437944,1374.0,22.735552243748966,9.50131640228249,693.0,11.458850803113098,True,25
117726,0,0.012228206437944,1374.0,22.735552243748966,9.50131640228249,693.0,11.458850803113098,True,25
335037,0,0.012228206437944,1374.0,22.735552243748966,9.50131640228249,693.0,11.458850803113098,True,25
188146,0,0.012228206437944,1374.0,22.735552243748966,9.50131640228249,693.0,11.458850803113098,True,25
376013,0,0.012228206437944,1374.0,22.735552243748966,9.50131640228249,693.0,11.458850803113098,True,25
233916,1,0.012228206437944,1374.0,22.735552243748966,9.50131640228249,693.0,11.458850803113098,True,25
153805,0,0.012228206437944,1374.0,22.735552243748966,9.50131640228249,693.0,11.458850803113098,True,25
343443,0,0.010939802391221092,1407.0,23.282000331180658,1.3644666454329017,1179.0,19.506540818016227,True,25
85464,0,0.010078233325985297,1419.0,23.480708726610366,0.5134006532914879,1335.0,22.089749958602418,True,25
302858,0,0.009784856722917063,1430.0,23.662858089087596,1.2204160689536634,1193.0,19.738367279350886,True,25
54081,0,0.009397808303598865,1432.0,23.695976154992547,0.1879561660719773,1571.0,25.997681735386653,True,25
131311,0,0.00889407041405247,1443.5,23.88640503394602,0.5675769851043467,1323.5,21.89932107964895,True,25
331889,0,0.00889407041405247,1443.5,23.88640503394602,0.5675769851043467,1323.5,21.89932107964895,True,25
211325,0,0.00887647984627186,1448.0,23.960920682232157,0.42051290417848963,1373.0,22.71899321079649,True,25
165867,0,0.007684751682955007,1488.0,24.62328200033118,0.5746839603955884,1319.0,21.824805431362808,True,25
345809,0,0.007169636310175206,1504.0,24.88822652757079,0.6534187662945024,1293.0,21.394270574598444,True,25
4134,0,0.007169636310175206,1504.0,24.88822652757079,0.6534187662945024,1293.0,21.394270574598444,True,25
18367,0,0.007169636310175206,1504.0,24.88822652757079,0.6534187662945024,1293.0,21.394270574598444,True,25
179812,0,0.006655444603527198,1531.0,25.33532041728763,0.49250290066101265,1338.0,22.139427057459844,True,25
297149,0,0.006162187048021801,1548.5,25.625103493955955,0.33275810059317734,1448.5,23.969200198708396,True,25
55667,0,0.006162187048021801,1548.5,25.625103493955955,0.33275810059317734,1448.5,23.969200198708396,True,25
255569,0,0.005244772692996765,1572.0,26.01424076833913,0.6952863915717363,1282.0,21.21212121212121,True,25
247119,0,0.005174686176243715,1575.0,26.063917867196555,0.2121621332259923,1546.0,25.583705911574764,True,25
304950,0,0.00500124333543278,1581.0,26.16327206491141,0.128567897560608,1641.0,27.156814042059942,True,25
364704,0,0.004885264877720712,1590.0,26.31230336148369,0.1514432112093421,1615.0,26.726279185295578,True,25
154431,0,0.004847901176064576,1591.5,26.337141910912404,0.6255732621725419,1300.5,21.51846332174201,True,25
255806,0,0.004847901176064576,1591.5,26.337141910912404,0.6255732621725419,1300.5,21.51846332174201,True,25
200368,0,0.00466947601274055,1597.0,26.428216592151017,0.19144851652236253,1566.0,25.914886570624276,True,25
379752,0,0.0037985102570510508,1627.0,26.924987580725286,0.17702357893676585,1582.0,26.179831097863886,True,25
312553,0,0.003771198097447322,1631.0,26.991223712535188,0.35826381925749556,1418.0,23.46414969365789,True,25
314390,0,0.003771198097447322,1631.0,26.991223712535188,0.35826381925749556,1418.0,23.46414969365789,True,25
71907,0,0.003771198097447322,1631.0,26.991223712535188,0.35826381925749556,1418.0,23.46414969365789,True,25
60611,0,0.003620468882052353,1650.0,27.305845338632224,1.1317962558893966,1206.0,19.95363470773307,True,25
299124,0,0.002718241102478335,1693.0,28.017883755588674,0.16087675887660155,1607.0,26.593806921675775,True,25
54904,0,0.0025281398907602086,1706.0,28.233151183970858,1.3651955410105125,1175.0,19.440304686206325,True,25
182691,0,0.0025281398907602086,1706.0,28.233151183970858,1.3651955410105125,1175.0,19.440304686206325,True,25
225293,0,0.0025281398907602086,1706.0,28.233151183970858,1.3651955410105125,1175.0,19.440304686206325,True,25
172579,0,0.0025281398907602086,1706.0,28.233151183970858,1.3651955410105125,1175.0,19.440304686206325,True,25
145975,0,0.0025281398907602086,1706.0,28.233151183970858,1.3651955410105125,1175.0,19.440304686206325,True,25
330540,0,0.0025281398907602086,1706.0,28.233151183970858,1.3651955410105125,1175.0,19.440304686206325,True,25
285508,0,0.0025281398907602086,1706.0,28.233151183970858,1.3651955410105125,1175.0,19.440304686206325,True,25
11433,0,0.0023757599136475494,1730.0,28.63056797483027,0.19243655300545154,1565.0,25.8983275376718,True,25
20804,0,0.002285429035905254,1732.5,28.671965557211458,0.2422554778059569,1516.5,25.095214439476734,True,25
327081,0,0.002285429035905254,1732.5,28.671965557211458,0.2422554778059569,1516.5,25.095214439476734,True,25
311404,0,0.002144867513713585,1742.5,28.837555886736215,0.3131506570021834,1466.5,24.267262791852957,True,25
389628,0,0.002144867513713585,1742.5,28.837555886736215,0.3131506570021834,1466.5,24.267262791852957,True,25
78486,0,0.002064217576912705,1747.0,28.912071535022356,1.1146774915328606,1211.0,20.036429872495447,True,25
177264,0,0.0018577297988205748,1765.0,29.210134128166914,0.9964478572886322,1230.0,20.351051498592483,True,25
200398,0,0.0013594198140845276,1822.0,30.153999006458022,0.08180448858933728,1751.0,28.978307666832258,True,25
51995,0,0.001317854154747321,1829.0,30.26991223712535,0.023721374785451787,1996.0,33.03527074018877,True,25
254619,0,0.0011901931761549981,1858.0,30.750124192747144,0.10006591389671764,1698.0,28.10067892035105,True,25
100170,0,0.0006725882162490042,1968.0,32.57161781751946,0.0195738097322384,2048.0,33.8963404537175,True,25
266022,0,0.0005100379686172835,2022.0,33.46580559695314,0.01270376949552767,2121.0,35.10514985924822,True,25
141282,0,0.0002822602570698636,2117.0,35.03891372743832,0.021915311576385602,2018.0,33.39956946514324,True,25
296278,0,0.0002548955535535309,2126.0,35.187945024010595,0.02098491165683029,2036.0,33.697632058287795,True,25
226333,0,0.0002444445531012281,2128.0,35.221063089915546,0.018979216557001126,2049.0,33.91289948666998,True,25
364487,0,0.0001390769149779286,2188.0,36.214605067064085,0.004917985621892868,2305.0,38.152011922503725,True,25
89662,0,8.642477488697805e-05,2278.0,37.704918032786885,0.03258214013239073,1926.0,31.876138433515482,True,25
301667,0,8.642477488697805e-05,2278.0,37.704918032786885,0.03258214013239073,1926.0,31.876138433515482,True,25
6043,1,8.642477488697805e-05,2278.0,37.704918032786885,0.03258214013239073,1926.0,31.876138433515482,True,25
115647,0,6.340971730158983e-05,2316.0,38.33416128498096,0.003990503320451818,2329.0,38.54942871336314,True,25
324812,0,4.4581402828225264e-05,2348.0,38.86405033946018,0.00681065190732063,2245.0,37.15846994535519,True,25
152227,0,1.5756417322181709e-06,2593.0,42.92101341281669,0.00018907700789036849,2603.0,43.086603742341445,True,25
267245,0,8.537969940329393e-07,2623.5,43.4260639178672,0.0006634002643635938,2526.5,41.819837721477064,True,25
380396,0,8.537969940329393e-07,2623.5,43.4260639178672,0.0006634002643635938,2526.5,41.819837721477064,True,25
55563,0,8.537969940329393e-07,2623.5,43.4260639178672,0.0006634002643635938,2526.5,41.819837721477064,True,25
125534,0,8.537969940329393e-07,2623.5,43.4260639178672,0.0006634002643635938,2526.5,41.819837721477064,True,25
149046,0,8.537969940329393e-07,2623.5,43.4260639178672,0.0006634002643635938,2526.5,41.819837721477064,True,25
216595,0,8.537969940329393e-07,2623.5,43.4260639178672,0.0006634002643635938,2526.5,41.819837721477064,True,25
280223,0,6.97122326434265e-07,2635.5,43.6247723132969,0.0005416640476394238,2553.5,42.266931611193904,True,25
169002,0,6.97122326434265e-07,2635.5,43.6247723132969,0.0005416640476394238,2553.5,42.266931611193904,True,25
187531,0,4.6448741498237736e-11,2933.0,48.551084616658386,1.7975662959818e-08,2916.0,48.2695810564663,True,25
213500,0,0.0,4583.0,75.87348898824308,0.0,4583.0,75.87348898824308,True,25
367720,0,0.0,4583.0,75.87348898824308,0.0,4583.0,75.87348898824308,True,25
136960,0,0.0,4583.0,75.87348898824308,0.0,4583.0,75.87348898824308,True,25
126197,0,0.0,4583.0,75.87348898824308,0.0,4583.0,75.87348898824308,True,25
270812,0,0.0,4583.0,75.87348898824308,0.0,4583.0,75.87348898824308,True,25
10749,0,0.0,4583.0,75.87348898824308,0.0,4583.0,75.87348898824308,True,25
36021,0,0.0,4583.0,75.87348898824308,0.0,4583.0,75.87348898824308,True,25
250756,0,0.0,4583.0,75.87348898824308,0.0,4583.0,75.87348898824308,True,25
100853,0,0.0,4583.0,75.87348898824308,0.0,4583.0,75.87348898824308,True,25
371011,0,0.0,4583.0,75.87348898824308,0.0,4583.0,75.87348898824308,True,25
254620,0,0.0,4583.0,75.87348898824308,0.0,4583.0,75.87348898824308,True,25
143523,0,0.2893789516899791,45.0,0.8008736803785949,9.741318521497778,350.0,6.352384419366582,True,26
259728,1,0.26981246218995764,54.0,0.9646887513651256,12.0,310.5,5.633418274481253,True,26
164197,0,0.2692307692307692,57.0,1.0192937750273026,19.0,258.5,4.6869311976701855,True,26
224305,0,0.23265435602776047,74.0,1.328722242446305,40.33120490620491,147.0,2.65744448489261,True,26
200168,1,0.2217543859649123,81.0,1.456133964324718,9.666666666666668,352.0,6.3887877684747,True,26
35535,0,0.2,95.0,1.7109574080815435,10.0,347.5,6.306880232981435,True,26
52273,0,0.19686349223501795,96.0,1.7291590826356025,39.25617154349923,151.0,2.730251183108846,True,26
4410,1,0.19501464121205664,97.5,1.756461594466691,39.81374458874459,148.5,2.6847469967236988,True,26
369494,1,0.19501464121205664,97.5,1.756461594466691,39.81374458874459,148.5,2.6847469967236988,True,26
348786,0,0.1372642189051959,160.0,2.8940662540953768,5.590698982085557,455.0,8.263560247542774,True,26
257111,0,0.1227027344004915,178.0,3.221696396068438,3.919915876389701,495.0,8.991627229705133,True,26
263319,1,0.11170225432790735,201.5,3.649435748088824,11.560973679116398,323.5,5.8700400436840185,True,26
230531,0,0.11170225432790735,201.5,3.649435748088824,11.560973679116398,323.5,5.8700400436840185,True,26
132418,0,0.109734880801029,203.0,3.6767382599199125,10.100783224833627,343.0,6.224972697488169,True,26
268463,0,0.09615384615384616,255.0,4.62322533673098,10.0,347.5,6.306880232981435,True,26
315564,0,0.08743536001382611,267.0,4.841645431379687,5.722332343528145,453.0,8.227156898434655,True,26
349951,0,0.08518407134918789,272.5,4.9417546414270115,24.856538273031543,184.5,3.3400072806698216,True,26
154133,0,0.08518407134918789,272.5,4.9417546414270115,24.856538273031543,184.5,3.3400072806698216,True,26
354203,1,0.0757437428897266,293.0,5.31488896978522,38.84632070806356,153.0,2.766654532216964,True,26
5234,0,0.04462541695151559,408.5,7.417182380779032,27.57348484848485,175.5,3.176192209683291,True,26
387901,0,0.04462541695151559,408.5,7.417182380779032,27.57348484848485,175.5,3.176192209683291,True,26
64291,0,0.0356929489954836,492.0,8.937022206042956,3.6763737465348107,502.0,9.119038951583546,True,26
59757,0,0.0356929489954836,492.0,8.937022206042956,3.6763737465348107,502.0,9.119038951583546,True,26
151078,0,0.0356929489954836,492.0,8.937022206042956,3.6763737465348107,502.0,9.119038951583546,True,26
171484,0,0.03195837571601256,515.0,9.355660720786313,2.286947647058671,568.0,10.320349472151438,True,26
290877,0,0.02571980465840882,548.0,9.956315981070258,2.595765815665098,544.0,9.883509282854023,True,26
185163,0,0.025385918126973113,552.0,10.029122679286495,10.3574545958656,329.0,5.970149253731344,True,26
30223,1,0.02538591812691937,558.0,10.138332726610848,10.357454595783103,335.0,6.079359301055697,True,26
148213,0,0.02538591812691937,558.0,10.138332726610848,10.357454595783103,335.0,6.079359301055697,True,26
208174,0,0.02538591812691937,558.0,10.138332726610848,10.357454595783103,335.0,6.079359301055697,True,26
64230,0,0.02538591812691937,558.0,10.138332726610848,10.357454595783103,335.0,6.079359301055697,True,26
381738,0,0.02538591812691937,558.0,10.138332726610848,10.357454595783103,335.0,6.079359301055697,True,26
38532,0,0.02538591812691937,558.0,10.138332726610848,10.357454595783103,335.0,6.079359301055697,True,26
316648,0,0.02538591812691937,558.0,10.138332726610848,10.357454595783103,335.0,6.079359301055697,True,26
146353,0,0.02538591812691937,558.0,10.138332726610848,10.357454595783103,335.0,6.079359301055697,True,26
9677,0,0.02538591812691937,558.0,10.138332726610848,10.357454595783103,335.0,6.079359301055697,True,26
326072,0,0.02538591812691937,558.0,10.138332726610848,10.357454595783103,335.0,6.079359301055697,True,26
262697,0,0.02538591812691937,558.0,10.138332726610848,10.357454595783103,335.0,6.079359301055697,True,26
239840,0,0.025344700563014466,570.0,10.356752821259557,2.742330016454668,540.0,9.810702584637786,True,26
311360,1,0.025330003567209748,571.0,10.374954495813615,1.3931501961965362,650.0,11.812886785584274,True,26
103506,0,0.022946421002316194,596.0,10.829996359665088,2.456156245311707,552.0,10.029122679286495,True,26
78837,0,0.020859072821882742,609.0,11.066618128867855,15.143686868686869,281.0,5.096468875136512,True,26
276980,0,0.020859072821882742,609.0,11.066618128867855,15.143686868686869,281.0,5.096468875136512,True,26
83113,0,0.020859072821882742,609.0,11.066618128867855,15.143686868686869,281.0,5.096468875136512,True,26
343132,0,0.020859072821882742,609.0,11.066618128867855,15.143686868686869,281.0,5.096468875136512,True,26
363816,0,0.020859072821882742,609.0,11.066618128867855,15.143686868686869,281.0,5.096468875136512,True,26
380783,0,0.018721615710245977,631.0,11.467054969057154,0.7136978344465259,708.0,12.868583909719694,True,26
173873,0,0.017547809020199243,646.0,11.740080087368037,12.946967775969329,301.0,5.460502366217692,True,26
125468,0,0.01747698411145845,651.0,11.831088460138332,12.915521516488418,303.0,5.49690571532581,True,26
142186,0,0.0174769637218893,652.0,11.849290134692392,12.915476190476191,304.0,5.515107389879869,True,26
90278,0,0.014796789664507119,686.0,12.468147069530398,0.5748399351074435,728.0,13.232617400800875,True,26
232144,0,0.010899768057703828,739.0,13.432835820895523,8.130690969565695,378.0,6.862031306880233,True,26
59971,1,0.010454466990243065,754.5,13.714961776483436,8.123120851418863,385.5,6.998543866035675,True,26
19826,1,0.010454466990243065,754.5,13.714961776483436,8.123120851418863,385.5,6.998543866035675,True,26
113456,0,0.010454466990243065,754.5,13.714961776483436,8.123120851418863,385.5,6.998543866035675,True,26
207964,0,0.010454466990243065,754.5,13.714961776483436,8.123120851418863,385.5,6.998543866035675,True,26
270714,0,0.010454466990243065,754.5,13.714961776483436,8.123120851418863,385.5,6.998543866035675,True,26
95741,0,0.010454466990243065,754.5,13.714961776483436,8.123120851418863,385.5,6.998543866035675,True,26
54513,0,0.010454466990243065,754.5,13.714961776483436,8.123120851418863,385.5,6.998543866035675,True,26
4815,0,0.010454466990243065,754.5,13.714961776483436,8.123120851418863,385.5,6.998543866035675,True,26
329257,0,0.010454466990243065,754.5,13.714961776483436,8.123120851418863,385.5,6.998543866035675,True,26
392025,0,0.010454466990243065,754.5,13.714961776483436,8.123120851418863,385.5,6.998543866035675,True,26
284958,0,0.010454466990243065,754.5,13.714961776483436,8.123120851418863,385.5,6.998543866035675,True,26
184518,0,0.010454466990243065,754.5,13.714961776483436,8.123120851418863,385.5,6.998543866035675,True,26
174550,0,0.010454466990243065,754.5,13.714961776483436,8.123120851418863,385.5,6.998543866035675,True,26
110267,0,0.010408945930729259,763.0,13.869676010192938,0.9285873180013002,689.0,12.522752093192574,True,26
376607,0,0.010269465950591,766.0,13.924281033855115,0.19340780278151537,875.0,15.908263560247542,True,26
58242,0,0.010085867056443987,767.0,13.942482708409173,0.8875563009670707,694.0,12.61376046596287,True,26
220078,0,0.009366618307002288,776.0,14.106297779395705,0.47157961336239573,744.0,13.523844193665818,True,26
333908,0,0.008346312664578966,789.0,14.342919548598472,0.7605103346868366,705.0,12.813978886057518,True,26
385631,0,0.006185233760512128,831.0,15.107389879868949,0.33400262306765494,787.0,14.306516199490353,True,26
117526,0,0.005019838474761761,864.0,15.708045140152894,0.12905204822185826,917.0,16.67273389151802,True,26
235946,0,0.004326205752782267,885.0,16.09028030578813,0.17737443586407292,884.0,16.072078631234074,True,26
249926,0,0.004234202263271795,896.0,16.29049872588278,0.5405871906599583,736.0,13.378230797233346,True,26
294377,0,0.0037072551067125047,903.0,16.417910447761194,0.17794824512220023,883.0,16.053876956680014,True,26
75801,0,0.0036666642721192595,905.0,16.45431379686931,0.10633326389145853,950.0,17.273389151801965,True,26
26079,0,0.0035270069414043586,910.5,16.554423006916636,0.3350656594334141,781.5,14.206406989443028,True,26
50990,0,0.0028720945917012674,945.5,17.1914816163087,0.22402337815269885,852.5,15.498725882781216,True,26
353340,0,0.0028720945917012674,945.5,17.1914816163087,0.22402337815269885,852.5,15.498725882781216,True,26
320526,0,0.002247771408787229,969.0,17.619220968329085,0.15284845579753156,894.0,16.254095376774664,True,26
324028,0,0.0021302219184761296,975.0,17.72843101565344,1.15031983597711,668.0,12.140516927557336,True,26
160382,0,0.0019846579747739277,982.0,17.85584273753185,0.2897600643169934,820.0,14.907171459774299,True,26
312353,0,0.0019842344551512688,983.0,17.87404441208591,0.028188066148771215,1141.0,20.74990899162723,True,26
333240,0,0.0013771516324446004,1034.0,18.80232981434292,0.11568073712534646,937.0,17.036767382599198,True,26
277335,0,0.0013771516324446004,1034.0,18.80232981434292,0.11568073712534646,937.0,17.036767382599198,True,26
341466,0,0.0013771516324446004,1034.0,18.80232981434292,0.11568073712534646,937.0,17.036767382599198,True,26
135849,0,0.0013771516324446004,1034.0,18.80232981434292,0.11568073712534646,937.0,17.036767382599198,True,26
344013,0,0.0013771516324446004,1034.0,18.80232981434292,0.11568073712534646,937.0,17.036767382599198,True,26
258576,0,0.0011984480619071547,1054.0,19.1663633054241,0.10076170451017642,955.0,17.36439752457226,True,26
135493,1,0.0008250045512041695,1096.0,19.930833636694576,0.08745048242764197,972.0,17.67382599199126,True,26
337820,0,0.0005182418703643098,1184.0,21.532580997451767,0.03161113901745748,1121.0,20.38587550054605,True,26
233431,0,0.0004951493686010404,1186.0,21.568984346559883,0.01047766212218137,1309.0,23.807790316709138,True,26
42610,0,0.0002570105489129471,1273.0,23.152530032763014,0.02116045497276476,1203.0,21.878412813978887,True,26
197148,0,0.00017420236021675837,1308.0,23.789588642155078,0.06567428980171791,1008.0,18.329086275937385,True,26
138100,0,0.00010270964047271506,1377.0,25.04550418638515,0.004005675978435887,1430.0,26.010192937750272,True,26
81148,0,9.812325676713095e-05,1382.0,25.13651255915544,0.021627956795781583,1197.0,21.769202766654534,True,26
268700,0,7.08452983099415e-05,1419.0,25.809974517655625,0.031491585493136603,1123.0,20.42227884965417,True,26
280484,0,6.287661115527412e-05,1433.0,26.06479796141245,0.0036135439297117836,1450.0,26.374226428831452,True,26
336437,0,3.784508070748639e-05,1532.0,27.86676374226429,0.0011353524212245917,1653.0,30.069166363305424,True,26
215767,0,1.3043413020161376e-05,1626.0,29.57772115034583,0.005497504239373211,1395.0,25.37313432835821,True,26
56199,0,2.557425277095202e-06,1719.0,31.270476883873318,0.00030689103325142424,1741.0,31.670913724062615,True,26
140567,0,1.9032327038243771e-06,1741.0,31.670913724062615,0.00032846057259284286,1728.0,31.434291954859848,True,26
348606,0,7.037063044736378e-07,1785.5,32.48088824171824,0.0005467797985760166,1708.5,31.079359301055696,True,26
52862,0,7.037063044736378e-07,1785.5,32.48088824171824,0.0005467797985760166,1708.5,31.079359301055696,True,26
369654,0,2.0389569152656147e-08,1895.5,34.48307244266473,4.532601222635461e-05,1820.5,33.117946851110304,True,26
54765,0,2.0389569152656147e-08,1895.5,34.48307244266473,4.532601222635461e-05,1820.5,33.117946851110304,True,26
287356,0,1.7551902716099133e-09,1935.0,35.20203858755006,2.351954963957284e-07,1940.0,35.293046960320346,True,26
359722,0,4.363761496414318e-11,1986.5,36.13942482708409,1.688775699112341e-08,1982.5,36.06661812886786,True,26
106130,0,4.363761496414318e-11,1986.5,36.13942482708409,1.688775699112341e-08,1982.5,36.06661812886786,True,26
54804,0,4.363761496414318e-11,1986.5,36.13942482708409,1.688775699112341e-08,1982.5,36.06661812886786,True,26
167325,0,4.363761496414318e-11,1986.5,36.13942482708409,1.688775699112341e-08,1982.5,36.06661812886786,True,26
144065,0,0.0,3829.0,69.67601019293775,0.0,3829.0,69.67601019293775,True,26
132170,0,0.0,3829.0,69.67601019293775,0.0,3829.0,69.67601019293775,True,26
104332,0,0.0,3829.0,69.67601019293775,0.0,3829.0,69.67601019293775,True,26
31988,0,0.0,3829.0,69.67601019293775,0.0,3829.0,69.67601019293775,True,26
248465,0,0.0,3829.0,69.67601019293775,0.0,3829.0,69.67601019293775,True,26
36407,0,0.0,3829.0,69.67601019293775,0.0,3829.0,69.67601019293775,True,26
239853,0,0.0,3829.0,69.67601019293775,0.0,3829.0,69.67601019293775,True,26
26965,0,0.0,3829.0,69.67601019293775,0.0,3829.0,69.67601019293775,True,26
28293,0,0.0,3829.0,69.67601019293775,0.0,3829.0,69.67601019293775,True,26
112225,0,0.0,3829.0,69.67601019293775,0.0,3829.0,69.67601019293775,True,26
98455,0,0.0,3829.0,69.67601019293775,0.0,3829.0,69.67601019293775,True,26
73068,0,0.0,3829.0,69.67601019293775,0.0,3829.0,69.67601019293775,True,26
383551,0,0.0,3829.0,69.67601019293775,0.0,3829.0,69.67601019293775,True,26
201068,0,0.0,3829.0,69.67601019293775,0.0,3829.0,69.67601019293775,True,26
70389,0,0.0,3829.0,69.67601019293775,0.0,3829.0,69.67601019293775,True,26
373700,0,0.0,3829.0,69.67601019293775,0.0,3829.0,69.67601019293775,True,26
389483,0,0.0,3829.0,69.67601019293775,0.0,3829.0,69.67601019293775,True,26
339760,0,0.0,3829.0,69.67601019293775,0.0,3829.0,69.67601019293775,True,26
154043,0,0.0,3829.0,69.67601019293775,0.0,3829.0,69.67601019293775,True,26
211053,0,0.0,3829.0,69.67601019293775,0.0,3829.0,69.67601019293775,True,26
93979,0,0.0,3829.0,69.67601019293775,0.0,3829.0,69.67601019293775,True,26
75465,0,0.0,3829.0,69.67601019293775,0.0,3829.0,69.67601019293775,True,26
281242,0,0.0,3829.0,69.67601019293775,0.0,3829.0,69.67601019293775,True,26
79774,0,0.0,3829.0,69.67601019293775,0.0,3829.0,69.67601019293775,True,26
261790,0,0.0,3829.0,69.67601019293775,0.0,3829.0,69.67601019293775,True,26
54413,0,0.0,3829.0,69.67601019293775,0.0,3829.0,69.67601019293775,True,26
387976,0,0.0,3829.0,69.67601019293775,0.0,3829.0,69.67601019293775,True,26
304083,0,0.0,3829.0,69.67601019293775,0.0,3829.0,69.67601019293775,True,26
183987,0,0.0,3829.0,69.67601019293775,0.0,3829.0,69.67601019293775,True,26
280006,0,0.0,3829.0,69.67601019293775,0.0,3829.0,69.67601019293775,True,26
166905,0,0.0,3829.0,69.67601019293775,0.0,3829.0,69.67601019293775,True,26
315733,0,0.44193045669370407,108.5,0.48839216755258735,52.22857122676873,654.5,2.968970060424333,True,28
11767,0,0.44193045669370407,108.5,0.48839216755258735,52.22857122676873,654.5,2.968970060424333,True,28
171580,0,0.44034733288668376,110.0,0.4952069419835537,54.59256170696364,536.0,2.4306028803779927,True,28
176878,0,0.4197197962853725,132.5,0.5974285584480487,20.915911987699126,1585.5,7.198673390577438,True,28
31397,0,0.4197197962853725,132.5,0.5974285584480487,20.915911987699126,1585.5,7.198673390577438,True,28
117590,0,0.41680135002335206,134.5,0.6065149243560038,29.244046999137073,1171.5,5.31779564763073,True,28
265727,0,0.41680135002335206,134.5,0.6065149243560038,29.244046999137073,1171.5,5.31779564763073,True,28
176233,0,0.36278142633160454,213.0,0.963154786243242,19.007663697235262,1728.0,7.84607696151924,True,28
79615,0,0.31399116574691355,345.5,1.5651265276452684,18.916763154369256,1735.5,7.880150833674072,True,28
141489,0,0.31399116574691355,345.5,1.5651265276452684,18.916763154369256,1735.5,7.880150833674072,True,28
353651,0,0.3079248569116756,360.0,1.631002680477943,9.370954409309407,2698.0,12.25296442687747,True,28
222381,0,0.2958257713248639,396.0,1.794557266821135,13.0,2194.5,9.96547180954977,True,28
95209,0,0.289196948707087,438.0,1.9853709508881923,40.38011643354851,864.0,3.9207668892826315,True,28
360310,0,0.28314023415501877,470.5,2.1330243968924627,18.861217087828535,1741.5,7.907409931397938,True,28
222467,0,0.28314023415501877,470.5,2.1330243968924627,18.861217087828535,1741.5,7.907409931397938,True,28
391710,0,0.27193562907216845,508.0,2.3033937576666212,22.23667541521005,1480.0,6.719367588932807,True,28
347991,0,0.2692307692307692,524.5,2.378356276407251,19.0,1731.5,7.861978101858162,True,28
105133,0,0.2692307692307692,524.5,2.378356276407251,19.0,1731.5,7.861978101858162,True,28
132573,0,0.2692307692307692,524.5,2.378356276407251,19.0,1731.5,7.861978101858162,True,28
23447,0,0.2692307692307692,524.5,2.378356276407251,19.0,1731.5,7.861978101858162,True,28
211846,0,0.2596980146090144,559.5,2.5373676797964655,55.07523418437625,533.5,2.419244922993049,True,28
30634,0,0.2596980146090144,559.5,2.5373676797964655,55.07523418437625,533.5,2.419244922993049,True,28
218055,0,0.24790887898697558,617.0,2.798600699650175,10.816496580927724,2419.0,10.985416382717732,True,28
200175,0,0.23187538811659592,705.5,3.200672391077189,7.529568634023507,2990.5,13.581845440915906,True,28
350967,0,0.23187538811659592,705.5,3.200672391077189,7.529568634023507,2990.5,13.581845440915906,True,28
284103,0,0.22992729142197757,726.5,3.296079233110717,42.92070796287219,824.5,3.741311162600518,True,28
176523,0,0.22992729142197757,726.5,3.296079233110717,42.92070796287219,824.5,3.741311162600518,True,28
389116,0,0.22460292965092649,753.0,3.4164735813911227,48.208239495986504,726.0,3.2938076416337285,True,28
233720,0,0.22460292965092649,753.0,3.4164735813911227,48.208239495986504,726.0,3.2938076416337285,True,28
10584,0,0.22460292965092649,753.0,3.4164735813911227,48.208239495986504,726.0,3.2938076416337285,True,28
63528,0,0.22460292965092649,753.0,3.4164735813911227,48.208239495986504,726.0,3.2938076416337285,True,28
102859,0,0.22460292965092649,753.0,3.4164735813911227,48.208239495986504,726.0,3.2938076416337285,True,28
109853,0,0.22460292965092649,753.0,3.4164735813911227,48.208239495986504,726.0,3.2938076416337285,True,28
183009,0,0.22460292965092649,753.0,3.4164735813911227,48.208239495986504,726.0,3.2938076416337285,True,28
36562,0,0.2024822430015273,899.0,4.079778292671846,36.66451396940701,975.0,4.42506019717414,True,28
55670,0,0.2,910.5,4.132024896642588,10.0,2523.0,11.457907409931398,True,28
309430,0,0.2,910.5,4.132024896642588,10.0,2523.0,11.457907409931398,True,28
342369,0,0.19865892996494866,921.0,4.179728317659352,20.82607346615916,1635.0,7.423560946799328,True,28
284563,0,0.19865892996494866,921.0,4.179728317659352,20.82607346615916,1635.0,7.423560946799328,True,28
24311,0,0.19865892996494866,921.0,4.179728317659352,20.82607346615916,1635.0,7.423560946799328,True,28
30496,0,0.19865892996494866,921.0,4.179728317659352,20.82607346615916,1635.0,7.423560946799328,True,28
208806,0,0.19865892996494866,921.0,4.179728317659352,20.82607346615916,1635.0,7.423560946799328,True,28
351124,0,0.19574466457232786,971.0,4.40688746535823,4.3024540682529056,3419.0,15.528599336695288,True,28
147628,0,0.1957423012674997,972.5,4.413702239789196,22.908248290463863,1425.5,6.47176411794103,True,28
206865,0,0.1957423012674997,972.5,4.413702239789196,22.908248290463863,1425.5,6.47176411794103,True,28
141529,0,0.19512793566515033,974.0,4.420517014220163,40.804648234019126,850.0,3.857162327926946,True,28
36256,0,0.19508347434902135,975.0,4.42506019717414,18.60258281053995,1753.0,7.959656535368679,True,28
224974,0,0.1911576518522823,998.0,4.529553405115624,11.395314553433174,2337.0,10.612875380491573,True,28
55922,0,0.18388987754185826,1046.0,4.747626186906547,18.62187347275895,1751.0,7.9505701694607245,True,28
211111,0,0.1766506165847412,1125.5,5.108809231747762,45.00927583284359,781.5,3.545954295579483,True,28
272907,0,0.1766506165847412,1125.5,5.108809231747762,45.00927583284359,781.5,3.545954295579483,True,28
75547,0,0.17364658167023259,1162.5,5.276907001044932,3.834843987929701,3519.5,15.985189223570034,True,28
344941,0,0.17364658167023259,1162.5,5.276907001044932,3.834843987929701,3519.5,15.985189223570034,True,28
132327,0,0.17015124530215495,1186.0,5.3836718004634045,33.89396344985515,1013.0,4.597701149425287,True,28
226035,0,0.17001776841151484,1187.0,5.388214983417382,1.1701100889288731,4397.0,19.97183226568534,True,28
39363,0,0.1609053023802901,1289.0,5.851619644723093,3.3144681124683864,3611.0,16.40089046385898,True,28
139899,0,0.15541531240600742,1351.5,6.13556857934669,15.738355596518323,1969.5,8.94325564490482,True,28
231275,0,0.15541531240600742,1351.5,6.13556857934669,15.738355596518323,1969.5,8.94325564490482,True,28
34567,0,0.15081261549857194,1513.0,6.869292626414066,2.997761675203259,3675.0,16.691654172913545,True,28
339136,0,0.15081261549857194,1513.0,6.869292626414066,2.997761675203259,3675.0,16.691654172913545,True,28
76454,0,0.15081261549857194,1513.0,6.869292626414066,2.997761675203259,3675.0,16.691654172913545,True,28
248545,0,0.15081261549857194,1513.0,6.869292626414066,2.997761675203259,3675.0,16.691654172913545,True,28
232557,0,0.15081261549857194,1513.0,6.869292626414066,2.997761675203259,3675.0,16.691654172913545,True,28
257017,0,0.14970803889144055,1531.0,6.951069919585661,40.491650926717625,861.0,3.907137340420699,True,28
117773,0,0.1437313138736371,1562.5,7.094180182635955,14.497546469406124,2067.5,9.38848757439462,True,28
56305,0,0.1437313138736371,1562.5,7.094180182635955,14.497546469406124,2067.5,9.38848757439462,True,28
293723,0,0.14257073713279075,1570.0,7.128254054790786,38.771514047950035,911.0,4.134296488119577,True,28
5388,0,0.14257073713279075,1570.0,7.128254054790786,38.771514047950035,911.0,4.134296488119577,True,28
145028,0,0.14257073713279075,1570.0,7.128254054790786,38.771514047950035,911.0,4.134296488119577,True,28
93824,0,0.14229315640739354,1573.5,7.1441551951297075,4.54399354528146,3386.5,15.380945890691018,True,28
366773,0,0.14229315640739354,1573.5,7.1441551951297075,4.54399354528146,3386.5,15.380945890691018,True,28
372829,0,0.14195613859565862,1575.0,7.150969969560674,26.62182216187211,1282.0,5.81981736404525,True,28
335760,0,0.14142973879386211,1579.0,7.169142701376584,40.3095283245709,865.0,3.9253100722366088,True,28
249253,0,0.14099170387342413,1593.0,7.23274726273227,4.797953103639092,3364.0,15.278724274226523,True,28
138970,0,0.14049558458387473,1595.0,7.241833628640225,11.58827452423866,2296.0,10.426604879378493,True,28
60623,0,0.1337036555347823,1644.0,7.464449593385126,13.884596420060397,2105.0,9.558856935168778,True,28
285533,0,0.1337036555347823,1644.0,7.464449593385126,13.884596420060397,2105.0,9.558856935168778,True,28
185635,0,0.1337036555347823,1644.0,7.464449593385126,13.884596420060397,2105.0,9.558856935168778,True,28
64311,0,0.1337036555347823,1644.0,7.464449593385126,13.884596420060397,2105.0,9.558856935168778,True,28
24085,0,0.1337036555347823,1644.0,7.464449593385126,13.884596420060397,2105.0,9.558856935168778,True,28
349446,0,0.1337036555347823,1644.0,7.464449593385126,13.884596420060397,2105.0,9.558856935168778,True,28
229725,0,0.1337036555347823,1644.0,7.464449593385126,13.884596420060397,2105.0,9.558856935168778,True,28
341439,0,0.1337036555347823,1644.0,7.464449593385126,13.884596420060397,2105.0,9.558856935168778,True,28
183551,0,0.1337036555347823,1644.0,7.464449593385126,13.884596420060397,2105.0,9.558856935168778,True,28
318850,0,0.13203879958764983,1664.5,7.557584843941665,35.10021021539561,993.5,4.509109081822725,True,28
289766,0,0.13203879958764983,1664.5,7.557584843941665,35.10021021539561,993.5,4.509109081822725,True,28
214313,0,0.13203879958764983,1664.5,7.557584843941665,35.10021021539561,993.5,4.509109081822725,True,28
131553,0,0.13203879958764983,1664.5,7.557584843941665,35.10021021539561,993.5,4.509109081822725,True,28
56661,0,0.12785213592505135,1698.0,7.7097814728999134,1.0901588893005758,4416.0,20.05815274181091,True,28
309348,0,0.12632814569054615,1727.0,7.841533778565263,11.908997391822115,2269.0,10.303938939621098,True,28
229929,0,0.12242649681978497,1786.0,8.109581572849939,3.9111384941473415,3504.0,15.91476988778338,True,28
380025,0,0.12242649681978497,1786.0,8.109581572849939,3.9111384941473415,3504.0,15.91476988778338,True,28
261008,0,0.12242649681978497,1786.0,8.109581572849939,3.9111384941473415,3504.0,15.91476988778338,True,28
112483,0,0.12101310381017766,1820.0,8.264049793285176,10.262749892517862,2503.0,11.367043750851847,True,28
108892,0,0.12073670082169044,1821.0,8.268592976239153,32.02055376225889,1106.0,5.0202171641452,True,28
262708,0,0.11679504768386147,1952.0,8.863749943210212,22.990126923745986,1423.0,6.460406160556086,True,28
105452,0,0.11665212648282823,1953.0,8.868293126164192,15.953223050278707,1931.0,8.768343101176685,True,28
141457,0,0.11482185586569885,1989.0,9.031847712507382,7.348712129078019,3023.0,13.729498886920176,True,28
301518,0,0.11410016426733231,2009.5,9.124982963063923,18.505351990201987,1755.5,7.971014492753623,True,28
109225,0,0.11410016426733231,2009.5,9.124982963063923,18.505351990201987,1755.5,7.971014492753623,True,28
51773,0,0.11176842707502763,2024.0,9.190859115896597,15.933688252647505,1933.0,8.77742946708464,True,28
280408,0,0.11176842707502763,2024.0,9.190859115896597,15.933688252647505,1933.0,8.77742946708464,True,28
354093,0,0.11176842707502763,2024.0,9.190859115896597,15.933688252647505,1933.0,8.77742946708464,True,28
76012,0,0.10462507790219377,2142.5,9.729226295942938,16.065567689695293,1919.5,8.716096497205942,True,28
382992,0,0.10462507790219377,2142.5,9.729226295942938,16.065567689695293,1919.5,8.716096497205942,True,28
139904,0,0.10462507790219377,2142.5,9.729226295942938,16.065567689695293,1919.5,8.716096497205942,True,28
42212,0,0.10462507790219377,2142.5,9.729226295942938,16.065567689695293,1919.5,8.716096497205942,True,28
374253,0,0.10462507790219377,2142.5,9.729226295942938,16.065567689695293,1919.5,8.716096497205942,True,28
14563,0,0.10462507790219377,2142.5,9.729226295942938,16.065567689695293,1919.5,8.716096497205942,True,28
45153,0,0.09791621431097798,2267.5,10.297124165190132,18.408248290463863,1757.5,7.9801008586615785,True,28
29548,0,0.09791621431097798,2267.5,10.297124165190132,18.408248290463863,1757.5,7.9801008586615785,True,28
323751,0,0.0971672600380434,2272.0,10.317568488483031,0.1943345200760868,5479.0,24.887556221889056,True,28
121282,0,0.09669145187081829,2283.5,10.369815092453774,28.47059927326194,1188.5,5.395029757848349,True,28
278348,0,0.09669145187081829,2283.5,10.369815092453774,28.47059927326194,1188.5,5.395029757848349,True,28
87849,0,0.09615384615384616,2289.0,10.39480259870065,10.0,2523.0,11.457907409931398,True,28
80759,0,0.09516015108295839,2300.0,10.444777611194402,19.381935067413476,1717.0,7.796101949025488,True,28
315554,0,0.09262854717328654,2369.0,10.758257235018855,9.608159056969432,2688.0,12.207532597337694,True,28
261118,0,0.09208804554244837,2372.5,10.774158375357775,15.877512204299114,1935.5,8.788787424469584,True,28
284263,0,0.09208804554244837,2372.5,10.774158375357775,15.877512204299114,1935.5,8.788787424469584,True,28
340590,0,0.09003845665318254,2413.0,10.958157284993867,15.846768370960126,1952.0,8.863749943210212,True,28
385696,0,0.09003845665318254,2413.0,10.958157284993867,15.846768370960126,1952.0,8.863749943210212,True,28
105567,0,0.09003845665318254,2413.0,10.958157284993867,15.846768370960126,1952.0,8.863749943210212,True,28
367686,0,0.09003845665318254,2413.0,10.958157284993867,15.846768370960126,1952.0,8.863749943210212,True,28
165954,0,0.09003845665318254,2413.0,10.958157284993867,15.846768370960126,1952.0,8.863749943210212,True,28
35816,0,0.09003845665318254,2413.0,10.958157284993867,15.846768370960126,1952.0,8.863749943210212,True,28
289237,0,0.09003845665318254,2413.0,10.958157284993867,15.846768370960126,1952.0,8.863749943210212,True,28
12390,0,0.09003845665318254,2413.0,10.958157284993867,15.846768370960126,1952.0,8.863749943210212,True,28
334556,0,0.09003845665318254,2413.0,10.958157284993867,15.846768370960126,1952.0,8.863749943210212,True,28
279924,0,0.09003845665318254,2413.0,10.958157284993867,15.846768370960126,1952.0,8.863749943210212,True,28
56850,0,0.09003845665318254,2413.0,10.958157284993867,15.846768370960126,1952.0,8.863749943210212,True,28
55997,0,0.09003845665318254,2413.0,10.958157284993867,15.846768370960126,1952.0,8.863749943210212,True,28
121188,0,0.09003845665318254,2413.0,10.958157284993867,15.846768370960126,1952.0,8.863749943210212,True,28
358547,0,0.09003845665318254,2413.0,10.958157284993867,15.846768370960126,1952.0,8.863749943210212,True,28
391418,0,0.09003845665318254,2413.0,10.958157284993867,15.846768370960126,1952.0,8.863749943210212,True,28
369526,0,0.09003845665318254,2413.0,10.958157284993867,15.846768370960126,1952.0,8.863749943210212,True,28
216209,0,0.09003845665318254,2413.0,10.958157284993867,15.846768370960126,1952.0,8.863749943210212,True,28
82173,0,0.09003845665318254,2413.0,10.958157284993867,15.846768370960126,1952.0,8.863749943210212,True,28
216109,0,0.09003845665318254,2413.0,10.958157284993867,15.846768370960126,1952.0,8.863749943210212,True,28
299601,0,0.09003845665318254,2413.0,10.958157284993867,15.846768370960126,1952.0,8.863749943210212,True,28
209630,0,0.09003845665318254,2413.0,10.958157284993867,15.846768370960126,1952.0,8.863749943210212,True,28
324737,0,0.09003845665318254,2413.0,10.958157284993867,15.846768370960126,1952.0,8.863749943210212,True,28
397532,0,0.09003845665318254,2413.0,10.958157284993867,15.846768370960126,1952.0,8.863749943210212,True,28
343348,0,0.09003845665318254,2413.0,10.958157284993867,15.846768370960126,1952.0,8.863749943210212,True,28
126244,0,0.09003845665318254,2413.0,10.958157284993867,15.846768370960126,1952.0,8.863749943210212,True,28
301729,0,0.09003845665318254,2413.0,10.958157284993867,15.846768370960126,1952.0,8.863749943210212,True,28
311610,0,0.09003845665318254,2413.0,10.958157284993867,15.846768370960126,1952.0,8.863749943210212,True,28
215287,0,0.09003845665318254,2413.0,10.958157284993867,15.846768370960126,1952.0,8.863749943210212,True,28
304654,0,0.09003845665318254,2413.0,10.958157284993867,15.846768370960126,1952.0,8.863749943210212,True,28
365711,0,0.09003845665318254,2413.0,10.958157284993867,15.846768370960126,1952.0,8.863749943210212,True,28
304342,0,0.09003845665318254,2413.0,10.958157284993867,15.846768370960126,1952.0,8.863749943210212,True,28
247368,0,0.08975842551991638,2432.0,11.04447776111944,12.193485911015392,2254.0,10.235791195311435,True,28
280281,0,0.08872471042655464,2447.0,11.112625505429104,19.3709597769717,1718.0,7.800645131979465,True,28
113629,0,0.08866902673459452,2453.5,11.142156194629958,8.17176875925171,2874.5,13.05483621825451,True,28
40931,1,0.08866902673459452,2453.5,11.142156194629958,8.17176875925171,2874.5,13.05483621825451,True,28
174236,0,0.08866902673459452,2453.5,11.142156194629958,8.17176875925171,2874.5,13.05483621825451,True,28
63327,0,0.08866902673459452,2453.5,11.142156194629958,8.17176875925171,2874.5,13.05483621825451,True,28
306483,0,0.08866902673459452,2453.5,11.142156194629958,8.17176875925171,2874.5,13.05483621825451,True,28
127058,0,0.08866902673459452,2453.5,11.142156194629958,8.17176875925171,2874.5,13.05483621825451,True,28
215424,0,0.08866902673459452,2453.5,11.142156194629958,8.17176875925171,2874.5,13.05483621825451,True,28
23147,0,0.08866902673459452,2453.5,11.142156194629958,8.17176875925171,2874.5,13.05483621825451,True,28
333114,0,0.08866902673459452,2453.5,11.142156194629958,8.17176875925171,2874.5,13.05483621825451,True,28
163753,0,0.08866902673459452,2453.5,11.142156194629958,8.17176875925171,2874.5,13.05483621825451,True,28
42037,0,0.08368505151142261,2526.0,11.471536958793331,10.24273309858748,2505.0,11.376130116759802,True,28
343715,0,0.08036796667959588,2545.0,11.557857434918905,9.765463139379532,2680.0,12.171187133705875,True,28
344878,0,0.07975060017310329,2549.0,11.576030166734814,13.750358591501886,2122.0,9.636091045386397,True,28
298496,0,0.07797560412768474,2605.0,11.830448412157558,13.72373365082061,2125.0,9.64972059424833,True,28
234947,0,0.07797560412768474,2605.0,11.830448412157558,13.72373365082061,2125.0,9.64972059424833,True,28
86445,0,0.07797560412768474,2605.0,11.830448412157558,13.72373365082061,2125.0,9.64972059424833,True,28
275072,0,0.07797560412768474,2605.0,11.830448412157558,13.72373365082061,2125.0,9.64972059424833,True,28
18217,0,0.07797560412768474,2605.0,11.830448412157558,13.72373365082061,2125.0,9.64972059424833,True,28
33154,0,0.0763747024414926,2623.0,11.912225705329154,21.87894442404211,1527.0,6.932897187769751,True,28
103783,0,0.0763747024414926,2623.0,11.912225705329154,21.87894442404211,1527.0,6.932897187769751,True,28
8364,0,0.0763747024414926,2623.0,11.912225705329154,21.87894442404211,1527.0,6.932897187769751,True,28
174124,0,0.07325771733929567,2650.0,12.034891645086548,6.664408926262651,3132.0,14.22470582890373,True,28
167238,0,0.07258937598877231,2664.5,12.100767797919222,21.41996155660651,1574.5,7.148698378083686,True,28
96503,0,0.07258937598877231,2664.5,12.100767797919222,21.41996155660651,1574.5,7.148698378083686,True,28
363717,0,0.07258937598877231,2664.5,12.100767797919222,21.41996155660651,1574.5,7.148698378083686,True,28
285972,0,0.07258937598877231,2664.5,12.100767797919222,21.41996155660651,1574.5,7.148698378083686,True,28
11220,0,0.07031728773362969,2728.0,12.389259915496798,0.26147655792987945,5323.0,24.178819681068557,True,28
297847,0,0.07000129015985095,2729.0,12.393803098450775,9.599596315063613,2689.0,12.212075780291672,True,28
375462,0,0.06356700319404861,2874.0,13.05256462677752,5.818107642454421,3250.0,14.76080141747308,True,28
25645,0,0.0631034819492848,2879.5,13.077552133024398,20.75089068220445,1640.5,7.448548453046204,True,28
324042,0,0.0631034819492848,2879.5,13.077552133024398,20.75089068220445,1640.5,7.448548453046204,True,28
41407,0,0.062140200574035506,2918.0,13.252464676752533,30.969239030108525,1123.0,5.097451274362818,True,28
276637,0,0.062140200574035506,2918.0,13.252464676752533,30.969239030108525,1123.0,5.097451274362818,True,28
205368,0,0.062140200574035506,2918.0,13.252464676752533,30.969239030108525,1123.0,5.097451274362818,True,28
216702,0,0.062140200574035506,2918.0,13.252464676752533,30.969239030108525,1123.0,5.097451274362818,True,28
350198,0,0.062140200574035506,2918.0,13.252464676752533,30.969239030108525,1123.0,5.097451274362818,True,28
397821,0,0.06200202961416684,2923.5,13.27745218299941,20.62464281069878,1645.5,7.471264367816092,True,28
260777,0,0.06200202961416684,2923.5,13.27745218299941,20.62464281069878,1645.5,7.471264367816092,True,28
339242,0,0.06200202961416684,2923.5,13.27745218299941,20.62464281069878,1645.5,7.471264367816092,True,28
206921,0,0.06200202961416684,2923.5,13.27745218299941,20.62464281069878,1645.5,7.471264367816092,True,28
229285,0,0.06200202961416684,2923.5,13.27745218299941,20.62464281069878,1645.5,7.471264367816092,True,28
313598,0,0.06200202961416684,2923.5,13.27745218299941,20.62464281069878,1645.5,7.471264367816092,True,28
33048,0,0.06155437982888421,2929.0,13.302439689246286,8.330260991470393,2853.0,12.957157784743991,True,28
162533,0,0.060796158498683014,2934.5,13.327427195493163,1.9157841985312267,3925.5,17.829721502884922,True,28
385118,0,0.060796158498683014,2934.5,13.327427195493163,1.9157841985312267,3925.5,17.829721502884922,True,28
115108,0,0.059512322032890176,2955.0,13.420562446049702,94.0396860360654,194.0,0.8768343101176684,True,28
392640,0,0.057092466918823526,3029.0,13.756757984644041,22.94554567437527,1424.0,6.464949343510063,True,28
24145,0,0.0518335467069342,3092.0,14.042978510744629,9.174537767127354,2715.0,12.33019853709509,True,28
384196,0,0.04849547544049247,3162.5,14.363272909000045,3.210328151079153,3636.5,16.516741629185407,True,28
11637,0,0.04849547544049247,3162.5,14.363272909000045,3.210328151079153,3636.5,16.516741629185407,True,28
380547,0,0.048292547710325685,3164.5,14.372359274908,29.51972546897836,1165.5,5.290536549906864,True,28
260874,0,0.048292547710325685,3164.5,14.372359274908,29.51972546897836,1165.5,5.290536549906864,True,28
263830,0,0.047534272697585825,3186.0,14.470037708418518,26.522655196768987,1295.0,5.878878742446958,True,28
258154,0,0.04680081980488907,3188.0,14.479124074326473,1.478756375789074,4116.0,18.695197855617646,True,28
21410,0,0.046580893707462406,3189.5,14.48593884875744,4.637088332016336,3381.5,15.35822997592113,True,28
255124,0,0.046580893707462406,3189.5,14.48593884875744,4.637088332016336,3381.5,15.35822997592113,True,28
169585,0,0.04643136094281619,3191.5,14.495025214665395,29.95418807774875,1145.5,5.199672890827314,True,28
300161,0,0.04643136094281619,3191.5,14.495025214665395,29.95418807774875,1145.5,5.199672890827314,True,28
19282,0,0.045751000976010925,3203.0,14.547271818636137,6.359389135665519,3149.0,14.301939939121349,True,28
366466,0,0.043417543086606156,3270.5,14.853936668029622,2.387964869763339,3825.5,17.375403207487164,True,28
387322,0,0.043417543086606156,3270.5,14.853936668029622,2.387964869763339,3825.5,17.375403207487164,True,28
180799,0,0.042942392369467244,3277.0,14.883467357230476,4.423066414055127,3407.0,15.474081141247558,True,28
226529,0,0.03976642899324918,3329.0,15.119712870837308,1.5793052162383705,4051.0,18.399890963609103,True,28
217967,0,0.0384912968131995,3341.5,15.176502657762027,1.289698712596757,4341.5,19.719685611739585,True,28
252333,0,0.0384912968131995,3341.5,15.176502657762027,1.289698712596757,4341.5,19.719685611739585,True,28
325728,0,0.03427909921999,3427.5,15.567216391804099,13.985872481755917,2089.5,9.488437599382127,True,28
81812,0,0.03427909921999,3427.5,15.567216391804099,13.985872481755917,2089.5,9.488437599382127,True,28
129481,0,0.03427909921999,3427.5,15.567216391804099,13.985872481755917,2089.5,9.488437599382127,True,28
373059,0,0.03427909921999,3427.5,15.567216391804099,13.985872481755917,2089.5,9.488437599382127,True,28
280644,0,0.03427909921999,3427.5,15.567216391804099,13.985872481755917,2089.5,9.488437599382127,True,28
28699,0,0.03427909921999,3427.5,15.567216391804099,13.985872481755917,2089.5,9.488437599382127,True,28
370557,0,0.03427909921999,3427.5,15.567216391804099,13.985872481755917,2089.5,9.488437599382127,True,28
280635,0,0.03427909921999,3427.5,15.567216391804099,13.985872481755917,2089.5,9.488437599382127,True,28
361535,0,0.03427909921999,3427.5,15.567216391804099,13.985872481755917,2089.5,9.488437599382127,True,28
291024,0,0.03427909921999,3427.5,15.567216391804099,13.985872481755917,2089.5,9.488437599382127,True,28
205601,0,0.03373951559243425,3475.5,15.78528917359502,0.20472621347393874,5451.5,24.762618690654673,True,28
21988,0,0.03373951559243425,3475.5,15.78528917359502,0.20472621347393874,5451.5,24.762618690654673,True,28
271356,0,0.032594955632767625,3495.0,15.873881241197584,0.1303798225310705,5712.0,25.946117850165827,True,28
284430,0,0.03151629506698227,3529.5,16.030621053109808,16.483022320031726,1891.5,8.58888737449457,True,28
84061,0,0.03151629506698227,3529.5,16.030621053109808,16.483022320031726,1891.5,8.58888737449457,True,28
156327,0,0.030161509488365868,3575.5,16.239607468992777,18.114603234417316,1774.5,8.057334968879196,True,28
313918,0,0.030161509488365868,3575.5,16.239607468992777,18.114603234417316,1774.5,8.057334968879196,True,28
175203,0,0.030161509488365868,3575.5,16.239607468992777,18.114603234417316,1774.5,8.057334968879196,True,28
370266,0,0.030161509488365868,3575.5,16.239607468992777,18.114603234417316,1774.5,8.057334968879196,True,28
184794,0,0.030161509488365868,3575.5,16.239607468992777,18.114603234417316,1774.5,8.057334968879196,True,28
142467,0,0.030161509488365868,3575.5,16.239607468992777,18.114603234417316,1774.5,8.057334968879196,True,28
74393,0,0.030128738833949373,3580.0,16.260051792285676,18.107393690445686,1779.0,8.077779292172096,True,28
167532,0,0.030128738833949373,3580.0,16.260051792285676,18.107393690445686,1779.0,8.077779292172096,True,28
231532,0,0.030128738833949373,3580.0,16.260051792285676,18.107393690445686,1779.0,8.077779292172096,True,28
39695,0,0.029696555184941773,3598.0,16.34182908545727,21.559699064267726,1562.0,7.091908591158966,True,28
289577,0,0.029696555184941773,3598.0,16.34182908545727,21.559699064267726,1562.0,7.091908591158966,True,28
168411,0,0.029696555184941773,3598.0,16.34182908545727,21.559699064267726,1562.0,7.091908591158966,True,28
9213,0,0.029696555184941773,3598.0,16.34182908545727,21.559699064267726,1562.0,7.091908591158966,True,28
164867,0,0.029696555184941773,3598.0,16.34182908545727,21.559699064267726,1562.0,7.091908591158966,True,28
28764,0,0.029696555184941773,3598.0,16.34182908545727,21.559699064267726,1562.0,7.091908591158966,True,28
348891,0,0.029696555184941773,3598.0,16.34182908545727,21.559699064267726,1562.0,7.091908591158966,True,28
244740,0,0.029696555184941773,3598.0,16.34182908545727,21.559699064267726,1562.0,7.091908591158966,True,28
362480,0,0.029696555184941773,3598.0,16.34182908545727,21.559699064267726,1562.0,7.091908591158966,True,28
179100,0,0.029696555184941773,3598.0,16.34182908545727,21.559699064267726,1562.0,7.091908591158966,True,28
174666,0,0.029696555184941773,3598.0,16.34182908545727,21.559699064267726,1562.0,7.091908591158966,True,28
138134,0,0.029696555184941773,3598.0,16.34182908545727,21.559699064267726,1562.0,7.091908591158966,True,28
96909,0,0.029696555184941773,3598.0,16.34182908545727,21.559699064267726,1562.0,7.091908591158966,True,28
86981,0,0.029696555184941773,3598.0,16.34182908545727,21.559699064267726,1562.0,7.091908591158966,True,28
185471,0,0.029696555184941773,3598.0,16.34182908545727,21.559699064267726,1562.0,7.091908591158966,True,28
150853,0,0.029696555184941773,3598.0,16.34182908545727,21.559699064267726,1562.0,7.091908591158966,True,28
183095,0,0.029696555184941773,3598.0,16.34182908545727,21.559699064267726,1562.0,7.091908591158966,True,28
333612,0,0.029696555184941773,3598.0,16.34182908545727,21.559699064267726,1562.0,7.091908591158966,True,28
23027,0,0.029696555184941773,3598.0,16.34182908545727,21.559699064267726,1562.0,7.091908591158966,True,28
29343,0,0.029696555184941773,3598.0,16.34182908545727,21.559699064267726,1562.0,7.091908591158966,True,28
11229,0,0.029696555184941773,3598.0,16.34182908545727,21.559699064267726,1562.0,7.091908591158966,True,28
60820,0,0.02798876731040411,3663.5,16.6394075689428,11.419417062644875,2320.5,10.537912861750943,True,28
251149,0,0.02798876731040411,3663.5,16.6394075689428,11.419417062644875,2320.5,10.537912861750943,True,28
22380,0,0.02798876731040411,3663.5,16.6394075689428,11.419417062644875,2320.5,10.537912861750943,True,28
153063,0,0.02798876731040411,3663.5,16.6394075689428,11.419417062644875,2320.5,10.537912861750943,True,28
189635,0,0.02798876731040411,3663.5,16.6394075689428,11.419417062644875,2320.5,10.537912861750943,True,28
3098,0,0.02798876731040411,3663.5,16.6394075689428,11.419417062644875,2320.5,10.537912861750943,True,28
108123,0,0.02798876731040411,3663.5,16.6394075689428,11.419417062644875,2320.5,10.537912861750943,True,28
157173,0,0.02798876731040411,3663.5,16.6394075689428,11.419417062644875,2320.5,10.537912861750943,True,28
15865,0,0.02798876731040411,3663.5,16.6394075689428,11.419417062644875,2320.5,10.537912861750943,True,28
289978,0,0.02798876731040411,3663.5,16.6394075689428,11.419417062644875,2320.5,10.537912861750943,True,28
27169,0,0.02798876731040411,3663.5,16.6394075689428,11.419417062644875,2320.5,10.537912861750943,True,28
158108,0,0.02798876731040411,3663.5,16.6394075689428,11.419417062644875,2320.5,10.537912861750943,True,28
300716,0,0.02798876731040411,3663.5,16.6394075689428,11.419417062644875,2320.5,10.537912861750943,True,28
374499,0,0.02798876731040411,3663.5,16.6394075689428,11.419417062644875,2320.5,10.537912861750943,True,28
97135,0,0.02798876731040411,3663.5,16.6394075689428,11.419417062644875,2320.5,10.537912861750943,True,28
301246,0,0.02798876731040411,3663.5,16.6394075689428,11.419417062644875,2320.5,10.537912861750943,True,28
5964,0,0.02798876731040411,3663.5,16.6394075689428,11.419417062644875,2320.5,10.537912861750943,True,28
178825,0,0.02798876731040411,3663.5,16.6394075689428,11.419417062644875,2320.5,10.537912861750943,True,28
329131,0,0.02798876731040411,3663.5,16.6394075689428,11.419417062644875,2320.5,10.537912861750943,True,28
391848,0,0.02798876731040411,3663.5,16.6394075689428,11.419417062644875,2320.5,10.537912861750943,True,28
269512,0,0.02798876731040411,3663.5,16.6394075689428,11.419417062644875,2320.5,10.537912861750943,True,28
222324,0,0.02798876731040411,3663.5,16.6394075689428,11.419417062644875,2320.5,10.537912861750943,True,28
397367,0,0.02798876731040411,3663.5,16.6394075689428,11.419417062644875,2320.5,10.537912861750943,True,28
271156,0,0.02798876731040411,3663.5,16.6394075689428,11.419417062644875,2320.5,10.537912861750943,True,28
218231,0,0.02798876731040411,3663.5,16.6394075689428,11.419417062644875,2320.5,10.537912861750943,True,28
103113,0,0.02798876731040411,3663.5,16.6394075689428,11.419417062644875,2320.5,10.537912861750943,True,28
124180,0,0.02798876731040411,3663.5,16.6394075689428,11.419417062644875,2320.5,10.537912861750943,True,28
132408,0,0.02798876731040411,3663.5,16.6394075689428,11.419417062644875,2320.5,10.537912861750943,True,28
68155,0,0.02798876731040411,3663.5,16.6394075689428,11.419417062644875,2320.5,10.537912861750943,True,28
61836,0,0.02798876731040411,3663.5,16.6394075689428,11.419417062644875,2320.5,10.537912861750943,True,28
335349,0,0.02798876731040411,3663.5,16.6394075689428,11.419417062644875,2320.5,10.537912861750943,True,28
300752,0,0.02798876731040411,3663.5,16.6394075689428,11.419417062644875,2320.5,10.537912861750943,True,28
33592,0,0.02745329482450803,3724.5,16.91654172913543,2.717639556306013,3755.5,17.057380400708738,True,28
349549,0,0.02745329482450803,3724.5,16.91654172913543,2.717639556306013,3755.5,17.057380400708738,True,28
247144,0,0.025994282857875483,3792.0,17.223206578528917,0.07801248220956648,6013.0,27.313615919313072,True,28
235595,0,0.025500975763644816,3800.0,17.25955204216074,18.84524910370385,1743.0,7.914224705828904,True,28
202055,0,0.025500956886036773,3801.5,17.266366816591706,18.845207138781173,1744.5,7.9210394802598705,True,28
204160,0,0.025500956886036773,3801.5,17.266366816591706,18.845207138781173,1744.5,7.9210394802598705,True,28
7179,0,0.02487339862340271,3843.0,17.45490890918177,2.690565571339291,3769.0,17.118713370587432,True,28
343602,0,0.024488450191470865,3861.0,17.53668620235337,2.7143707983085745,3757.0,17.0641951751397,True,28
193537,0,0.024247135773836487,3877.0,17.60937712961701,17.603420571805287,1828.0,8.300395256916996,True,28
277060,0,0.02420237542059264,3878.0,17.613920312570986,1.9884128866014055,3896.0,17.695697605742584,True,28
186331,0,0.024030639520537637,3886.0,17.650265776202808,1.5945072103108708,4047.0,18.381718231793194,True,28
128637,0,0.022827458557960287,3932.0,17.859252192085776,13.69673712667746,2128.0,9.663350143110263,True,28
237485,0,0.02240531639281169,3969.0,18.027349961382946,0.873807339319656,4576.0,20.785062014447323,True,28
358762,0,0.020821459521336797,4145.0,18.826950161282994,15.387081459905485,1991.0,9.040934078415338,True,28
291662,0,0.020821459521336797,4145.0,18.826950161282994,15.387081459905485,1991.0,9.040934078415338,True,28
82353,0,0.020821459521336797,4145.0,18.826950161282994,15.387081459905485,1991.0,9.040934078415338,True,28
136104,0,0.020821459521336797,4145.0,18.826950161282994,15.387081459905485,1991.0,9.040934078415338,True,28
289592,0,0.020821459521336797,4145.0,18.826950161282994,15.387081459905485,1991.0,9.040934078415338,True,28
197890,0,0.020821459521336797,4145.0,18.826950161282994,15.387081459905485,1991.0,9.040934078415338,True,28
375650,0,0.020821459521336797,4145.0,18.826950161282994,15.387081459905485,1991.0,9.040934078415338,True,28
158059,0,0.020821459521336797,4145.0,18.826950161282994,15.387081459905485,1991.0,9.040934078415338,True,28
156391,0,0.020821459521336797,4145.0,18.826950161282994,15.387081459905485,1991.0,9.040934078415338,True,28
307351,0,0.020821459521336797,4145.0,18.826950161282994,15.387081459905485,1991.0,9.040934078415338,True,28
9746,0,0.020821459521336797,4145.0,18.826950161282994,15.387081459905485,1991.0,9.040934078415338,True,28
255552,0,0.020821459521336797,4145.0,18.826950161282994,15.387081459905485,1991.0,9.040934078415338,True,28
133805,0,0.020821459521336797,4145.0,18.826950161282994,15.387081459905485,1991.0,9.040934078415338,True,28
192051,0,0.020821459521336797,4145.0,18.826950161282994,15.387081459905485,1991.0,9.040934078415338,True,28
79079,0,0.020821459521336797,4145.0,18.826950161282994,15.387081459905485,1991.0,9.040934078415338,True,28
39079,0,0.020330584703028128,4161.0,18.899641088546637,0.7750690492189964,4625.0,21.007677979192223,True,28
90961,0,0.01806941033571165,4257.0,19.33578665212848,13.326728357769635,2174.0,9.872336558993231,True,28
225654,0,0.01806941033571165,4257.0,19.33578665212848,13.326728357769635,2174.0,9.872336558993231,True,28
280601,0,0.01806941033571165,4257.0,19.33578665212848,13.326728357769635,2174.0,9.872336558993231,True,28
273617,0,0.01806941033571165,4257.0,19.33578665212848,13.326728357769635,2174.0,9.872336558993231,True,28
202485,0,0.01806941033571165,4257.0,19.33578665212848,13.326728357769635,2174.0,9.872336558993231,True,28
398995,0,0.01806941033571165,4257.0,19.33578665212848,13.326728357769635,2174.0,9.872336558993231,True,28
8352,0,0.01806941033571165,4257.0,19.33578665212848,13.326728357769635,2174.0,9.872336558993231,True,28
201092,0,0.017625793253382694,4280.0,19.440279860069964,0.8363348586782208,4581.0,20.80777792921721,True,28
75319,0,0.017625793253382694,4280.0,19.440279860069964,0.8363348586782208,4581.0,20.80777792921721,True,28
367614,0,0.017625793253382694,4280.0,19.440279860069964,0.8363348586782208,4581.0,20.80777792921721,True,28
202449,0,0.017442037776050436,4284.0,19.458452591885877,0.1395363022084035,5655.0,25.687156421789105,True,28
340823,0,0.014258118987885761,4512.0,20.494298305392757,11.078558453587238,2392.0,10.862750442960339,True,28
361230,0,0.014258118987885761,4512.0,20.494298305392757,11.078558453587238,2392.0,10.862750442960339,True,28
224258,0,0.014258118987885761,4512.0,20.494298305392757,11.078558453587238,2392.0,10.862750442960339,True,28
347333,0,0.014258118987885761,4512.0,20.494298305392757,11.078558453587238,2392.0,10.862750442960339,True,28
285862,0,0.014258118987885761,4512.0,20.494298305392757,11.078558453587238,2392.0,10.862750442960339,True,28
207378,0,0.014258118987885761,4512.0,20.494298305392757,11.078558453587238,2392.0,10.862750442960339,True,28
16881,0,0.014258118987885761,4512.0,20.494298305392757,11.078558453587238,2392.0,10.862750442960339,True,28
89410,0,0.014258118987885761,4512.0,20.494298305392757,11.078558453587238,2392.0,10.862750442960339,True,28
368041,0,0.014258118987885761,4512.0,20.494298305392757,11.078558453587238,2392.0,10.862750442960339,True,28
257504,0,0.014258118987885761,4512.0,20.494298305392757,11.078558453587238,2392.0,10.862750442960339,True,28
128755,0,0.014258118987885761,4512.0,20.494298305392757,11.078558453587238,2392.0,10.862750442960339,True,28
207308,0,0.014258118987885761,4512.0,20.494298305392757,11.078558453587238,2392.0,10.862750442960339,True,28
384579,0,0.014258118987885761,4512.0,20.494298305392757,11.078558453587238,2392.0,10.862750442960339,True,28
248010,0,0.014258118987885761,4512.0,20.494298305392757,11.078558453587238,2392.0,10.862750442960339,True,28
355215,0,0.014258118987885761,4512.0,20.494298305392757,11.078558453587238,2392.0,10.862750442960339,True,28
226276,0,0.014258118987885761,4512.0,20.494298305392757,11.078558453587238,2392.0,10.862750442960339,True,28
114840,0,0.014258118987885761,4512.0,20.494298305392757,11.078558453587238,2392.0,10.862750442960339,True,28
46207,0,0.014258118987885761,4512.0,20.494298305392757,11.078558453587238,2392.0,10.862750442960339,True,28
248935,0,0.014258118987885761,4512.0,20.494298305392757,11.078558453587238,2392.0,10.862750442960339,True,28
99513,0,0.014258118987885761,4512.0,20.494298305392757,11.078558453587238,2392.0,10.862750442960339,True,28
205722,0,0.014258118987885761,4512.0,20.494298305392757,11.078558453587238,2392.0,10.862750442960339,True,28
145167,0,0.014258118987885761,4512.0,20.494298305392757,11.078558453587238,2392.0,10.862750442960339,True,28
362459,0,0.014258118987885761,4512.0,20.494298305392757,11.078558453587238,2392.0,10.862750442960339,True,28
240106,0,0.014258118987885761,4512.0,20.494298305392757,11.078558453587238,2392.0,10.862750442960339,True,28
131801,0,0.014258118987885761,4512.0,20.494298305392757,11.078558453587238,2392.0,10.862750442960339,True,28
126199,0,0.014258118987885761,4512.0,20.494298305392757,11.078558453587238,2392.0,10.862750442960339,True,28
256479,0,0.014258118987885761,4512.0,20.494298305392757,11.078558453587238,2392.0,10.862750442960339,True,28
195889,0,0.014258118987885761,4512.0,20.494298305392757,11.078558453587238,2392.0,10.862750442960339,True,28
309569,0,0.014258118987885761,4512.0,20.494298305392757,11.078558453587238,2392.0,10.862750442960339,True,28
348515,0,0.014258118987885761,4512.0,20.494298305392757,11.078558453587238,2392.0,10.862750442960339,True,28
386913,0,0.014258118987885761,4512.0,20.494298305392757,11.078558453587238,2392.0,10.862750442960339,True,28
319462,0,0.014258118987885761,4512.0,20.494298305392757,11.078558453587238,2392.0,10.862750442960339,True,28
284168,0,0.014258118987885761,4512.0,20.494298305392757,11.078558453587238,2392.0,10.862750442960339,True,28
239530,0,0.014258118987885761,4512.0,20.494298305392757,11.078558453587238,2392.0,10.862750442960339,True,28
108432,0,0.014258118987885761,4512.0,20.494298305392757,11.078558453587238,2392.0,10.862750442960339,True,28
373756,0,0.014258118987885761,4512.0,20.494298305392757,11.078558453587238,2392.0,10.862750442960339,True,28
340169,0,0.014258118987885761,4512.0,20.494298305392757,11.078558453587238,2392.0,10.862750442960339,True,28
269966,0,0.014258118987885761,4512.0,20.494298305392757,11.078558453587238,2392.0,10.862750442960339,True,28
91599,0,0.014258118987885761,4512.0,20.494298305392757,11.078558453587238,2392.0,10.862750442960339,True,28
306795,0,0.01377363483914713,4582.0,20.812321112171187,0.5231086806500651,4824.0,21.911771387033756,True,28
296160,0,0.013286693236646345,4615.5,20.964517741129434,0.9779859723373079,4485.5,20.373903957112354,True,28
32559,0,0.013286693236646345,4615.5,20.964517741129434,0.9779859723373079,4485.5,20.373903957112354,True,28
30645,0,0.012084841579345942,4663.5,21.182590522920357,9.053138413941637,2767.5,12.56871564217891,True,28
20465,0,0.012084841579345942,4663.5,21.182590522920357,9.053138413941637,2767.5,12.56871564217891,True,28
74823,0,0.011641705404069412,4681.0,21.262096224614965,9.045605098961936,2769.0,12.575530416609876,True,28
199321,0,0.010682442323159527,4738.0,21.521057652991686,0.9078596791333949,4557.0,20.698741538321748,True,28
273786,0,0.010682442323159527,4738.0,21.521057652991686,0.9078596791333949,4557.0,20.698741538321748,True,28
378955,0,0.010682442323159527,4738.0,21.521057652991686,0.9078596791333949,4557.0,20.698741538321748,True,28
120038,0,0.010682442323159527,4738.0,21.521057652991686,0.9078596791333949,4557.0,20.698741538321748,True,28
360986,0,0.010682442323159527,4738.0,21.521057652991686,0.9078596791333949,4557.0,20.698741538321748,True,28
128011,0,0.010682442323159527,4738.0,21.521057652991686,0.9078596791333949,4557.0,20.698741538321748,True,28
48682,0,0.010682442323159527,4738.0,21.521057652991686,0.9078596791333949,4557.0,20.698741538321748,True,28
200262,0,0.010154651416526028,4764.5,21.641452001272093,0.8936093246542904,4564.5,20.73281541047658,True,28
7193,0,0.010154651416526028,4764.5,21.641452001272093,0.8936093246542904,4564.5,20.73281541047658,True,28
110786,0,0.010154651416526028,4764.5,21.641452001272093,0.8936093246542904,4564.5,20.73281541047658,True,28
94212,0,0.010154651416526028,4764.5,21.641452001272093,0.8936093246542904,4564.5,20.73281541047658,True,28
293211,0,0.008886335375259333,4829.5,21.936758893280633,0.5670693063550949,4796.5,21.786833855799372,True,28
227061,0,0.008886335375259333,4829.5,21.936758893280633,0.5670693063550949,4796.5,21.786833855799372,True,28
188537,0,0.008719757524206586,4836.0,21.966289582481487,0.44413038502350943,4935.0,22.416064694925264,True,28
235277,0,0.0076708877481799715,4901.0,22.261596474490027,0.1534177549635994,5599.0,25.432738176366364,True,28
254224,0,0.007162924502752075,4955.0,22.506928354004817,0.6528053825617696,4725.0,21.46199627458998,True,28
359161,0,0.007162924502752075,4955.0,22.506928354004817,0.6528053825617696,4725.0,21.46199627458998,True,28
274210,0,0.007162924502752075,4955.0,22.506928354004817,0.6528053825617696,4725.0,21.46199627458998,True,28
174051,0,0.007162924502752075,4955.0,22.506928354004817,0.6528053825617696,4725.0,21.46199627458998,True,28
130207,0,0.007162924502752075,4955.0,22.506928354004817,0.6528053825617696,4725.0,21.46199627458998,True,28
363037,0,0.007162924502752075,4955.0,22.506928354004817,0.6528053825617696,4725.0,21.46199627458998,True,28
396204,0,0.007162924502752075,4955.0,22.506928354004817,0.6528053825617696,4725.0,21.46199627458998,True,28
252441,0,0.007162924502752075,4955.0,22.506928354004817,0.6528053825617696,4725.0,21.46199627458998,True,28
272873,0,0.007162924502752075,4955.0,22.506928354004817,0.6528053825617696,4725.0,21.46199627458998,True,28
226746,0,0.0070398764234255815,4972.0,22.584162464222434,1.194216458347007,4393.0,19.95365953386943,True,28
150596,0,0.006917863142771903,4980.0,22.620507927854256,0.22137162056870088,5439.0,24.70582890372995,True,28
177041,0,0.006649486362659731,5001.0,22.71591476988778,0.4920619908368201,4844.0,22.00263504611331,True,28
52358,0,0.006252965122055547,5044.0,22.91127163690882,0.3001423258586663,5276.0,23.96529008223161,True,28
277915,0,0.006252965122055547,5044.0,22.91127163690882,0.3001423258586663,5276.0,23.96529008223161,True,28
114218,0,0.006252965122055547,5044.0,22.91127163690882,0.3001423258586663,5276.0,23.96529008223161,True,28
101335,0,0.006252965122055547,5044.0,22.91127163690882,0.3001423258586663,5276.0,23.96529008223161,True,28
50128,0,0.006252965122055547,5044.0,22.91127163690882,0.3001423258586663,5276.0,23.96529008223161,True,28
216370,0,0.006252965122055547,5044.0,22.91127163690882,0.3001423258586663,5276.0,23.96529008223161,True,28
119309,0,0.006252965122055547,5044.0,22.91127163690882,0.3001423258586663,5276.0,23.96529008223161,True,28
327412,0,0.006157874292911008,5055.0,22.96124664940257,0.33252521181719447,5165.0,23.460996774340103,True,28
292745,0,0.006157874292911008,5055.0,22.96124664940257,0.33252521181719447,5165.0,23.460996774340103,True,28
282692,0,0.006157874292911008,5055.0,22.96124664940257,0.33252521181719447,5165.0,23.460996774340103,True,28
22952,0,0.0052362853110669745,5173.0,23.497342237971925,0.6941264732591166,4676.0,21.239380309845078,True,28
103593,0,0.005171549139193504,5175.0,23.50642860387988,0.21203351470693366,5448.0,24.74671755031575,True,28
25066,0,0.00505451258057956,5177.0,23.515514969787834,0.6554755894938598,4720.0,21.43928035982009,True,28
322404,0,0.005016672288281794,5195.5,23.59956385443642,0.6471507251883515,4733.5,21.500613329698787,True,28
105510,0,0.005016672288281794,5195.5,23.59956385443642,0.6471507251883515,4733.5,21.500613329698787,True,28
255094,0,0.0049703463637061586,5222.0,23.719958202716825,0.04970346363706159,6300.0,28.61750942710463,True,28
249122,0,0.0049703463637061586,5222.0,23.719958202716825,0.04970346363706159,6300.0,28.61750942710463,True,28
332919,0,0.0049703463637061586,5222.0,23.719958202716825,0.04970346363706159,6300.0,28.61750942710463,True,28
57695,0,0.0049703463637061586,5222.0,23.719958202716825,0.04970346363706159,6300.0,28.61750942710463,True,28
289639,0,0.0049703463637061586,5222.0,23.719958202716825,0.04970346363706159,6300.0,28.61750942710463,True,28
203950,0,0.004881763238852678,5231.5,23.76311844077961,0.151334660404433,5617.5,25.51678706101495,True,28
242288,0,0.004881763238852678,5231.5,23.76311844077961,0.151334660404433,5617.5,25.51678706101495,True,28
99310,0,0.004881763238852678,5231.5,23.76311844077961,0.151334660404433,5617.5,25.51678706101495,True,28
267835,0,0.004881763238852678,5231.5,23.76311844077961,0.151334660404433,5617.5,25.51678706101495,True,28
44520,0,0.00437524081449796,5330.0,24.210621961746398,0.14000770606393473,5647.0,25.650810958157287,True,28
241067,0,0.004344578992598103,5333.5,24.22652310208532,0.5604786417720283,4800.5,21.805006587615285,True,28
321103,0,0.004344578992598103,5333.5,24.22652310208532,0.5604786417720283,4800.5,21.805006587615285,True,28
118930,0,0.004058286225495054,5443.0,24.724001635545864,0.04061697233580769,6421.0,29.167234564535914,True,28
379369,0,0.004058270811992658,5444.5,24.73081640997683,0.040582708119932656,6423.5,29.17859252192086,True,28
390649,0,0.004058270811992658,5444.5,24.73081640997683,0.040582708119932656,6423.5,29.17859252192086,True,28
147642,0,0.0038859095844270466,5483.5,24.908000545181956,0.5013073371756682,4835.5,21.964017991004496,True,28
308417,0,0.0038859095844270466,5483.5,24.908000545181956,0.5013073371756682,4835.5,21.964017991004496,True,28
81673,0,0.003794549391282686,5492.5,24.94888919176775,0.17683869448651754,5516.5,25.057925582663213,True,28
275117,0,0.003794549391282686,5492.5,24.94888919176775,0.17683869448651754,5516.5,25.057925582663213,True,28
243522,0,0.003794549391282686,5492.5,24.94888919176775,0.17683869448651754,5516.5,25.057925582663213,True,28
189431,0,0.003794549391282686,5492.5,24.94888919176775,0.17683869448651754,5516.5,25.057925582663213,True,28
293659,0,0.003767098999360288,5497.0,24.96933351506065,0.35787440493922734,5073.0,23.043023942574166,True,28
300920,0,0.003767098999360288,5497.0,24.96933351506065,0.35787440493922734,5073.0,23.043023942574166,True,28
307934,0,0.003767098999360288,5497.0,24.96933351506065,0.35787440493922734,5073.0,23.043023942574166,True,28
90621,0,0.0036548255425976114,5533.0,25.132888101403843,0.10598994073533075,5811.0,26.395892962609604,True,28
87579,0,0.003360797916602526,5568.0,25.291899504793058,0.26214223749499704,5322.0,24.17427649811458,True,28
268792,0,0.0026874260220061076,5678.0,25.79164962973059,0.11041129232992286,5786.0,26.282313388760166,True,28
196660,0,0.002520277778936118,5742.0,26.082413338785152,1.3609500006255035,4174.0,18.958702466948345,True,28
260301,0,0.002520277778936118,5742.0,26.082413338785152,1.3609500006255035,4174.0,18.958702466948345,True,28
181884,0,0.002520277778936118,5742.0,26.082413338785152,1.3609500006255035,4174.0,18.958702466948345,True,28
23810,0,0.002520277778936118,5742.0,26.082413338785152,1.3609500006255035,4174.0,18.958702466948345,True,28
165273,0,0.002520277778936118,5742.0,26.082413338785152,1.3609500006255035,4174.0,18.958702466948345,True,28
293273,0,0.002520277778936118,5742.0,26.082413338785152,1.3609500006255035,4174.0,18.958702466948345,True,28
215939,0,0.002520277778936118,5742.0,26.082413338785152,1.3609500006255035,4174.0,18.958702466948345,True,28
156982,0,0.002520277778936118,5742.0,26.082413338785152,1.3609500006255035,4174.0,18.958702466948345,True,28
230979,0,0.002520277778936118,5742.0,26.082413338785152,1.3609500006255035,4174.0,18.958702466948345,True,28
327986,0,0.002520277778936118,5742.0,26.082413338785152,1.3609500006255035,4174.0,18.958702466948345,True,28
118809,0,0.002520277778936118,5742.0,26.082413338785152,1.3609500006255035,4174.0,18.958702466948345,True,28
203651,0,0.002520277778936118,5742.0,26.082413338785152,1.3609500006255035,4174.0,18.958702466948345,True,28
300753,0,0.002520277778936118,5742.0,26.082413338785152,1.3609500006255035,4174.0,18.958702466948345,True,28
243354,0,0.002520277778936118,5742.0,26.082413338785152,1.3609500006255035,4174.0,18.958702466948345,True,28
386776,0,0.002520277778936118,5742.0,26.082413338785152,1.3609500006255035,4174.0,18.958702466948345,True,28
328121,0,0.002520277778936118,5742.0,26.082413338785152,1.3609500006255035,4174.0,18.958702466948345,True,28
361116,0,0.002520277778936118,5742.0,26.082413338785152,1.3609500006255035,4174.0,18.958702466948345,True,28
32367,0,0.002520277778936118,5742.0,26.082413338785152,1.3609500006255035,4174.0,18.958702466948345,True,28
237234,0,0.002520277778936118,5742.0,26.082413338785152,1.3609500006255035,4174.0,18.958702466948345,True,28
255827,0,0.002520277778936118,5742.0,26.082413338785152,1.3609500006255035,4174.0,18.958702466948345,True,28
360451,0,0.002520277778936118,5742.0,26.082413338785152,1.3609500006255035,4174.0,18.958702466948345,True,28
225267,0,0.002520277778936118,5742.0,26.082413338785152,1.3609500006255035,4174.0,18.958702466948345,True,28
101557,0,0.002520277778936118,5742.0,26.082413338785152,1.3609500006255035,4174.0,18.958702466948345,True,28
21649,0,0.002520277778936118,5742.0,26.082413338785152,1.3609500006255035,4174.0,18.958702466948345,True,28
367360,0,0.002520277778936118,5742.0,26.082413338785152,1.3609500006255035,4174.0,18.958702466948345,True,28
316890,0,0.002520277778936118,5742.0,26.082413338785152,1.3609500006255035,4174.0,18.958702466948345,True,28
363349,0,0.002520277778936118,5742.0,26.082413338785152,1.3609500006255035,4174.0,18.958702466948345,True,28
87172,0,0.002520277778936118,5742.0,26.082413338785152,1.3609500006255035,4174.0,18.958702466948345,True,28
110685,0,0.002520277778936118,5742.0,26.082413338785152,1.3609500006255035,4174.0,18.958702466948345,True,28
146007,0,0.002520277778936118,5742.0,26.082413338785152,1.3609500006255035,4174.0,18.958702466948345,True,28
53779,0,0.002520277778936118,5742.0,26.082413338785152,1.3609500006255035,4174.0,18.958702466948345,True,28
35991,0,0.002520277778936118,5742.0,26.082413338785152,1.3609500006255035,4174.0,18.958702466948345,True,28
387907,0,0.002520277778936118,5742.0,26.082413338785152,1.3609500006255035,4174.0,18.958702466948345,True,28
388574,0,0.002520277778936118,5742.0,26.082413338785152,1.3609500006255035,4174.0,18.958702466948345,True,28
396739,0,0.002520277778936118,5742.0,26.082413338785152,1.3609500006255035,4174.0,18.958702466948345,True,28
163234,0,0.002510242358197556,5760.0,26.16419063195675,0.03769531713151568,6464.0,29.36259143155695,True,28
67298,0,0.002371562144307886,5823.0,26.450411158057335,0.1920965336889388,5489.0,24.932988051428833,True,28
344593,0,0.002351114904010982,5832.5,26.49357139612012,0.13914470511663118,5658.5,25.703057562128027,True,28
204486,0,0.002351114904010982,5832.5,26.49357139612012,0.13914470511663118,5658.5,25.703057562128027,True,28
273304,0,0.002351114904010982,5832.5,26.49357139612012,0.13914470511663118,5658.5,25.703057562128027,True,28
151977,0,0.002351114904010982,5832.5,26.49357139612012,0.13914470511663118,5658.5,25.703057562128027,True,28
387800,0,0.002310828347403232,5840.0,26.527645268274952,0.034183452377814325,6560.0,29.798736995138793,True,28
14689,0,0.002282502268439449,5841.0,26.53218845122893,0.24194524045458163,5377.0,24.424151560583343,True,28
106166,0,0.002141467884214971,5869.5,26.66166916541729,0.3126543110953858,5194.5,23.59502067148244,True,28
382676,0,0.002141467884214971,5869.5,26.66166916541729,0.3126543110953858,5194.5,23.59502067148244,True,28
36273,0,0.002141467884214971,5869.5,26.66166916541729,0.3126543110953858,5194.5,23.59502067148244,True,28
178182,0,0.002141467884214971,5869.5,26.66166916541729,0.3126543110953858,5194.5,23.59502067148244,True,28
309046,0,0.002057813602991884,5885.5,26.734360092680934,1.1112452865401914,4411.5,20.037708418518015,True,28
139393,0,0.002057813602991884,5885.5,26.734360092680934,1.1112452865401914,4411.5,20.037708418518015,True,28
191385,0,0.002057813602991884,5885.5,26.734360092680934,1.1112452865401914,4411.5,20.037708418518015,True,28
121895,0,0.002057813602991884,5885.5,26.734360092680934,1.1112452865401914,4411.5,20.037708418518015,True,28
369352,0,0.0020496043027682567,5890.0,26.75480441597383,0.030778097554868888,6637.0,30.148562082595067,True,28
202367,0,0.0020496043027682567,5890.0,26.75480441597383,0.030778097554868888,6637.0,30.148562082595067,True,28
381523,0,0.0020496043027682567,5890.0,26.75480441597383,0.030778097554868888,6637.0,30.148562082595067,True,28
90870,0,0.0020496043027682567,5890.0,26.75480441597383,0.030778097554868888,6637.0,30.148562082595067,True,28
317992,0,0.0020496043027682567,5890.0,26.75480441597383,0.030778097554868888,6637.0,30.148562082595067,True,28
236394,0,0.0019472346126079485,5905.0,26.822952160283496,0.03894469225215897,6430.0,29.208123211121713,True,28
274335,0,0.0016139728320872118,6004.0,27.272727272727273,0.17108112020124447,5536.0,25.146517650265775,True,28
24227,0,0.0014651375535469243,6064.0,27.545318249965927,0.10695504140892548,5805.0,26.368633864885737,True,28
197393,0,0.0013626455637768846,6097.0,27.695243287447184,0.12945132877381635,5714.0,25.95520421607378,True,28
868,0,0.0011886510815330808,6202.0,28.17227749761483,0.09993593827521968,5869.0,26.659397573940304,True,28
25528,0,0.0011886510815330808,6202.0,28.17227749761483,0.09993593827521968,5869.0,26.659397573940304,True,28
150540,0,0.0011886510815330808,6202.0,28.17227749761483,0.09993593827521968,5869.0,26.659397573940304,True,28
139383,0,0.0011886510815330808,6202.0,28.17227749761483,0.09993593827521968,5869.0,26.659397573940304,True,28
179218,0,0.0011886510815330808,6202.0,28.17227749761483,0.09993593827521968,5869.0,26.659397573940304,True,28
66281,0,0.0011886510815330808,6202.0,28.17227749761483,0.09993593827521968,5869.0,26.659397573940304,True,28
341811,0,0.0011886510815330808,6202.0,28.17227749761483,0.09993593827521968,5869.0,26.659397573940304,True,28
285540,0,0.0011886510815330808,6202.0,28.17227749761483,0.09993593827521968,5869.0,26.659397573940304,True,28
89239,0,0.0011886510815330808,6202.0,28.17227749761483,0.09993593827521968,5869.0,26.659397573940304,True,28
107262,0,0.0011088417437286418,6272.0,28.49030030439326,0.06672468093680174,6159.0,27.976920630593796,True,28
237279,0,0.0010312607800188132,6317.0,28.69474353732225,0.01814556570263297,7075.0,32.13847621643723,True,28
205629,0,0.0009761905517689925,6374.0,28.953704965698968,0.02828726783163951,6711.0,30.484757621189406,True,28
273902,0,0.0009574457455269549,6380.0,28.980964063422835,0.016720757002040593,7106.0,32.27931488801054,True,28
307965,0,0.0009574457455269549,6380.0,28.980964063422835,0.016720757002040593,7106.0,32.27931488801054,True,28
241282,0,0.0009574457455269549,6380.0,28.980964063422835,0.016720757002040593,7106.0,32.27931488801054,True,28
377452,0,0.0009574457455269549,6380.0,28.980964063422835,0.016720757002040593,7106.0,32.27931488801054,True,28
388657,0,0.0009574457455269549,6380.0,28.980964063422835,0.016720757002040593,7106.0,32.27931488801054,True,28
213554,0,0.0006297405453447271,6590.0,29.93503248375812,0.027112444885100524,6757.0,30.693744037072374,True,28
46991,0,0.0006297405453447271,6590.0,29.93503248375812,0.027112444885100524,6757.0,30.693744037072374,True,28
39504,0,0.0006297405453447271,6590.0,29.93503248375812,0.027112444885100524,6757.0,30.693744037072374,True,28
49232,0,0.0006297251318423063,6597.5,29.969106355912952,0.027078180669219173,6768.5,30.745990641043115,True,28
164477,0,0.0006297251318423063,6597.5,29.969106355912952,0.027078180669219173,6768.5,30.745990641043115,True,28
216005,0,0.0006241219721754823,6601.0,29.985007496251875,0.013140501948015642,7253.0,32.94716278224524,True,28
365300,0,0.0005453713100615999,6681.0,30.348462132570077,0.023480066029202523,6900.0,31.343419199491162,True,28
124314,0,0.0005453713100615999,6681.0,30.348462132570077,0.023480066029202523,6900.0,31.343419199491162,True,28
30975,0,0.0005453713100615999,6681.0,30.348462132570077,0.023480066029202523,6900.0,31.343419199491162,True,28
249294,0,0.0005405055153877035,6689.5,30.38707918767889,0.011380012915082465,7382.5,33.53550497478533,True,28
74290,0,0.0005405055153877035,6689.5,30.38707918767889,0.011380012915082465,7382.5,33.53550497478533,True,28
168415,0,0.0005405055153877035,6689.5,30.38707918767889,0.011380012915082465,7382.5,33.53550497478533,True,28
115160,0,0.0005405055153877035,6689.5,30.38707918767889,0.011380012915082465,7382.5,33.53550497478533,True,28
268744,0,0.0005405055153877035,6689.5,30.38707918767889,0.011380012915082465,7382.5,33.53550497478533,True,28
72769,0,0.0005405055153877035,6689.5,30.38707918767889,0.011380012915082465,7382.5,33.53550497478533,True,28
322731,0,0.0005405055153877035,6689.5,30.38707918767889,0.011380012915082465,7382.5,33.53550497478533,True,28
99027,0,0.0005405055153877035,6689.5,30.38707918767889,0.011380012915082465,7382.5,33.53550497478533,True,28
251950,0,0.0005097210816634991,6707.0,30.466584889373497,0.012682565146811164,7282.0,33.07891508791059,True,28
103350,0,0.0004877949289103862,6732.0,30.580164463222935,0.02100120950301524,7012.0,31.85225569033665,True,28
107012,0,0.0004877949289103862,6732.0,30.580164463222935,0.02100120950301524,7012.0,31.85225569033665,True,28
118466,0,0.0004877949289103862,6732.0,30.580164463222935,0.02100120950301524,7012.0,31.85225569033665,True,28
249288,0,0.00043091619858808515,6792.5,30.855027031938576,0.019822145135051917,7033.5,31.949934123847168,True,28
29081,0,0.00043091619858808515,6792.5,30.855027031938576,0.019822145135051917,7033.5,31.949934123847168,True,28
214030,0,0.0004261691217480987,6798.5,30.882286129662443,0.02301313257439733,6914.5,31.409295352323838,True,28
186433,0,0.0004261691217480987,6798.5,30.882286129662443,0.02301313257439733,6914.5,31.409295352323838,True,28
399773,0,0.0003731977233641595,6861.0,31.166235064286038,0.01719615492585109,7085.0,32.18390804597701,True,28
378697,0,0.0003731977233641595,6861.0,31.166235064286038,0.01719615492585109,7085.0,32.18390804597701,True,28
79801,0,0.0003731977233641595,6861.0,31.166235064286038,0.01719615492585109,7085.0,32.18390804597701,True,28
166981,0,0.0003731843748795524,6863.5,31.177593021670983,0.017166481244482886,7089.5,32.20435236926991,True,28
329665,0,0.0003731843748795524,6863.5,31.177593021670983,0.017166481244482886,7089.5,32.20435236926991,True,28
375680,0,0.00034796563080429437,6878.5,31.245740765980646,0.018790144063431897,7059.5,32.06805688065058,True,28
367815,0,0.00034796563080429437,6878.5,31.245740765980646,0.018790144063431897,7059.5,32.06805688065058,True,28
97176,0,0.0003337981913962141,6907.5,31.377493071645993,0.015380708546351434,7142.5,32.44514106583072,True,28
350051,0,0.0003337981913962141,6907.5,31.377493071645993,0.015380708546351434,7142.5,32.44514106583072,True,28
48656,0,0.00031169859570253576,6930.0,31.47971468811049,0.02566104343783745,6851.0,31.120803234746262,True,28
350902,0,0.00028181970561292203,6956.0,31.597837444913907,0.021880995740054286,6953.0,31.584207896051975,True,28
272831,0,0.00028181970561292203,6956.0,31.597837444913907,0.021880995740054286,6953.0,31.584207896051975,True,28
67090,0,0.00028181970561292203,6956.0,31.597837444913907,0.021880995740054286,6953.0,31.584207896051975,True,28
337799,0,0.000254500837671094,6993.5,31.768206805688067,0.020952154230032136,7016.5,31.872700013629547,True,28
399634,0,0.000254500837671094,6993.5,31.768206805688067,0.020952154230032136,7016.5,31.872700013629547,True,28
216427,0,0.000254500837671094,6993.5,31.768206805688067,0.020952154230032136,7016.5,31.872700013629547,True,28
55063,0,0.000254500837671094,6993.5,31.768206805688067,0.020952154230032136,7016.5,31.872700013629547,True,28
229332,0,0.000254500837671094,6993.5,31.768206805688067,0.020952154230032136,7016.5,31.872700013629547,True,28
15291,0,0.000254500837671094,6993.5,31.768206805688067,0.020952154230032136,7016.5,31.872700013629547,True,28
207901,0,0.0001696107202672429,7257.0,32.96533551406115,0.06394324154075058,6170.0,28.026895643087546,True,28
360918,0,0.0001696107202672429,7257.0,32.96533551406115,0.06394324154075058,6170.0,28.026895643087546,True,28
269551,0,0.0001696107202672429,7257.0,32.96533551406115,0.06394324154075058,6170.0,28.026895643087546,True,28
351564,0,0.0001696107202672429,7257.0,32.96533551406115,0.06394324154075058,6170.0,28.026895643087546,True,28
314859,0,0.0001696107202672429,7257.0,32.96533551406115,0.06394324154075058,6170.0,28.026895643087546,True,28
288048,0,0.0001696107202672429,7257.0,32.96533551406115,0.06394324154075058,6170.0,28.026895643087546,True,28
382994,0,0.0001696107202672429,7257.0,32.96533551406115,0.06394324154075058,6170.0,28.026895643087546,True,28
392786,0,0.0001604080403694723,7285.0,33.09254463677252,0.005672438062495586,7994.0,36.31366135114261,True,28
111828,0,0.00014039475164849817,7386.5,33.55367770660124,0.0030886845362669596,8239.5,37.4290127663441,True,28
211145,0,0.00012159876997026429,7533.0,34.219254009358956,0.0027045529540773486,8279.0,37.608468493026216,True,28
370747,0,0.00012158542148560661,7539.0,34.24651310708282,0.0026748792726833453,8285.0,37.63572759075008,True,28
181306,0,0.00012158542148560661,7539.0,34.24651310708282,0.0026748792726833453,8285.0,37.63572759075008,True,28
312947,0,0.00012158542148560661,7539.0,34.24651310708282,0.0026748792726833453,8285.0,37.63572759075008,True,28
269986,0,0.00012158542148560661,7539.0,34.24651310708282,0.0026748792726833453,8285.0,37.63572759075008,True,28
113867,0,0.00012158542148560661,7539.0,34.24651310708282,0.0026748792726833453,8285.0,37.63572759075008,True,28
320962,0,0.00012158542148560661,7539.0,34.24651310708282,0.0026748792726833453,8285.0,37.63572759075008,True,28
181610,0,0.00012158542148560661,7539.0,34.24651310708282,0.0026748792726833453,8285.0,37.63572759075008,True,28
364101,0,0.00012158542148560661,7539.0,34.24651310708282,0.0026748792726833453,8285.0,37.63572759075008,True,28
321423,0,0.00012158542148560661,7539.0,34.24651310708282,0.0026748792726833453,8285.0,37.63572759075008,True,28
7131,0,0.00012158542148560661,7539.0,34.24651310708282,0.0026748792726833453,8285.0,37.63572759075008,True,28
13021,0,0.00012158542148560661,7539.0,34.24651310708282,0.0026748792726833453,8285.0,37.63572759075008,True,28
3063,0,7.984795022114955e-05,7719.5,35.066557630275774,0.013494303587374275,7233.5,32.85857071464268,True,28
213549,0,7.984795022114955e-05,7719.5,35.066557630275774,0.013494303587374275,7233.5,32.85857071464268,True,28
200797,0,7.984795022114955e-05,7719.5,35.066557630275774,0.013494303587374275,7233.5,32.85857071464268,True,28
385986,0,7.984795022114955e-05,7719.5,35.066557630275774,0.013494303587374275,7233.5,32.85857071464268,True,28
66536,0,7.984795022114955e-05,7719.5,35.066557630275774,0.013494303587374275,7233.5,32.85857071464268,True,28
128363,0,7.984795022114955e-05,7719.5,35.066557630275774,0.013494303587374275,7233.5,32.85857071464268,True,28
355089,0,7.984795022114955e-05,7719.5,35.066557630275774,0.013494303587374275,7233.5,32.85857071464268,True,28
380912,0,7.984795022114955e-05,7719.5,35.066557630275774,0.013494303587374275,7233.5,32.85857071464268,True,28
390650,0,7.984795022114955e-05,7719.5,35.066557630275774,0.013494303587374275,7233.5,32.85857071464268,True,28
223873,0,7.984795022114955e-05,7719.5,35.066557630275774,0.013494303587374275,7233.5,32.85857071464268,True,28
388527,0,6.91503533316308e-05,7807.0,35.464086138748804,0.011686409713045607,7357.0,33.41965380945891,True,28
11564,0,6.330654272010942e-05,7907.0,35.91840443414657,0.003976563919424571,8135.0,36.95425014765345,True,28
392751,0,6.330654272010942e-05,7907.0,35.91840443414657,0.003976563919424571,8135.0,36.95425014765345,True,28
258590,0,6.330654272010942e-05,7907.0,35.91840443414657,0.003976563919424571,8135.0,36.95425014765345,True,28
224843,0,6.330654272010942e-05,7907.0,35.91840443414657,0.003976563919424571,8135.0,36.95425014765345,True,28
117437,0,6.330654272010942e-05,7907.0,35.91840443414657,0.003976563919424571,8135.0,36.95425014765345,True,28
76964,0,6.186191048684943e-05,7912.0,35.94112034891645,0.010479187985846001,7461.0,33.89214483667257,True,28
121937,0,6.184997123921295e-05,7930.5,36.02516923356504,0.010452647038350138,7480.5,33.98073690427513,True,28
315963,0,6.184997123921295e-05,7930.5,36.02516923356504,0.010452647038350138,7480.5,33.98073690427513,True,28
38364,0,6.184997123921295e-05,7930.5,36.02516923356504,0.010452647038350138,7480.5,33.98073690427513,True,28
358714,0,6.184997123921295e-05,7930.5,36.02516923356504,0.010452647038350138,7480.5,33.98073690427513,True,28
174134,0,6.184997123921295e-05,7930.5,36.02516923356504,0.010452647038350138,7480.5,33.98073690427513,True,28
190858,0,6.184997123921295e-05,7930.5,36.02516923356504,0.010452647038350138,7480.5,33.98073690427513,True,28
329132,0,6.184997123921295e-05,7930.5,36.02516923356504,0.010452647038350138,7480.5,33.98073690427513,True,28
289640,0,6.184997123921295e-05,7930.5,36.02516923356504,0.010452647038350138,7480.5,33.98073690427513,True,28
64379,0,6.184997123921295e-05,7930.5,36.02516923356504,0.010452647038350138,7480.5,33.98073690427513,True,28
338131,0,6.184997123921295e-05,7930.5,36.02516923356504,0.010452647038350138,7480.5,33.98073690427513,True,28
229839,0,6.184997123921295e-05,7930.5,36.02516923356504,0.010452647038350138,7480.5,33.98073690427513,True,28
93551,0,6.184997123921295e-05,7930.5,36.02516923356504,0.010452647038350138,7480.5,33.98073690427513,True,28
266074,0,6.184997123921295e-05,7930.5,36.02516923356504,0.010452647038350138,7480.5,33.98073690427513,True,28
262203,0,6.184997123921295e-05,7930.5,36.02516923356504,0.010452647038350138,7480.5,33.98073690427513,True,28
299825,0,6.184997123921295e-05,7930.5,36.02516923356504,0.010452647038350138,7480.5,33.98073690427513,True,28
329478,0,6.184997123921295e-05,7930.5,36.02516923356504,0.010452647038350138,7480.5,33.98073690427513,True,28
195143,0,6.184997123921295e-05,7930.5,36.02516923356504,0.010452647038350138,7480.5,33.98073690427513,True,28
138946,0,6.184997123921295e-05,7930.5,36.02516923356504,0.010452647038350138,7480.5,33.98073690427513,True,28
208600,0,6.184997123921295e-05,7930.5,36.02516923356504,0.010452647038350138,7480.5,33.98073690427513,True,28
370462,0,6.184997123921295e-05,7930.5,36.02516923356504,0.010452647038350138,7480.5,33.98073690427513,True,28
149273,0,6.184997123921295e-05,7930.5,36.02516923356504,0.010452647038350138,7480.5,33.98073690427513,True,28
376595,0,6.184997123921295e-05,7930.5,36.02516923356504,0.010452647038350138,7480.5,33.98073690427513,True,28
349035,0,6.184997123921295e-05,7930.5,36.02516923356504,0.010452647038350138,7480.5,33.98073690427513,True,28
312089,0,6.184997123921295e-05,7930.5,36.02516923356504,0.010452647038350138,7480.5,33.98073690427513,True,28
301255,0,6.184997123921295e-05,7930.5,36.02516923356504,0.010452647038350138,7480.5,33.98073690427513,True,28
327506,0,6.184997123921295e-05,7930.5,36.02516923356504,0.010452647038350138,7480.5,33.98073690427513,True,28
175182,0,6.184997123921295e-05,7930.5,36.02516923356504,0.010452647038350138,7480.5,33.98073690427513,True,28
229134,0,6.184997123921295e-05,7930.5,36.02516923356504,0.010452647038350138,7480.5,33.98073690427513,True,28
390888,0,6.184997123921295e-05,7930.5,36.02516923356504,0.010452647038350138,7480.5,33.98073690427513,True,28
393883,0,6.184997123921295e-05,7930.5,36.02516923356504,0.010452647038350138,7480.5,33.98073690427513,True,28
356031,0,6.184997123921295e-05,7930.5,36.02516923356504,0.010452647038350138,7480.5,33.98073690427513,True,28
376767,0,6.184997123921295e-05,7930.5,36.02516923356504,0.010452647038350138,7480.5,33.98073690427513,True,28
259162,0,6.184997123921295e-05,7930.5,36.02516923356504,0.010452647038350138,7480.5,33.98073690427513,True,28
294875,0,6.184997123921295e-05,7930.5,36.02516923356504,0.010452647038350138,7480.5,33.98073690427513,True,28
3266,0,5.647193970668804e-05,8047.5,36.55672163918041,0.009566146073641637,7576.5,34.41688246785698,True,28
256501,0,5.647193970668804e-05,8047.5,36.55672163918041,0.009566146073641637,7576.5,34.41688246785698,True,28
341504,0,5.647193970668804e-05,8047.5,36.55672163918041,0.009566146073641637,7576.5,34.41688246785698,True,28
337472,0,5.647193970668804e-05,8047.5,36.55672163918041,0.009566146073641637,7576.5,34.41688246785698,True,28
119672,0,5.647193970668804e-05,8047.5,36.55672163918041,0.009566146073641637,7576.5,34.41688246785698,True,28
35324,0,5.647193970668804e-05,8047.5,36.55672163918041,0.009566146073641637,7576.5,34.41688246785698,True,28
843,0,5.647193970668804e-05,8047.5,36.55672163918041,0.009566146073641637,7576.5,34.41688246785698,True,28
316024,0,5.647193970668804e-05,8047.5,36.55672163918041,0.009566146073641637,7576.5,34.41688246785698,True,28
89968,0,5.647193970668804e-05,8047.5,36.55672163918041,0.009566146073641637,7576.5,34.41688246785698,True,28
198595,0,5.647193970668804e-05,8047.5,36.55672163918041,0.009566146073641637,7576.5,34.41688246785698,True,28
317844,0,5.647193970668804e-05,8047.5,36.55672163918041,0.009566146073641637,7576.5,34.41688246785698,True,28
38687,0,5.647193970668804e-05,8047.5,36.55672163918041,0.009566146073641637,7576.5,34.41688246785698,True,28
342637,0,5.647193970668804e-05,8047.5,36.55672163918041,0.009566146073641637,7576.5,34.41688246785698,True,28
144990,0,5.647193970668804e-05,8047.5,36.55672163918041,0.009566146073641637,7576.5,34.41688246785698,True,28
90226,0,5.6461040714604485e-05,8060.5,36.61578301758212,0.009541917614239896,7591.5,34.48503021216664,True,28
343452,0,5.6461040714604485e-05,8060.5,36.61578301758212,0.009541917614239896,7591.5,34.48503021216664,True,28
369540,0,5.6461040714604485e-05,8060.5,36.61578301758212,0.009541917614239896,7591.5,34.48503021216664,True,28
258088,0,5.6461040714604485e-05,8060.5,36.61578301758212,0.009541917614239896,7591.5,34.48503021216664,True,28
345310,0,5.6461040714604485e-05,8060.5,36.61578301758212,0.009541917614239896,7591.5,34.48503021216664,True,28
240921,0,5.6461040714604485e-05,8060.5,36.61578301758212,0.009541917614239896,7591.5,34.48503021216664,True,28
251721,0,5.6461040714604485e-05,8060.5,36.61578301758212,0.009541917614239896,7591.5,34.48503021216664,True,28
156667,0,5.6461040714604485e-05,8060.5,36.61578301758212,0.009541917614239896,7591.5,34.48503021216664,True,28
9180,0,5.6461040714604485e-05,8060.5,36.61578301758212,0.009541917614239896,7591.5,34.48503021216664,True,28
256860,0,5.6461040714604485e-05,8060.5,36.61578301758212,0.009541917614239896,7591.5,34.48503021216664,True,28
325831,0,5.6461040714604485e-05,8060.5,36.61578301758212,0.009541917614239896,7591.5,34.48503021216664,True,28
242618,0,5.6461040714604485e-05,8060.5,36.61578301758212,0.009541917614239896,7591.5,34.48503021216664,True,28
142926,0,5.228285685359544e-05,8085.0,36.72709099995457,0.008856530312337704,7622.0,34.62359729226296,True,28
366023,0,5.228285685359544e-05,8085.0,36.72709099995457,0.008856530312337704,7622.0,34.62359729226296,True,28
34381,0,5.228285685359544e-05,8085.0,36.72709099995457,0.008856530312337704,7622.0,34.62359729226296,True,28
92960,0,5.228285685359544e-05,8085.0,36.72709099995457,0.008856530312337704,7622.0,34.62359729226296,True,28
368169,0,5.228285685359544e-05,8085.0,36.72709099995457,0.008856530312337704,7622.0,34.62359729226296,True,28
321346,0,5.168957568132436e-05,8089.0,36.74526373177048,0.003246850844050719,8216.0,37.32224796692563,True,28
346277,0,5.168957568132436e-05,8089.0,36.74526373177048,0.003246850844050719,8216.0,37.32224796692563,True,28
202995,0,5.168957568132436e-05,8089.0,36.74526373177048,0.003246850844050719,8216.0,37.32224796692563,True,28
211998,0,4.6344703923646696e-05,8135.0,36.95425014765345,0.010195834863202273,7512.0,34.12384716732543,True,28
130902,0,4.6344703923646696e-05,8135.0,36.95425014765345,0.010195834863202273,7512.0,34.12384716732543,True,28
344299,0,4.6344703923646696e-05,8135.0,36.95425014765345,0.010195834863202273,7512.0,34.12384716732543,True,28
353994,0,4.6344703923646696e-05,8135.0,36.95425014765345,0.010195834863202273,7512.0,34.12384716732543,True,28
117664,0,4.6344703923646696e-05,8135.0,36.95425014765345,0.010195834863202273,7512.0,34.12384716732543,True,28
352521,0,4.6344703923646696e-05,8135.0,36.95425014765345,0.010195834863202273,7512.0,34.12384716732543,True,28
352761,0,4.6344703923646696e-05,8135.0,36.95425014765345,0.010195834863202273,7512.0,34.12384716732543,True,28
238582,0,4.6344703923646696e-05,8135.0,36.95425014765345,0.010195834863202273,7512.0,34.12384716732543,True,28
346083,0,4.6344703923646696e-05,8135.0,36.95425014765345,0.010195834863202273,7512.0,34.12384716732543,True,28
199977,0,4.6344703923646696e-05,8135.0,36.95425014765345,0.010195834863202273,7512.0,34.12384716732543,True,28
391221,0,4.6344703923646696e-05,8135.0,36.95425014765345,0.010195834863202273,7512.0,34.12384716732543,True,28
394323,0,4.6344703923646696e-05,8135.0,36.95425014765345,0.010195834863202273,7512.0,34.12384716732543,True,28
277815,0,4.6344703923646696e-05,8135.0,36.95425014765345,0.010195834863202273,7512.0,34.12384716732543,True,28
214944,0,4.6344703923646696e-05,8135.0,36.95425014765345,0.010195834863202273,7512.0,34.12384716732543,True,28
132426,0,4.6344703923646696e-05,8135.0,36.95425014765345,0.010195834863202273,7512.0,34.12384716732543,True,28
251443,0,4.443028551826736e-05,8143.0,36.990595611285265,0.006785727700300848,7904.0,35.90477488528463,True,28
302929,0,4.329832150505616e-05,8146.0,37.0042251601472,0.0012989496451516847,8601.0,39.07137340420699,True,28
370568,0,3.9106549080503675e-05,8174.5,37.13370587433556,0.0012524159086380949,8624.5,39.17813820362546,True,28
62559,0,3.9106549080503675e-05,8174.5,37.13370587433556,0.0012524159086380949,8624.5,39.17813820362546,True,28
386100,0,3.9106549080503675e-05,8174.5,37.13370587433556,0.0012524159086380949,8624.5,39.17813820362546,True,28
326347,0,3.9106549080503675e-05,8174.5,37.13370587433556,0.0012524159086380949,8624.5,39.17813820362546,True,28
326941,0,3.9106549080503675e-05,8174.5,37.13370587433556,0.0012524159086380949,8624.5,39.17813820362546,True,28
35021,0,3.9106549080503675e-05,8174.5,37.13370587433556,0.0012524159086380949,8624.5,39.17813820362546,True,28
345198,0,3.785570580018605e-05,8234.5,37.40629685157421,0.008359128521389715,7697.5,34.96660760528827,True,28
109078,0,3.785570580018605e-05,8234.5,37.40629685157421,0.008359128521389715,7697.5,34.96660760528827,True,28
20870,0,3.785570580018605e-05,8234.5,37.40629685157421,0.008359128521389715,7697.5,34.96660760528827,True,28
311847,0,3.785570580018605e-05,8234.5,37.40629685157421,0.008359128521389715,7697.5,34.96660760528827,True,28
215956,0,3.785570580018605e-05,8234.5,37.40629685157421,0.008359128521389715,7697.5,34.96660760528827,True,28
383527,0,3.785570580018605e-05,8234.5,37.40629685157421,0.008359128521389715,7697.5,34.96660760528827,True,28
54664,0,3.785570580018605e-05,8234.5,37.40629685157421,0.008359128521389715,7697.5,34.96660760528827,True,28
27951,0,3.785570580018605e-05,8234.5,37.40629685157421,0.008359128521389715,7697.5,34.96660760528827,True,28
91551,0,3.785570580018605e-05,8234.5,37.40629685157421,0.008359128521389715,7697.5,34.96660760528827,True,28
68856,0,3.785570580018605e-05,8234.5,37.40629685157421,0.008359128521389715,7697.5,34.96660760528827,True,28
276741,0,3.785570580018605e-05,8234.5,37.40629685157421,0.008359128521389715,7697.5,34.96660760528827,True,28
83184,0,3.785570580018605e-05,8234.5,37.40629685157421,0.008359128521389715,7697.5,34.96660760528827,True,28
325569,0,3.785570580018605e-05,8234.5,37.40629685157421,0.008359128521389715,7697.5,34.96660760528827,True,28
259501,0,3.785570580018605e-05,8234.5,37.40629685157421,0.008359128521389715,7697.5,34.96660760528827,True,28
271094,0,3.785570580018605e-05,8234.5,37.40629685157421,0.008359128521389715,7697.5,34.96660760528827,True,28
18243,0,3.785570580018605e-05,8234.5,37.40629685157421,0.008359128521389715,7697.5,34.96660760528827,True,28
58491,0,3.785570580018605e-05,8234.5,37.40629685157421,0.008359128521389715,7697.5,34.96660760528827,True,28
304475,0,3.785570580018605e-05,8234.5,37.40629685157421,0.008359128521389715,7697.5,34.96660760528827,True,28
167880,0,3.785570580018605e-05,8234.5,37.40629685157421,0.008359128521389715,7697.5,34.96660760528827,True,28
157259,0,3.785570580018605e-05,8234.5,37.40629685157421,0.008359128521389715,7697.5,34.96660760528827,True,28
123210,0,3.785570580018605e-05,8234.5,37.40629685157421,0.008359128521389715,7697.5,34.96660760528827,True,28
117301,0,3.785570580018605e-05,8234.5,37.40629685157421,0.008359128521389715,7697.5,34.96660760528827,True,28
332923,0,3.785570580018605e-05,8234.5,37.40629685157421,0.008359128521389715,7697.5,34.96660760528827,True,28
42063,0,3.785570580018605e-05,8234.5,37.40629685157421,0.008359128521389715,7697.5,34.96660760528827,True,28
47429,0,3.785570580018605e-05,8234.5,37.40629685157421,0.008359128521389715,7697.5,34.96660760528827,True,28
72841,0,3.785570580018605e-05,8234.5,37.40629685157421,0.008359128521389715,7697.5,34.96660760528827,True,28
393655,0,3.785570580018605e-05,8234.5,37.40629685157421,0.008359128521389715,7697.5,34.96660760528827,True,28
114998,0,3.785570580018605e-05,8234.5,37.40629685157421,0.008359128521389715,7697.5,34.96660760528827,True,28
242551,0,3.785570580018605e-05,8234.5,37.40629685157421,0.008359128521389715,7697.5,34.96660760528827,True,28
326705,0,3.785570580018605e-05,8234.5,37.40629685157421,0.008359128521389715,7697.5,34.96660760528827,True,28
329119,0,3.785570580018605e-05,8234.5,37.40629685157421,0.008359128521389715,7697.5,34.96660760528827,True,28
141651,0,3.785570580018605e-05,8234.5,37.40629685157421,0.008359128521389715,7697.5,34.96660760528827,True,28
281093,0,3.785570580018605e-05,8234.5,37.40629685157421,0.008359128521389715,7697.5,34.96660760528827,True,28
30537,0,3.785570580018605e-05,8234.5,37.40629685157421,0.008359128521389715,7697.5,34.96660760528827,True,28
315654,0,3.785570580018605e-05,8234.5,37.40629685157421,0.008359128521389715,7697.5,34.96660760528827,True,28
190776,0,3.785570580018605e-05,8234.5,37.40629685157421,0.008359128521389715,7697.5,34.96660760528827,True,28
393786,0,3.785570580018605e-05,8234.5,37.40629685157421,0.008359128521389715,7697.5,34.96660760528827,True,28
382960,0,3.785570580018605e-05,8234.5,37.40629685157421,0.008359128521389715,7697.5,34.96660760528827,True,28
164804,0,3.785570580018605e-05,8234.5,37.40629685157421,0.008359128521389715,7697.5,34.96660760528827,True,28
202687,0,3.785570580018605e-05,8234.5,37.40629685157421,0.008359128521389715,7697.5,34.96660760528827,True,28
204293,0,3.785570580018605e-05,8234.5,37.40629685157421,0.008359128521389715,7697.5,34.96660760528827,True,28
138450,0,3.785570580018605e-05,8234.5,37.40629685157421,0.008359128521389715,7697.5,34.96660760528827,True,28
337433,0,3.785570580018605e-05,8234.5,37.40629685157421,0.008359128521389715,7697.5,34.96660760528827,True,28
82015,0,3.785570580018605e-05,8234.5,37.40629685157421,0.008359128521389715,7697.5,34.96660760528827,True,28
134376,0,3.785570580018605e-05,8234.5,37.40629685157421,0.008359128521389715,7697.5,34.96660760528827,True,28
114188,0,3.785570580018605e-05,8234.5,37.40629685157421,0.008359128521389715,7697.5,34.96660760528827,True,28
132545,0,3.785570580018605e-05,8234.5,37.40629685157421,0.008359128521389715,7697.5,34.96660760528827,True,28
396995,0,3.785570580018605e-05,8234.5,37.40629685157421,0.008359128521389715,7697.5,34.96660760528827,True,28
315012,0,3.785570580018605e-05,8234.5,37.40629685157421,0.008359128521389715,7697.5,34.96660760528827,True,28
289280,0,3.785570580018605e-05,8234.5,37.40629685157421,0.008359128521389715,7697.5,34.96660760528827,True,28
39990,0,3.785570580018605e-05,8234.5,37.40629685157421,0.008359128521389715,7697.5,34.96660760528827,True,28
91908,0,3.785570580018605e-05,8234.5,37.40629685157421,0.008359128521389715,7697.5,34.96660760528827,True,28
31175,0,3.784029229812897e-05,8262.5,37.53350597428558,0.008324864305592011,7725.5,35.09381672799964,True,28
19794,0,3.784029229812897e-05,8262.5,37.53350597428558,0.008324864305592011,7725.5,35.09381672799964,True,28
43662,0,3.784029229812897e-05,8262.5,37.53350597428558,0.008324864305592011,7725.5,35.09381672799964,True,28
244417,0,3.784029229812897e-05,8262.5,37.53350597428558,0.008324864305592011,7725.5,35.09381672799964,True,28
360939,0,3.78402922977653e-05,8267.0,37.55395029757848,0.00832486430550837,7730.0,35.11426105129254,True,28
124528,0,3.78402922977653e-05,8267.0,37.55395029757848,0.00832486430550837,7730.0,35.11426105129254,True,28
11984,0,3.78402922977653e-05,8267.0,37.55395029757848,0.00832486430550837,7730.0,35.11426105129254,True,28
362273,1,3.78402922977653e-05,8267.0,37.55395029757848,0.00832486430550837,7730.0,35.11426105129254,True,28
224653,0,3.78402922977653e-05,8267.0,37.55395029757848,0.00832486430550837,7730.0,35.11426105129254,True,28
50485,0,3.7840292297765294e-05,8270.0,37.56757984644042,0.008324864305508365,7733.0,35.127890600154466,True,28
246434,0,3.7510794849262376e-05,8279.5,37.610740084503206,0.0011545970723321447,8724.5,39.63245649902321,True,28
294391,0,3.7510794849262376e-05,8279.5,37.610740084503206,0.0011545970723321447,8724.5,39.63245649902321,True,28
295594,0,3.2784035324842325e-05,8303.0,37.71750488392168,0.00723922206264456,7857.0,35.69124528644768,True,28
226601,0,3.278400310086669e-05,8304.0,37.72204806687565,0.007239217688971362,7858.0,35.69578846940166,True,28
186149,0,3.2784002901466004e-05,8305.0,37.72659124982963,0.007239217653094985,7859.0,35.70033165235564,True,28
242710,0,3.278400290115104e-05,8306.0,37.731134432783605,0.007239217653022546,7860.0,35.70487483530962,True,28
283711,0,2.5189497589277984e-05,8437.0,38.326291399754666,0.00337539267696325,8212.0,37.30407523510972,True,28
280026,0,2.182809330553928e-05,8487.5,38.555722138930534,0.0029528494873921392,8256.5,37.50624687656172,True,28
67035,0,2.182809330553928e-05,8487.5,38.555722138930534,0.0029528494873921392,8256.5,37.50624687656172,True,28
104139,0,2.151515844578828e-05,8493.5,38.5829812366544,0.0007960608624941663,8879.5,40.336649856889736,True,28
300781,0,2.014070149924746e-05,8521.0,38.707918767888785,0.00934528549565082,7602.0,34.53273363318341,True,28
313928,0,1.6444813911621474e-05,8564.0,38.90327563490982,0.007630393654992364,7795.0,35.40956794330108,True,28
87374,0,1.6444813911621474e-05,8564.0,38.90327563490982,0.007630393654992364,7795.0,35.40956794330108,True,28
104914,0,1.6444813911621474e-05,8564.0,38.90327563490982,0.007630393654992364,7795.0,35.40956794330108,True,28
54159,0,1.6444813911621474e-05,8564.0,38.90327563490982,0.007630393654992364,7795.0,35.40956794330108,True,28
71590,0,1.6444813911621474e-05,8564.0,38.90327563490982,0.007630393654992364,7795.0,35.40956794330108,True,28
60494,0,1.6444813911621474e-05,8564.0,38.90327563490982,0.007630393654992364,7795.0,35.40956794330108,True,28
42267,0,1.6444813911621474e-05,8564.0,38.90327563490982,0.007630393654992364,7795.0,35.40956794330108,True,28
110923,0,1.6444813911621474e-05,8564.0,38.90327563490982,0.007630393654992364,7795.0,35.40956794330108,True,28
202079,0,1.6444813911621474e-05,8564.0,38.90327563490982,0.007630393654992364,7795.0,35.40956794330108,True,28
398392,0,1.573922313181248e-05,8590.0,39.021398391713234,0.006866424815922001,7874.0,35.768479396665306,True,28
289114,0,1.5213514525402275e-05,8592.0,39.03048475762119,0.0005629000632940976,9030.0,41.02039889146336,True,28
226390,0,4.239616148715311e-06,9000.0,40.88410340284403,0.0006340299573542458,8954.0,40.675116986961065,True,28
105750,0,3.204848566821184e-06,9069.5,41.19985461814547,0.0004792815974069207,9054.5,41.13170687383581,True,28
73452,0,3.204848566821184e-06,9069.5,41.19985461814547,0.0004792815974069207,9054.5,41.13170687383581,True,28
237403,0,2.9928997126328767e-06,9103.0,41.352051247103724,0.00034717636666541373,9136.0,41.50197628458498,True,28
312786,0,2.3829518423411674e-06,9172.0,41.66553087092817,0.0009913079664139255,8745.0,39.725591749579756,True,28
68546,0,2.0241727373771987e-06,9215.5,41.863159329426196,0.00024290072848526386,9259.5,42.06305937940121,True,28
312238,0,2.0241727373771987e-06,9215.5,41.863159329426196,0.00024290072848526386,9259.5,42.06305937940121,True,28
358819,0,2.0241727373771987e-06,9215.5,41.863159329426196,0.00024290072848526386,9259.5,42.06305937940121,True,28
158335,0,2.0241727373771987e-06,9215.5,41.863159329426196,0.00024290072848526386,9259.5,42.06305937940121,True,28
179090,0,2.0241727373771987e-06,9215.5,41.863159329426196,0.00024290072848526386,9259.5,42.06305937940121,True,28
64713,0,2.0241727373771987e-06,9215.5,41.863159329426196,0.00024290072848526386,9259.5,42.06305937940121,True,28
300715,0,1.773872317649266e-06,9269.0,42.10621961746399,0.00011287566797748095,9546.0,43.364681295715776,True,28
263551,0,1.7292755123535626e-06,9298.0,42.237971923129344,0.0002982707766934231,9214.0,41.85634455499523,True,28
338718,0,1.7292755123535626e-06,9298.0,42.237971923129344,0.0002982707766934231,9214.0,41.85634455499523,True,28
388043,0,1.7292755123535626e-06,9298.0,42.237971923129344,0.0002982707766934231,9214.0,41.85634455499523,True,28
375501,0,8.446000208379161e-07,9514.5,43.22157103266549,0.0006562542161910609,8933.5,40.58198173640452,True,28
366345,0,8.446000208379161e-07,9514.5,43.22157103266549,0.0006562542161910609,8933.5,40.58198173640452,True,28
304438,0,8.446000208379161e-07,9514.5,43.22157103266549,0.0006562542161910609,8933.5,40.58198173640452,True,28
256836,0,8.446000208379161e-07,9514.5,43.22157103266549,0.0006562542161910609,8933.5,40.58198173640452,True,28
393430,0,8.446000208379161e-07,9514.5,43.22157103266549,0.0006562542161910609,8933.5,40.58198173640452,True,28
234041,0,8.446000208379161e-07,9514.5,43.22157103266549,0.0006562542161910609,8933.5,40.58198173640452,True,28
204046,0,8.446000208379161e-07,9514.5,43.22157103266549,0.0006562542161910609,8933.5,40.58198173640452,True,28
107270,0,8.446000208379161e-07,9514.5,43.22157103266549,0.0006562542161910609,8933.5,40.58198173640452,True,28
216332,0,8.446000208379161e-07,9514.5,43.22157103266549,0.0006562542161910609,8933.5,40.58198173640452,True,28
100657,0,8.446000208379161e-07,9514.5,43.22157103266549,0.0006562542161910609,8933.5,40.58198173640452,True,28
395378,0,5.972224021247898e-07,9643.5,43.80764163372859,0.0004640418064509617,9075.5,41.227113715869336,True,28
319304,0,5.972224021247898e-07,9643.5,43.80764163372859,0.0004640418064509617,9075.5,41.227113715869336,True,28
227665,0,5.972224021247898e-07,9643.5,43.80764163372859,0.0004640418064509617,9075.5,41.227113715869336,True,28
256422,0,5.972224021247898e-07,9643.5,43.80764163372859,0.0004640418064509617,9075.5,41.227113715869336,True,28
130048,0,5.972224021247898e-07,9643.5,43.80764163372859,0.0004640418064509617,9075.5,41.227113715869336,True,28
350889,0,5.972224021247898e-07,9643.5,43.80764163372859,0.0004640418064509617,9075.5,41.227113715869336,True,28
216526,0,5.972224021247898e-07,9643.5,43.80764163372859,0.0004640418064509617,9075.5,41.227113715869336,True,28
367600,0,5.972224021247898e-07,9643.5,43.80764163372859,0.0004640418064509617,9075.5,41.227113715869336,True,28
156883,0,5.972224021247898e-07,9643.5,43.80764163372859,0.0004640418064509617,9075.5,41.227113715869336,True,28
124881,0,5.972224021247898e-07,9643.5,43.80764163372859,0.0004640418064509617,9075.5,41.227113715869336,True,28
124195,0,5.972224021247898e-07,9643.5,43.80764163372859,0.0004640418064509617,9075.5,41.227113715869336,True,28
212334,0,5.972224021247898e-07,9643.5,43.80764163372859,0.0004640418064509617,9075.5,41.227113715869336,True,28
337661,0,5.972224021247898e-07,9643.5,43.80764163372859,0.0004640418064509617,9075.5,41.227113715869336,True,28
391085,0,5.972224021247898e-07,9643.5,43.80764163372859,0.0004640418064509617,9075.5,41.227113715869336,True,28
224904,0,5.972224021247898e-07,9643.5,43.80764163372859,0.0004640418064509617,9075.5,41.227113715869336,True,28
152485,0,5.972224021247898e-07,9643.5,43.80764163372859,0.0004640418064509617,9075.5,41.227113715869336,True,28
818,0,5.972224021247898e-07,9643.5,43.80764163372859,0.0004640418064509617,9075.5,41.227113715869336,True,28
235453,0,5.972224021247898e-07,9643.5,43.80764163372859,0.0004640418064509617,9075.5,41.227113715869336,True,28
229910,0,5.972224021247898e-07,9643.5,43.80764163372859,0.0004640418064509617,9075.5,41.227113715869336,True,28
125312,0,5.972224021247898e-07,9643.5,43.80764163372859,0.0004640418064509617,9075.5,41.227113715869336,True,28
238085,0,5.972224021247898e-07,9643.5,43.80764163372859,0.0004640418064509617,9075.5,41.227113715869336,True,28
271468,0,5.972224021247898e-07,9643.5,43.80764163372859,0.0004640418064509617,9075.5,41.227113715869336,True,28
42189,0,5.972224021247898e-07,9643.5,43.80764163372859,0.0004640418064509617,9075.5,41.227113715869336,True,28
198782,0,5.972224021247898e-07,9643.5,43.80764163372859,0.0004640418064509617,9075.5,41.227113715869336,True,28
136027,0,5.972224021247898e-07,9643.5,43.80764163372859,0.0004640418064509617,9075.5,41.227113715869336,True,28
336696,0,5.972224021247898e-07,9643.5,43.80764163372859,0.0004640418064509617,9075.5,41.227113715869336,True,28
37544,0,5.972224021247898e-07,9643.5,43.80764163372859,0.0004640418064509617,9075.5,41.227113715869336,True,28
244546,0,5.972224021247898e-07,9643.5,43.80764163372859,0.0004640418064509617,9075.5,41.227113715869336,True,28
69545,0,5.972224021247898e-07,9643.5,43.80764163372859,0.0004640418064509617,9075.5,41.227113715869336,True,28
56695,0,5.972224021247898e-07,9643.5,43.80764163372859,0.0004640418064509617,9075.5,41.227113715869336,True,28
45344,0,5.972224021247898e-07,9643.5,43.80764163372859,0.0004640418064509617,9075.5,41.227113715869336,True,28
391922,0,5.972224021247898e-07,9643.5,43.80764163372859,0.0004640418064509617,9075.5,41.227113715869336,True,28
320811,0,1.887760804000804e-08,10263.0,46.622143473717685,4.196492267293787e-05,9782.0,44.43687247285448,True,28
133872,0,1.887760804000804e-08,10263.0,46.622143473717685,4.196492267293787e-05,9782.0,44.43687247285448,True,28
330967,0,1.887760804000804e-08,10263.0,46.622143473717685,4.196492267293787e-05,9782.0,44.43687247285448,True,28
305372,0,1.887760804000804e-08,10263.0,46.622143473717685,4.196492267293787e-05,9782.0,44.43687247285448,True,28
133668,0,1.887760804000804e-08,10263.0,46.622143473717685,4.196492267293787e-05,9782.0,44.43687247285448,True,28
76771,0,1.887760804000804e-08,10263.0,46.622143473717685,4.196492267293787e-05,9782.0,44.43687247285448,True,28
346317,0,1.887760804000804e-08,10263.0,46.622143473717685,4.196492267293787e-05,9782.0,44.43687247285448,True,28
112097,0,1.887760804000804e-08,10263.0,46.622143473717685,4.196492267293787e-05,9782.0,44.43687247285448,True,28
71814,0,1.887760804000804e-08,10263.0,46.622143473717685,4.196492267293787e-05,9782.0,44.43687247285448,True,28
152743,0,1.5413502479182035e-08,10273.0,46.667575303257465,3.4264215911145255e-05,9829.0,44.650402071691424,True,28
169745,0,1.5413502420760313e-08,10352.0,47.026486756621686,3.426421588135017e-05,9908.0,45.00931352505565,True,28
20596,0,1.5413502420760313e-08,10352.0,47.026486756621686,3.426421588135017e-05,9908.0,45.00931352505565,True,28
262257,0,1.5413502420760313e-08,10352.0,47.026486756621686,3.426421588135017e-05,9908.0,45.00931352505565,True,28
159723,0,1.5413502420760313e-08,10352.0,47.026486756621686,3.426421588135017e-05,9908.0,45.00931352505565,True,28
96001,0,1.5413502420760313e-08,10352.0,47.026486756621686,3.426421588135017e-05,9908.0,45.00931352505565,True,28
188419,0,1.5413502420760313e-08,10352.0,47.026486756621686,3.426421588135017e-05,9908.0,45.00931352505565,True,28
120238,0,1.5413502420760313e-08,10352.0,47.026486756621686,3.426421588135017e-05,9908.0,45.00931352505565,True,28
306630,0,1.5413502420760313e-08,10352.0,47.026486756621686,3.426421588135017e-05,9908.0,45.00931352505565,True,28
13229,0,1.5413502420760313e-08,10352.0,47.026486756621686,3.426421588135017e-05,9908.0,45.00931352505565,True,28
191963,0,1.5413502420760313e-08,10352.0,47.026486756621686,3.426421588135017e-05,9908.0,45.00931352505565,True,28
53635,0,1.5413502420760313e-08,10352.0,47.026486756621686,3.426421588135017e-05,9908.0,45.00931352505565,True,28
361028,0,1.5413502420760313e-08,10352.0,47.026486756621686,3.426421588135017e-05,9908.0,45.00931352505565,True,28
47463,0,1.5413502420760313e-08,10352.0,47.026486756621686,3.426421588135017e-05,9908.0,45.00931352505565,True,28
112861,0,1.5413502420760313e-08,10352.0,47.026486756621686,3.426421588135017e-05,9908.0,45.00931352505565,True,28
163701,0,1.5413502420760313e-08,10352.0,47.026486756621686,3.426421588135017e-05,9908.0,45.00931352505565,True,28
315544,0,1.5413502420760313e-08,10352.0,47.026486756621686,3.426421588135017e-05,9908.0,45.00931352505565,True,28
306761,0,1.5413502420760313e-08,10352.0,47.026486756621686,3.426421588135017e-05,9908.0,45.00931352505565,True,28
23392,0,1.5413502420760313e-08,10352.0,47.026486756621686,3.426421588135017e-05,9908.0,45.00931352505565,True,28
316124,0,1.5413502420760313e-08,10352.0,47.026486756621686,3.426421588135017e-05,9908.0,45.00931352505565,True,28
126828,0,1.5413502420760313e-08,10352.0,47.026486756621686,3.426421588135017e-05,9908.0,45.00931352505565,True,28
304064,0,1.5413502420760313e-08,10352.0,47.026486756621686,3.426421588135017e-05,9908.0,45.00931352505565,True,28
142884,0,1.5413502420760313e-08,10352.0,47.026486756621686,3.426421588135017e-05,9908.0,45.00931352505565,True,28
298736,0,1.5413502420760313e-08,10352.0,47.026486756621686,3.426421588135017e-05,9908.0,45.00931352505565,True,28
56818,0,1.5413502420760313e-08,10352.0,47.026486756621686,3.426421588135017e-05,9908.0,45.00931352505565,True,28
244964,0,1.5413502420760313e-08,10352.0,47.026486756621686,3.426421588135017e-05,9908.0,45.00931352505565,True,28
200553,0,1.5413502420760313e-08,10352.0,47.026486756621686,3.426421588135017e-05,9908.0,45.00931352505565,True,28
305519,0,1.5413502420760313e-08,10352.0,47.026486756621686,3.426421588135017e-05,9908.0,45.00931352505565,True,28
49194,0,1.5413502420760313e-08,10352.0,47.026486756621686,3.426421588135017e-05,9908.0,45.00931352505565,True,28
320646,0,1.5413502420760313e-08,10352.0,47.026486756621686,3.426421588135017e-05,9908.0,45.00931352505565,True,28
362132,0,1.5413502420760313e-08,10352.0,47.026486756621686,3.426421588135017e-05,9908.0,45.00931352505565,True,28
37916,0,1.5413502420760313e-08,10352.0,47.026486756621686,3.426421588135017e-05,9908.0,45.00931352505565,True,28
38117,0,1.5413502420760313e-08,10352.0,47.026486756621686,3.426421588135017e-05,9908.0,45.00931352505565,True,28
187462,0,1.5413502420760313e-08,10352.0,47.026486756621686,3.426421588135017e-05,9908.0,45.00931352505565,True,28
310059,0,1.5413502420760313e-08,10352.0,47.026486756621686,3.426421588135017e-05,9908.0,45.00931352505565,True,28
137696,0,1.5413502420760313e-08,10352.0,47.026486756621686,3.426421588135017e-05,9908.0,45.00931352505565,True,28
217427,0,1.5413502420760313e-08,10352.0,47.026486756621686,3.426421588135017e-05,9908.0,45.00931352505565,True,28
94550,0,1.5413502420760313e-08,10352.0,47.026486756621686,3.426421588135017e-05,9908.0,45.00931352505565,True,28
128176,0,1.5413502420760313e-08,10352.0,47.026486756621686,3.426421588135017e-05,9908.0,45.00931352505565,True,28
131517,0,1.5413502420760313e-08,10352.0,47.026486756621686,3.426421588135017e-05,9908.0,45.00931352505565,True,28
184009,0,1.5413502420760313e-08,10352.0,47.026486756621686,3.426421588135017e-05,9908.0,45.00931352505565,True,28
217734,0,1.5413502420760313e-08,10352.0,47.026486756621686,3.426421588135017e-05,9908.0,45.00931352505565,True,28
238089,0,1.5413502420760313e-08,10352.0,47.026486756621686,3.426421588135017e-05,9908.0,45.00931352505565,True,28
102201,0,1.5413502420760313e-08,10352.0,47.026486756621686,3.426421588135017e-05,9908.0,45.00931352505565,True,28
299016,0,1.5413502420760313e-08,10352.0,47.026486756621686,3.426421588135017e-05,9908.0,45.00931352505565,True,28
98230,0,1.5413502420760313e-08,10352.0,47.026486756621686,3.426421588135017e-05,9908.0,45.00931352505565,True,28
232531,0,1.5413502420760313e-08,10352.0,47.026486756621686,3.426421588135017e-05,9908.0,45.00931352505565,True,28
230057,0,1.5413502420760313e-08,10352.0,47.026486756621686,3.426421588135017e-05,9908.0,45.00931352505565,True,28
18942,0,1.5413502420760313e-08,10352.0,47.026486756621686,3.426421588135017e-05,9908.0,45.00931352505565,True,28
340758,0,1.5413502420760313e-08,10352.0,47.026486756621686,3.426421588135017e-05,9908.0,45.00931352505565,True,28
332005,0,1.5413502420760313e-08,10352.0,47.026486756621686,3.426421588135017e-05,9908.0,45.00931352505565,True,28
161170,0,1.5413502420760313e-08,10352.0,47.026486756621686,3.426421588135017e-05,9908.0,45.00931352505565,True,28
318928,0,1.5413502420760313e-08,10352.0,47.026486756621686,3.426421588135017e-05,9908.0,45.00931352505565,True,28
242376,0,1.5413502420760313e-08,10352.0,47.026486756621686,3.426421588135017e-05,9908.0,45.00931352505565,True,28
367474,0,1.5413502420760313e-08,10352.0,47.026486756621686,3.426421588135017e-05,9908.0,45.00931352505565,True,28
3242,0,1.5413502420760313e-08,10352.0,47.026486756621686,3.426421588135017e-05,9908.0,45.00931352505565,True,28
126739,0,1.5413502420760313e-08,10352.0,47.026486756621686,3.426421588135017e-05,9908.0,45.00931352505565,True,28
14397,0,1.5413502420760313e-08,10352.0,47.026486756621686,3.426421588135017e-05,9908.0,45.00931352505565,True,28
393987,0,1.5413502420760313e-08,10352.0,47.026486756621686,3.426421588135017e-05,9908.0,45.00931352505565,True,28
359813,0,1.5413502420760313e-08,10352.0,47.026486756621686,3.426421588135017e-05,9908.0,45.00931352505565,True,28
230173,0,1.5413502420760313e-08,10352.0,47.026486756621686,3.426421588135017e-05,9908.0,45.00931352505565,True,28
367768,0,1.5413502420760313e-08,10352.0,47.026486756621686,3.426421588135017e-05,9908.0,45.00931352505565,True,28
363734,0,1.5413502420760313e-08,10352.0,47.026486756621686,3.426421588135017e-05,9908.0,45.00931352505565,True,28
267367,0,1.5413502420760313e-08,10352.0,47.026486756621686,3.426421588135017e-05,9908.0,45.00931352505565,True,28
128598,0,1.5413502420760313e-08,10352.0,47.026486756621686,3.426421588135017e-05,9908.0,45.00931352505565,True,28
104149,0,1.5413502420760313e-08,10352.0,47.026486756621686,3.426421588135017e-05,9908.0,45.00931352505565,True,28
120768,0,1.5413502420760313e-08,10352.0,47.026486756621686,3.426421588135017e-05,9908.0,45.00931352505565,True,28
399221,0,1.5413502420760313e-08,10352.0,47.026486756621686,3.426421588135017e-05,9908.0,45.00931352505565,True,28
146142,0,1.5413502420760313e-08,10352.0,47.026486756621686,3.426421588135017e-05,9908.0,45.00931352505565,True,28
275820,0,1.5413502420760313e-08,10352.0,47.026486756621686,3.426421588135017e-05,9908.0,45.00931352505565,True,28
179441,0,1.5413502420760313e-08,10352.0,47.026486756621686,3.426421588135017e-05,9908.0,45.00931352505565,True,28
76351,0,1.5413502420760313e-08,10352.0,47.026486756621686,3.426421588135017e-05,9908.0,45.00931352505565,True,28
359254,0,1.5413502420760313e-08,10352.0,47.026486756621686,3.426421588135017e-05,9908.0,45.00931352505565,True,28
255319,0,1.5413502420760313e-08,10352.0,47.026486756621686,3.426421588135017e-05,9908.0,45.00931352505565,True,28
311971,0,1.5413502420760313e-08,10352.0,47.026486756621686,3.426421588135017e-05,9908.0,45.00931352505565,True,28
4554,0,1.5413502420760313e-08,10352.0,47.026486756621686,3.426421588135017e-05,9908.0,45.00931352505565,True,28
38536,0,1.5413502420760313e-08,10352.0,47.026486756621686,3.426421588135017e-05,9908.0,45.00931352505565,True,28
346540,0,1.5413502420760313e-08,10352.0,47.026486756621686,3.426421588135017e-05,9908.0,45.00931352505565,True,28
378492,0,1.5413502420760313e-08,10352.0,47.026486756621686,3.426421588135017e-05,9908.0,45.00931352505565,True,28
195928,0,1.5413502420760313e-08,10352.0,47.026486756621686,3.426421588135017e-05,9908.0,45.00931352505565,True,28
355563,0,1.5413502420760313e-08,10352.0,47.026486756621686,3.426421588135017e-05,9908.0,45.00931352505565,True,28
341011,0,1.5413502420760313e-08,10352.0,47.026486756621686,3.426421588135017e-05,9908.0,45.00931352505565,True,28
391114,0,1.5413502420760313e-08,10352.0,47.026486756621686,3.426421588135017e-05,9908.0,45.00931352505565,True,28
160085,0,1.5413502420760313e-08,10352.0,47.026486756621686,3.426421588135017e-05,9908.0,45.00931352505565,True,28
278319,0,1.5413502420760313e-08,10352.0,47.026486756621686,3.426421588135017e-05,9908.0,45.00931352505565,True,28
256125,0,1.5413502420760313e-08,10352.0,47.026486756621686,3.426421588135017e-05,9908.0,45.00931352505565,True,28
81798,0,1.5413502420760313e-08,10352.0,47.026486756621686,3.426421588135017e-05,9908.0,45.00931352505565,True,28
113637,0,1.5413502420760313e-08,10352.0,47.026486756621686,3.426421588135017e-05,9908.0,45.00931352505565,True,28
64057,0,1.5413502420760313e-08,10352.0,47.026486756621686,3.426421588135017e-05,9908.0,45.00931352505565,True,28
250817,0,1.5413502420760313e-08,10352.0,47.026486756621686,3.426421588135017e-05,9908.0,45.00931352505565,True,28
335460,0,1.5413502420760313e-08,10352.0,47.026486756621686,3.426421588135017e-05,9908.0,45.00931352505565,True,28
214874,0,1.5413502420760313e-08,10352.0,47.026486756621686,3.426421588135017e-05,9908.0,45.00931352505565,True,28
282198,0,1.5413502420760313e-08,10352.0,47.026486756621686,3.426421588135017e-05,9908.0,45.00931352505565,True,28
286659,0,1.5413502420760313e-08,10352.0,47.026486756621686,3.426421588135017e-05,9908.0,45.00931352505565,True,28
158041,0,1.5413502420760313e-08,10352.0,47.026486756621686,3.426421588135017e-05,9908.0,45.00931352505565,True,28
391726,0,1.5413502420760313e-08,10352.0,47.026486756621686,3.426421588135017e-05,9908.0,45.00931352505565,True,28
176701,0,1.5413502420760313e-08,10352.0,47.026486756621686,3.426421588135017e-05,9908.0,45.00931352505565,True,28
168807,0,1.5413502420760313e-08,10352.0,47.026486756621686,3.426421588135017e-05,9908.0,45.00931352505565,True,28
99872,0,1.5413502420760313e-08,10352.0,47.026486756621686,3.426421588135017e-05,9908.0,45.00931352505565,True,28
307693,0,1.5413502420760313e-08,10352.0,47.026486756621686,3.426421588135017e-05,9908.0,45.00931352505565,True,28
202928,0,1.5413502420760313e-08,10352.0,47.026486756621686,3.426421588135017e-05,9908.0,45.00931352505565,True,28
372398,0,1.5413502420760313e-08,10352.0,47.026486756621686,3.426421588135017e-05,9908.0,45.00931352505565,True,28
350555,0,1.5413502420760313e-08,10352.0,47.026486756621686,3.426421588135017e-05,9908.0,45.00931352505565,True,28
216001,0,1.5413502420760313e-08,10352.0,47.026486756621686,3.426421588135017e-05,9908.0,45.00931352505565,True,28
329671,0,1.5413502420760313e-08,10352.0,47.026486756621686,3.426421588135017e-05,9908.0,45.00931352505565,True,28
231623,0,1.5413502420760313e-08,10352.0,47.026486756621686,3.426421588135017e-05,9908.0,45.00931352505565,True,28
137491,0,1.5413502420760313e-08,10352.0,47.026486756621686,3.426421588135017e-05,9908.0,45.00931352505565,True,28
116497,0,1.5413502420760313e-08,10352.0,47.026486756621686,3.426421588135017e-05,9908.0,45.00931352505565,True,28
205620,0,1.5413502420760313e-08,10352.0,47.026486756621686,3.426421588135017e-05,9908.0,45.00931352505565,True,28
33345,0,1.5413502420760313e-08,10352.0,47.026486756621686,3.426421588135017e-05,9908.0,45.00931352505565,True,28
181153,0,1.5413502420760313e-08,10352.0,47.026486756621686,3.426421588135017e-05,9908.0,45.00931352505565,True,28
218844,0,1.5413502420760313e-08,10352.0,47.026486756621686,3.426421588135017e-05,9908.0,45.00931352505565,True,28
236581,0,1.5413502420760313e-08,10352.0,47.026486756621686,3.426421588135017e-05,9908.0,45.00931352505565,True,28
213616,0,1.5413502420760313e-08,10352.0,47.026486756621686,3.426421588135017e-05,9908.0,45.00931352505565,True,28
133797,0,1.5413502420760313e-08,10352.0,47.026486756621686,3.426421588135017e-05,9908.0,45.00931352505565,True,28
295044,0,1.5413502420760313e-08,10352.0,47.026486756621686,3.426421588135017e-05,9908.0,45.00931352505565,True,28
57565,0,1.5413502420760313e-08,10352.0,47.026486756621686,3.426421588135017e-05,9908.0,45.00931352505565,True,28
166959,0,1.5413502420760313e-08,10352.0,47.026486756621686,3.426421588135017e-05,9908.0,45.00931352505565,True,28
15471,0,1.5413502420760313e-08,10352.0,47.026486756621686,3.426421588135017e-05,9908.0,45.00931352505565,True,28
251615,0,1.5413502420760313e-08,10352.0,47.026486756621686,3.426421588135017e-05,9908.0,45.00931352505565,True,28
366585,0,1.5413502420760313e-08,10352.0,47.026486756621686,3.426421588135017e-05,9908.0,45.00931352505565,True,28
156265,0,1.5413502420760313e-08,10352.0,47.026486756621686,3.426421588135017e-05,9908.0,45.00931352505565,True,28
319985,0,1.5413502420760313e-08,10352.0,47.026486756621686,3.426421588135017e-05,9908.0,45.00931352505565,True,28
104264,0,1.5413502420760313e-08,10352.0,47.026486756621686,3.426421588135017e-05,9908.0,45.00931352505565,True,28
274919,0,1.5413502420760313e-08,10352.0,47.026486756621686,3.426421588135017e-05,9908.0,45.00931352505565,True,28
385403,0,1.5413502420760313e-08,10352.0,47.026486756621686,3.426421588135017e-05,9908.0,45.00931352505565,True,28
299213,0,1.5413502420760313e-08,10352.0,47.026486756621686,3.426421588135017e-05,9908.0,45.00931352505565,True,28
297010,0,1.5413502420760313e-08,10352.0,47.026486756621686,3.426421588135017e-05,9908.0,45.00931352505565,True,28
339847,0,1.5413502420760313e-08,10352.0,47.026486756621686,3.426421588135017e-05,9908.0,45.00931352505565,True,28
70313,0,1.5413502420760313e-08,10352.0,47.026486756621686,3.426421588135017e-05,9908.0,45.00931352505565,True,28
200494,0,1.5413502420760313e-08,10352.0,47.026486756621686,3.426421588135017e-05,9908.0,45.00931352505565,True,28
220851,0,1.5413502420760313e-08,10352.0,47.026486756621686,3.426421588135017e-05,9908.0,45.00931352505565,True,28
375568,0,1.5413502420760313e-08,10352.0,47.026486756621686,3.426421588135017e-05,9908.0,45.00931352505565,True,28
304865,0,1.5413502420760313e-08,10352.0,47.026486756621686,3.426421588135017e-05,9908.0,45.00931352505565,True,28
82235,0,1.5413502420760313e-08,10352.0,47.026486756621686,3.426421588135017e-05,9908.0,45.00931352505565,True,28
341246,0,1.5413502420760313e-08,10352.0,47.026486756621686,3.426421588135017e-05,9908.0,45.00931352505565,True,28
87874,0,1.5413502420760313e-08,10352.0,47.026486756621686,3.426421588135017e-05,9908.0,45.00931352505565,True,28
83278,0,1.5413502420760313e-08,10352.0,47.026486756621686,3.426421588135017e-05,9908.0,45.00931352505565,True,28
375182,0,1.5413502420760313e-08,10352.0,47.026486756621686,3.426421588135017e-05,9908.0,45.00931352505565,True,28
86071,0,1.5413502420760313e-08,10352.0,47.026486756621686,3.426421588135017e-05,9908.0,45.00931352505565,True,28
321194,0,1.5413502420760313e-08,10352.0,47.026486756621686,3.426421588135017e-05,9908.0,45.00931352505565,True,28
66387,0,1.5413502420760313e-08,10352.0,47.026486756621686,3.426421588135017e-05,9908.0,45.00931352505565,True,28
238774,0,1.5413502420760313e-08,10352.0,47.026486756621686,3.426421588135017e-05,9908.0,45.00931352505565,True,28
268551,0,1.5413502420760313e-08,10352.0,47.026486756621686,3.426421588135017e-05,9908.0,45.00931352505565,True,28
225872,0,1.5413502420760313e-08,10352.0,47.026486756621686,3.426421588135017e-05,9908.0,45.00931352505565,True,28
126577,0,1.5413502420760313e-08,10352.0,47.026486756621686,3.426421588135017e-05,9908.0,45.00931352505565,True,28
163631,0,1.5413502420760313e-08,10352.0,47.026486756621686,3.426421588135017e-05,9908.0,45.00931352505565,True,28
323446,0,1.5413502420760313e-08,10352.0,47.026486756621686,3.426421588135017e-05,9908.0,45.00931352505565,True,28
198280,0,1.5413502420760313e-08,10352.0,47.026486756621686,3.426421588135017e-05,9908.0,45.00931352505565,True,28
132125,0,1.5413502420760313e-08,10352.0,47.026486756621686,3.426421588135017e-05,9908.0,45.00931352505565,True,28
170330,0,1.5413502420760313e-08,10352.0,47.026486756621686,3.426421588135017e-05,9908.0,45.00931352505565,True,28
122895,0,1.5413502420760313e-08,10352.0,47.026486756621686,3.426421588135017e-05,9908.0,45.00931352505565,True,28
99267,0,1.5413502420760313e-08,10352.0,47.026486756621686,3.426421588135017e-05,9908.0,45.00931352505565,True,28
375781,0,1.5413502420760313e-08,10352.0,47.026486756621686,3.426421588135017e-05,9908.0,45.00931352505565,True,28
40096,0,1.5413502420760313e-08,10352.0,47.026486756621686,3.426421588135017e-05,9908.0,45.00931352505565,True,28
332413,0,1.5413502420760313e-08,10352.0,47.026486756621686,3.426421588135017e-05,9908.0,45.00931352505565,True,28
195984,0,1.5413502420760313e-08,10352.0,47.026486756621686,3.426421588135017e-05,9908.0,45.00931352505565,True,28
52736,0,1.5413502420760313e-08,10352.0,47.026486756621686,3.426421588135017e-05,9908.0,45.00931352505565,True,28
73622,0,1.3380908348954641e-08,10452.0,47.48080505201944,2.9678091016017988e-05,10034.0,45.581754577256824,True,28
314709,0,1.3380908348954641e-08,10452.0,47.48080505201944,2.9678091016017988e-05,10034.0,45.581754577256824,True,28
42062,0,1.3380908348954641e-08,10452.0,47.48080505201944,2.9678091016017988e-05,10034.0,45.581754577256824,True,28
130533,0,1.3380908348954641e-08,10452.0,47.48080505201944,2.9678091016017988e-05,10034.0,45.581754577256824,True,28
282429,0,1.3380908348954641e-08,10452.0,47.48080505201944,2.9678091016017988e-05,10034.0,45.581754577256824,True,28
242903,0,1.3380908348954641e-08,10452.0,47.48080505201944,2.9678091016017988e-05,10034.0,45.581754577256824,True,28
17739,0,1.3380908348954641e-08,10452.0,47.48080505201944,2.9678091016017988e-05,10034.0,45.581754577256824,True,28
327389,0,1.3380908348954641e-08,10452.0,47.48080505201944,2.9678091016017988e-05,10034.0,45.581754577256824,True,28
105013,0,1.3380908348954641e-08,10452.0,47.48080505201944,2.9678091016017988e-05,10034.0,45.581754577256824,True,28
174381,0,1.3380908348954641e-08,10452.0,47.48080505201944,2.9678091016017988e-05,10034.0,45.581754577256824,True,28
35420,0,1.3380908348954641e-08,10452.0,47.48080505201944,2.9678091016017988e-05,10034.0,45.581754577256824,True,28
142069,0,1.3380908348954641e-08,10452.0,47.48080505201944,2.9678091016017988e-05,10034.0,45.581754577256824,True,28
231976,0,1.3380908348954641e-08,10452.0,47.48080505201944,2.9678091016017988e-05,10034.0,45.581754577256824,True,28
247599,0,1.3380908348954641e-08,10452.0,47.48080505201944,2.9678091016017988e-05,10034.0,45.581754577256824,True,28
257130,0,1.3380908348954641e-08,10452.0,47.48080505201944,2.9678091016017988e-05,10034.0,45.581754577256824,True,28
6003,0,1.3380908348954641e-08,10452.0,47.48080505201944,2.9678091016017988e-05,10034.0,45.581754577256824,True,28
254667,0,1.3380908348954641e-08,10452.0,47.48080505201944,2.9678091016017988e-05,10034.0,45.581754577256824,True,28
259727,0,1.3380908348954641e-08,10452.0,47.48080505201944,2.9678091016017988e-05,10034.0,45.581754577256824,True,28
144548,0,1.3380908348954641e-08,10452.0,47.48080505201944,2.9678091016017988e-05,10034.0,45.581754577256824,True,28
82200,0,1.3380908348954641e-08,10452.0,47.48080505201944,2.9678091016017988e-05,10034.0,45.581754577256824,True,28
350043,0,1.3380908348954641e-08,10452.0,47.48080505201944,2.9678091016017988e-05,10034.0,45.581754577256824,True,28
98571,0,1.3380908348954641e-08,10452.0,47.48080505201944,2.9678091016017988e-05,10034.0,45.581754577256824,True,28
337869,0,1.3380908348954641e-08,10452.0,47.48080505201944,2.9678091016017988e-05,10034.0,45.581754577256824,True,28
330092,0,1.3380908348954641e-08,10452.0,47.48080505201944,2.9678091016017988e-05,10034.0,45.581754577256824,True,28
267865,0,1.3380908348954641e-08,10452.0,47.48080505201944,2.9678091016017988e-05,10034.0,45.581754577256824,True,28
346814,0,1.3380908348954641e-08,10452.0,47.48080505201944,2.9678091016017988e-05,10034.0,45.581754577256824,True,28
227600,0,1.3380908348954641e-08,10452.0,47.48080505201944,2.9678091016017988e-05,10034.0,45.581754577256824,True,28
39652,0,1.3351017682358486e-08,10466.0,47.54440961337513,1.214942609094622e-06,10744.0,48.80741447458089,True,28
111736,0,1.3348684373315236e-08,10479.5,47.60574258325383,2.9673717342819357e-05,10060.5,45.70214892553723,True,28
182352,0,1.3348684373315236e-08,10479.5,47.60574258325383,2.9673717342819357e-05,10060.5,45.70214892553723,True,28
170482,0,1.3348684373315236e-08,10479.5,47.60574258325383,2.9673717342819357e-05,10060.5,45.70214892553723,True,28
330205,0,1.3348684373315236e-08,10479.5,47.60574258325383,2.9673717342819357e-05,10060.5,45.70214892553723,True,28
193336,0,1.3348684373315236e-08,10479.5,47.60574258325383,2.9673717342819357e-05,10060.5,45.70214892553723,True,28
131218,0,1.3348684373315236e-08,10479.5,47.60574258325383,2.9673717342819357e-05,10060.5,45.70214892553723,True,28
261908,0,1.3348684373315236e-08,10479.5,47.60574258325383,2.9673717342819357e-05,10060.5,45.70214892553723,True,28
143929,0,1.3348684373315236e-08,10479.5,47.60574258325383,2.9673717342819357e-05,10060.5,45.70214892553723,True,28
373396,0,1.3348684373315236e-08,10479.5,47.60574258325383,2.9673717342819357e-05,10060.5,45.70214892553723,True,28
327,0,1.3348684373315236e-08,10479.5,47.60574258325383,2.9673717342819357e-05,10060.5,45.70214892553723,True,28
182706,0,1.3348684373315236e-08,10479.5,47.60574258325383,2.9673717342819357e-05,10060.5,45.70214892553723,True,28
229934,0,1.3348684373315236e-08,10479.5,47.60574258325383,2.9673717342819357e-05,10060.5,45.70214892553723,True,28
287266,0,1.3348684373315236e-08,10479.5,47.60574258325383,2.9673717342819357e-05,10060.5,45.70214892553723,True,28
38851,0,1.3348684373315236e-08,10479.5,47.60574258325383,2.9673717342819357e-05,10060.5,45.70214892553723,True,28
248965,0,1.3348684373315236e-08,10479.5,47.60574258325383,2.9673717342819357e-05,10060.5,45.70214892553723,True,28
54887,0,1.3348684373315236e-08,10479.5,47.60574258325383,2.9673717342819357e-05,10060.5,45.70214892553723,True,28
109279,0,1.3348684373315236e-08,10479.5,47.60574258325383,2.9673717342819357e-05,10060.5,45.70214892553723,True,28
92641,0,1.3348684373315236e-08,10479.5,47.60574258325383,2.9673717342819357e-05,10060.5,45.70214892553723,True,28
216945,0,1.3348684373315236e-08,10479.5,47.60574258325383,2.9673717342819357e-05,10060.5,45.70214892553723,True,28
107825,0,1.3348684373315236e-08,10479.5,47.60574258325383,2.9673717342819357e-05,10060.5,45.70214892553723,True,28
395776,0,1.3348684373315236e-08,10479.5,47.60574258325383,2.9673717342819357e-05,10060.5,45.70214892553723,True,28
179004,0,1.3348684373315236e-08,10479.5,47.60574258325383,2.9673717342819357e-05,10060.5,45.70214892553723,True,28
252116,0,1.3348684373315236e-08,10479.5,47.60574258325383,2.9673717342819357e-05,10060.5,45.70214892553723,True,28
375164,0,1.3348684373315236e-08,10479.5,47.60574258325383,2.9673717342819357e-05,10060.5,45.70214892553723,True,28
351712,0,1.3348684373315236e-08,10479.5,47.60574258325383,2.9673717342819357e-05,10060.5,45.70214892553723,True,28
206767,0,1.3348684373315236e-08,10479.5,47.60574258325383,2.9673717342819357e-05,10060.5,45.70214892553723,True,28
199605,0,1.3348484972628154e-08,10494.0,47.6716187360865,2.9673681466443522e-05,10075.0,45.76802507836991,True,28
84799,0,1.3348484972628154e-08,10494.0,47.6716187360865,2.9673681466443522e-05,10075.0,45.76802507836991,True,28
54511,0,1.3348484972628154e-08,10494.0,47.6716187360865,2.9673681466443522e-05,10075.0,45.76802507836991,True,28
97364,0,1.334848470826607e-08,10497.5,47.687519876425426,2.967368141980676e-05,10078.5,45.78392621870883,True,28
272807,0,1.334848470826607e-08,10497.5,47.687519876425426,2.967368141980676e-05,10078.5,45.78392621870883,True,28
294791,0,1.334848470826607e-08,10497.5,47.687519876425426,2.967368141980676e-05,10078.5,45.78392621870883,True,28
395895,0,1.334848470826607e-08,10497.5,47.687519876425426,2.967368141980676e-05,10078.5,45.78392621870883,True,28
177349,0,1.3348484657681407e-08,10526.0,47.81700059061379,2.967368139400853e-05,10107.0,45.91340693289719,True,28
337918,0,1.3348484657681407e-08,10526.0,47.81700059061379,2.967368139400853e-05,10107.0,45.91340693289719,True,28
261992,0,1.3348484657681407e-08,10526.0,47.81700059061379,2.967368139400853e-05,10107.0,45.91340693289719,True,28
56082,0,1.3348484657681407e-08,10526.0,47.81700059061379,2.967368139400853e-05,10107.0,45.91340693289719,True,28
10760,0,1.3348484657681407e-08,10526.0,47.81700059061379,2.967368139400853e-05,10107.0,45.91340693289719,True,28
31938,0,1.3348484657681407e-08,10526.0,47.81700059061379,2.967368139400853e-05,10107.0,45.91340693289719,True,28
186750,0,1.3348484657681407e-08,10526.0,47.81700059061379,2.967368139400853e-05,10107.0,45.91340693289719,True,28
398614,0,1.3348484657681407e-08,10526.0,47.81700059061379,2.967368139400853e-05,10107.0,45.91340693289719,True,28
205301,0,1.3348484657681407e-08,10526.0,47.81700059061379,2.967368139400853e-05,10107.0,45.91340693289719,True,28
283401,0,1.3348484657681407e-08,10526.0,47.81700059061379,2.967368139400853e-05,10107.0,45.91340693289719,True,28
230788,0,1.3348484657681407e-08,10526.0,47.81700059061379,2.967368139400853e-05,10107.0,45.91340693289719,True,28
240642,0,1.3348484657681407e-08,10526.0,47.81700059061379,2.967368139400853e-05,10107.0,45.91340693289719,True,28
173911,0,1.3348484657681407e-08,10526.0,47.81700059061379,2.967368139400853e-05,10107.0,45.91340693289719,True,28
280433,0,1.3348484657681407e-08,10526.0,47.81700059061379,2.967368139400853e-05,10107.0,45.91340693289719,True,28
163400,0,1.3348484657681407e-08,10526.0,47.81700059061379,2.967368139400853e-05,10107.0,45.91340693289719,True,28
254133,0,1.3348484657681407e-08,10526.0,47.81700059061379,2.967368139400853e-05,10107.0,45.91340693289719,True,28
310426,0,1.3348484657681407e-08,10526.0,47.81700059061379,2.967368139400853e-05,10107.0,45.91340693289719,True,28
118275,0,1.3348484657681407e-08,10526.0,47.81700059061379,2.967368139400853e-05,10107.0,45.91340693289719,True,28
322348,0,1.3348484657681407e-08,10526.0,47.81700059061379,2.967368139400853e-05,10107.0,45.91340693289719,True,28
264393,0,1.3348484657681407e-08,10526.0,47.81700059061379,2.967368139400853e-05,10107.0,45.91340693289719,True,28
237243,0,1.3348484657681407e-08,10526.0,47.81700059061379,2.967368139400853e-05,10107.0,45.91340693289719,True,28
137298,0,1.3348484657681407e-08,10526.0,47.81700059061379,2.967368139400853e-05,10107.0,45.91340693289719,True,28
43888,0,1.3348484657681407e-08,10526.0,47.81700059061379,2.967368139400853e-05,10107.0,45.91340693289719,True,28
54007,0,1.3348484657681407e-08,10526.0,47.81700059061379,2.967368139400853e-05,10107.0,45.91340693289719,True,28
156490,0,1.3348484657681407e-08,10526.0,47.81700059061379,2.967368139400853e-05,10107.0,45.91340693289719,True,28
193218,0,1.3348484657681407e-08,10526.0,47.81700059061379,2.967368139400853e-05,10107.0,45.91340693289719,True,28
295567,0,1.3348484657681407e-08,10526.0,47.81700059061379,2.967368139400853e-05,10107.0,45.91340693289719,True,28
345336,0,1.3348484657681407e-08,10526.0,47.81700059061379,2.967368139400853e-05,10107.0,45.91340693289719,True,28
322386,0,1.3348484657681407e-08,10526.0,47.81700059061379,2.967368139400853e-05,10107.0,45.91340693289719,True,28
367591,0,1.3348484657681407e-08,10526.0,47.81700059061379,2.967368139400853e-05,10107.0,45.91340693289719,True,28
247598,0,1.3348484657681407e-08,10526.0,47.81700059061379,2.967368139400853e-05,10107.0,45.91340693289719,True,28
221551,0,1.3348484657681407e-08,10526.0,47.81700059061379,2.967368139400853e-05,10107.0,45.91340693289719,True,28
187990,0,1.3348484657681407e-08,10526.0,47.81700059061379,2.967368139400853e-05,10107.0,45.91340693289719,True,28
393199,0,1.3348484657681407e-08,10526.0,47.81700059061379,2.967368139400853e-05,10107.0,45.91340693289719,True,28
158703,0,1.3348484657681407e-08,10526.0,47.81700059061379,2.967368139400853e-05,10107.0,45.91340693289719,True,28
239254,0,1.3348484657681407e-08,10526.0,47.81700059061379,2.967368139400853e-05,10107.0,45.91340693289719,True,28
344507,0,1.3348484657681407e-08,10526.0,47.81700059061379,2.967368139400853e-05,10107.0,45.91340693289719,True,28
1183,0,1.3348484657681407e-08,10526.0,47.81700059061379,2.967368139400853e-05,10107.0,45.91340693289719,True,28
118040,0,1.3348484657681407e-08,10526.0,47.81700059061379,2.967368139400853e-05,10107.0,45.91340693289719,True,28
207504,0,1.3348484657681407e-08,10526.0,47.81700059061379,2.967368139400853e-05,10107.0,45.91340693289719,True,28
259033,0,1.3348484657681407e-08,10526.0,47.81700059061379,2.967368139400853e-05,10107.0,45.91340693289719,True,28
225795,0,1.3348484657681407e-08,10526.0,47.81700059061379,2.967368139400853e-05,10107.0,45.91340693289719,True,28
265464,0,1.3348484657681407e-08,10526.0,47.81700059061379,2.967368139400853e-05,10107.0,45.91340693289719,True,28
230736,0,1.3348484657681407e-08,10526.0,47.81700059061379,2.967368139400853e-05,10107.0,45.91340693289719,True,28
364409,0,1.3348484657681407e-08,10526.0,47.81700059061379,2.967368139400853e-05,10107.0,45.91340693289719,True,28
386406,0,1.3348484657681407e-08,10526.0,47.81700059061379,2.967368139400853e-05,10107.0,45.91340693289719,True,28
221705,0,1.3348484657681407e-08,10526.0,47.81700059061379,2.967368139400853e-05,10107.0,45.91340693289719,True,28
361452,0,1.3348484657681407e-08,10526.0,47.81700059061379,2.967368139400853e-05,10107.0,45.91340693289719,True,28
86693,0,1.3348484657681407e-08,10526.0,47.81700059061379,2.967368139400853e-05,10107.0,45.91340693289719,True,28
275815,0,1.3348484657681407e-08,10526.0,47.81700059061379,2.967368139400853e-05,10107.0,45.91340693289719,True,28
70779,0,1.3348484657681407e-08,10526.0,47.81700059061379,2.967368139400853e-05,10107.0,45.91340693289719,True,28
192828,0,1.3348484657681407e-08,10526.0,47.81700059061379,2.967368139400853e-05,10107.0,45.91340693289719,True,28
306557,0,1.3348484657681407e-08,10526.0,47.81700059061379,2.967368139400853e-05,10107.0,45.91340693289719,True,28
73376,0,1.3348484657671374e-08,10561.5,47.978283585479986,2.9673681394003462e-05,10142.5,46.074689927763394,True,28
338731,0,1.3348484657671374e-08,10561.5,47.978283585479986,2.9673681394003462e-05,10142.5,46.074689927763394,True,28
348192,0,1.3348484657671374e-08,10561.5,47.978283585479986,2.9673681394003462e-05,10142.5,46.074689927763394,True,28
253739,1,1.3348484657671374e-08,10561.5,47.978283585479986,2.9673681394003462e-05,10142.5,46.074689927763394,True,28
254822,0,1.3348484657671374e-08,10561.5,47.978283585479986,2.9673681394003462e-05,10142.5,46.074689927763394,True,28
345776,0,1.3348484657671374e-08,10561.5,47.978283585479986,2.9673681394003462e-05,10142.5,46.074689927763394,True,28
249915,0,1.3348484657671374e-08,10561.5,47.978283585479986,2.9673681394003462e-05,10142.5,46.074689927763394,True,28
74544,0,1.3348484657671374e-08,10561.5,47.978283585479986,2.9673681394003462e-05,10142.5,46.074689927763394,True,28
74722,0,1.3348484657671374e-08,10561.5,47.978283585479986,2.9673681394003462e-05,10142.5,46.074689927763394,True,28
69772,0,1.3348484657671374e-08,10561.5,47.978283585479986,2.9673681394003462e-05,10142.5,46.074689927763394,True,28
294706,0,1.3348484657671374e-08,10561.5,47.978283585479986,2.9673681394003462e-05,10142.5,46.074689927763394,True,28
383287,0,1.3348484657671374e-08,10561.5,47.978283585479986,2.9673681394003462e-05,10142.5,46.074689927763394,True,28
139817,0,1.3348484657671374e-08,10561.5,47.978283585479986,2.9673681394003462e-05,10142.5,46.074689927763394,True,28
364761,0,1.3348484657671374e-08,10561.5,47.978283585479986,2.9673681394003462e-05,10142.5,46.074689927763394,True,28
220774,0,1.3348484657671374e-08,10561.5,47.978283585479986,2.9673681394003462e-05,10142.5,46.074689927763394,True,28
271234,0,1.3348484657671374e-08,10561.5,47.978283585479986,2.9673681394003462e-05,10142.5,46.074689927763394,True,28
221275,0,1.3348484657671374e-08,10561.5,47.978283585479986,2.9673681394003462e-05,10142.5,46.074689927763394,True,28
272146,0,1.3348484657671374e-08,10561.5,47.978283585479986,2.9673681394003462e-05,10142.5,46.074689927763394,True,28
290183,0,1.2008797509632634e-08,10585.5,48.08731997637545,2.6587267711393643e-05,10172.5,46.21098541638272,True,28
287501,0,1.2008797509632634e-08,10585.5,48.08731997637545,2.6587267711393643e-05,10172.5,46.21098541638272,True,28
154862,0,1.2008797509632634e-08,10585.5,48.08731997637545,2.6587267711393643e-05,10172.5,46.21098541638272,True,28
41484,0,1.2008797509632634e-08,10585.5,48.08731997637545,2.6587267711393643e-05,10172.5,46.21098541638272,True,28
215675,0,1.1939426267568818e-08,10588.5,48.10094952523738,2.6540979649463405e-05,10175.5,46.22461496524465,True,28
60452,0,1.1939426267568818e-08,10588.5,48.10094952523738,2.6540979649463405e-05,10175.5,46.22461496524465,True,28
196867,0,1.1939247681728728e-08,10597.5,48.14183817182318,2.6540947518948685e-05,10184.5,46.26550361183045,True,28
186240,0,1.1939247681728728e-08,10597.5,48.14183817182318,2.6540947518948685e-05,10184.5,46.26550361183045,True,28
147287,0,1.1939247681728728e-08,10597.5,48.14183817182318,2.6540947518948685e-05,10184.5,46.26550361183045,True,28
398893,0,1.1939247681728728e-08,10597.5,48.14183817182318,2.6540947518948685e-05,10184.5,46.26550361183045,True,28
45201,0,1.1939247681728728e-08,10597.5,48.14183817182318,2.6540947518948685e-05,10184.5,46.26550361183045,True,28
72303,0,1.1939247681728728e-08,10597.5,48.14183817182318,2.6540947518948685e-05,10184.5,46.26550361183045,True,28
336626,0,1.1939247681728728e-08,10597.5,48.14183817182318,2.6540947518948685e-05,10184.5,46.26550361183045,True,28
50137,0,1.1939247681728728e-08,10597.5,48.14183817182318,2.6540947518948685e-05,10184.5,46.26550361183045,True,28
356955,0,1.1939247681728728e-08,10597.5,48.14183817182318,2.6540947518948685e-05,10184.5,46.26550361183045,True,28
140732,0,1.1939247681728728e-08,10597.5,48.14183817182318,2.6540947518948685e-05,10184.5,46.26550361183045,True,28
398142,0,1.1939247681728728e-08,10597.5,48.14183817182318,2.6540947518948685e-05,10184.5,46.26550361183045,True,28
339811,0,1.1939247681728728e-08,10597.5,48.14183817182318,2.6540947518948685e-05,10184.5,46.26550361183045,True,28
262929,0,1.1939247681728728e-08,10597.5,48.14183817182318,2.6540947518948685e-05,10184.5,46.26550361183045,True,28
324106,0,1.1939247681728728e-08,10597.5,48.14183817182318,2.6540947518948685e-05,10184.5,46.26550361183045,True,28
4476,0,1.1939247681728728e-08,10597.5,48.14183817182318,2.6540947518948685e-05,10184.5,46.26550361183045,True,28
192740,0,1.1939247681728728e-08,10597.5,48.14183817182318,2.6540947518948685e-05,10184.5,46.26550361183045,True,28
8168,0,1.193924763646648e-08,10607.0,48.184998409885964,2.6540947495864984e-05,10194.0,46.308663849893236,True,28
202248,0,1.193924763646648e-08,10607.0,48.184998409885964,2.6540947495864984e-05,10194.0,46.308663849893236,True,28
122565,0,1.193924763646648e-08,10607.0,48.184998409885964,2.6540947495864984e-05,10194.0,46.308663849893236,True,28
3662,0,1.1041097553305665e-08,10610.5,48.20089955022489,2.4298259174275103e-05,10243.5,46.53355140611512,True,28
342274,0,1.1041097553305665e-08,10610.5,48.20089955022489,2.4298259174275103e-05,10243.5,46.53355140611512,True,28
370005,0,1.0962482140896093e-08,10615.5,48.22361546499477,2.427074377993175e-05,10248.5,46.55626732088501,True,28
95594,0,1.0962482140896093e-08,10615.5,48.22361546499477,2.427074377993175e-05,10248.5,46.55626732088501,True,28
384788,0,1.0962482140896093e-08,10615.5,48.22361546499477,2.427074377993175e-05,10248.5,46.55626732088501,True,28
231712,0,1.0962482140896093e-08,10615.5,48.22361546499477,2.427074377993175e-05,10248.5,46.55626732088501,True,28
5004,0,1.0962482140896093e-08,10615.5,48.22361546499477,2.427074377993175e-05,10248.5,46.55626732088501,True,28
20792,0,1.0962482140896093e-08,10615.5,48.22361546499477,2.427074377993175e-05,10248.5,46.55626732088501,True,28
28595,0,1.0962482140896093e-08,10615.5,48.22361546499477,2.427074377993175e-05,10248.5,46.55626732088501,True,28
370247,0,1.0962482140896093e-08,10615.5,48.22361546499477,2.427074377993175e-05,10248.5,46.55626732088501,True,28
333038,0,1.0222070038399926e-08,10625.0,48.26677570305756,2.2495816733026693e-05,10320.0,46.88110490209441,True,28
81535,0,1.0222070038399926e-08,10625.0,48.26677570305756,2.2495816733026693e-05,10320.0,46.88110490209441,True,28
178519,0,1.0222070038399926e-08,10625.0,48.26677570305756,2.2495816733026693e-05,10320.0,46.88110490209441,True,28
381355,0,1.0222070038399926e-08,10625.0,48.26677570305756,2.2495816733026693e-05,10320.0,46.88110490209441,True,28
287532,0,1.0222070038399926e-08,10625.0,48.26677570305756,2.2495816733026693e-05,10320.0,46.88110490209441,True,28
354607,0,1.0222070038399926e-08,10625.0,48.26677570305756,2.2495816733026693e-05,10320.0,46.88110490209441,True,28
370799,0,1.0222070038399926e-08,10625.0,48.26677570305756,2.2495816733026693e-05,10320.0,46.88110490209441,True,28
281082,0,4.235420914515032e-09,10780.0,48.970969060924084,9.572051281351203e-07,10765.0,48.90282131661442,True,28
162196,0,1.7627794878522903e-09,10938.0,49.688791967652534,2.156431769972725e-07,10979.0,49.87506246876562,True,28
346768,0,1.5566874265474106e-10,11135.5,50.586070601063106,7.646181984966423e-08,11035.5,50.13175230566535,True,28
280695,0,1.5566874265474106e-10,11135.5,50.586070601063106,7.646181984966423e-08,11035.5,50.13175230566535,True,28
281149,0,1.5566874265474106e-10,11135.5,50.586070601063106,7.646181984966423e-08,11035.5,50.13175230566535,True,28
10165,0,1.5566874265474106e-10,11135.5,50.586070601063106,7.646181984966423e-08,11035.5,50.13175230566535,True,28
12855,0,1.5566874265474106e-10,11135.5,50.586070601063106,7.646181984966423e-08,11035.5,50.13175230566535,True,28
44342,0,1.5566874265474106e-10,11135.5,50.586070601063106,7.646181984966423e-08,11035.5,50.13175230566535,True,28
47633,0,1.4210546975078053e-10,11148.5,50.645131979464814,6.979977253259561e-08,11054.5,50.21807278179092,True,28
278954,0,1.4210546975078053e-10,11148.5,50.645131979464814,6.979977253259561e-08,11054.5,50.21807278179092,True,28
106009,0,1.4210546975078053e-10,11148.5,50.645131979464814,6.979977253259561e-08,11054.5,50.21807278179092,True,28
232066,0,1.4210546975078053e-10,11148.5,50.645131979464814,6.979977253259561e-08,11054.5,50.21807278179092,True,28
267746,0,1.4210546975078053e-10,11148.5,50.645131979464814,6.979977253259561e-08,11054.5,50.21807278179092,True,28
287844,0,1.4210546975078053e-10,11148.5,50.645131979464814,6.979977253259561e-08,11054.5,50.21807278179092,True,28
201640,0,1.4210546975078053e-10,11148.5,50.645131979464814,6.979977253259561e-08,11054.5,50.21807278179092,True,28
342159,0,1.4210546975078053e-10,11148.5,50.645131979464814,6.979977253259561e-08,11054.5,50.21807278179092,True,28
355699,0,1.4210546975078053e-10,11148.5,50.645131979464814,6.979977253259561e-08,11054.5,50.21807278179092,True,28
187373,0,1.4210546975078053e-10,11148.5,50.645131979464814,6.979977253259561e-08,11054.5,50.21807278179092,True,28
340489,0,8.978850016778499e-11,11177.0,50.774612693653175,5.979914111174481e-08,11092.0,50.38844214256508,True,28
272749,0,8.978850016778499e-11,11177.0,50.774612693653175,5.979914111174481e-08,11092.0,50.38844214256508,True,28
242040,0,8.978850016778499e-11,11177.0,50.774612693653175,5.979914111174481e-08,11092.0,50.38844214256508,True,28
311375,0,8.978850016778499e-11,11177.0,50.774612693653175,5.979914111174481e-08,11092.0,50.38844214256508,True,28
136206,0,7.775912211300513e-11,11194.0,50.85184680387079,5.1787575327261423e-08,11141.0,50.61105810730998,True,28
40020,0,7.775912211300513e-11,11194.0,50.85184680387079,5.1787575327261423e-08,11141.0,50.61105810730998,True,28
290769,0,7.775912211300513e-11,11194.0,50.85184680387079,5.1787575327261423e-08,11141.0,50.61105810730998,True,28
206480,0,7.775912211300513e-11,11194.0,50.85184680387079,5.1787575327261423e-08,11141.0,50.61105810730998,True,28
350281,0,7.775912211300513e-11,11194.0,50.85184680387079,5.1787575327261423e-08,11141.0,50.61105810730998,True,28
370782,0,7.775912211300513e-11,11194.0,50.85184680387079,5.1787575327261423e-08,11141.0,50.61105810730998,True,28
103204,0,7.775912211300513e-11,11194.0,50.85184680387079,5.1787575327261423e-08,11141.0,50.61105810730998,True,28
15784,0,7.775912211300513e-11,11194.0,50.85184680387079,5.1787575327261423e-08,11141.0,50.61105810730998,True,28
69782,0,7.775912211300513e-11,11194.0,50.85184680387079,5.1787575327261423e-08,11141.0,50.61105810730998,True,28
356805,0,7.775912211300513e-11,11194.0,50.85184680387079,5.1787575327261423e-08,11141.0,50.61105810730998,True,28
125385,0,7.775912211300513e-11,11194.0,50.85184680387079,5.1787575327261423e-08,11141.0,50.61105810730998,True,28
104197,0,6.954987316615463e-11,11218.0,50.960883194766254,4.6320215528658984e-08,11150.0,50.65194675389578,True,28
63901,0,6.954987316615463e-11,11218.0,50.960883194766254,4.6320215528658984e-08,11150.0,50.65194675389578,True,28
140510,0,6.954987316615463e-11,11218.0,50.960883194766254,4.6320215528658984e-08,11150.0,50.65194675389578,True,28
132869,0,6.954987316615463e-11,11218.0,50.960883194766254,4.6320215528658984e-08,11150.0,50.65194675389578,True,28
308533,0,6.954987316615463e-11,11218.0,50.960883194766254,4.6320215528658984e-08,11150.0,50.65194675389578,True,28
11625,0,6.954987316615463e-11,11218.0,50.960883194766254,4.6320215528658984e-08,11150.0,50.65194675389578,True,28
252186,0,6.954987316615463e-11,11218.0,50.960883194766254,4.6320215528658984e-08,11150.0,50.65194675389578,True,28
392242,0,4.597161252046822e-11,11300.5,51.3356957884694,1.7791014045421197e-08,11215.5,50.94952523738131,True,28
389317,0,4.597161252046822e-11,11300.5,51.3356957884694,1.7791014045421197e-08,11215.5,50.94952523738131,True,28
233060,0,4.597161252046822e-11,11300.5,51.3356957884694,1.7791014045421197e-08,11215.5,50.94952523738131,True,28
240483,0,4.597161252046822e-11,11300.5,51.3356957884694,1.7791014045421197e-08,11215.5,50.94952523738131,True,28
163405,0,4.597161252046822e-11,11300.5,51.3356957884694,1.7791014045421197e-08,11215.5,50.94952523738131,True,28
261700,0,4.597161252046822e-11,11300.5,51.3356957884694,1.7791014045421197e-08,11215.5,50.94952523738131,True,28
264606,0,3.743965378103256e-11,11343.0,51.52878106401345,5.091792914220428e-09,11461.0,52.0648766525828,True,28
16914,0,1.6717012746910274e-11,11458.0,52.05124710372087,4.948235773085442e-09,11472.0,52.11485166507655,True,28
96443,0,1.6717012746910274e-11,11458.0,52.05124710372087,4.948235773085442e-09,11472.0,52.11485166507655,True,28
23518,0,1.6717012746910274e-11,11458.0,52.05124710372087,4.948235773085442e-09,11472.0,52.11485166507655,True,28
145435,0,1.4952150753128743e-11,11460.5,52.06260506110581,4.425836622926109e-09,11517.5,52.32156648948253,True,28
398677,0,1.4952150753128743e-11,11460.5,52.06260506110581,4.425836622926109e-09,11517.5,52.32156648948253,True,28
244644,0,2.3061176148985003e-13,11701.5,53.1575121530144,4.1510117068173005e-11,11818.5,53.689064558629774,True,28
381745,0,2.3061176148985003e-13,11701.5,53.1575121530144,4.1510117068173005e-11,11818.5,53.689064558629774,True,28
203102,0,2.3061176148985003e-13,11701.5,53.1575121530144,4.1510117068173005e-11,11818.5,53.689064558629774,True,28
32149,0,2.3061176148985003e-13,11701.5,53.1575121530144,4.1510117068173005e-11,11818.5,53.689064558629774,True,28
162033,0,2.3061176148985003e-13,11701.5,53.1575121530144,4.1510117068173005e-11,11818.5,53.689064558629774,True,28
40662,0,2.3061176148985003e-13,11701.5,53.1575121530144,4.1510117068173005e-11,11818.5,53.689064558629774,True,28
396137,0,2.3061176148985003e-13,11701.5,53.1575121530144,4.1510117068173005e-11,11818.5,53.689064558629774,True,28
223680,0,2.3061176148985003e-13,11701.5,53.1575121530144,4.1510117068173005e-11,11818.5,53.689064558629774,True,28
229487,0,2.3061176148985003e-13,11701.5,53.1575121530144,4.1510117068173005e-11,11818.5,53.689064558629774,True,28
208899,0,2.3061176148985003e-13,11701.5,53.1575121530144,4.1510117068173005e-11,11818.5,53.689064558629774,True,28
85167,0,2.3061176148985003e-13,11701.5,53.1575121530144,4.1510117068173005e-11,11818.5,53.689064558629774,True,28
87085,0,2.3061176148985003e-13,11701.5,53.1575121530144,4.1510117068173005e-11,11818.5,53.689064558629774,True,28
251537,0,3.71551546908387e-14,11968.0,54.36827041024942,1.2521287130812642e-11,11969.0,54.3728135932034,True,28
175155,0,9.848945977683483e-16,12065.0,54.80895915678524,2.5213301702869716e-13,12072.0,54.84076143746309,True,28
12622,0,3.6368076384254644e-16,12128.5,55.09745127436282,8.364657568378567e-14,12128.5,55.09745127436282,True,28
324433,0,3.6368076384254644e-16,12128.5,55.09745127436282,8.364657568378567e-14,12128.5,55.09745127436282,True,28
82154,0,3.6368076384254644e-16,12128.5,55.09745127436282,8.364657568378567e-14,12128.5,55.09745127436282,True,28
107066,0,5.842172329862586e-17,12241.0,55.60855935668529,2.979507888229919e-14,12227.0,55.54495479532961,True,28
64521,0,5.842172329862586e-17,12241.0,55.60855935668529,2.979507888229919e-14,12227.0,55.54495479532961,True,28
47095,0,5.842172329862586e-17,12241.0,55.60855935668529,2.979507888229919e-14,12227.0,55.54495479532961,True,28
140422,0,5.060473034223618e-17,12251.5,55.65626277770206,2.5808362305376643e-14,12240.5,55.60628776520831,True,28
244603,0,5.060473034223618e-17,12251.5,55.65626277770206,2.5808362305376643e-14,12240.5,55.60628776520831,True,28
23980,0,5.060473034223618e-17,12251.5,55.65626277770206,2.5808362305376643e-14,12240.5,55.60628776520831,True,28
138580,0,5.060473034223618e-17,12251.5,55.65626277770206,2.5808362305376643e-14,12240.5,55.60628776520831,True,28
81117,0,5.060473034223618e-17,12251.5,55.65626277770206,2.5808362305376643e-14,12240.5,55.60628776520831,True,28
10975,0,5.060473034223618e-17,12251.5,55.65626277770206,2.5808362305376643e-14,12240.5,55.60628776520831,True,28
393874,0,5.060473034223618e-17,12251.5,55.65626277770206,2.5808362305376643e-14,12240.5,55.60628776520831,True,28
385777,0,5.060473034223618e-17,12251.5,55.65626277770206,2.5808362305376643e-14,12240.5,55.60628776520831,True,28
369171,0,5.060473034223618e-17,12251.5,55.65626277770206,2.5808362305376643e-14,12240.5,55.60628776520831,True,28
105121,0,5.060473034223618e-17,12251.5,55.65626277770206,2.5808362305376643e-14,12240.5,55.60628776520831,True,28
78549,0,5.060473034223618e-17,12251.5,55.65626277770206,2.5808362305376643e-14,12240.5,55.60628776520831,True,28
242093,0,5.060473034223618e-17,12251.5,55.65626277770206,2.5808362305376643e-14,12240.5,55.60628776520831,True,28
232043,0,5.060473034223618e-17,12251.5,55.65626277770206,2.5808362305376643e-14,12240.5,55.60628776520831,True,28
222858,0,5.060473034223618e-17,12251.5,55.65626277770206,2.5808362305376643e-14,12240.5,55.60628776520831,True,28
206074,0,2.4750591109007873e-17,12274.0,55.75848439416655,6.311400732797009e-15,12303.0,55.8902366998319,True,28
181798,0,1.158607209108896e-20,12626.0,57.357684793966655,5.850966405999925e-18,12626.0,57.357684793966655,True,28
95086,0,1.158607209108896e-20,12626.0,57.357684793966655,5.850966405999925e-18,12626.0,57.357684793966655,True,28
141020,0,1.158607209108896e-20,12626.0,57.357684793966655,5.850966405999925e-18,12626.0,57.357684793966655,True,28
343107,0,1.158607209108896e-20,12626.0,57.357684793966655,5.850966405999925e-18,12626.0,57.357684793966655,True,28
27278,0,1.158607209108896e-20,12626.0,57.357684793966655,5.850966405999925e-18,12626.0,57.357684793966655,True,28
146431,0,1.158607209108896e-20,12626.0,57.357684793966655,5.850966405999925e-18,12626.0,57.357684793966655,True,28
85187,0,1.158607209108896e-20,12626.0,57.357684793966655,5.850966405999925e-18,12626.0,57.357684793966655,True,28
146303,0,1.158607209108896e-20,12626.0,57.357684793966655,5.850966405999925e-18,12626.0,57.357684793966655,True,28
99826,0,1.158607209108896e-20,12626.0,57.357684793966655,5.850966405999925e-18,12626.0,57.357684793966655,True,28
293229,0,1.158607209108896e-20,12626.0,57.357684793966655,5.850966405999925e-18,12626.0,57.357684793966655,True,28
244032,0,1.158607209108896e-20,12626.0,57.357684793966655,5.850966405999925e-18,12626.0,57.357684793966655,True,28
64071,0,1.158607209108896e-20,12626.0,57.357684793966655,5.850966405999925e-18,12626.0,57.357684793966655,True,28
386405,0,1.158607209108896e-20,12626.0,57.357684793966655,5.850966405999925e-18,12626.0,57.357684793966655,True,28
357248,0,1.158607209108896e-20,12626.0,57.357684793966655,5.850966405999925e-18,12626.0,57.357684793966655,True,28
17264,0,1.158607209108896e-20,12626.0,57.357684793966655,5.850966405999925e-18,12626.0,57.357684793966655,True,28
183588,0,1.158607209108896e-20,12626.0,57.357684793966655,5.850966405999925e-18,12626.0,57.357684793966655,True,28
305619,0,1.158607209108896e-20,12626.0,57.357684793966655,5.850966405999925e-18,12626.0,57.357684793966655,True,28
15086,0,1.158607209108896e-20,12626.0,57.357684793966655,5.850966405999925e-18,12626.0,57.357684793966655,True,28
86521,0,1.158607209108896e-20,12626.0,57.357684793966655,5.850966405999925e-18,12626.0,57.357684793966655,True,28
22713,0,1.158607209108896e-20,12626.0,57.357684793966655,5.850966405999925e-18,12626.0,57.357684793966655,True,28
375034,0,1.158607209108896e-20,12626.0,57.357684793966655,5.850966405999925e-18,12626.0,57.357684793966655,True,28
354543,0,1.158607209108896e-20,12626.0,57.357684793966655,5.850966405999925e-18,12626.0,57.357684793966655,True,28
317856,0,1.158607209108896e-20,12626.0,57.357684793966655,5.850966405999925e-18,12626.0,57.357684793966655,True,28
198612,0,1.158607209108896e-20,12626.0,57.357684793966655,5.850966405999925e-18,12626.0,57.357684793966655,True,28
357826,0,1.158607209108896e-20,12626.0,57.357684793966655,5.850966405999925e-18,12626.0,57.357684793966655,True,28
227636,0,1.158607209108896e-20,12626.0,57.357684793966655,5.850966405999925e-18,12626.0,57.357684793966655,True,28
38742,0,1.158607209108896e-20,12626.0,57.357684793966655,5.850966405999925e-18,12626.0,57.357684793966655,True,28
113318,0,1.158607209108896e-20,12626.0,57.357684793966655,5.850966405999925e-18,12626.0,57.357684793966655,True,28
220315,0,1.158607209108896e-20,12626.0,57.357684793966655,5.850966405999925e-18,12626.0,57.357684793966655,True,28
76476,0,1.158607209108896e-20,12626.0,57.357684793966655,5.850966405999925e-18,12626.0,57.357684793966655,True,28
317394,0,1.158607209108896e-20,12626.0,57.357684793966655,5.850966405999925e-18,12626.0,57.357684793966655,True,28
376445,0,1.158607209108896e-20,12626.0,57.357684793966655,5.850966405999925e-18,12626.0,57.357684793966655,True,28
163899,0,1.158607209108896e-20,12626.0,57.357684793966655,5.850966405999925e-18,12626.0,57.357684793966655,True,28
288732,0,1.158607209108896e-20,12626.0,57.357684793966655,5.850966405999925e-18,12626.0,57.357684793966655,True,28
71785,0,1.158607209108896e-20,12626.0,57.357684793966655,5.850966405999925e-18,12626.0,57.357684793966655,True,28
237562,0,1.158607209108896e-20,12626.0,57.357684793966655,5.850966405999925e-18,12626.0,57.357684793966655,True,28
69312,0,1.158607209108896e-20,12626.0,57.357684793966655,5.850966405999925e-18,12626.0,57.357684793966655,True,28
199533,0,1.158607209108896e-20,12626.0,57.357684793966655,5.850966405999925e-18,12626.0,57.357684793966655,True,28
234583,0,1.158607209108896e-20,12626.0,57.357684793966655,5.850966405999925e-18,12626.0,57.357684793966655,True,28
253304,0,1.158607209108896e-20,12626.0,57.357684793966655,5.850966405999925e-18,12626.0,57.357684793966655,True,28
184510,0,1.158607209108896e-20,12626.0,57.357684793966655,5.850966405999925e-18,12626.0,57.357684793966655,True,28
177013,0,1.158607209108896e-20,12626.0,57.357684793966655,5.850966405999925e-18,12626.0,57.357684793966655,True,28
260984,0,1.158607209108896e-20,12626.0,57.357684793966655,5.850966405999925e-18,12626.0,57.357684793966655,True,28
108896,0,1.158607209108896e-20,12626.0,57.357684793966655,5.850966405999925e-18,12626.0,57.357684793966655,True,28
219794,0,1.158607209108896e-20,12626.0,57.357684793966655,5.850966405999925e-18,12626.0,57.357684793966655,True,28
276639,0,1.158607209108896e-20,12626.0,57.357684793966655,5.850966405999925e-18,12626.0,57.357684793966655,True,28
9243,0,1.158607209108896e-20,12626.0,57.357684793966655,5.850966405999925e-18,12626.0,57.357684793966655,True,28
51718,0,0.0,17504.5,79.52160283494617,0.0,17504.5,79.52160283494617,True,28
325782,0,0.0,17504.5,79.52160283494617,0.0,17504.5,79.52160283494617,True,28
69929,0,0.0,17504.5,79.52160283494617,0.0,17504.5,79.52160283494617,True,28
141386,0,0.0,17504.5,79.52160283494617,0.0,17504.5,79.52160283494617,True,28
28538,0,0.0,17504.5,79.52160283494617,0.0,17504.5,79.52160283494617,True,28
268161,0,0.0,17504.5,79.52160283494617,0.0,17504.5,79.52160283494617,True,28
162381,0,0.0,17504.5,79.52160283494617,0.0,17504.5,79.52160283494617,True,28
293083,0,0.0,17504.5,79.52160283494617,0.0,17504.5,79.52160283494617,True,28
109629,0,0.0,17504.5,79.52160283494617,0.0,17504.5,79.52160283494617,True,28
167102,0,0.0,17504.5,79.52160283494617,0.0,17504.5,79.52160283494617,True,28
350493,0,0.0,17504.5,79.52160283494617,0.0,17504.5,79.52160283494617,True,28
121652,0,0.0,17504.5,79.52160283494617,0.0,17504.5,79.52160283494617,True,28
131414,0,0.0,17504.5,79.52160283494617,0.0,17504.5,79.52160283494617,True,28
275880,0,0.0,17504.5,79.52160283494617,0.0,17504.5,79.52160283494617,True,28
276779,0,0.0,17504.5,79.52160283494617,0.0,17504.5,79.52160283494617,True,28
245263,0,0.0,17504.5,79.52160283494617,0.0,17504.5,79.52160283494617,True,28
40970,0,0.0,17504.5,79.52160283494617,0.0,17504.5,79.52160283494617,True,28
349734,0,0.0,17504.5,79.52160283494617,0.0,17504.5,79.52160283494617,True,28
125256,0,0.0,17504.5,79.52160283494617,0.0,17504.5,79.52160283494617,True,28
388375,0,0.0,17504.5,79.52160283494617,0.0,17504.5,79.52160283494617,True,28
216153,0,0.0,17504.5,79.52160283494617,0.0,17504.5,79.52160283494617,True,28
164889,0,0.0,17504.5,79.52160283494617,0.0,17504.5,79.52160283494617,True,28
224437,0,0.0,17504.5,79.52160283494617,0.0,17504.5,79.52160283494617,True,28
318460,0,0.0,17504.5,79.52160283494617,0.0,17504.5,79.52160283494617,True,28
279024,0,0.0,17504.5,79.52160283494617,0.0,17504.5,79.52160283494617,True,28
383420,0,0.0,17504.5,79.52160283494617,0.0,17504.5,79.52160283494617,True,28
83767,0,0.0,17504.5,79.52160283494617,0.0,17504.5,79.52160283494617,True,28
79964,0,0.0,17504.5,79.52160283494617,0.0,17504.5,79.52160283494617,True,28
222692,0,0.0,17504.5,79.52160283494617,0.0,17504.5,79.52160283494617,True,28
296352,0,0.0,17504.5,79.52160283494617,0.0,17504.5,79.52160283494617,True,28
318690,0,0.0,17504.5,79.52160283494617,0.0,17504.5,79.52160283494617,True,28
350609,0,0.0,17504.5,79.52160283494617,0.0,17504.5,79.52160283494617,True,28
79289,0,0.0,17504.5,79.52160283494617,0.0,17504.5,79.52160283494617,True,28
94008,0,0.0,17504.5,79.52160283494617,0.0,17504.5,79.52160283494617,True,28
233323,0,0.0,17504.5,79.52160283494617,0.0,17504.5,79.52160283494617,True,28
213171,0,0.0,17504.5,79.52160283494617,0.0,17504.5,79.52160283494617,True,28
246465,0,0.0,17504.5,79.52160283494617,0.0,17504.5,79.52160283494617,True,28
288176,0,0.0,17504.5,79.52160283494617,0.0,17504.5,79.52160283494617,True,28
384549,0,0.0,17504.5,79.52160283494617,0.0,17504.5,79.52160283494617,True,28
111179,0,0.0,17504.5,79.52160283494617,0.0,17504.5,79.52160283494617,True,28
279284,0,0.0,17504.5,79.52160283494617,0.0,17504.5,79.52160283494617,True,28
206669,0,0.0,17504.5,79.52160283494617,0.0,17504.5,79.52160283494617,True,28
14578,0,0.0,17504.5,79.52160283494617,0.0,17504.5,79.52160283494617,True,28
8047,0,0.0,17504.5,79.52160283494617,0.0,17504.5,79.52160283494617,True,28
175875,0,0.0,17504.5,79.52160283494617,0.0,17504.5,79.52160283494617,True,28
85420,0,0.0,17504.5,79.52160283494617,0.0,17504.5,79.52160283494617,True,28
129808,0,0.0,17504.5,79.52160283494617,0.0,17504.5,79.52160283494617,True,28
341658,0,0.0,17504.5,79.52160283494617,0.0,17504.5,79.52160283494617,True,28
271108,0,0.0,17504.5,79.52160283494617,0.0,17504.5,79.52160283494617,True,28
61491,0,0.0,17504.5,79.52160283494617,0.0,17504.5,79.52160283494617,True,28
358969,0,0.0,17504.5,79.52160283494617,0.0,17504.5,79.52160283494617,True,28
61899,0,0.0,17504.5,79.52160283494617,0.0,17504.5,79.52160283494617,True,28
273213,0,0.0,17504.5,79.52160283494617,0.0,17504.5,79.52160283494617,True,28
383981,0,0.0,17504.5,79.52160283494617,0.0,17504.5,79.52160283494617,True,28
114675,0,0.0,17504.5,79.52160283494617,0.0,17504.5,79.52160283494617,True,28
71386,0,0.0,17504.5,79.52160283494617,0.0,17504.5,79.52160283494617,True,28
159841,0,0.0,17504.5,79.52160283494617,0.0,17504.5,79.52160283494617,True,28
180064,0,0.0,17504.5,79.52160283494617,0.0,17504.5,79.52160283494617,True,28
290131,0,0.0,17504.5,79.52160283494617,0.0,17504.5,79.52160283494617,True,28
282782,0,0.0,17504.5,79.52160283494617,0.0,17504.5,79.52160283494617,True,28
135133,0,0.0,17504.5,79.52160283494617,0.0,17504.5,79.52160283494617,True,28
295761,0,0.0,17504.5,79.52160283494617,0.0,17504.5,79.52160283494617,True,28
165187,0,0.0,17504.5,79.52160283494617,0.0,17504.5,79.52160283494617,True,28
180413,0,0.0,17504.5,79.52160283494617,0.0,17504.5,79.52160283494617,True,28
225844,0,0.0,17504.5,79.52160283494617,0.0,17504.5,79.52160283494617,True,28
290281,0,0.0,17504.5,79.52160283494617,0.0,17504.5,79.52160283494617,True,28
263952,0,0.0,17504.5,79.52160283494617,0.0,17504.5,79.52160283494617,True,28
351717,0,0.0,17504.5,79.52160283494617,0.0,17504.5,79.52160283494617,True,28
376441,0,0.0,17504.5,79.52160283494617,0.0,17504.5,79.52160283494617,True,28
114900,0,0.0,17504.5,79.52160283494617,0.0,17504.5,79.52160283494617,True,28
169659,0,0.0,17504.5,79.52160283494617,0.0,17504.5,79.52160283494617,True,28
145499,0,0.0,17504.5,79.52160283494617,0.0,17504.5,79.52160283494617,True,28
105763,0,0.0,17504.5,79.52160283494617,0.0,17504.5,79.52160283494617,True,28
389958,0,0.0,17504.5,79.52160283494617,0.0,17504.5,79.52160283494617,True,28
28058,0,0.0,17504.5,79.52160283494617,0.0,17504.5,79.52160283494617,True,28
248665,0,0.0,17504.5,79.52160283494617,0.0,17504.5,79.52160283494617,True,28
51102,0,0.0,17504.5,79.52160283494617,0.0,17504.5,79.52160283494617,True,28
229848,0,0.0,17504.5,79.52160283494617,0.0,17504.5,79.52160283494617,True,28
100515,0,0.0,17504.5,79.52160283494617,0.0,17504.5,79.52160283494617,True,28
125247,0,0.0,17504.5,79.52160283494617,0.0,17504.5,79.52160283494617,True,28
322536,0,0.0,17504.5,79.52160283494617,0.0,17504.5,79.52160283494617,True,28
93027,0,0.0,17504.5,79.52160283494617,0.0,17504.5,79.52160283494617,True,28
71620,0,0.0,17504.5,79.52160283494617,0.0,17504.5,79.52160283494617,True,28
102987,0,0.0,17504.5,79.52160283494617,0.0,17504.5,79.52160283494617,True,28
162658,0,0.0,17504.5,79.52160283494617,0.0,17504.5,79.52160283494617,True,28
109586,0,0.0,17504.5,79.52160283494617,0.0,17504.5,79.52160283494617,True,28
168778,0,0.0,17504.5,79.52160283494617,0.0,17504.5,79.52160283494617,True,28
10310,0,0.0,17504.5,79.52160283494617,0.0,17504.5,79.52160283494617,True,28
322968,0,0.0,17504.5,79.52160283494617,0.0,17504.5,79.52160283494617,True,28
77060,0,0.0,17504.5,79.52160283494617,0.0,17504.5,79.52160283494617,True,28
241402,0,0.0,17504.5,79.52160283494617,0.0,17504.5,79.52160283494617,True,28
232702,0,0.0,17504.5,79.52160283494617,0.0,17504.5,79.52160283494617,True,28
370940,0,0.0,17504.5,79.52160283494617,0.0,17504.5,79.52160283494617,True,28
14345,0,0.0,17504.5,79.52160283494617,0.0,17504.5,79.52160283494617,True,28
326235,0,0.0,17504.5,79.52160283494617,0.0,17504.5,79.52160283494617,True,28
137085,0,0.0,17504.5,79.52160283494617,0.0,17504.5,79.52160283494617,True,28
19376,0,0.0,17504.5,79.52160283494617,0.0,17504.5,79.52160283494617,True,28
377330,0,0.0,17504.5,79.52160283494617,0.0,17504.5,79.52160283494617,True,28
225496,0,0.0,17504.5,79.52160283494617,0.0,17504.5,79.52160283494617,True,28
15663,0,0.0,17504.5,79.52160283494617,0.0,17504.5,79.52160283494617,True,28
194932,0,0.0,17504.5,79.52160283494617,0.0,17504.5,79.52160283494617,True,28
191205,0,0.0,17504.5,79.52160283494617,0.0,17504.5,79.52160283494617,True,28
135625,0,0.0,17504.5,79.52160283494617,0.0,17504.5,79.52160283494617,True,28
226772,0,0.0,17504.5,79.52160283494617,0.0,17504.5,79.52160283494617,True,28
105066,0,0.0,17504.5,79.52160283494617,0.0,17504.5,79.52160283494617,True,28
63924,0,0.0,17504.5,79.52160283494617,0.0,17504.5,79.52160283494617,True,28
304834,0,0.0,17504.5,79.52160283494617,0.0,17504.5,79.52160283494617,True,28
320677,0,0.0,17504.5,79.52160283494617,0.0,17504.5,79.52160283494617,True,28
302913,0,0.0,17504.5,79.52160283494617,0.0,17504.5,79.52160283494617,True,28
108587,0,0.0,17504.5,79.52160283494617,0.0,17504.5,79.52160283494617,True,28
150365,0,0.0,17504.5,79.52160283494617,0.0,17504.5,79.52160283494617,True,28
345729,0,0.0,17504.5,79.52160283494617,0.0,17504.5,79.52160283494617,True,28
49870,0,0.0,17504.5,79.52160283494617,0.0,17504.5,79.52160283494617,True,28
390893,0,0.0,17504.5,79.52160283494617,0.0,17504.5,79.52160283494617,True,28
334259,0,0.0,17504.5,79.52160283494617,0.0,17504.5,79.52160283494617,True,28
63010,0,0.0,17504.5,79.52160283494617,0.0,17504.5,79.52160283494617,True,28
132860,0,0.0,17504.5,79.52160283494617,0.0,17504.5,79.52160283494617,True,28
317738,0,0.0,17504.5,79.52160283494617,0.0,17504.5,79.52160283494617,True,28
111709,0,0.0,17504.5,79.52160283494617,0.0,17504.5,79.52160283494617,True,28
96294,0,0.0,17504.5,79.52160283494617,0.0,17504.5,79.52160283494617,True,28
63412,0,0.0,17504.5,79.52160283494617,0.0,17504.5,79.52160283494617,True,28
121218,0,0.0,17504.5,79.52160283494617,0.0,17504.5,79.52160283494617,True,28
104490,0,0.0,17504.5,79.52160283494617,0.0,17504.5,79.52160283494617,True,28
356747,0,0.0,17504.5,79.52160283494617,0.0,17504.5,79.52160283494617,True,28
373755,0,0.0,17504.5,79.52160283494617,0.0,17504.5,79.52160283494617,True,28
228442,0,0.0,17504.5,79.52160283494617,0.0,17504.5,79.52160283494617,True,28
227609,0,0.0,17504.5,79.52160283494617,0.0,17504.5,79.52160283494617,True,28
66894,0,0.0,17504.5,79.52160283494617,0.0,17504.5,79.52160283494617,True,28
105590,0,0.0,17504.5,79.52160283494617,0.0,17504.5,79.52160283494617,True,28
65906,0,0.0,17504.5,79.52160283494617,0.0,17504.5,79.52160283494617,True,28
357740,0,0.0,17504.5,79.52160283494617,0.0,17504.5,79.52160283494617,True,28
284284,0,0.0,17504.5,79.52160283494617,0.0,17504.5,79.52160283494617,True,28
336448,0,0.0,17504.5,79.52160283494617,0.0,17504.5,79.52160283494617,True,28
273312,0,0.0,17504.5,79.52160283494617,0.0,17504.5,79.52160283494617,True,28
15492,0,0.0,17504.5,79.52160283494617,0.0,17504.5,79.52160283494617,True,28
256698,0,0.0,17504.5,79.52160283494617,0.0,17504.5,79.52160283494617,True,28
217691,0,0.0,17504.5,79.52160283494617,0.0,17504.5,79.52160283494617,True,28
187698,0,0.0,17504.5,79.52160283494617,0.0,17504.5,79.52160283494617,True,28
236363,0,0.0,17504.5,79.52160283494617,0.0,17504.5,79.52160283494617,True,28
349359,0,0.0,17504.5,79.52160283494617,0.0,17504.5,79.52160283494617,True,28
316899,0,0.0,17504.5,79.52160283494617,0.0,17504.5,79.52160283494617,True,28
50334,0,0.0,17504.5,79.52160283494617,0.0,17504.5,79.52160283494617,True,28
40969,0,0.0,17504.5,79.52160283494617,0.0,17504.5,79.52160283494617,True,28
262398,0,0.0,17504.5,79.52160283494617,0.0,17504.5,79.52160283494617,True,28
6764,0,0.0,17504.5,79.52160283494617,0.0,17504.5,79.52160283494617,True,28
11942,0,0.0,17504.5,79.52160283494617,0.0,17504.5,79.52160283494617,True,28
141848,0,0.0,17504.5,79.52160283494617,0.0,17504.5,79.52160283494617,True,28
380375,0,0.0,17504.5,79.52160283494617,0.0,17504.5,79.52160283494617,True,28
111545,0,0.0,17504.5,79.52160283494617,0.0,17504.5,79.52160283494617,True,28
42161,0,0.0,17504.5,79.52160283494617,0.0,17504.5,79.52160283494617,True,28
166745,0,0.0,17504.5,79.52160283494617,0.0,17504.5,79.52160283494617,True,28
160409,0,0.0,17504.5,79.52160283494617,0.0,17504.5,79.52160283494617,True,28
13873,0,0.0,17504.5,79.52160283494617,0.0,17504.5,79.52160283494617,True,28
206230,0,0.0,17504.5,79.52160283494617,0.0,17504.5,79.52160283494617,True,28
18594,0,0.0,17504.5,79.52160283494617,0.0,17504.5,79.52160283494617,True,28
226310,0,0.0,17504.5,79.52160283494617,0.0,17504.5,79.52160283494617,True,28
306343,0,0.0,17504.5,79.52160283494617,0.0,17504.5,79.52160283494617,True,28
59815,0,0.0,17504.5,79.52160283494617,0.0,17504.5,79.52160283494617,True,28
209375,0,0.0,17504.5,79.52160283494617,0.0,17504.5,79.52160283494617,True,28
221370,0,0.0,17504.5,79.52160283494617,0.0,17504.5,79.52160283494617,True,28
177254,0,0.0,17504.5,79.52160283494617,0.0,17504.5,79.52160283494617,True,28
103634,0,0.0,17504.5,79.52160283494617,0.0,17504.5,79.52160283494617,True,28
220608,0,0.0,17504.5,79.52160283494617,0.0,17504.5,79.52160283494617,True,28
181416,0,0.0,17504.5,79.52160283494617,0.0,17504.5,79.52160283494617,True,28
94153,0,0.0,17504.5,79.52160283494617,0.0,17504.5,79.52160283494617,True,28
76693,0,0.0,17504.5,79.52160283494617,0.0,17504.5,79.52160283494617,True,28
357251,0,0.0,17504.5,79.52160283494617,0.0,17504.5,79.52160283494617,True,28
360191,0,0.0,17504.5,79.52160283494617,0.0,17504.5,79.52160283494617,True,28
34694,0,0.0,17504.5,79.52160283494617,0.0,17504.5,79.52160283494617,True,28
399135,0,0.0,17504.5,79.52160283494617,0.0,17504.5,79.52160283494617,True,28
205909,0,0.0,17504.5,79.52160283494617,0.0,17504.5,79.52160283494617,True,28
36104,0,0.0,17504.5,79.52160283494617,0.0,17504.5,79.52160283494617,True,28
147107,0,0.0,17504.5,79.52160283494617,0.0,17504.5,79.52160283494617,True,28
66759,0,0.0,17504.5,79.52160283494617,0.0,17504.5,79.52160283494617,True,28
187158,0,0.0,17504.5,79.52160283494617,0.0,17504.5,79.52160283494617,True,28
68066,0,0.0,17504.5,79.52160283494617,0.0,17504.5,79.52160283494617,True,28
37048,0,0.0,17504.5,79.52160283494617,0.0,17504.5,79.52160283494617,True,28
220718,0,0.0,17504.5,79.52160283494617,0.0,17504.5,79.52160283494617,True,28
231449,0,0.0,17504.5,79.52160283494617,0.0,17504.5,79.52160283494617,True,28
15694,0,0.0,17504.5,79.52160283494617,0.0,17504.5,79.52160283494617,True,28
316940,0,0.0,17504.5,79.52160283494617,0.0,17504.5,79.52160283494617,True,28
7612,0,0.0,17504.5,79.52160283494617,0.0,17504.5,79.52160283494617,True,28
304320,0,0.0,17504.5,79.52160283494617,0.0,17504.5,79.52160283494617,True,28
299228,0,0.0,17504.5,79.52160283494617,0.0,17504.5,79.52160283494617,True,28
21963,0,0.0,17504.5,79.52160283494617,0.0,17504.5,79.52160283494617,True,28
291196,0,0.0,17504.5,79.52160283494617,0.0,17504.5,79.52160283494617,True,28
72666,0,0.0,17504.5,79.52160283494617,0.0,17504.5,79.52160283494617,True,28
1011,0,0.0,17504.5,79.52160283494617,0.0,17504.5,79.52160283494617,True,28
241008,0,0.0,17504.5,79.52160283494617,0.0,17504.5,79.52160283494617,True,28
391186,0,0.0,17504.5,79.52160283494617,0.0,17504.5,79.52160283494617,True,28
53909,0,0.0,17504.5,79.52160283494617,0.0,17504.5,79.52160283494617,True,28
85122,0,0.0,17504.5,79.52160283494617,0.0,17504.5,79.52160283494617,True,28
282629,0,0.0,17504.5,79.52160283494617,0.0,17504.5,79.52160283494617,True,28
323652,0,0.0,17504.5,79.52160283494617,0.0,17504.5,79.52160283494617,True,28
178907,0,0.0,17504.5,79.52160283494617,0.0,17504.5,79.52160283494617,True,28
142718,0,0.0,17504.5,79.52160283494617,0.0,17504.5,79.52160283494617,True,28
88256,0,0.0,17504.5,79.52160283494617,0.0,17504.5,79.52160283494617,True,28
249362,0,0.0,17504.5,79.52160283494617,0.0,17504.5,79.52160283494617,True,28
180659,0,0.0,17504.5,79.52160283494617,0.0,17504.5,79.52160283494617,True,28
204851,0,0.0,17504.5,79.52160283494617,0.0,17504.5,79.52160283494617,True,28
250226,0,0.0,17504.5,79.52160283494617,0.0,17504.5,79.52160283494617,True,28
150328,0,0.0,17504.5,79.52160283494617,0.0,17504.5,79.52160283494617,True,28
29820,0,0.0,17504.5,79.52160283494617,0.0,17504.5,79.52160283494617,True,28
273484,0,0.0,17504.5,79.52160283494617,0.0,17504.5,79.52160283494617,True,28
217398,0,0.0,17504.5,79.52160283494617,0.0,17504.5,79.52160283494617,True,28
241263,0,0.0,17504.5,79.52160283494617,0.0,17504.5,79.52160283494617,True,28
114783,0,0.0,17504.5,79.52160283494617,0.0,17504.5,79.52160283494617,True,28
86908,0,0.0,17504.5,79.52160283494617,0.0,17504.5,79.52160283494617,True,28
70301,0,0.0,17504.5,79.52160283494617,0.0,17504.5,79.52160283494617,True,28
254175,0,0.0,17504.5,79.52160283494617,0.0,17504.5,79.52160283494617,True,28
115416,0,0.0,17504.5,79.52160283494617,0.0,17504.5,79.52160283494617,True,28
291840,0,0.0,17504.5,79.52160283494617,0.0,17504.5,79.52160283494617,True,28
117159,0,0.0,17504.5,79.52160283494617,0.0,17504.5,79.52160283494617,True,28
321827,0,0.0,17504.5,79.52160283494617,0.0,17504.5,79.52160283494617,True,28
255030,0,0.0,17504.5,79.52160283494617,0.0,17504.5,79.52160283494617,True,28
291403,0,0.0,17504.5,79.52160283494617,0.0,17504.5,79.52160283494617,True,28
167583,0,0.0,17504.5,79.52160283494617,0.0,17504.5,79.52160283494617,True,28
394513,0,0.0,17504.5,79.52160283494617,0.0,17504.5,79.52160283494617,True,28
273270,0,0.0,17504.5,79.52160283494617,0.0,17504.5,79.52160283494617,True,28
65586,0,0.0,17504.5,79.52160283494617,0.0,17504.5,79.52160283494617,True,28
92780,0,0.0,17504.5,79.52160283494617,0.0,17504.5,79.52160283494617,True,28
169702,0,0.0,17504.5,79.52160283494617,0.0,17504.5,79.52160283494617,True,28
167398,0,0.0,17504.5,79.52160283494617,0.0,17504.5,79.52160283494617,True,28
192206,0,0.0,17504.5,79.52160283494617,0.0,17504.5,79.52160283494617,True,28
379034,0,0.0,17504.5,79.52160283494617,0.0,17504.5,79.52160283494617,True,28
24728,0,0.0,17504.5,79.52160283494617,0.0,17504.5,79.52160283494617,True,28
64479,0,0.0,17504.5,79.52160283494617,0.0,17504.5,79.52160283494617,True,28
190950,0,0.0,17504.5,79.52160283494617,0.0,17504.5,79.52160283494617,True,28
321495,0,0.0,17504.5,79.52160283494617,0.0,17504.5,79.52160283494617,True,28
174081,0,0.0,17504.5,79.52160283494617,0.0,17504.5,79.52160283494617,True,28
115913,0,0.0,17504.5,79.52160283494617,0.0,17504.5,79.52160283494617,True,28
79106,0,0.0,17504.5,79.52160283494617,0.0,17504.5,79.52160283494617,True,28
381586,0,0.0,17504.5,79.52160283494617,0.0,17504.5,79.52160283494617,True,28
359004,0,0.0,17504.5,79.52160283494617,0.0,17504.5,79.52160283494617,True,28
337732,0,0.0,17504.5,79.52160283494617,0.0,17504.5,79.52160283494617,True,28
