drug_id,especie,semilla,target_id,n_semilla,score,rank,frank,rG,rSS,clase,n_targets,archivo,grupo
641,0,no informativa,213150,2,0.0,2037.0,0.5001227596366314,184687.5,2037.0,indirecta,4073.0,0_pseudohuerfanas,3
1997,0,no informativa,213150,10,0.0,2051.0,0.5035600294623128,187696.5,2051.0,indirecta,4073.0,0_pseudohuerfanas,3
37347,0,informativa,181145,3,0.8750940860215054,1.0,0.0002455192732629,2.5,1.0,directa,4073.0,0_pseudohuerfanas,1
37516,0,informativa,216924,3,0.0231743702616776,1.0,0.0002455192732629,52.0,1.0,directa,4073.0,0_pseudohuerfanas,1
41005,0,no informativa,213150,13,0.0,2058.0,0.5052786643751535,187991.0,2058.0,indirecta,4073.0,0_pseudohuerfanas,3
47057,0,no informativa,213150,5,0.0,2040.5,0.5009820770930518,185164.5,2040.5,indirecta,4073.0,0_pseudohuerfanas,3
49263,0,no informativa,172391,11,0.0,2058.5,0.5054014240117849,185344.0,2058.5,indirecta,4073.0,0_pseudohuerfanas,3
49895,0,informativa,362105,8,0.2699999999999999,1.0,0.0002455192732629,9.0,1.0,directa,4073.0,0_pseudohuerfanas,1
51333,0,no informativa,213150,8,0.0,2043.0,0.5015958752762092,185320.0,2043.0,indirecta,4073.0,0_pseudohuerfanas,3
53479,0,informativa,181145,3,0.1369422043010752,1.0,0.0002455192732629,2.5,1.0,directa,4073.0,0_pseudohuerfanas,1
53731,0,informativa,304767,11,0.2891522381819844,1.0,0.0002455192732629,3.0,1.0,directa,4073.0,0_pseudohuerfanas,1
57702,0,informativa,366197,19,0.0600113981762917,1.0,0.0002455192732629,15.0,1.0,directa,4073.0,0_pseudohuerfanas,2
65357,0,informativa,38942,2,0.0337015386519605,6.5,0.0015958752762091,11.0,6.5,directa,4073.0,0_pseudohuerfanas,1
65812,0,informativa,213150,19,0.0730001772107035,4.0,0.0009820770930518,255.0,4.0,directa,4073.0,0_pseudohuerfanas,3
68371,0,informativa,362881,861,0.0138678714910407,224.0,0.054996317210901,7506.5,224.0,indirecta,4073.0,0_pseudohuerfanas,2
70742,0,informativa,311820,238,0.2973684210526315,9.5,0.002332433095998,113.0,9.5,directa,4073.0,0_pseudohuerfanas,1
73585,0,no informativa,336627,14,0.0,2042.5,0.5014731156395777,184683.5,2042.5,indirecta,4073.0,0_pseudohuerfanas,2
76864,0,no informativa,244397,5,0.0,2040.0,0.5008593174564203,184506.0,2040.0,indirecta,4073.0,0_pseudohuerfanas,3
77175,0,no informativa,321318,2,0.0,2037.5,0.500245519273263,185081.0,2037.5,indirecta,4073.0,0_pseudohuerfanas,2
78558,0,informativa,127567,5,0.04725,1.0,0.0002455192732629,24.5,1.0,directa,4073.0,0_pseudohuerfanas,3
79140,0,no informativa,213150,9,0.0,2059.0,0.5055241836484164,186691.5,2059.0,indirecta,4073.0,0_pseudohuerfanas,3
86016,0,no informativa,213150,8,0.0,2058.5,0.5054014240117849,186662.5,2058.5,indirecta,4073.0,0_pseudohuerfanas,3
87563,0,no informativa,229366,39,0.0,2061.5,0.5061379818315738,185584.5,2061.5,indirecta,4073.0,0_pseudohuerfanas,3
91151,0,informativa,213150,8,0.1468491936912989,1.0,0.0002455192732629,1.0,1.0,directa,4073.0,0_pseudohuerfanas,3
93011,0,informativa,105384,8,0.0223224376765302,6.5,0.0015958752762091,62.5,6.5,indirecta,4073.0,0_pseudohuerfanas,1
93932,0,no informativa,213150,4,0.0,2040.5,0.5009820770930518,184461.5,2040.5,indirecta,4073.0,0_pseudohuerfanas,3
103195,0,no informativa,178031,7,0.0,2037.5,0.500245519273263,187280.0,2037.5,indirecta,4073.0,0_pseudohuerfanas,1
105122,0,informativa,134979,6,0.0225244601889338,4.0,0.0009820770930518,66.0,4.0,indirecta,4073.0,0_pseudohuerfanas,3
109049,0,informativa,399696,5,0.0224207025793014,1.0,0.0002455192732629,7.5,1.0,directa,4073.0,0_pseudohuerfanas,1
109617,0,informativa,99767,2,0.4325,1.0,0.0002455192732629,4.5,1.0,directa,4073.0,0_pseudohuerfanas,3
113828,0,informativa,7960,577,0.0435970744680851,113.0,0.0277436778787134,1844.5,113.0,indirecta,4073.0,0_pseudohuerfanas,3
114940,0,informativa,216924,2,0.0410558816336512,1.0,0.0002455192732629,16.0,1.0,directa,4073.0,0_pseudohuerfanas,3
115693,0,no informativa,213150,6,0.0,2048.5,0.5029462312791554,185514.0,2048.5,indirecta,4073.0,0_pseudohuerfanas,3
119845,0,informativa,362105,8,0.2711764705882353,1.0,0.0002455192732629,9.0,1.0,directa,4073.0,0_pseudohuerfanas,1
121574,0,no informativa,185890,15,0.0,2044.5,0.5019641541861036,184822.5,2044.5,indirecta,4073.0,0_pseudohuerfanas,2
127834,0,no informativa,213150,6,0.0,2050.0,0.5033145101890498,185361.0,2050.0,indirecta,4073.0,0_pseudohuerfanas,3
130182,0,informativa,173526,2,0.0714285714285714,1.0,0.0002455192732629,6.0,1.0,indirecta,4073.0,0_pseudohuerfanas,2
134107,0,informativa,216924,3,0.0288914895311688,2.0,0.0004910385465259,80.0,2.0,indirecta,4073.0,0_pseudohuerfanas,3
138804,0,informativa,181145,22,0.0015910237455169,32.5,0.0079793763810459,1267.0,32.5,indirecta,4073.0,0_pseudohuerfanas,3
140312,0,no informativa,213150,6,0.0,2070.0,0.5082248956543088,186214.0,2070.0,indirecta,4073.0,0_pseudohuerfanas,1
144216,0,informativa,278885,19,0.2396751231394228,3.0,0.0007365578197888,4.0,3.0,directa,4073.0,0_pseudohuerfanas,3
144385,0,informativa,97099,139,0.0225412054390253,19.0,0.004664866191996,596.0,19.0,indirecta,4073.0,0_pseudohuerfanas,3
146370,0,informativa,216924,5,0.0155001222792858,1.0,0.0002455192732629,105.0,1.0,indirecta,4073.0,0_pseudohuerfanas,3
147642,0,informativa,383881,1,0.4742468156225301,1.0,0.0002455192732629,1.0,1.0,directa,4073.0,0_pseudohuerfanas,1
159200,0,no informativa,125067,206,0.0,2165.5,0.5316719862509207,196490.0,2165.5,indirecta,4073.0,0_pseudohuerfanas,3
160279,0,no informativa,366197,12,0.0,2078.5,0.5103118094770439,189297.0,2078.5,indirecta,4073.0,0_pseudohuerfanas,2
161253,0,informativa,134979,4,0.015996963562753,1.0,0.0002455192732629,90.0,1.0,indirecta,4073.0,0_pseudohuerfanas,1
163585,0,informativa,286575,60,0.0,2085.0,0.5119076847532531,196492.5,2085.0,indirecta,4073.0,0_pseudohuerfanas,1
164628,0,informativa,241301,62,0.0727381147374044,7.0,0.0017186349128406,235.5,7.0,indirecta,4073.0,0_pseudohuerfanas,3
166897,0,informativa,183050,225,0.8413333333333334,1.5,0.0003682789098944,14.0,1.5,directa,4073.0,0_pseudohuerfanas,3
169587,0,no informativa,213150,11,0.0,2059.0,0.5055241836484164,186798.5,2059.0,indirecta,4073.0,0_pseudohuerfanas,2
176477,0,no informativa,213150,5,0.0,2048.5,0.5029462312791554,185154.0,2048.5,indirecta,4073.0,0_pseudohuerfanas,3
180032,0,informativa,270393,2,0.0828773946722665,2.0,0.0004910385465259,9.5,2.0,directa,4073.0,0_pseudohuerfanas,3
181650,0,no informativa,213150,4,0.0,2040.0,0.5008593174564203,184813.0,2040.0,indirecta,4073.0,0_pseudohuerfanas,3
184182,0,informativa,213150,11,0.0780932128300549,1.0,0.0002455192732629,1.0,1.0,directa,4073.0,0_pseudohuerfanas,3
189157,0,informativa,346012,3,0.0544910179640718,1.0,0.0002455192732629,17.5,1.0,directa,4073.0,0_pseudohuerfanas,3
189691,0,no informativa,213150,2,0.0,2072.5,0.5088386938374663,186583.0,2072.5,indirecta,4073.0,0_pseudohuerfanas,1
192911,0,no informativa,152093,6,0.0,2057.0,0.5050331451018905,185129.0,2057.0,indirecta,4073.0,0_pseudohuerfanas,3
198605,0,no informativa,213150,5,0.0,2040.5,0.5009820770930518,185035.0,2040.5,indirecta,4073.0,0_pseudohuerfanas,3
199416,0,informativa,134979,19,0.0676653171390013,2.0,0.0004910385465259,95.0,2.0,directa,4073.0,0_pseudohuerfanas,1
205191,0,informativa,372844,42,0.067678731218429,6.0,0.0014731156395777,134.0,6.0,indirecta,4073.0,0_pseudohuerfanas,3
213076,0,informativa,362105,8,0.2799999999999999,1.0,0.0002455192732629,9.0,1.0,directa,4073.0,0_pseudohuerfanas,1
217125,0,informativa,216924,3,0.00918500855955,2.0,0.0004910385465259,38.0,2.0,indirecta,4073.0,0_pseudohuerfanas,1
218242,0,informativa,127567,26,0.08975,1.0,0.0002455192732629,58.5,1.0,directa,4073.0,0_pseudohuerfanas,1
222449,0,informativa,399696,6,0.0209259890740147,1.0,0.0002455192732629,7.5,1.0,directa,4073.0,0_pseudohuerfanas,0
223319,0,informativa,99767,2,0.4425,1.0,0.0002455192732629,4.5,1.0,directa,4073.0,0_pseudohuerfanas,3
224943,0,informativa,216924,2,0.0410558816336512,1.0,0.0002455192732629,16.0,1.0,directa,4073.0,0_pseudohuerfanas,3
225880,0,informativa,181145,3,0.7448319892473118,1.0,0.0002455192732629,2.5,1.0,directa,4073.0,0_pseudohuerfanas,1
227810,0,informativa,261384,843,0.1064316760869792,37.5,0.0092069727473606,957.5,37.5,indirecta,4073.0,0_pseudohuerfanas,3
229323,0,informativa,211467,246,0.031048516614912,118.0,0.0289712742450282,1501.0,118.0,directa,4073.0,0_pseudohuerfanas,3
229894,0,informativa,127567,14,0.092,1.0,0.0002455192732629,24.5,1.0,directa,4073.0,0_pseudohuerfanas,1
233826,0,no informativa,213150,8,0.0,2059.0,0.5055241836484164,186635.0,2059.0,indirecta,4073.0,0_pseudohuerfanas,3
236066,0,no informativa,376186,21,0.0,2040.0,0.5008593174564203,184955.5,2040.0,indirecta,4073.0,0_pseudohuerfanas,0
241660,0,informativa,216924,8,0.0961120813629125,1.0,0.0002455192732629,52.0,1.0,directa,4073.0,0_pseudohuerfanas,1
241997,0,informativa,310780,96,0.2307692307692307,2.0,0.0004910385465259,63.0,2.0,directa,4073.0,0_pseudohuerfanas,2
255507,0,informativa,270393,2,0.0595609131627987,2.0,0.0004910385465259,9.5,2.0,directa,4073.0,0_pseudohuerfanas,3
263599,0,informativa,105384,6,0.0034065775700761,11.0,0.0027007120058924,274.5,11.0,indirecta,4073.0,0_pseudohuerfanas,3
265081,0,informativa,362105,8,0.2788235294117647,1.0,0.0002455192732629,9.0,1.0,directa,4073.0,0_pseudohuerfanas,1
268119,0,informativa,216924,446,0.0043617021276595,262.0,0.0643260495948932,10675.5,262.0,indirecta,4073.0,0_pseudohuerfanas,3
268620,0,informativa,213150,11,0.0713024986709197,1.0,0.0002455192732629,6.0,1.0,directa,4073.0,0_pseudohuerfanas,3
271876,0,no informativa,166455,21,0.0,2078.0,0.5101890498404125,186288.0,2078.0,indirecta,4073.0,0_pseudohuerfanas,3
292963,0,no informativa,181145,4,0.0,2037.0,0.5001227596366314,184471.0,2037.0,indirecta,4073.0,0_pseudohuerfanas,2
294935,0,informativa,99767,2,0.655,1.0,0.0002455192732629,4.5,1.0,directa,4073.0,0_pseudohuerfanas,3
295960,0,informativa,212210,223,0.0533434805292238,83.0,0.0203780996808249,882.5,83.0,indirecta,4073.0,0_pseudohuerfanas,1
301374,0,informativa,347048,3,0.0132222222222222,4.0,0.0009820770930518,31.0,4.0,directa,4073.0,0_pseudohuerfanas,1
302128,0,informativa,213150,14,0.0780932128300549,1.0,0.0002455192732629,3.0,1.0,directa,4073.0,0_pseudohuerfanas,3
309211,0,informativa,245903,1,0.1668310181029748,1.0,0.0002455192732629,5.0,1.0,directa,4073.0,0_pseudohuerfanas,1
311000,0,informativa,362105,8,0.2758823529411764,1.0,0.0002455192732629,9.0,1.0,directa,4073.0,0_pseudohuerfanas,1
312910,0,no informativa,229366,9,0.0,2042.5,0.5014731156395777,184507.0,2042.5,indirecta,4073.0,0_pseudohuerfanas,3
331935,0,informativa,310780,13,0.0769230769230769,1.0,0.0002455192732629,12.0,1.0,directa,4073.0,0_pseudohuerfanas,2
335572,0,informativa,99767,2,0.2075,1.0,0.0002455192732629,4.5,1.0,directa,4073.0,0_pseudohuerfanas,3
341642,0,informativa,366197,500,0.0694756838905775,24.0,0.0058924625583108,753.0,24.0,indirecta,4073.0,0_pseudohuerfanas,3
347058,0,informativa,311820,238,0.3005263157894736,9.5,0.002332433095998,112.0,9.5,directa,4073.0,0_pseudohuerfanas,1
351985,0,informativa,213150,11,0.0848839269891901,1.0,0.0002455192732629,6.0,1.0,directa,4073.0,0_pseudohuerfanas,3
355700,0,no informativa,34029,6,0.0,2037.5,0.500245519273263,186426.5,2037.5,indirecta,4073.0,0_pseudohuerfanas,1
358636,0,informativa,7960,29,0.0274667553191489,8.0,0.0019641541861036,143.5,8.0,indirecta,4073.0,0_pseudohuerfanas,3
360441,0,informativa,99767,2,0.2025,1.0,0.0002455192732629,4.5,1.0,directa,4073.0,0_pseudohuerfanas,3
362100,0,informativa,310780,19,0.0769230769230769,1.0,0.0002455192732629,20.0,1.0,directa,4073.0,0_pseudohuerfanas,2
365730,0,no informativa,258885,5,0.0,2038.0,0.5003682789098944,184329.5,2038.0,indirecta,4073.0,0_pseudohuerfanas,2
368474,0,informativa,311820,238,0.2973684210526315,9.5,0.002332433095998,113.0,9.5,directa,4073.0,0_pseudohuerfanas,1
375446,0,no informativa,303388,2,0.0,2037.0,0.5001227596366314,184344.5,2037.0,indirecta,4073.0,0_pseudohuerfanas,2
379225,0,informativa,99767,2,0.43,1.0,0.0002455192732629,4.5,1.0,directa,4073.0,0_pseudohuerfanas,3
383751,0,informativa,216924,8,0.0840807818137531,1.0,0.0002455192732629,52.0,1.0,directa,4073.0,0_pseudohuerfanas,1
383999,0,no informativa,213150,26,0.0,2069.5,0.5081021360176774,188576.0,2069.5,indirecta,4073.0,0_pseudohuerfanas,3
390844,0,informativa,29125,28,0.1852995816539569,2.0,0.0004910385465259,10.5,2.0,directa,4073.0,0_pseudohuerfanas,1
391183,0,informativa,216924,8,0.0990078115576803,1.0,0.0002455192732629,52.0,1.0,directa,4073.0,0_pseudohuerfanas,1
396251,0,informativa,120318,13,0.0249999999999999,7.5,0.0018413945494721,132.0,7.5,directa,4073.0,0_pseudohuerfanas,0
398848,0,informativa,213150,15,0.0780932128300549,1.0,0.0002455192732629,11.0,1.0,directa,4073.0,0_pseudohuerfanas,3
399437,0,no informativa,89937,7,0.0,2040.0,0.5008593174564203,184469.5,2040.0,indirecta,4073.0,0_pseudohuerfanas,3
400885,0,no informativa,213150,10,0.0,2044.0,0.5018413945494722,184635.5,2044.0,indirecta,4073.0,0_pseudohuerfanas,2
406916,0,informativa,216924,2,0.0410558816336512,1.0,0.0002455192732629,16.0,1.0,directa,4073.0,0_pseudohuerfanas,3
411610,0,informativa,213150,15,0.0713024986709197,1.0,0.0002455192732629,3.0,1.0,directa,4073.0,0_pseudohuerfanas,3
418069,0,no informativa,185890,2,0.0,2058.5,0.5054014240117849,184613.0,2058.5,indirecta,4073.0,0_pseudohuerfanas,2
418902,0,informativa,204250,8,0.0016380014559986,7.0,0.0017186349128406,517.5,7.0,indirecta,4073.0,0_pseudohuerfanas,2
428860,0,no informativa,260001,2,0.0,2037.0,0.5001227596366314,184267.0,2037.0,indirecta,4073.0,0_pseudohuerfanas,1
434613,0,informativa,213150,5,0.0696048201311359,1.0,0.0002455192732629,4.0,1.0,directa,4073.0,0_pseudohuerfanas,3
436820,0,no informativa,374575,4,0.0,2038.0,0.5003682789098944,184566.5,2038.0,indirecta,4073.0,0_pseudohuerfanas,3
436978,0,informativa,3769,6,0.1611905940589152,1.0,0.0002455192732629,2.0,1.0,directa,4073.0,0_pseudohuerfanas,1
441909,0,informativa,3769,4,0.1633316934131146,1.0,0.0002455192732629,2.0,1.0,directa,4073.0,0_pseudohuerfanas,3
443372,0,informativa,304767,9,0.2891311411355709,1.0,0.0002455192732629,3.0,1.0,directa,4073.0,0_pseudohuerfanas,1
445210,0,informativa,315938,92,0.10375,5.0,0.0012275963663147,96.5,5.0,indirecta,4073.0,0_pseudohuerfanas,1
454218,0,informativa,181145,2,0.5577889784946236,1.0,0.0002455192732629,2.5,1.0,directa,4073.0,0_pseudohuerfanas,1
463591,0,informativa,134979,14,0.0330971659919028,5.0,0.0012275963663147,151.0,5.0,directa,4073.0,0_pseudohuerfanas,3
469468,0,no informativa,213150,5,0.0,2048.0,0.502823471642524,185329.5,2048.0,indirecta,4073.0,0_pseudohuerfanas,3
469831,0,no informativa,245903,6,0.0,2039.0,0.5006137981831574,184491.0,2039.0,indirecta,4073.0,0_pseudohuerfanas,2
470165,0,informativa,213150,4,0.0704536594010278,1.0,0.0002455192732629,1.0,1.0,directa,4073.0,0_pseudohuerfanas,3
474025,0,informativa,181145,3,0.7381518817204301,1.0,0.0002455192732629,2.5,1.0,directa,4073.0,0_pseudohuerfanas,1
474689,0,informativa,99767,2,0.4125,1.0,0.0002455192732629,4.5,1.0,directa,4073.0,0_pseudohuerfanas,3
475290,0,no informativa,279328,36,0.0,2041.0,0.5011048367296833,185599.0,2041.0,indirecta,4073.0,0_pseudohuerfanas,2
477470,0,no informativa,213150,5,0.0,2046.5,0.5024551927326295,186190.0,2046.5,indirecta,4073.0,0_pseudohuerfanas,3
478194,0,informativa,134979,12,0.0635281713900134,1.0,0.0002455192732629,53.0,1.0,directa,4073.0,0_pseudohuerfanas,3
481605,0,informativa,99767,2,0.2275,1.0,0.0002455192732629,4.5,1.0,directa,4073.0,0_pseudohuerfanas,3
481968,0,informativa,99767,2,0.8475,1.0,0.0002455192732629,4.5,1.0,directa,4073.0,0_pseudohuerfanas,3
483191,0,no informativa,120318,10,0.0,2041.5,0.5012275963663148,185585.5,2041.5,indirecta,4073.0,0_pseudohuerfanas,3
486903,0,no informativa,97150,7,0.0,2095.0,0.5143628774858826,189422.5,2095.0,indirecta,4073.0,0_pseudohuerfanas,1
489915,0,no informativa,270350,16,0.0,2055.0,0.5045421065553646,184921.5,2055.0,indirecta,4073.0,0_pseudohuerfanas,3
490588,0,informativa,216924,8,0.129563173596585,1.0,0.0002455192732629,26.0,1.0,directa,4073.0,0_pseudohuerfanas,1
491062,0,informativa,174024,20,0.0288731239718761,7.0,0.0017186349128406,243.0,7.0,indirecta,4073.0,0_pseudohuerfanas,3
492393,0,informativa,183050,226,0.7533333333333333,1.5,0.0003682789098944,14.0,1.5,directa,4073.0,0_pseudohuerfanas,3
493509,0,informativa,216924,25,0.0090425531914893,7.0,0.0017186349128406,540.5,7.0,indirecta,4073.0,0_pseudohuerfanas,1
496265,0,no informativa,97099,8,0.0,2046.0,0.5023324330959981,184955.5,2046.0,indirecta,4073.0,0_pseudohuerfanas,3
496566,0,no informativa,213150,6,0.0,2058.0,0.5052786643751535,186655.0,2058.0,indirecta,4073.0,0_pseudohuerfanas,3
506336,0,informativa,216924,8,0.1140458328884095,1.0,0.0002455192732629,52.0,1.0,directa,4073.0,0_pseudohuerfanas,1
508022,0,no informativa,29125,8,0.0,2059.0,0.5055241836484164,186798.0,2059.0,indirecta,4073.0,0_pseudohuerfanas,1
510083,0,no informativa,213150,2,0.0,2047.0,0.502577952369261,184650.0,2047.0,indirecta,4073.0,0_pseudohuerfanas,3
510436,0,no informativa,213150,4,0.0,2046.5,0.5024551927326295,185450.0,2046.5,indirecta,4073.0,0_pseudohuerfanas,3
511468,0,no informativa,347048,3,0.0,2059.0,0.5055241836484164,185043.5,2059.0,indirecta,4073.0,0_pseudohuerfanas,2
514874,0,no informativa,278885,1332,0.0,2368.5,0.5815123987232997,217599.0,2368.5,indirecta,4073.0,0_pseudohuerfanas,2
518153,0,informativa,181145,3,0.8968044354838709,1.0,0.0002455192732629,2.5,1.0,directa,4073.0,0_pseudohuerfanas,1
518507,0,no informativa,213150,14,0.0,2050.5,0.5034372698256813,189331.5,2050.5,indirecta,4073.0,0_pseudohuerfanas,3
519563,0,no informativa,253698,2,0.0,2043.0,0.5015958752762092,185577.0,2043.0,indirecta,4073.0,0_pseudohuerfanas,1
519889,0,informativa,362105,8,0.2782352941176471,1.0,0.0002455192732629,9.0,1.0,directa,4073.0,0_pseudohuerfanas,1
521369,0,informativa,216924,2,0.0763573000733675,1.0,0.0002455192732629,16.0,1.0,directa,4073.0,0_pseudohuerfanas,3
521376,0,no informativa,7960,2,0.0,2038.0,0.5003682789098944,184318.5,2038.0,indirecta,4073.0,0_pseudohuerfanas,3
527154,0,no informativa,245903,833,0.0,2415.0,0.592929044930027,213464.5,2415.0,indirecta,4073.0,0_pseudohuerfanas,2
532573,0,no informativa,84697,6,0.0,2048.0,0.502823471642524,184620.5,2048.0,indirecta,4073.0,0_pseudohuerfanas,2
537326,0,informativa,213150,12,0.0848839269891901,1.0,0.0002455192732629,6.0,1.0,directa,4073.0,0_pseudohuerfanas,3
539168,0,informativa,213150,7,0.1468491936912989,1.0,0.0002455192732629,3.0,1.0,directa,4073.0,0_pseudohuerfanas,3
541407,0,informativa,99767,2,0.2075,1.0,0.0002455192732629,4.5,1.0,directa,4073.0,0_pseudohuerfanas,3
543670,0,no informativa,127567,2,0.0,2037.0,0.5001227596366314,186791.5,2037.0,indirecta,4073.0,0_pseudohuerfanas,1
545038,0,informativa,3769,6,0.163712841967991,1.0,0.0002455192732629,2.0,1.0,directa,4073.0,0_pseudohuerfanas,1
546160,0,informativa,99767,2,0.2025,1.0,0.0002455192732629,4.5,1.0,directa,4073.0,0_pseudohuerfanas,3
553051,0,informativa,310780,89,0.0769230769230769,3.0,0.0007365578197888,92.0,3.0,directa,4073.0,0_pseudohuerfanas,3
557479,0,informativa,346012,65,0.0060079115026626,17.5,0.0042965872821016,1328.5,17.5,indirecta,4073.0,0_pseudohuerfanas,3
562738,0,no informativa,260667,246,0.0,2304.0,0.5656764055978394,192680.0,2304.0,indirecta,4073.0,0_pseudohuerfanas,3
572210,0,no informativa,354864,7,0.0,2072.5,0.5088386938374663,189293.0,2072.5,indirecta,4073.0,0_pseudohuerfanas,1
575930,0,informativa,270393,2,0.0819539696619905,2.0,0.0004910385465259,9.5,2.0,directa,4073.0,0_pseudohuerfanas,3
579327,0,no informativa,278885,10,0.0,2043.5,0.5017186349128406,186284.0,2043.5,indirecta,4073.0,0_pseudohuerfanas,2
582936,0,no informativa,213150,2,0.0,2037.0,0.5001227596366314,186569.0,2037.0,indirecta,4073.0,0_pseudohuerfanas,3
586286,0,informativa,366197,55,0.0689019756838905,2.0,0.0004910385465259,178.0,2.0,directa,4073.0,0_pseudohuerfanas,2
591912,0,no informativa,296141,12,0.0,2092.5,0.5137490793027253,188548.5,2092.5,indirecta,4073.0,0_pseudohuerfanas,3
593038,0,no informativa,213150,3,0.0,2061.0,0.5060152221949423,185281.5,2061.0,indirecta,4073.0,0_pseudohuerfanas,3
594027,0,informativa,311820,238,0.3005263157894736,9.5,0.002332433095998,112.0,9.5,directa,4073.0,0_pseudohuerfanas,1
594496,0,no informativa,366197,4,0.0,2073.5,0.5090842131107292,186623.0,2073.5,indirecta,4073.0,0_pseudohuerfanas,2
594796,0,no informativa,213150,13,0.0,2111.0,0.5182911858580899,190227.5,2111.0,indirecta,4073.0,0_pseudohuerfanas,3
596127,0,informativa,99767,2,0.2025,1.0,0.0002455192732629,4.5,1.0,directa,4073.0,0_pseudohuerfanas,3
603364,0,no informativa,278885,4,0.0,2048.5,0.5029462312791554,184622.0,2048.5,indirecta,4073.0,0_pseudohuerfanas,3
607941,0,no informativa,134979,7,0.0,2050.5,0.5034372698256813,184966.0,2050.5,indirecta,4073.0,0_pseudohuerfanas,2
624188,0,informativa,394790,19,0.0387104000050273,3.0,0.0007365578197888,103.0,3.0,indirecta,4073.0,0_pseudohuerfanas,3
626228,0,no informativa,213150,7,0.0,2058.5,0.5054014240117849,185630.5,2058.5,indirecta,4073.0,0_pseudohuerfanas,3
632069,0,no informativa,213150,2,0.0,2037.5,0.500245519273263,184308.5,2037.5,indirecta,4073.0,0_pseudohuerfanas,3
632232,0,no informativa,213150,2,0.0,2037.5,0.500245519273263,185126.0,2037.5,indirecta,4073.0,0_pseudohuerfanas,3
634298,0,no informativa,281170,9,0.0,2043.5,0.5017186349128406,184766.0,2043.5,indirecta,4073.0,0_pseudohuerfanas,3
637719,0,no informativa,270393,8,0.0,2068.0,0.507733857107783,185485.5,2068.0,indirecta,4073.0,0_pseudohuerfanas,1
640367,0,no informativa,213150,5,0.0,2042.0,0.5013503560029462,185059.0,2042.0,indirecta,4073.0,0_pseudohuerfanas,3
644154,0,informativa,213150,13,0.0713024986709197,1.0,0.0002455192732629,3.0,1.0,directa,4073.0,0_pseudohuerfanas,3
645377,0,informativa,196175,840,0.0025667693626581,496.0,0.1217775595384237,20197.0,496.0,indirecta,4073.0,0_pseudohuerfanas,3
645645,0,informativa,338289,8,0.0875457475067466,1.0,0.0002455192732629,3.0,1.0,indirecta,4073.0,0_pseudohuerfanas,3
650605,0,informativa,99767,2,0.215,1.0,0.0002455192732629,4.5,1.0,directa,4073.0,0_pseudohuerfanas,3
652868,0,informativa,399696,4,0.0112103512896507,2.0,0.0004910385465259,58.5,2.0,directa,4073.0,0_pseudohuerfanas,3
654231,0,no informativa,244397,54,0.0,2065.0,0.5069972992879941,185393.0,2065.0,indirecta,4073.0,0_pseudohuerfanas,3
659373,0,informativa,54844,2,0.0079770828018801,3.0,0.0007365578197888,79.5,3.0,directa,4073.0,0_pseudohuerfanas,0
663864,0,no informativa,366197,4,0.0,2073.5,0.5090842131107292,186623.0,2073.5,indirecta,4073.0,0_pseudohuerfanas,2
669534,0,informativa,383881,1,0.4742468156225301,1.0,0.0002455192732629,1.0,1.0,directa,4073.0,0_pseudohuerfanas,1
669812,0,informativa,370430,2,0.0093552653575007,2.0,0.0004910385465259,19.5,2.0,indirecta,4073.0,0_pseudohuerfanas,1
672473,0,no informativa,278885,2,0.0,2037.0,0.5001227596366314,184260.5,2037.0,indirecta,4073.0,0_pseudohuerfanas,3
674618,0,informativa,270393,2,0.0627929006987646,2.0,0.0004910385465259,9.5,2.0,directa,4073.0,0_pseudohuerfanas,3
675960,0,informativa,48795,152,0.3160062893081761,3.0,0.0007365578197888,59.0,3.0,directa,4073.0,0_pseudohuerfanas,3
676632,0,no informativa,213150,7,0.0,2038.5,0.5004910385465259,187840.0,2038.5,indirecta,4073.0,0_pseudohuerfanas,3
678445,0,informativa,181145,2,0.5644690860215054,1.0,0.0002455192732629,2.5,1.0,directa,4073.0,0_pseudohuerfanas,1
678883,0,informativa,213150,6,0.0696048201311359,1.0,0.0002455192732629,1.0,1.0,directa,4073.0,0_pseudohuerfanas,3
679190,0,no informativa,152093,10,0.0,2044.5,0.5019641541861036,184608.0,2044.5,indirecta,4073.0,0_pseudohuerfanas,3
682401,0,no informativa,366197,4,0.0,2073.5,0.5090842131107292,186623.0,2073.5,indirecta,4073.0,0_pseudohuerfanas,2
693535,0,no informativa,211537,5,0.0,2048.5,0.5029462312791554,184787.5,2048.5,indirecta,4073.0,0_pseudohuerfanas,3
695534,0,no informativa,110449,42,0.0,2084.5,0.5117849251166217,186224.0,2084.5,indirecta,4073.0,0_pseudohuerfanas,2
696736,0,no informativa,213150,9,0.0,2048.0,0.502823471642524,186821.5,2048.0,indirecta,4073.0,0_pseudohuerfanas,3
700035,0,no informativa,213150,3,0.0,2037.5,0.500245519273263,184959.0,2037.5,indirecta,4073.0,0_pseudohuerfanas,3
701517,0,no informativa,179244,6,0.0,2037.0,0.5001227596366314,184421.0,2037.0,indirecta,4073.0,0_pseudohuerfanas,2
709360,0,no informativa,127567,8,0.0,2044.0,0.5018413945494722,185128.0,2044.0,indirecta,4073.0,0_pseudohuerfanas,3
712988,0,no informativa,134979,10,0.0,2052.0,0.5038055487355757,186074.0,2052.0,indirecta,4073.0,0_pseudohuerfanas,0
718777,0,informativa,110449,17,0.0552001576574392,9.0,0.0022096734593665,64.0,9.0,indirecta,4073.0,0_pseudohuerfanas,3
719574,0,no informativa,31266,5,0.0,2037.5,0.500245519273263,184382.0,2037.5,indirecta,4073.0,0_pseudohuerfanas,1
720837,0,informativa,304767,10,0.2936657301595263,1.0,0.0002455192732629,3.0,1.0,directa,4073.0,0_pseudohuerfanas,1
723511,0,informativa,245903,1,0.1668310181029748,1.0,0.0002455192732629,5.0,1.0,directa,4073.0,0_pseudohuerfanas,1
724761,0,informativa,213150,18,0.0780932128300549,1.0,0.0002455192732629,1.0,1.0,directa,4073.0,0_pseudohuerfanas,3
728577,0,no informativa,378055,5,0.0,2040.5,0.5009820770930518,184331.0,2040.5,indirecta,4073.0,0_pseudohuerfanas,1
729518,0,informativa,216924,8,0.0971510999303214,1.0,0.0002455192732629,52.0,1.0,directa,4073.0,0_pseudohuerfanas,1
729559,0,no informativa,342217,3,0.0,2037.0,0.5001227596366314,184818.5,2037.0,indirecta,4073.0,0_pseudohuerfanas,1
731479,0,informativa,181145,3,0.1369422043010752,1.0,0.0002455192732629,2.5,1.0,directa,4073.0,0_pseudohuerfanas,1
732559,0,informativa,181145,3,0.7448319892473118,1.0,0.0002455192732629,2.5,1.0,directa,4073.0,0_pseudohuerfanas,1
734309,0,no informativa,213150,20,0.0,2068.0,0.507733857107783,188576.5,2068.0,indirecta,4073.0,0_pseudohuerfanas,3
757406,0,no informativa,213150,4,0.0,2038.5,0.5004910385465259,184388.0,2038.5,indirecta,4073.0,0_pseudohuerfanas,2
762412,0,no informativa,245903,12,0.0,2049.5,0.5031917505524184,185616.5,2049.5,indirecta,4073.0,0_pseudohuerfanas,3
763122,0,no informativa,130562,2,0.0,2040.5,0.5009820770930518,184310.0,2040.5,indirecta,4073.0,0_pseudohuerfanas,3
765198,0,informativa,310780,69,0.1538461538461538,2.0,0.0004910385465259,80.0,2.0,directa,4073.0,0_pseudohuerfanas,2
768621,0,no informativa,53843,9,0.0,2050.0,0.5033145101890498,185787.5,2050.0,indirecta,4073.0,0_pseudohuerfanas,2
774333,0,informativa,183050,236,0.862,1.5,0.0003682789098944,14.0,1.5,directa,4073.0,0_pseudohuerfanas,3
779514,0,no informativa,342217,30,0.0,2102.0,0.5160815123987234,187437.0,2102.0,indirecta,4073.0,0_pseudohuerfanas,1
780582,0,informativa,363945,236,0.05355894093984,90.5,0.022219494230297,973.5,90.5,indirecta,4073.0,0_pseudohuerfanas,1
781690,0,informativa,213150,8,0.0704536594010278,1.0,0.0002455192732629,1.0,1.0,directa,4073.0,0_pseudohuerfanas,3
784749,0,no informativa,181145,3,0.0,2040.5,0.5009820770930518,184885.0,2040.5,indirecta,4073.0,0_pseudohuerfanas,1
789170,0,informativa,181145,2,0.4258568548387096,1.0,0.0002455192732629,2.5,1.0,directa,4073.0,0_pseudohuerfanas,1
789613,0,informativa,213150,19,0.0730001772107035,4.0,0.0009820770930518,255.0,4.0,directa,4073.0,0_pseudohuerfanas,3
793102,0,no informativa,213664,20,0.0,2056.0,0.5047876258286276,184976.5,2056.0,indirecta,4073.0,0_pseudohuerfanas,1
795541,0,no informativa,213150,4,0.0,2048.0,0.502823471642524,184686.5,2048.0,indirecta,4073.0,0_pseudohuerfanas,3
816200,0,informativa,381503,2,0.0158524906980935,4.0,0.0009820770930518,36.0,4.0,directa,4073.0,0_pseudohuerfanas,1
818847,0,informativa,213150,10,0.1493957115009746,1.0,0.0002455192732629,1.0,1.0,directa,4073.0,0_pseudohuerfanas,3
824633,0,informativa,211467,238,0.0311935695846791,121.0,0.029707832064817,1431.0,121.0,directa,4073.0,0_pseudohuerfanas,3
828066,0,informativa,270393,2,0.0604843381730747,2.0,0.0004910385465259,9.5,2.0,directa,4073.0,0_pseudohuerfanas,3
830767,0,informativa,346012,3,0.0064221556886227,4.0,0.0009820770930518,112.0,4.0,indirecta,4073.0,0_pseudohuerfanas,1
910,10,informativa,386708,6,0.2812862065077465,11.0,0.0018053504021007,785.5,11.0,directa,6093.0,10_pseudohuerfanas,1
3341,10,informativa,214653,2,7.706204466743107,4.0,0.0006564910553093,39.5,4.0,directa,6093.0,10_pseudohuerfanas,3
8604,10,no informativa,386708,3,0.0,3057.0,0.5017232890201871,184982.5,3057.0,indirecta,6093.0,10_pseudohuerfanas,1
8627,10,informativa,141832,77,148.399285855855,3.0,0.000492368291482,140.5,3.0,directa,6093.0,10_pseudohuerfanas,2
9945,10,no informativa,92303,2,0.0,3047.0,0.5000820613819137,184256.0,3047.0,indirecta,6093.0,10_pseudohuerfanas,1
11300,10,informativa,249918,2,2.0,1.0,0.0001641227638273,6.0,1.0,indirecta,6093.0,10_pseudohuerfanas,2
11475,10,informativa,343957,91,1.7397096980527706,12.0,0.0019694731659281,373.5,12.0,indirecta,6093.0,10_pseudohuerfanas,3
15689,10,no informativa,90327,83,0.0,3082.5,0.5059084194977843,186623.5,3082.5,indirecta,6093.0,10_pseudohuerfanas,3
15690,10,no informativa,386708,8,0.0,3132.5,0.5141145576891515,188993.5,3132.5,indirecta,6093.0,10_pseudohuerfanas,3
15976,10,no informativa,103928,2,0.0,3091.5,0.5073855243722304,186290.5,3091.5,indirecta,6093.0,10_pseudohuerfanas,1
20811,10,informativa,386708,5,0.0674428916188164,62.0,0.0101756113572952,3049.5,62.0,directa,6093.0,10_pseudohuerfanas,1
21325,10,no informativa,147505,7,0.0,3119.0,0.5118989003774823,187982.5,3119.0,indirecta,6093.0,10_pseudohuerfanas,3
22051,10,informativa,147505,5,0.0459568017459454,18.5,0.0030362711308058,1526.5,18.5,directa,6093.0,10_pseudohuerfanas,3
24348,10,no informativa,147505,2,0.0,3047.0,0.5000820613819137,184329.5,3047.0,indirecta,6093.0,10_pseudohuerfanas,1
24719,10,no informativa,395622,4,0.0,3049.5,0.500492368291482,184709.5,3049.5,indirecta,6093.0,10_pseudohuerfanas,2
24916,10,no informativa,386708,5,0.0,3065.0,0.5030362711308058,185886.0,3065.0,indirecta,6093.0,10_pseudohuerfanas,3
25227,10,informativa,103928,3,0.0449813818026247,17.0,0.0027900869850648,710.5,17.0,directa,6093.0,10_pseudohuerfanas,1
26430,10,no informativa,386708,10,0.0,3115.5,0.5113244707040867,186871.5,3115.5,indirecta,6093.0,10_pseudohuerfanas,3
26664,10,no informativa,386708,7,0.0,3124.0,0.5127195141966191,188412.0,3124.0,indirecta,6093.0,10_pseudohuerfanas,3
38633,10,informativa,147505,3,0.0490902200468053,84.5,0.0138683735434104,3744.5,84.5,directa,6093.0,10_pseudohuerfanas,1
39222,10,no informativa,317118,3,0.0,3048.0,0.5002461841457411,184294.0,3048.0,indirecta,6093.0,10_pseudohuerfanas,3
40219,10,no informativa,329028,2,0.0,3056.0,0.5015591662563598,185039.0,3056.0,indirecta,6093.0,10_pseudohuerfanas,3
42241,10,no informativa,147505,4,0.0,3048.0,0.5002461841457411,184370.5,3048.0,indirecta,6093.0,10_pseudohuerfanas,3
45268,10,no informativa,208201,125,0.0,3154.0,0.5176431971114394,193552.5,3154.0,indirecta,6093.0,10_pseudohuerfanas,2
46614,10,no informativa,147505,2,0.0,3056.0,0.5015591662563598,185039.0,3056.0,indirecta,6093.0,10_pseudohuerfanas,3
50549,10,no informativa,147505,10,0.0,3134.0,0.5143607418348926,190119.0,3134.0,indirecta,6093.0,10_pseudohuerfanas,1
51152,10,no informativa,124604,31,0.0,3057.5,0.5018053504021007,185064.0,3057.5,indirecta,6093.0,10_pseudohuerfanas,3
52472,10,informativa,386708,9,0.0764901087871942,141.0,0.0231413096996553,7568.5,141.0,directa,6093.0,10_pseudohuerfanas,3
53957,10,no informativa,103928,3,0.0,3062.0,0.5025439028393238,185043.5,3062.0,indirecta,6093.0,10_pseudohuerfanas,3
55634,10,no informativa,103928,12,0.0,3123.5,0.5126374528147054,190691.5,3123.5,indirecta,6093.0,10_pseudohuerfanas,1
56064,10,informativa,147505,2,0.0423011470616089,15.5,0.0025439028393238,552.5,15.5,directa,6093.0,10_pseudohuerfanas,3
62492,10,no informativa,147505,5,0.0,3116.5,0.511488593467914,189376.5,3116.5,indirecta,6093.0,10_pseudohuerfanas,1
66188,10,informativa,214653,2,4.807318773924383,4.0,0.0006564910553093,39.5,4.0,directa,6093.0,10_pseudohuerfanas,3
69348,10,informativa,86470,17,0.0687081470059235,134.0,0.0219924503528639,5863.0,134.0,directa,6093.0,10_pseudohuerfanas,3
70280,10,no informativa,230589,6,0.0,3050.5,0.5006564910553094,184865.0,3050.5,indirecta,6093.0,10_pseudohuerfanas,1
70323,10,informativa,147505,2,0.0433456198285622,11.5,0.0018874117840144,671.5,11.5,directa,6093.0,10_pseudohuerfanas,1
79453,10,no informativa,386708,3,0.0,3058.5,0.5019694731659281,184693.0,3058.5,indirecta,6093.0,10_pseudohuerfanas,3
81892,10,no informativa,147505,3,0.0,3070.5,0.5039389463318562,186000.5,3070.5,indirecta,6093.0,10_pseudohuerfanas,3
83442,10,no informativa,147505,4,0.0,3112.5,0.5108321024126047,187515.5,3112.5,indirecta,6093.0,10_pseudohuerfanas,3
87540,10,no informativa,86470,2,0.0,3048.5,0.5003282455276546,184321.5,3048.5,indirecta,6093.0,10_pseudohuerfanas,3
87563,10,no informativa,90327,39,0.0,3074.0,0.5045133760052519,185584.5,3074.0,indirecta,6093.0,10_pseudohuerfanas,3
92491,10,no informativa,147505,4,0.0,3060.0,0.5022156573116692,184811.5,3060.0,indirecta,6093.0,10_pseudohuerfanas,3
93995,10,informativa,103928,3,0.0846989848836656,1.0,0.0001641227638273,738.5,1.0,directa,6093.0,10_pseudohuerfanas,3
94627,10,informativa,329028,7,0.0027122786278249,35.5,0.0058263581158706,2258.5,35.5,directa,6093.0,10_pseudohuerfanas,3
98502,10,no informativa,86470,8,0.0,3057.5,0.5018053504021007,186666.5,3057.5,indirecta,6093.0,10_pseudohuerfanas,1
99304,10,no informativa,139015,3,0.0,3090.5,0.5072214016084031,186613.5,3090.5,indirecta,6093.0,10_pseudohuerfanas,1
99564,10,informativa,103928,10,0.0411531790960183,152.0,0.0249466601017561,8343.5,152.0,directa,6093.0,10_pseudohuerfanas,3
102671,10,no informativa,329028,2,0.0,3048.5,0.5003282455276546,184319.5,3048.5,indirecta,6093.0,10_pseudohuerfanas,3
103413,10,no informativa,147505,6,0.0,3071.5,0.5041030690956836,185658.5,3071.5,indirecta,6093.0,10_pseudohuerfanas,1
103957,10,informativa,230019,26,0.0001022536671037,44.5,0.0073034629903167,4066.0,44.5,indirecta,6093.0,10_pseudohuerfanas,3
104550,10,no informativa,147505,4,0.0,3079.5,0.5054160512063023,187824.0,3079.5,indirecta,6093.0,10_pseudohuerfanas,1
108861,10,informativa,103928,6,0.0856560355603172,95.0,0.0155916625635975,5903.5,95.0,directa,6093.0,10_pseudohuerfanas,1
112572,10,informativa,147505,4,0.0423011470616089,13.5,0.0022156573116691,634.5,13.5,directa,6093.0,10_pseudohuerfanas,3
114251,10,informativa,168219,9,0.0133514806752307,30.5,0.0050057442967339,1821.0,30.5,directa,6093.0,10_pseudohuerfanas,3
114333,10,no informativa,329028,2,0.0,3053.5,0.5011488593467914,184481.0,3053.5,indirecta,6093.0,10_pseudohuerfanas,3
116503,10,no informativa,103928,4,0.0,3089.5,0.5070572788445757,188184.0,3089.5,indirecta,6093.0,10_pseudohuerfanas,3
116837,10,no informativa,329028,5,0.0,3111.5,0.5106679796487773,187200.0,3111.5,indirecta,6093.0,10_pseudohuerfanas,1
117765,10,no informativa,147505,4,0.0,3051.0,0.5007385524372231,184849.0,3051.0,indirecta,6093.0,10_pseudohuerfanas,3
130329,10,no informativa,147505,6,0.0,3050.5,0.5006564910553094,184896.0,3050.5,indirecta,6093.0,10_pseudohuerfanas,3
131321,10,no informativa,294862,6,0.0,3051.0,0.5007385524372231,185354.5,3051.0,indirecta,6093.0,10_pseudohuerfanas,3
133548,10,informativa,295670,3,0.0412958098351201,4.5,0.000738552437223,263.5,4.5,directa,6093.0,10_pseudohuerfanas,1
133560,10,informativa,147505,4,0.0428233834450855,87.5,0.0143607418348925,3786.5,87.5,directa,6093.0,10_pseudohuerfanas,1
136161,10,no informativa,386708,7,0.0,3103.0,0.5092729361562449,189600.5,3103.0,indirecta,6093.0,10_pseudohuerfanas,1
136162,10,no informativa,139015,3,0.0,3090.5,0.5072214016084031,186613.5,3090.5,indirecta,6093.0,10_pseudohuerfanas,1
145253,10,informativa,147505,3,0.0423011470616089,13.5,0.0022156573116691,483.5,13.5,directa,6093.0,10_pseudohuerfanas,3
149257,10,informativa,103928,18,0.0392390777427151,113.0,0.0185458723124897,6681.5,113.0,directa,6093.0,10_pseudohuerfanas,3
157860,10,informativa,329028,2,0.0026814572797814,19.5,0.0032003938946331,754.5,19.5,directa,6093.0,10_pseudohuerfanas,1
161709,10,informativa,386708,2,0.0748451602111255,1.0,0.0001641227638273,12.5,1.0,directa,6093.0,10_pseudohuerfanas,1
164607,10,no informativa,103928,5,0.0,3117.5,0.5116527162317414,187917.5,3117.5,indirecta,6093.0,10_pseudohuerfanas,3
164614,10,no informativa,386708,10,0.0,3159.5,0.5185458723124897,189590.5,3159.5,indirecta,6093.0,10_pseudohuerfanas,3
164680,10,no informativa,339975,7,0.0,3112.0,0.510750041030691,187063.5,3112.0,indirecta,6093.0,10_pseudohuerfanas,3
172009,10,no informativa,103928,3,0.0,3089.0,0.506975217462662,186482.0,3089.0,indirecta,6093.0,10_pseudohuerfanas,3
180561,10,informativa,103928,4,0.0397176030810409,15.0,0.0024618414574101,590.5,15.0,directa,6093.0,10_pseudohuerfanas,3
180974,10,no informativa,168219,3,0.0,3060.0,0.5022156573116692,184692.5,3060.0,indirecta,6093.0,10_pseudohuerfanas,3
180986,10,informativa,253753,2,1.68,1.0,0.0001641227638273,8.5,1.0,indirecta,6093.0,10_pseudohuerfanas,3
183899,10,no informativa,147505,2,0.0,3048.0,0.5002461841457411,184336.0,3048.0,indirecta,6093.0,10_pseudohuerfanas,1
185643,10,no informativa,147505,7,0.0,3105.0,0.5096011816838996,186905.0,3105.0,indirecta,6093.0,10_pseudohuerfanas,3
186973,10,informativa,277947,36,170.0,1.5,0.000246184145741,62.0,1.5,directa,6093.0,10_pseudohuerfanas,3
194341,10,informativa,141832,874,6.058999511232058,137.0,0.0224848186443459,6122.5,137.0,indirecta,6093.0,10_pseudohuerfanas,3
194394,10,no informativa,386708,4,0.0,3056.0,0.5015591662563598,184566.5,3056.0,indirecta,6093.0,10_pseudohuerfanas,3
198097,10,no informativa,168219,2,0.0,3047.0,0.5000820613819137,186428.5,3047.0,indirecta,6093.0,10_pseudohuerfanas,3
199222,10,no informativa,11422,10,0.0,3108.5,0.5101756113572953,187480.5,3108.5,indirecta,6093.0,10_pseudohuerfanas,3
203413,10,informativa,386708,12,0.0715552630589881,53.0,0.0086985064828491,3833.5,53.0,directa,6093.0,10_pseudohuerfanas,3
203682,10,informativa,31675,228,3.59384394236914,13.0,0.0021335959297554,1447.0,13.0,indirecta,6093.0,10_pseudohuerfanas,3
204001,10,informativa,386708,13,0.1422880518299419,140.0,0.022977186935828,7818.5,140.0,directa,6093.0,10_pseudohuerfanas,3
205191,10,informativa,292865,42,1.740045063536224,25.0,0.0041030690956835,931.5,25.0,indirecta,6093.0,10_pseudohuerfanas,3
211479,10,no informativa,103928,3,0.0,3062.5,0.5026259642212375,184934.0,3062.5,indirecta,6093.0,10_pseudohuerfanas,1
212118,10,informativa,103928,6,0.0406746537576925,136.0,0.0223206958805186,6429.5,136.0,directa,6093.0,10_pseudohuerfanas,3
212332,10,no informativa,113161,9,0.0,3057.5,0.5018053504021007,186594.0,3057.5,indirecta,6093.0,10_pseudohuerfanas,3
218551,10,no informativa,86470,3,0.0,3057.0,0.5017232890201871,186550.5,3057.0,indirecta,6093.0,10_pseudohuerfanas,3
220048,10,no informativa,329028,9,0.0,3066.5,0.5032824552765468,186372.5,3066.5,indirecta,6093.0,10_pseudohuerfanas,3
224489,10,no informativa,103928,3,0.0,3062.5,0.5026259642212375,184968.5,3062.5,indirecta,6093.0,10_pseudohuerfanas,3
226612,10,no informativa,181467,1389,0.0,3519.5,0.5776300672903332,218883.0,3519.5,indirecta,6093.0,10_pseudohuerfanas,3
228158,10,no informativa,147505,4,0.0,3066.0,0.5032003938946332,185406.5,3066.0,indirecta,6093.0,10_pseudohuerfanas,3
229297,10,no informativa,386708,2,0.0,3047.5,0.5001641227638274,184729.0,3047.5,indirecta,6093.0,10_pseudohuerfanas,1
229563,10,informativa,103928,8,0.0421102297726699,92.0,0.0150992942721155,4989.5,92.0,directa,6093.0,10_pseudohuerfanas,1
229938,10,no informativa,386708,2,0.0,3058.5,0.5019694731659281,184660.5,3058.5,indirecta,6093.0,10_pseudohuerfanas,3
230621,10,informativa,214653,2,7.14253224869502,4.0,0.0006564910553093,39.5,4.0,directa,6093.0,10_pseudohuerfanas,3
237145,10,no informativa,147505,9,0.0,3112.0,0.510750041030691,188287.5,3112.0,indirecta,6093.0,10_pseudohuerfanas,3
238753,10,no informativa,147505,3,0.0,3061.0,0.5023797800754964,185614.5,3061.0,indirecta,6093.0,10_pseudohuerfanas,3
239164,10,no informativa,147505,2,0.0,3062.5,0.5026259642212375,184934.0,3062.5,indirecta,6093.0,10_pseudohuerfanas,3
239695,10,no informativa,147505,4,0.0,3089.0,0.506975217462662,186651.5,3089.0,indirecta,6093.0,10_pseudohuerfanas,3
240986,10,no informativa,218243,5,0.0,3057.5,0.5018053504021007,184580.0,3057.5,indirecta,6093.0,10_pseudohuerfanas,3
242059,10,no informativa,329028,4,0.0,3072.5,0.504267191859511,186707.5,3072.5,indirecta,6093.0,10_pseudohuerfanas,3
243292,10,no informativa,103928,2,0.0,3047.0,0.5000820613819137,184357.5,3047.0,indirecta,6093.0,10_pseudohuerfanas,3
246429,10,informativa,147505,3,0.0501346928137587,92.5,0.0151813556540292,4136.5,92.5,directa,6093.0,10_pseudohuerfanas,3
247813,10,no informativa,147505,3,0.0,3070.5,0.5039389463318562,185682.5,3070.5,indirecta,6093.0,10_pseudohuerfanas,3
248652,10,informativa,103928,3,0.0851775102219914,1.0,0.0001641227638273,739.5,1.0,directa,6093.0,10_pseudohuerfanas,3
251575,10,no informativa,86470,6,0.0,3095.0,0.5079599540456261,185928.0,3095.0,indirecta,6093.0,10_pseudohuerfanas,3
252218,10,no informativa,86470,3,0.0,3048.0,0.5002461841457411,184336.0,3048.0,indirecta,6093.0,10_pseudohuerfanas,3
253334,10,no informativa,147505,4,0.0,3049.0,0.5004103069095683,185143.0,3049.0,indirecta,6093.0,10_pseudohuerfanas,3
255979,10,informativa,147505,2,0.048045747279852,2.5,0.0004103069095683,34.5,2.5,directa,6093.0,10_pseudohuerfanas,1
261274,10,informativa,147505,2,0.0464790381294221,1.5,0.000246184145741,10.5,1.5,directa,6093.0,10_pseudohuerfanas,1
261510,10,no informativa,147505,6,0.0,3113.0,0.5109141637945183,187613.0,3113.0,indirecta,6093.0,10_pseudohuerfanas,3
263599,10,informativa,216146,6,0.6900000000000001,3.0,0.000492368291482,134.5,3.0,indirecta,6093.0,10_pseudohuerfanas,3
265014,10,informativa,147505,3,0.0485679836633287,84.5,0.0138683735434104,3810.5,84.5,directa,6093.0,10_pseudohuerfanas,1
267036,10,no informativa,103928,2,0.0,3062.0,0.5025439028393238,185007.0,3062.0,indirecta,6093.0,10_pseudohuerfanas,1
267239,10,no informativa,386708,4,0.0,3090.0,0.5071393402264894,186241.0,3090.0,indirecta,6093.0,10_pseudohuerfanas,1
268464,10,informativa,113299,87,17.01,2.5,0.0004103069095683,73.0,2.5,directa,6093.0,10_pseudohuerfanas,1
269545,10,informativa,214653,2,7.14253224869502,4.0,0.0006564910553093,39.5,4.0,directa,6093.0,10_pseudohuerfanas,3
271876,10,no informativa,229689,21,0.0,3089.0,0.506975217462662,186288.0,3089.0,indirecta,6093.0,10_pseudohuerfanas,3
275586,10,no informativa,147505,2,0.0,3102.5,0.5091908747743312,186798.5,3102.5,indirecta,6093.0,10_pseudohuerfanas,1
277909,10,no informativa,147505,4,0.0,3070.5,0.5039389463318562,185645.5,3070.5,indirecta,6093.0,10_pseudohuerfanas,3
288385,10,informativa,214653,2,4.702636790572595,4.0,0.0006564910553093,39.5,4.0,directa,6093.0,10_pseudohuerfanas,3
288684,10,no informativa,86470,4,0.0,3090.5,0.5072214016084031,187063.5,3090.5,indirecta,6093.0,10_pseudohuerfanas,3
293182,10,no informativa,147505,4,0.0,3090.0,0.5071393402264894,188515.0,3090.0,indirecta,6093.0,10_pseudohuerfanas,3
295855,10,no informativa,147605,25,0.0,3059.5,0.5021335959297555,184658.0,3059.5,indirecta,6093.0,10_pseudohuerfanas,3
297339,10,no informativa,147505,2,0.0,3070.0,0.5038568849499425,185264.5,3070.0,indirecta,6093.0,10_pseudohuerfanas,3
298116,10,informativa,367425,353,3.31,105.0,0.017232890201871,4563.0,105.0,directa,6093.0,10_pseudohuerfanas,3
299992,10,informativa,214653,2,1.401128084862383,4.0,0.0006564910553093,39.5,4.0,directa,6093.0,10_pseudohuerfanas,3
300965,10,informativa,147505,2,0.0522236383476653,15.5,0.0025439028393238,552.5,15.5,directa,6093.0,10_pseudohuerfanas,2
303067,10,no informativa,147505,2,0.0,3051.0,0.5007385524372231,185044.0,3051.0,indirecta,6093.0,10_pseudohuerfanas,3
303882,10,no informativa,147505,3,0.0,3052.0,0.5009026752010504,184873.5,3052.0,indirecta,6093.0,10_pseudohuerfanas,1
306873,10,no informativa,313526,4,0.0,3052.5,0.500984736582964,184725.0,3052.5,indirecta,6093.0,10_pseudohuerfanas,1
310007,10,informativa,147505,2,0.0464790381294221,19.5,0.0032003938946331,732.5,19.5,directa,6093.0,10_pseudohuerfanas,3
311219,10,informativa,103928,2,0.0445028564642989,4.0,0.0006564910553093,72.5,4.0,directa,6093.0,10_pseudohuerfanas,3
311607,10,no informativa,47846,2,0.0,3049.0,0.5004103069095683,184375.0,3049.0,indirecta,6093.0,10_pseudohuerfanas,2
316352,10,informativa,103561,3,3.3200000000000003,1.5,0.000246184145741,48.0,1.5,directa,6093.0,10_pseudohuerfanas,1
316668,10,no informativa,139015,3,0.0,3090.5,0.5072214016084031,186613.5,3090.5,indirecta,6093.0,10_pseudohuerfanas,1
325017,10,informativa,214653,2,0.6683542013998723,4.0,0.0006564910553093,39.5,4.0,directa,6093.0,10_pseudohuerfanas,3
325713,10,no informativa,147505,2,0.0,3089.0,0.506975217462662,186583.0,3089.0,indirecta,6093.0,10_pseudohuerfanas,3
326537,10,no informativa,147505,3,0.0,3061.0,0.5023797800754964,184927.0,3061.0,indirecta,6093.0,10_pseudohuerfanas,1
330127,10,no informativa,103928,4,0.0,3090.0,0.5071393402264894,186940.5,3090.0,indirecta,6093.0,10_pseudohuerfanas,1
331935,10,no informativa,397034,13,0.0,3071.5,0.5041030690956836,185273.0,3071.5,indirecta,6093.0,10_pseudohuerfanas,2
332656,10,no informativa,292097,8,0.0,3112.0,0.510750041030691,188486.5,3112.0,indirecta,6093.0,10_pseudohuerfanas,3
333060,10,no informativa,147505,8,0.0,3112.5,0.5108321024126047,187772.5,3112.5,indirecta,6093.0,10_pseudohuerfanas,1
334766,10,no informativa,147505,4,0.0,3058.0,0.5018874117840144,185081.0,3058.0,indirecta,6093.0,10_pseudohuerfanas,1
338661,10,informativa,295670,3,0.0401091486329614,4.5,0.000738552437223,263.5,4.5,directa,6093.0,10_pseudohuerfanas,1
340267,10,informativa,103928,2,0.0425887551109957,1.0,0.0001641227638273,670.5,1.0,directa,6093.0,10_pseudohuerfanas,3
343015,10,no informativa,329028,9,0.0,3115.5,0.5113244707040867,187814.5,3115.5,indirecta,6093.0,10_pseudohuerfanas,3
343404,10,no informativa,147505,4,0.0,3048.0,0.5002461841457411,184589.5,3048.0,indirecta,6093.0,10_pseudohuerfanas,1
346422,10,no informativa,230589,2,0.0,3050.0,0.5005744296733957,184388.0,3050.0,indirecta,6093.0,10_pseudohuerfanas,1
346491,10,informativa,386708,7,0.0674428916188164,133.0,0.0218283275890366,6428.5,133.0,directa,6093.0,10_pseudohuerfanas,3
348553,10,no informativa,103928,14,0.0,3150.0,0.51698670605613,190825.0,3150.0,indirecta,6093.0,10_pseudohuerfanas,3
350393,10,no informativa,103928,4,0.0,3047.5,0.5001641227638274,186598.0,3047.5,indirecta,6093.0,10_pseudohuerfanas,3
355272,10,informativa,386708,7,0.0715552630589881,58.0,0.0095191203019858,3646.5,58.0,directa,6093.0,10_pseudohuerfanas,3
357322,10,informativa,329028,6,0.0026814572797814,24.5,0.0040210077137699,1779.5,24.5,directa,6093.0,10_pseudohuerfanas,3
359314,10,no informativa,147505,6,0.0,3074.5,0.5045954373871656,187644.0,3074.5,indirecta,6093.0,10_pseudohuerfanas,3
360424,10,informativa,329028,4,0.0026814572797814,4.5,0.000738552437223,947.5,4.5,directa,6093.0,10_pseudohuerfanas,3
368228,10,no informativa,306736,30,0.0,3076.0,0.5048416215329066,185784.0,3076.0,indirecta,6093.0,10_pseudohuerfanas,1
369297,10,informativa,147505,4,0.051179165580712,4.5,0.000738552437223,918.5,4.5,directa,6093.0,10_pseudohuerfanas,3
370394,10,informativa,105021,5,4.055797473468611,3.0,0.000492368291482,100.5,3.0,directa,6093.0,10_pseudohuerfanas,1
373890,10,no informativa,386708,2,0.0,3048.5,0.5003282455276546,184353.5,3048.5,indirecta,6093.0,10_pseudohuerfanas,1
383798,10,no informativa,103928,3,0.0,3070.5,0.5039389463318562,186000.5,3070.5,indirecta,6093.0,10_pseudohuerfanas,1
384015,10,no informativa,386708,8,0.0,3132.0,0.5140324963072378,189009.0,3132.0,indirecta,6093.0,10_pseudohuerfanas,3
388811,10,no informativa,386708,6,0.0,3074.0,0.5045133760052519,187251.0,3074.0,indirecta,6093.0,10_pseudohuerfanas,3
389937,10,informativa,329028,7,0.0028972067160857,37.5,0.0061546036435253,1525.5,37.5,directa,6093.0,10_pseudohuerfanas,3
390599,10,informativa,103928,3,0.0866130862369688,1.0,0.0001641227638273,729.5,1.0,directa,6093.0,10_pseudohuerfanas,3
391481,10,no informativa,147505,2,0.0,3089.0,0.506975217462662,186159.5,3089.0,indirecta,6093.0,10_pseudohuerfanas,1
391687,10,no informativa,329028,3,0.0,3062.5,0.5026259642212375,184974.5,3062.5,indirecta,6093.0,10_pseudohuerfanas,3
391853,10,no informativa,329028,7,0.0,3073.0,0.5043492532414245,185501.5,3073.0,indirecta,6093.0,10_pseudohuerfanas,3
393370,10,no informativa,386708,3,0.0,3056.0,0.5015591662563598,184732.5,3056.0,indirecta,6093.0,10_pseudohuerfanas,1
394886,10,no informativa,329028,7,0.0,3064.5,0.5029542097488922,187816.5,3064.5,indirecta,6093.0,10_pseudohuerfanas,3
397321,10,no informativa,103928,3,0.0,3062.5,0.5026259642212375,185385.0,3062.5,indirecta,6093.0,10_pseudohuerfanas,3
400492,10,no informativa,147505,2,0.0,3070.5,0.5039389463318562,185577.0,3070.5,indirecta,6093.0,10_pseudohuerfanas,1
401355,10,informativa,254561,107,7.142413359942047e-10,250.0,0.0410306909568357,15537.0,250.0,indirecta,6093.0,10_pseudohuerfanas,3
403103,10,no informativa,147505,4,0.0,3057.5,0.5018053504021007,186955.5,3057.5,indirecta,6093.0,10_pseudohuerfanas,3
403988,10,informativa,351225,242,7.12,13.0,0.0021335959297554,572.0,13.0,indirecta,6093.0,10_pseudohuerfanas,3
406226,10,no informativa,92303,5,0.0,3058.5,0.5019694731659281,184706.0,3058.5,indirecta,6093.0,10_pseudohuerfanas,1
410272,10,no informativa,323368,49,0.0,3087.5,0.5067290333169211,185913.5,3087.5,indirecta,6093.0,10_pseudohuerfanas,2
412013,10,informativa,147505,2,0.0433456198285622,12.5,0.0020515345478417,541.5,12.5,directa,6093.0,10_pseudohuerfanas,3
414657,10,no informativa,386708,3,0.0,3062.0,0.5025439028393238,185373.5,3062.0,indirecta,6093.0,10_pseudohuerfanas,3
416481,10,informativa,103928,5,0.0856560355603172,85.0,0.0139504349253241,4934.5,85.0,directa,6093.0,10_pseudohuerfanas,3
418136,10,no informativa,147505,3,0.0,3054.5,0.5013129821106187,186518.5,3054.5,indirecta,6093.0,10_pseudohuerfanas,3
422031,10,no informativa,329028,4,0.0,3060.0,0.5022156573116692,185114.5,3060.0,indirecta,6093.0,10_pseudohuerfanas,3
422536,10,no informativa,147505,2,0.0,3061.5,0.5024618414574101,184928.0,3061.5,indirecta,6093.0,10_pseudohuerfanas,3
423332,10,informativa,103928,2,0.0435458057876473,1.0,0.0001641227638273,858.5,1.0,directa,6093.0,10_pseudohuerfanas,1
427295,10,no informativa,86470,5,0.0,3070.5,0.5039389463318562,186136.5,3070.5,indirecta,6093.0,10_pseudohuerfanas,3
427614,10,informativa,329028,10,0.0053320932115194,91.5,0.0150172328902018,4877.5,91.5,directa,6093.0,10_pseudohuerfanas,3
428737,10,informativa,147505,11,0.0464790381294221,88.5,0.0145248645987198,5024.5,88.5,directa,6093.0,10_pseudohuerfanas,1
433060,10,informativa,292097,4,0.7047597136035788,1.5,0.000246184145741,11.0,1.5,directa,6093.0,10_pseudohuerfanas,1
436483,10,no informativa,250538,830,0.0,3581.0,0.5877236172657148,215186.5,3581.0,indirecta,6093.0,10_pseudohuerfanas,1
437251,10,no informativa,386708,5,0.0,3088.0,0.5068110946988347,186568.0,3088.0,indirecta,6093.0,10_pseudohuerfanas,1
439211,10,no informativa,103928,8,0.0,3129.5,0.5136221893976695,188220.5,3129.5,indirecta,6093.0,10_pseudohuerfanas,3
440878,10,no informativa,386708,3,0.0,3047.0,0.5000820613819137,186490.5,3047.0,indirecta,6093.0,10_pseudohuerfanas,1
442959,10,informativa,329028,5,0.0030821348043465,84.5,0.0138683735434104,4704.5,84.5,directa,6093.0,10_pseudohuerfanas,2
444554,10,informativa,147505,4,0.0987026764770874,10.5,0.001723289020187,422.5,10.5,directa,6093.0,10_pseudohuerfanas,3
446054,10,informativa,147505,2,0.0490902200468053,1.5,0.000246184145741,521.5,1.5,directa,6093.0,10_pseudohuerfanas,3
446902,10,informativa,103928,3,0.0425887551109957,1.0,0.0001641227638273,739.5,1.0,directa,6093.0,10_pseudohuerfanas,3
448635,10,no informativa,123678,1,0.0,3048.5,0.5003282455276546,184377.0,3048.5,indirecta,6093.0,10_pseudohuerfanas,2
449568,10,no informativa,147505,3,0.0,3089.0,0.506975217462662,188047.5,3089.0,indirecta,6093.0,10_pseudohuerfanas,1
451468,10,no informativa,147505,7,0.0,3113.0,0.5109141637945183,189567.5,3113.0,indirecta,6093.0,10_pseudohuerfanas,3
453855,10,informativa,103928,3,0.1292018413479645,10.0,0.0016412276382734,364.5,10.0,directa,6093.0,10_pseudohuerfanas,1
456384,10,no informativa,147505,2,0.0,3052.0,0.5009026752010504,184585.5,3052.0,indirecta,6093.0,10_pseudohuerfanas,3
456747,10,no informativa,147505,3,0.0,3070.5,0.5039389463318562,186000.5,3070.5,indirecta,6093.0,10_pseudohuerfanas,1
456893,10,no informativa,392888,30,0.0,3062.0,0.5025439028393238,185560.5,3062.0,indirecta,6093.0,10_pseudohuerfanas,3
460721,10,informativa,214653,2,2.125849508067064,4.0,0.0006564910553093,39.5,4.0,directa,6093.0,10_pseudohuerfanas,3
462677,10,informativa,147505,5,0.088780185191031,83.5,0.0137042507795831,3715.5,83.5,directa,6093.0,10_pseudohuerfanas,1
463105,10,informativa,386708,12,0.0699103144829194,26.0,0.0042671918595109,1259.5,26.0,directa,6093.0,10_pseudohuerfanas,3
463221,10,no informativa,268172,2,0.0,3047.0,0.5000820613819137,184259.5,3047.0,indirecta,6093.0,10_pseudohuerfanas,3
465291,10,no informativa,226784,9,0.0,3060.5,0.5022977186935828,185595.0,3060.5,indirecta,6093.0,10_pseudohuerfanas,1
467838,10,informativa,141832,77,148.399285855855,3.0,0.000492368291482,140.5,3.0,directa,6093.0,10_pseudohuerfanas,2
470504,10,no informativa,386708,4,0.0,3070.0,0.5038568849499425,185283.5,3070.0,indirecta,6093.0,10_pseudohuerfanas,3
471519,10,no informativa,386708,3,0.0,3070.5,0.5039389463318562,185682.5,3070.5,indirecta,6093.0,10_pseudohuerfanas,3
472708,10,no informativa,30382,129,0.0,3128.0,0.5133760052519284,191644.0,3128.0,indirecta,6093.0,10_pseudohuerfanas,1
485799,10,no informativa,218243,10,0.0,3152.5,0.5173970129656983,188507.0,3152.5,indirecta,6093.0,10_pseudohuerfanas,3
488841,10,informativa,32384,2,0.7751098109255061,2.5,0.0004103069095683,53.0,2.5,directa,6093.0,10_pseudohuerfanas,1
491330,10,no informativa,103928,3,0.0,3062.5,0.5026259642212375,185357.0,3062.5,indirecta,6093.0,10_pseudohuerfanas,1
493687,10,no informativa,86470,6,0.0,3114.5,0.5111603479402593,189749.5,3114.5,indirecta,6093.0,10_pseudohuerfanas,3
501699,10,no informativa,292097,5,0.0,3112.5,0.5108321024126047,187621.0,3112.5,indirecta,6093.0,10_pseudohuerfanas,3
505576,10,no informativa,147505,8,0.0,3065.0,0.5030362711308058,186359.0,3065.0,indirecta,6093.0,10_pseudohuerfanas,3
506571,10,informativa,147505,4,0.0433456198285622,84.5,0.0138683735434104,4588.5,84.5,directa,6093.0,10_pseudohuerfanas,3
511669,10,informativa,32384,2,0.7837221421580117,2.5,0.0004103069095683,53.0,2.5,directa,6093.0,10_pseudohuerfanas,1
511760,10,informativa,214653,2,2.0453249054887657,4.0,0.0006564910553093,39.5,4.0,directa,6093.0,10_pseudohuerfanas,3
513923,10,no informativa,103928,7,0.0,3067.5,0.5034465780403742,187516.0,3067.5,indirecta,6093.0,10_pseudohuerfanas,3
514167,10,informativa,386708,10,0.0748451602111255,105.0,0.017232890201871,5464.5,105.0,directa,6093.0,10_pseudohuerfanas,1
515169,10,no informativa,329028,4,0.0,3071.5,0.5041030690956836,185329.5,3071.5,indirecta,6093.0,10_pseudohuerfanas,3
519458,10,no informativa,386708,8,0.0,3065.0,0.5030362711308058,185077.5,3065.0,indirecta,6093.0,10_pseudohuerfanas,3
519698,10,informativa,147505,3,0.0501346928137587,92.5,0.0151813556540292,4136.5,92.5,directa,6093.0,10_pseudohuerfanas,3
521567,10,no informativa,86470,7,0.0,3096.0,0.5081240768094535,186221.0,3096.0,indirecta,6093.0,10_pseudohuerfanas,3
521806,10,informativa,329028,13,0.0054861999517368,147.5,0.024208107664533,7133.5,147.5,directa,6093.0,10_pseudohuerfanas,3
524470,10,informativa,103928,4,0.0909198142819009,1.0,0.0001641227638273,744.5,1.0,directa,6093.0,10_pseudohuerfanas,3
525261,10,no informativa,103928,5,0.0,3091.5,0.5073855243722304,188237.0,3091.5,indirecta,6093.0,10_pseudohuerfanas,3
525899,10,no informativa,386708,6,0.0,3064.0,0.5028721483669785,185057.0,3064.0,indirecta,6093.0,10_pseudohuerfanas,3
526230,10,informativa,386708,14,0.0707327887709537,105.0,0.017232890201871,6216.5,105.0,directa,6093.0,10_pseudohuerfanas,3
536953,10,no informativa,103928,3,0.0,3061.0,0.5023797800754964,186826.0,3061.0,indirecta,6093.0,10_pseudohuerfanas,3
543278,10,no informativa,147505,4,0.0,3066.5,0.5032824552765468,185301.5,3066.5,indirecta,6093.0,10_pseudohuerfanas,3
549025,10,no informativa,147505,2,0.0,3102.5,0.5091908747743312,186798.5,3102.5,indirecta,6093.0,10_pseudohuerfanas,1
550058,10,informativa,277947,16,0.85,3.0,0.000492368291482,90.5,3.0,indirecta,6093.0,10_pseudohuerfanas,3
550957,10,no informativa,103928,2,0.0,3069.0,0.5036927621861153,185489.0,3069.0,indirecta,6093.0,10_pseudohuerfanas,3
552402,10,informativa,103928,3,0.0401961284193667,1.0,0.0001641227638273,858.5,1.0,directa,6093.0,10_pseudohuerfanas,1
552506,10,informativa,214653,3,0.9523833092015176,4.0,0.0006564910553093,97.5,4.0,directa,6093.0,10_pseudohuerfanas,3
553256,10,informativa,103561,5,6.53,1.5,0.000246184145741,48.0,1.5,directa,6093.0,10_pseudohuerfanas,1
553349,10,informativa,386708,5,0.0674428916188164,62.0,0.0101756113572952,3049.5,62.0,directa,6093.0,10_pseudohuerfanas,3
559010,10,informativa,168219,6,0.0153053558959961,30.5,0.0050057442967339,905.0,30.5,directa,6093.0,10_pseudohuerfanas,3
560558,10,informativa,294184,5,7.290714540906472,1.5,0.000246184145741,88.5,1.5,indirecta,6093.0,10_pseudohuerfanas,3
565834,10,informativa,147505,8,0.0506569291972353,36.5,0.005990480879698,1565.5,36.5,directa,6093.0,10_pseudohuerfanas,3
571210,10,informativa,147505,5,0.0433456198285622,95.5,0.0156737239455112,4463.5,95.5,directa,6093.0,10_pseudohuerfanas,1
571627,10,no informativa,103928,6,0.0,3087.5,0.5067290333169211,186585.5,3087.5,indirecta,6093.0,10_pseudohuerfanas,3
572432,10,informativa,103928,4,0.0397176030810409,9.0,0.001477104874446,317.5,9.0,directa,6093.0,10_pseudohuerfanas,3
582553,10,informativa,147505,2,0.0485679836633287,1.5,0.000246184145741,854.5,1.5,directa,6093.0,10_pseudohuerfanas,1
586188,10,no informativa,147505,2,0.0,3061.0,0.5023797800754964,185326.5,3061.0,indirecta,6093.0,10_pseudohuerfanas,3
586286,10,informativa,56502,55,0.0,3158.5,0.5183817495486625,191603.5,3158.5,indirecta,6093.0,10_pseudohuerfanas,2
586364,10,informativa,214653,2,4.710689250830425,4.0,0.0006564910553093,39.5,4.0,directa,6093.0,10_pseudohuerfanas,3
588583,10,no informativa,103928,5,0.0,3099.5,0.5086985064828492,186915.0,3099.5,indirecta,6093.0,10_pseudohuerfanas,3
589202,10,informativa,103928,7,0.0411531790960183,21.0,0.0034465780403741,2088.5,21.0,directa,6093.0,10_pseudohuerfanas,1
591075,10,no informativa,156826,3,0.0,3049.5,0.500492368291482,184397.5,3049.5,indirecta,6093.0,10_pseudohuerfanas,2
598655,10,informativa,3207,5,2.86,2.5,0.0004103069095683,179.5,2.5,indirecta,6093.0,10_pseudohuerfanas,2
601688,10,informativa,103928,13,0.0392390777427151,89.0,0.0146069259806335,5673.5,89.0,directa,6093.0,10_pseudohuerfanas,3
602725,10,no informativa,147505,2,0.0,3089.0,0.506975217462662,186583.0,3089.0,indirecta,6093.0,10_pseudohuerfanas,3
603140,10,no informativa,386708,3,0.0,3090.5,0.5072214016084031,186387.5,3090.5,indirecta,6093.0,10_pseudohuerfanas,3
605572,10,no informativa,147505,19,0.0,3070.0,0.5038568849499425,186040.0,3070.0,indirecta,6093.0,10_pseudohuerfanas,3
607326,10,informativa,103928,5,0.0425887551109957,1.0,0.0001641227638273,989.5,1.0,directa,6093.0,10_pseudohuerfanas,3
608561,10,informativa,147505,3,0.0443900925955155,15.5,0.0025439028393238,1396.5,15.5,directa,6093.0,10_pseudohuerfanas,3
608649,10,no informativa,263373,6,0.0,3051.5,0.5008206138191367,186286.0,3051.5,indirecta,6093.0,10_pseudohuerfanas,2
608951,10,informativa,142702,909,0.0002567160125163,980.5,0.1609223699327096,50712.0,980.5,indirecta,6093.0,10_pseudohuerfanas,3
614654,10,no informativa,103928,2,0.0,3062.5,0.5026259642212375,184934.0,3062.5,indirecta,6093.0,10_pseudohuerfanas,1
615771,10,informativa,103928,7,0.0401961284193667,2.0,0.0003282455276546,901.5,2.0,directa,6093.0,10_pseudohuerfanas,1
621351,10,informativa,147505,9,0.0459568017459454,25.5,0.0041851304775972,1780.5,25.5,directa,6093.0,10_pseudohuerfanas,3
621511,10,no informativa,147505,2,0.0,3070.5,0.5039389463318562,185577.0,3070.5,indirecta,6093.0,10_pseudohuerfanas,1
634782,10,no informativa,103928,2,0.0,3089.0,0.506975217462662,186583.0,3089.0,indirecta,6093.0,10_pseudohuerfanas,3
640181,10,no informativa,87788,1,0.0,3048.5,0.5003282455276546,184285.0,3048.5,indirecta,6093.0,10_pseudohuerfanas,2
643927,10,no informativa,386708,7,0.0,3074.0,0.5045133760052519,186128.5,3074.0,indirecta,6093.0,10_pseudohuerfanas,3
644802,10,no informativa,103928,4,0.0,3103.5,0.5093549975381585,186902.0,3103.5,indirecta,6093.0,10_pseudohuerfanas,1
647935,10,informativa,329028,8,0.0052704505154325,87.5,0.0143607418348925,4837.5,87.5,directa,6093.0,10_pseudohuerfanas,3
648512,10,no informativa,147505,4,0.0,3057.5,0.5018053504021007,185104.0,3057.5,indirecta,6093.0,10_pseudohuerfanas,3
648808,10,no informativa,86470,2,0.0,3061.0,0.5023797800754964,184938.0,3061.0,indirecta,6093.0,10_pseudohuerfanas,3
649885,10,no informativa,103928,8,0.0,3074.0,0.5045133760052519,185742.0,3074.0,indirecta,6093.0,10_pseudohuerfanas,1
653382,10,no informativa,386708,6,0.0,3118.5,0.5118168389955687,187955.0,3118.5,indirecta,6093.0,10_pseudohuerfanas,1
655570,10,no informativa,147505,4,0.0,3067.5,0.5034465780403742,184775.5,3067.5,indirecta,6093.0,10_pseudohuerfanas,3
658438,10,no informativa,386708,25,0.0,3167.0,0.5197767930411948,189927.0,3167.0,indirecta,6093.0,10_pseudohuerfanas,3
664912,10,informativa,147505,8,0.0856467668901711,28.5,0.0046774987690792,1926.5,28.5,directa,6093.0,10_pseudohuerfanas,1
667196,10,informativa,214653,3,5.817359167383737,4.0,0.0006564910553093,39.5,4.0,directa,6093.0,10_pseudohuerfanas,3
667495,10,informativa,329028,4,0.0030821348043465,133.5,0.0219103889709502,7263.5,133.5,directa,6093.0,10_pseudohuerfanas,3
669350,10,informativa,386708,14,0.1414655775419076,148.0,0.0242901690464467,8080.5,148.0,directa,6093.0,10_pseudohuerfanas,3
671638,10,no informativa,147505,2,0.0,3061.0,0.5023797800754964,184926.5,3061.0,indirecta,6093.0,10_pseudohuerfanas,3
673593,10,informativa,86470,4,0.0655491517412833,84.0,0.0137863121614967,3803.0,84.0,directa,6093.0,10_pseudohuerfanas,3
674222,10,no informativa,86470,11,0.0,3094.5,0.5078778926637124,187366.5,3094.5,indirecta,6093.0,10_pseudohuerfanas,3
674913,10,no informativa,270133,17,0.0,3093.0,0.5076317085179715,186483.5,3093.0,indirecta,6093.0,10_pseudohuerfanas,3
676838,10,informativa,103928,4,0.0425887551109957,13.0,0.0021335959297554,468.5,13.0,directa,6093.0,10_pseudohuerfanas,3
679190,10,informativa,335212,10,0.2460232160250602,1.0,0.0001641227638273,321.5,1.0,directa,6093.0,10_pseudohuerfanas,3
681025,10,no informativa,171,2,0.0,3055.5,0.5014771048744461,184620.5,3055.5,indirecta,6093.0,10_pseudohuerfanas,3
681057,10,informativa,103928,2,0.0435458057876473,1.0,0.0001641227638273,858.5,1.0,directa,6093.0,10_pseudohuerfanas,1
681814,10,no informativa,386708,2,0.0,3047.5,0.5001641227638274,184277.5,3047.5,indirecta,6093.0,10_pseudohuerfanas,3
682574,10,no informativa,147505,2,0.0,3070.5,0.5039389463318562,185577.0,3070.5,indirecta,6093.0,10_pseudohuerfanas,1
683605,10,no informativa,103928,5,0.0,3111.0,0.5105859182668636,188171.5,3111.0,indirecta,6093.0,10_pseudohuerfanas,3
683897,10,no informativa,103928,4,0.0,3063.5,0.5027900869850648,185468.5,3063.5,indirecta,6093.0,10_pseudohuerfanas,3
684869,10,informativa,382088,198,0.0149137809660545,296.5,0.0486623994748071,16148.0,296.5,directa,6093.0,10_pseudohuerfanas,3
690125,10,no informativa,147505,5,0.0,3104.0,0.5094370589200722,187286.5,3104.0,indirecta,6093.0,10_pseudohuerfanas,3
694780,10,informativa,168219,4,0.0143284182856134,12.5,0.0020515345478417,1010.0,12.5,directa,6093.0,10_pseudohuerfanas,1
695416,10,no informativa,116883,260,0.0,3253.0,0.5338913507303463,198892.5,3253.0,indirecta,6093.0,10_pseudohuerfanas,3
695491,10,no informativa,208201,2,0.0,3048.5,0.5003282455276546,184327.0,3048.5,indirecta,6093.0,10_pseudohuerfanas,0
695561,10,no informativa,386708,5,0.0,3064.5,0.5029542097488922,185081.5,3064.5,indirecta,6093.0,10_pseudohuerfanas,3
696317,10,no informativa,90327,490,0.0,3176.0,0.5212538979156409,197526.5,3176.0,indirecta,6093.0,10_pseudohuerfanas,3
696631,10,informativa,103928,7,0.0856560355603172,99.0,0.0162481536189069,4995.5,99.0,directa,6093.0,10_pseudohuerfanas,1
697884,10,no informativa,147505,4,0.0,3102.5,0.5091908747743312,187256.0,3102.5,indirecta,6093.0,10_pseudohuerfanas,1
706006,10,informativa,147505,5,0.0423011470616089,27.5,0.0045133760052519,1276.5,27.5,directa,6093.0,10_pseudohuerfanas,3
707074,10,informativa,103928,2,0.0875701369136204,1.0,0.0001641227638273,660.5,1.0,directa,6093.0,10_pseudohuerfanas,1
707304,10,no informativa,103928,3,0.0,3102.5,0.5091908747743312,187221.5,3102.5,indirecta,6093.0,10_pseudohuerfanas,3
707683,10,informativa,147505,3,0.0522236383476653,24.5,0.0040210077137699,964.5,24.5,directa,6093.0,10_pseudohuerfanas,2
710716,10,informativa,147505,2,0.0433456198285622,1.5,0.000246184145741,854.5,1.5,directa,6093.0,10_pseudohuerfanas,1
710800,10,no informativa,289633,5,0.0,3057.5,0.5018053504021007,185164.0,3057.5,indirecta,6093.0,10_pseudohuerfanas,2
716564,10,no informativa,147505,2,0.0,3047.5,0.5001641227638274,184342.5,3047.5,indirecta,6093.0,10_pseudohuerfanas,3
723619,10,informativa,147505,9,0.0501346928137587,67.5,0.0110782865583456,4293.5,67.5,directa,6093.0,10_pseudohuerfanas,3
727264,10,informativa,103928,7,0.0421102297726699,85.0,0.0139504349253241,4610.5,85.0,directa,6093.0,10_pseudohuerfanas,1
727504,10,no informativa,386708,2,0.0,3048.5,0.5003282455276546,184708.5,3048.5,indirecta,6093.0,10_pseudohuerfanas,3
730371,10,no informativa,147505,5,0.0,3096.5,0.5082061381913672,187045.0,3096.5,indirecta,6093.0,10_pseudohuerfanas,3
730726,10,no informativa,87788,3,0.0,3047.5,0.5001641227638274,184360.0,3047.5,indirecta,6093.0,10_pseudohuerfanas,0
731618,10,informativa,86470,6,0.0655491517412833,84.0,0.0137863121614967,4499.0,84.0,directa,6093.0,10_pseudohuerfanas,3
732904,10,informativa,386708,3,0.0764901087871942,7.0,0.0011488593467914,304.5,7.0,directa,6093.0,10_pseudohuerfanas,1
733949,10,no informativa,147505,4,0.0,3074.5,0.5045954373871656,186244.5,3074.5,indirecta,6093.0,10_pseudohuerfanas,3
735787,10,no informativa,386708,3,0.0,3089.0,0.506975217462662,186194.0,3089.0,indirecta,6093.0,10_pseudohuerfanas,1
737140,10,no informativa,147505,2,0.0,3056.0,0.5015591662563598,185039.0,3056.0,indirecta,6093.0,10_pseudohuerfanas,3
743589,10,no informativa,147505,5,0.0,3102.5,0.5091908747743312,189142.0,3102.5,indirecta,6093.0,10_pseudohuerfanas,1
747050,10,no informativa,147505,3,0.0,3048.0,0.5002461841457411,184759.5,3048.0,indirecta,6093.0,10_pseudohuerfanas,3
749341,10,no informativa,313943,105,0.0,3196.5,0.5246184145741014,196386.5,3196.5,indirecta,6093.0,10_pseudohuerfanas,1
750458,10,informativa,103928,8,0.0856560355603172,88.0,0.0144428032168061,5365.5,88.0,directa,6093.0,10_pseudohuerfanas,3
750750,10,informativa,214653,2,2.6251020440525106,4.0,0.0006564910553093,39.5,4.0,directa,6093.0,10_pseudohuerfanas,3
757955,10,no informativa,103928,4,0.0,3112.5,0.5108321024126047,187586.5,3112.5,indirecta,6093.0,10_pseudohuerfanas,3
759334,10,informativa,386708,8,0.0674428916188164,141.0,0.0231413096996553,7215.5,141.0,directa,6093.0,10_pseudohuerfanas,3
762284,10,no informativa,386708,4,0.0,3056.0,0.5015591662563598,185107.5,3056.0,indirecta,6093.0,10_pseudohuerfanas,3
762474,10,informativa,263373,5,0.94,1.0,0.0001641227638273,24.5,1.0,indirecta,6093.0,10_pseudohuerfanas,3
765394,10,informativa,386708,12,0.1340633089495984,140.0,0.022977186935828,7824.5,140.0,directa,6093.0,10_pseudohuerfanas,1
770706,10,informativa,329028,8,0.0027122786278249,35.5,0.0058263581158706,2327.5,35.5,directa,6093.0,10_pseudohuerfanas,3
771061,10,no informativa,386708,4,0.0,3075.5,0.504759560150993,186331.5,3075.5,indirecta,6093.0,10_pseudohuerfanas,1
773832,10,no informativa,147505,4,0.0,3093.0,0.5076317085179715,188835.0,3093.0,indirecta,6093.0,10_pseudohuerfanas,3
776022,10,no informativa,147505,2,0.0,3057.0,0.5017232890201871,184659.5,3057.0,indirecta,6093.0,10_pseudohuerfanas,3
777950,10,no informativa,147505,25,0.0,3070.5,0.5039389463318562,188330.0,3070.5,indirecta,6093.0,10_pseudohuerfanas,3
778349,10,no informativa,226784,369,0.0,3415.5,0.5605612998522895,205264.5,3415.5,indirecta,6093.0,10_pseudohuerfanas,1
779051,10,informativa,123678,10,0.94,1.0,0.0001641227638273,33.0,1.0,indirecta,6093.0,10_pseudohuerfanas,2
788396,10,no informativa,386708,4,0.0,3090.0,0.5071393402264894,186917.0,3090.0,indirecta,6093.0,10_pseudohuerfanas,3
792213,10,no informativa,329028,4,0.0,3075.5,0.504759560150993,185942.5,3075.5,indirecta,6093.0,10_pseudohuerfanas,3
793988,10,informativa,147505,5,0.0433456198285622,86.5,0.0141966190710651,4680.5,86.5,directa,6093.0,10_pseudohuerfanas,3
795302,10,informativa,203983,12,1.9522393275962195,7.5,0.001230920728705,538.5,7.5,directa,6093.0,10_pseudohuerfanas,1
799667,10,no informativa,103928,3,0.0,3063.5,0.5027900869850648,184981.0,3063.5,indirecta,6093.0,10_pseudohuerfanas,3
804265,10,informativa,292097,3,0.6892704891287749,15.5,0.0025439028393238,1028.0,15.5,directa,6093.0,10_pseudohuerfanas,3
806160,10,informativa,141832,3,0.6670371864561142,1.0,0.0001641227638273,19.5,1.0,indirecta,6093.0,10_pseudohuerfanas,0
808661,10,informativa,133565,240,0.7817143277281532,147.5,0.024208107664533,8507.0,147.5,directa,6093.0,10_pseudohuerfanas,3
809182,10,no informativa,147505,2,0.0,3056.0,0.5015591662563598,184708.0,3056.0,indirecta,6093.0,10_pseudohuerfanas,3
810900,10,no informativa,120011,13,0.0,3058.0,0.5018874117840144,185164.5,3058.0,indirecta,6093.0,10_pseudohuerfanas,3
815458,10,no informativa,148410,7,0.0,3139.0,0.5151813556540292,187866.0,3139.0,indirecta,6093.0,10_pseudohuerfanas,3
820246,10,no informativa,386708,4,0.0,3102.5,0.5091908747743312,187310.5,3102.5,indirecta,6093.0,10_pseudohuerfanas,3
825416,10,no informativa,103928,2,0.0,3056.0,0.5015591662563598,186503.5,3056.0,indirecta,6093.0,10_pseudohuerfanas,1
825544,10,no informativa,86470,3,0.0,3103.0,0.5092729361562449,187233.0,3103.0,indirecta,6093.0,10_pseudohuerfanas,1
828215,10,no informativa,86470,4,0.0,3090.5,0.5072214016084031,188499.5,3090.5,indirecta,6093.0,10_pseudohuerfanas,1
830448,10,no informativa,92303,4,0.0,3049.5,0.500492368291482,184512.5,3049.5,indirecta,6093.0,10_pseudohuerfanas,1
7845,15,informativa,237605,2,0.0119932868245516,1.5,0.000173751882312,42.5,1.5,directa,8633.0,15_pseudohuerfanas,1
13035,15,informativa,237605,2,0.0077432889005532,1.5,0.000173751882312,42.5,1.5,directa,8633.0,15_pseudohuerfanas,1
38736,15,informativa,237605,8,0.0018554868985261,3.5,0.0004054210587281,127.5,3.5,directa,8633.0,15_pseudohuerfanas,1
42228,15,informativa,237605,16,0.0027780474234916,7.5,0.0008687594115602,341.5,7.5,directa,8633.0,15_pseudohuerfanas,3
48130,15,informativa,237605,10,0.001845121049931,5.5,0.0006370902351442,176.5,5.5,directa,8633.0,15_pseudohuerfanas,3
51445,15,informativa,314827,256,0.0130888434803875,7.0,0.0008108421174562,853.0,7.0,directa,8633.0,15_pseudohuerfanas,2
68019,15,informativa,237605,2,0.0026018279973746,2.5,0.00028958647052,90.5,2.5,directa,8633.0,15_pseudohuerfanas,1
68371,15,informativa,207809,861,0.0019202072628583,160.5,0.0185914514073902,8928.5,160.5,indirecta,8633.0,15_pseudohuerfanas,2
70083,15,informativa,237605,2,0.0102932876549522,1.5,0.000173751882312,42.5,1.5,directa,8633.0,15_pseudohuerfanas,1
76212,15,informativa,237605,8,0.0017207308667896,4.5,0.0005212556469361,194.5,4.5,directa,8633.0,15_pseudohuerfanas,1
91995,15,informativa,237605,2,0.0148231634910188,1.5,0.000173751882312,42.5,1.5,directa,8633.0,15_pseudohuerfanas,1
120333,15,informativa,321340,3,0.0183309332164499,2.0,0.000231669176416,6.5,2.0,directa,8633.0,15_pseudohuerfanas,2
144385,15,informativa,321340,139,0.0281089343529656,2.0,0.000231669176416,108.5,2.0,directa,8633.0,15_pseudohuerfanas,3
156953,15,informativa,237605,2,0.0110810921481812,1.5,0.000173751882312,42.5,1.5,directa,8633.0,15_pseudohuerfanas,1
164680,15,no informativa,237605,7,0.0,4371.5,0.5063709023514421,187063.5,4371.5,indirecta,8633.0,15_pseudohuerfanas,3
194973,15,informativa,237605,12,0.0155280411954869,1.5,0.000173751882312,46.5,1.5,directa,8633.0,15_pseudohuerfanas,3
198506,15,informativa,237605,14,0.0017103650181944,5.5,0.0006370902351442,320.5,5.5,directa,8633.0,15_pseudohuerfanas,3
204078,15,informativa,237605,2,0.0150926755544919,1.5,0.000173751882312,42.5,1.5,directa,8633.0,15_pseudohuerfanas,1
214452,15,no informativa,365410,5,0.0,4370.5,0.5062550677632341,186600.5,4370.5,indirecta,8633.0,15_pseudohuerfanas,3
219944,15,no informativa,217484,29,0.0,4355.5,0.5045175489401135,186161.0,4355.5,indirecta,8633.0,15_pseudohuerfanas,2
223448,15,informativa,237605,2,0.0116408479723176,1.5,0.000173751882312,42.5,1.5,directa,8633.0,15_pseudohuerfanas,1
223455,15,informativa,237605,2,0.0018554868985261,1.5,0.000173751882312,42.5,1.5,directa,8633.0,15_pseudohuerfanas,1
228000,15,informativa,237605,19,0.0018865844443114,7.5,0.0008687594115602,485.5,7.5,directa,8633.0,15_pseudohuerfanas,3
245674,15,informativa,237605,8,0.0026329255431599,5.5,0.0006370902351442,212.5,5.5,directa,8633.0,15_pseudohuerfanas,3
252879,15,informativa,237605,2,0.0026536572403502,2.5,0.00028958647052,90.5,2.5,directa,8633.0,15_pseudohuerfanas,1
267586,15,informativa,237605,2,0.0098682878625524,1.5,0.000173751882312,42.5,1.5,directa,8633.0,15_pseudohuerfanas,1
271087,15,informativa,237605,2,0.0109877995108251,1.5,0.000173751882312,42.5,1.5,directa,8633.0,15_pseudohuerfanas,1
281963,15,informativa,237605,2,0.0152896266777991,1.5,0.000173751882312,42.5,1.5,directa,8633.0,15_pseudohuerfanas,1
284123,15,no informativa,287154,31,0.0,4350.5,0.5039383759990733,185781.5,4350.5,indirecta,8633.0,15_pseudohuerfanas,2
285311,15,no informativa,101905,8,0.0,4329.0,0.5014479323526004,185166.5,4329.0,indirecta,8633.0,15_pseudohuerfanas,2
320055,15,informativa,237605,17,0.0027676815748965,7.5,0.0008687594115602,470.5,7.5,directa,8633.0,15_pseudohuerfanas,3
324503,15,informativa,237605,2,0.006323167643022,1.5,0.000173751882312,42.5,1.5,directa,8633.0,15_pseudohuerfanas,1
341405,15,informativa,237605,2,0.0108426776304935,1.5,0.000173751882312,42.5,1.5,directa,8633.0,15_pseudohuerfanas,1
341557,15,informativa,69654,3,0.0005472882174746,8.0,0.0009266767056643,83.5,8.0,indirecta,8633.0,15_pseudohuerfanas,3
343274,15,informativa,237605,2,0.0149060902797798,1.5,0.000173751882312,42.5,1.5,directa,8633.0,15_pseudohuerfanas,1
360013,15,informativa,237605,2,0.015538407044082,1.5,0.000173751882312,42.5,1.5,directa,8633.0,15_pseudohuerfanas,3
368244,15,informativa,237605,12,0.0069451185587291,2.5,0.00028958647052,130.5,2.5,directa,8633.0,15_pseudohuerfanas,1
372117,15,informativa,237605,2,0.015279260829204,1.5,0.000173751882312,42.5,1.5,directa,8633.0,15_pseudohuerfanas,1
372889,15,informativa,237605,2,0.0110292629052056,1.5,0.000173751882312,42.5,1.5,directa,8633.0,15_pseudohuerfanas,1
383595,15,informativa,237605,2,0.0115371894863664,1.5,0.000173751882312,42.5,1.5,directa,8633.0,15_pseudohuerfanas,1
392576,15,informativa,237605,2,0.0154243827095357,1.5,0.000173751882312,42.5,1.5,directa,8633.0,15_pseudohuerfanas,1
409893,15,informativa,237605,2,0.0155073094982966,1.5,0.000173751882312,42.5,1.5,directa,8633.0,15_pseudohuerfanas,1
411434,15,informativa,237605,2,0.0108426776304935,1.5,0.000173751882312,42.5,1.5,directa,8633.0,15_pseudohuerfanas,1
418902,15,no informativa,365410,8,0.0,4336.0,0.5022587744700567,185284.5,4336.0,indirecta,8633.0,15_pseudohuerfanas,2
420906,15,no informativa,263055,4,0.0,4321.0,0.5005212556469362,184446.5,4321.0,indirecta,8633.0,15_pseudohuerfanas,3
437299,15,informativa,237605,3,0.0026536572403502,2.5,0.00028958647052,74.5,2.5,directa,8633.0,15_pseudohuerfanas,3
459898,15,informativa,237605,12,0.0008603654333948,3.5,0.0004054210587281,364.5,3.5,directa,8633.0,15_pseudohuerfanas,1
467636,15,informativa,237605,8,0.0017310967153847,3.5,0.0004054210587281,136.5,3.5,directa,8633.0,15_pseudohuerfanas,3
476735,15,informativa,237605,2,0.0154658461039161,1.5,0.000173751882312,42.5,1.5,directa,8633.0,15_pseudohuerfanas,1
479172,15,informativa,237605,2,0.0008499995847996,1.5,0.000173751882312,93.5,1.5,directa,8633.0,15_pseudohuerfanas,1
493442,15,informativa,237605,2,0.0154762119525113,1.5,0.000173751882312,42.5,1.5,directa,8633.0,15_pseudohuerfanas,1
496265,15,no informativa,321340,8,0.0,4327.0,0.5012162631761844,184955.5,4327.0,indirecta,8633.0,15_pseudohuerfanas,3
508649,15,informativa,237605,12,0.0008396337362045,5.5,0.0006370902351442,373.5,5.5,directa,8633.0,15_pseudohuerfanas,3
532573,15,no informativa,290868,6,0.0,4322.5,0.5006950075292482,184620.5,4322.5,indirecta,8633.0,15_pseudohuerfanas,2
540809,15,informativa,269521,75,0.0051836981186314,4.5,0.0005212556469361,393.0,4.5,indirecta,8633.0,15_pseudohuerfanas,3
546076,15,informativa,237605,2,0.0008396337362045,2.5,0.00028958647052,100.5,2.5,directa,8633.0,15_pseudohuerfanas,3
548325,15,informativa,237605,2,0.0154243827095357,1.5,0.000173751882312,42.5,1.5,directa,8633.0,15_pseudohuerfanas,1
548724,15,no informativa,106087,6,0.0,4399.5,0.5096142708212672,186667.0,4399.5,indirecta,8633.0,15_pseudohuerfanas,2
559860,15,no informativa,365410,3,0.0,4329.0,0.5014479323526004,184741.0,4329.0,indirecta,8633.0,15_pseudohuerfanas,2
561302,15,informativa,237605,9,0.0018554868985261,5.5,0.0006370902351442,176.5,5.5,directa,8633.0,15_pseudohuerfanas,3
562738,15,no informativa,314827,246,0.0,4463.5,0.5170276844665818,192680.0,4463.5,indirecta,8633.0,15_pseudohuerfanas,3
563440,15,informativa,237605,2,0.0163469432345012,1.5,0.000173751882312,42.5,1.5,directa,8633.0,15_pseudohuerfanas,1
582792,15,informativa,237605,2,0.004478046593091,1.5,0.000173751882312,42.5,1.5,directa,8633.0,15_pseudohuerfanas,1
603990,15,informativa,237605,2,0.0044262173501154,1.5,0.000173751882312,42.5,1.5,directa,8633.0,15_pseudohuerfanas,1
645377,15,informativa,290868,840,0.0002751865607743,406.0,0.0470288428124638,20456.0,406.0,indirecta,8633.0,15_pseudohuerfanas,3
681025,15,no informativa,83306,2,0.0,4325.0,0.5009845939997684,184620.5,4325.0,indirecta,8633.0,15_pseudohuerfanas,3
692561,15,no informativa,237605,3,0.0,4318.0,0.5001737518823121,184293.0,4318.0,indirecta,8633.0,15_pseudohuerfanas,3
696357,15,informativa,237605,2,0.0017829259583603,1.5,0.000173751882312,42.5,1.5,directa,8633.0,15_pseudohuerfanas,1
701517,15,no informativa,364923,6,0.0,4320.5,0.5004633383528322,184421.0,4320.5,indirecta,8633.0,15_pseudohuerfanas,2
709736,15,informativa,237605,2,0.0025810963001844,1.5,0.000173751882312,42.5,1.5,directa,8633.0,15_pseudohuerfanas,3
731107,15,informativa,237605,2,0.0154969436497015,1.5,0.000173751882312,42.5,1.5,directa,8633.0,15_pseudohuerfanas,1
738739,15,no informativa,267352,70,0.0,4333.5,0.5019691879995367,185626.5,4333.5,indirecta,8633.0,15_pseudohuerfanas,3
752520,15,no informativa,381357,20,0.0,4337.0,0.5023746090582648,185639.5,4337.0,indirecta,8633.0,15_pseudohuerfanas,2
759998,15,informativa,237605,2,0.017124381879135,1.5,0.000173751882312,42.5,1.5,directa,8633.0,15_pseudohuerfanas,3
764602,15,informativa,237605,2,0.0117341406096736,1.5,0.000173751882312,42.5,1.5,directa,8633.0,15_pseudohuerfanas,1
764850,15,informativa,321340,3,0.0091532163409201,2.0,0.000231669176416,16.5,2.0,indirecta,8633.0,15_pseudohuerfanas,3
772694,15,informativa,237605,2,0.0150304804629212,1.5,0.000173751882312,42.5,1.5,directa,8633.0,15_pseudohuerfanas,1
790286,15,informativa,237605,2,0.0109359702678495,1.5,0.000173751882312,42.5,1.5,directa,8633.0,15_pseudohuerfanas,1
807794,15,informativa,237605,9,0.0009018288277752,5.5,0.0006370902351442,286.5,5.5,directa,8633.0,15_pseudohuerfanas,3
810833,15,informativa,237605,12,0.0155487728926771,1.5,0.000173751882312,46.5,1.5,directa,8633.0,15_pseudohuerfanas,3
6530,17,informativa,59918,4,0.0078512396694214,8.5,0.0007947639083683,98.0,8.5,indirecta,10695.0,17_pseudohuerfanas,1
35379,17,informativa,368055,6,0.1886866091863306,1.0,9.350163627863488e-05,1.0,1.0,directa,10695.0,17_pseudohuerfanas,2
51152,17,no informativa,368055,31,0.0,5376.5,0.5027115474520805,185064.0,5376.5,indirecta,10695.0,17_pseudohuerfanas,3
61272,17,no informativa,368055,5,0.0,5352.0,0.5004207573632539,184398.0,5352.0,indirecta,10695.0,17_pseudohuerfanas,2
90555,17,informativa,316438,16,0.004519838627092,58.0,0.0054230949041608,1354.0,58.0,directa,10695.0,17_pseudohuerfanas,3
92066,17,no informativa,33089,109,0.0,5588.0,0.5224871435250117,191086.0,5588.0,indirecta,10695.0,17_pseudohuerfanas,2
103409,17,informativa,368055,1,0.3452964948109852,1.0,9.350163627863488e-05,1.0,1.0,directa,10695.0,17_pseudohuerfanas,1
112077,17,informativa,131579,124,0.0392551892551892,8.0,0.000748013090229,548.5,8.0,indirecta,10695.0,17_pseudohuerfanas,2
144062,17,informativa,248737,19,0.0302606177606177,2.0,0.0001870032725572,108.5,2.0,directa,10695.0,17_pseudohuerfanas,3
174876,17,informativa,263814,136,0.105221238938053,6.0,0.0005610098176718,214.0,6.0,indirecta,10695.0,17_pseudohuerfanas,3
183766,17,informativa,6954,97,0.1203225806451613,6.5,0.0006077606358111,265.0,6.5,directa,10695.0,17_pseudohuerfanas,3
205191,17,informativa,181335,42,0.0133090405226838,23.0,0.0021505376344086,1008.0,23.0,indirecta,10695.0,17_pseudohuerfanas,3
233649,17,no informativa,59918,3,0.0,5349.0,0.500140252454418,184404.0,5349.0,indirecta,10695.0,17_pseudohuerfanas,3
275643,17,no informativa,338159,12,0.0,5414.5,0.5062646096306685,185891.5,5414.5,indirecta,10695.0,17_pseudohuerfanas,3
276645,17,no informativa,42543,13,0.0,5648.5,0.5281439925198691,190193.0,5648.5,indirecta,10695.0,17_pseudohuerfanas,2
291997,17,informativa,59918,2,0.0070247933884297,11.5,0.0010752688172043,94.0,11.5,indirecta,10695.0,17_pseudohuerfanas,2
307865,17,informativa,368055,2,0.1886866091863306,1.0,9.350163627863488e-05,1.0,1.0,directa,10695.0,17_pseudohuerfanas,2
314823,17,no informativa,40925,23,0.0,5662.0,0.5294062646096307,190848.0,5662.0,indirecta,10695.0,17_pseudohuerfanas,3
316629,17,no informativa,182284,10,0.0,5536.5,0.517671809256662,188506.0,5536.5,indirecta,10695.0,17_pseudohuerfanas,2
358087,17,no informativa,368055,6,0.0,5357.0,0.500888265544647,184471.5,5357.0,indirecta,10695.0,17_pseudohuerfanas,3
368357,17,no informativa,59918,22,0.0,5372.5,0.5023375409069659,185124.0,5372.5,indirecta,10695.0,17_pseudohuerfanas,3
410323,17,no informativa,368055,3,0.0,5349.0,0.500140252454418,184341.0,5349.0,indirecta,10695.0,17_pseudohuerfanas,1
411079,17,informativa,306399,2,0.0512820512820512,3.5,0.0003272557269752,20.0,3.5,directa,10695.0,17_pseudohuerfanas,2
437539,17,informativa,306399,2,0.0512820512820512,3.5,0.0003272557269752,20.0,3.5,directa,10695.0,17_pseudohuerfanas,2
458798,17,no informativa,368055,2,0.0,5349.0,0.500140252454418,184294.5,5349.0,indirecta,10695.0,17_pseudohuerfanas,2
469831,17,no informativa,264757,6,0.0,5357.0,0.500888265544647,184491.0,5357.0,indirecta,10695.0,17_pseudohuerfanas,2
492982,17,informativa,349328,1500,0.0136388997954165,617.0,0.0576905095839177,15002.5,617.0,directa,10695.0,17_pseudohuerfanas,3
499227,17,informativa,59918,23,0.0082644628099173,28.5,0.002664796633941,602.0,28.5,indirecta,10695.0,17_pseudohuerfanas,3
515665,17,no informativa,48866,26,0.0,5400.0,0.5049088359046283,185854.0,5400.0,indirecta,10695.0,17_pseudohuerfanas,2
516797,17,no informativa,241643,3,0.0,5361.0,0.5012622720897616,184382.0,5361.0,indirecta,10695.0,17_pseudohuerfanas,2
526852,17,informativa,316438,18,0.0038859792087082,38.0,0.0035530621785881,1022.0,38.0,directa,10695.0,17_pseudohuerfanas,1
540809,17,informativa,181335,75,0.007679108244017,32.0,0.0029920523609163,1132.0,32.0,indirecta,10695.0,17_pseudohuerfanas,3
548518,17,informativa,251112,237,0.0715056710997925,34.0,0.0031790556334735,953.0,34.0,indirecta,10695.0,17_pseudohuerfanas,3
548724,17,no informativa,140090,6,0.0,5489.0,0.5132304815334269,188108.0,5489.0,indirecta,10695.0,17_pseudohuerfanas,2
559860,17,no informativa,218817,3,0.0,5369.0,0.5020102851799907,184741.0,5369.0,indirecta,10695.0,17_pseudohuerfanas,2
566551,17,informativa,368055,7,0.1886866091863306,1.0,9.350163627863488e-05,6.0,1.0,directa,10695.0,17_pseudohuerfanas,2
566670,17,informativa,181335,35,0.0366182278666862,4.0,0.0003740065451145,254.0,4.0,indirecta,10695.0,17_pseudohuerfanas,3
573880,17,informativa,368055,74,0.160383617808381,1.0,9.350163627863488e-05,75.0,1.0,directa,10695.0,17_pseudohuerfanas,0
598217,17,informativa,306399,2,0.023076923076923,3.5,0.0003272557269752,20.0,3.5,directa,10695.0,17_pseudohuerfanas,0
634298,17,informativa,248737,9,0.0151303088803088,2.0,0.0001870032725572,64.5,2.0,directa,10695.0,17_pseudohuerfanas,3
664762,17,no informativa,121272,20,0.0,5519.5,0.5160822814399252,187480.0,5519.5,indirecta,10695.0,17_pseudohuerfanas,2
677153,17,no informativa,368055,5,0.0,5380.5,0.5030855539971949,184983.5,5380.5,indirecta,10695.0,17_pseudohuerfanas,3
688745,17,no informativa,368055,9,0.0,5373.0,0.5023842917251052,184864.5,5373.0,indirecta,10695.0,17_pseudohuerfanas,1
701517,17,informativa,238390,6,0.0294540229885057,1.0,9.350163627863488e-05,48.0,1.0,indirecta,10695.0,17_pseudohuerfanas,2
709212,17,informativa,283888,76,0.0155771961858389,44.0,0.0041140719962599,1639.0,44.0,indirecta,10695.0,17_pseudohuerfanas,2
709857,17,informativa,368055,1,0.3452964948109852,1.0,9.350163627863488e-05,1.0,1.0,directa,10695.0,17_pseudohuerfanas,1
710342,17,informativa,127905,844,0.1324521152435001,20.5,0.001916783543712,1019.5,20.5,indirecta,10695.0,17_pseudohuerfanas,1
724241,17,no informativa,264757,20,0.0,5428.0,0.5075268817204301,186515.0,5428.0,indirecta,10695.0,17_pseudohuerfanas,3
780432,17,informativa,306399,10,0.0256410256410256,5.5,0.0005142589995324,182.0,5.5,indirecta,10695.0,17_pseudohuerfanas,2
786537,17,no informativa,121272,14,0.0,5400.5,0.5049555867227676,185803.5,5400.5,indirecta,10695.0,17_pseudohuerfanas,2
808426,17,no informativa,368055,41,0.0,5381.5,0.5031790556334735,185064.0,5381.5,indirecta,10695.0,17_pseudohuerfanas,1
808910,17,informativa,249368,23,0.0191494252873563,14.0,0.0013090229079008,450.0,14.0,indirecta,10695.0,17_pseudohuerfanas,3
810900,17,no informativa,99016,13,0.0,5375.0,0.5025712949976625,185164.5,5375.0,indirecta,10695.0,17_pseudohuerfanas,3
827002,17,no informativa,218817,4,0.0,5392.0,0.5041608228143992,186175.0,5392.0,indirecta,10695.0,17_pseudohuerfanas,2
7913,18,no informativa,135013,234,0.0,10707.5,0.5888094583447897,198602.0,10707.5,indirecta,18185.0,18_pseudohuerfanas,3
8225,18,informativa,112512,248,0.002470238095238,409.5,0.0225185592521308,9336.5,409.5,indirecta,18185.0,18_pseudohuerfanas,2
9622,18,informativa,71559,12,0.0248236189461258,8.0,0.0004399230134726,59.0,8.0,directa,18185.0,18_pseudohuerfanas,2
11070,18,informativa,380387,4,0.3399999999999999,1.0,5.499037668408029e-05,1.5,1.0,indirecta,18185.0,18_pseudohuerfanas,3
11186,18,informativa,9289,4,1.676000059011311,1.0,5.499037668408029e-05,3.0,1.0,directa,18185.0,18_pseudohuerfanas,3
11475,18,informativa,176263,91,0.0676821279555289,10.0,0.0005499037668408,336.5,10.0,indirecta,18185.0,18_pseudohuerfanas,3
13037,18,informativa,385556,5,0.1500427493264107,1.0,5.499037668408029e-05,2.0,1.0,directa,18185.0,18_pseudohuerfanas,3
15689,18,informativa,344691,83,0.347438480251681,1.0,5.499037668408029e-05,11.5,1.0,directa,18185.0,18_pseudohuerfanas,3
16408,18,informativa,369267,5,0.0057101173324975,12.0,0.0006598845202089,53.5,12.0,indirecta,18185.0,18_pseudohuerfanas,3
16641,18,informativa,9289,4,0.7040000247875675,1.0,5.499037668408029e-05,3.0,1.0,directa,18185.0,18_pseudohuerfanas,3
16696,18,no informativa,169493,4,0.0,9137.5,0.5024745669507836,184969.0,9137.5,indirecta,18185.0,18_pseudohuerfanas,2
17843,18,no informativa,385556,3,0.0,9169.5,0.5042342590046742,186583.0,9169.5,indirecta,18185.0,18_pseudohuerfanas,3
19448,18,no informativa,118615,3,0.0,9101.5,0.5004949133901567,184680.5,9101.5,indirecta,18185.0,18_pseudohuerfanas,3
20323,18,no informativa,32247,19,0.0,10234.0,0.5627715149848777,189817.5,10234.0,indirecta,18185.0,18_pseudohuerfanas,2
21150,18,informativa,7130,4,0.0224759071118279,1.0,5.499037668408029e-05,13.0,1.0,indirecta,18185.0,18_pseudohuerfanas,3
23441,18,no informativa,118615,5,0.0,9175.5,0.5045642012647786,185679.5,9175.5,indirecta,18185.0,18_pseudohuerfanas,3
28883,18,informativa,322319,5,0.0141389532854332,5.0,0.0002749518834204,101.0,5.0,directa,18185.0,18_pseudohuerfanas,3
30256,18,informativa,169493,10,0.1844821258841882,3.0,0.0001649711300522,4.5,3.0,directa,18185.0,18_pseudohuerfanas,3
32019,18,no informativa,48938,5,0.0,9094.0,0.5000824855650261,184281.0,9094.0,indirecta,18185.0,18_pseudohuerfanas,2
36747,18,no informativa,71559,7,0.0,9922.0,0.5456145174594446,186871.0,9922.0,indirecta,18185.0,18_pseudohuerfanas,3
37428,18,no informativa,202074,377,0.0,10443.0,0.5742645037118504,196196.5,10443.0,indirecta,18185.0,18_pseudohuerfanas,1
37526,18,informativa,385556,10,0.1368521779570559,1.0,5.499037668408029e-05,2.0,1.0,directa,18185.0,18_pseudohuerfanas,3
40940,18,no informativa,385556,5,0.0,9127.5,0.5019246631839428,184686.0,9127.5,indirecta,18185.0,18_pseudohuerfanas,3
45268,18,informativa,279591,125,0.0064001214088085,234.5,0.0128952433324168,2791.0,234.5,indirecta,18185.0,18_pseudohuerfanas,2
48769,18,informativa,187534,4,0.1084553963228351,1.0,5.499037668408029e-05,3.0,1.0,indirecta,18185.0,18_pseudohuerfanas,3
53407,18,informativa,169493,7,0.0432215266357241,4.0,0.0002199615067363,9.5,4.0,directa,18185.0,18_pseudohuerfanas,3
55139,18,informativa,385556,5,6.125430471248971e-06,33.5,0.0018421776189166,1019.0,33.5,indirecta,18185.0,18_pseudohuerfanas,3
66386,18,no informativa,381886,5,0.0,9102.5,0.5005499037668408,184388.5,9102.5,indirecta,18185.0,18_pseudohuerfanas,2
68430,18,informativa,169493,2,0.2255952853669502,3.0,0.0001649711300522,4.5,3.0,directa,18185.0,18_pseudohuerfanas,3
70948,18,informativa,169493,5,0.0442757102122051,3.0,0.0001649711300522,4.5,3.0,directa,18185.0,18_pseudohuerfanas,3
72533,18,no informativa,385556,2,0.0,9116.5,0.501319769040418,185039.0,9116.5,indirecta,18185.0,18_pseudohuerfanas,3
75128,18,no informativa,385556,3,0.0,9111.0,0.5010173219686554,184743.0,9111.0,indirecta,18185.0,18_pseudohuerfanas,3
82494,18,informativa,163270,1,0.0037327615985949,113.5,0.0062414077536431,1200.0,113.5,indirecta,18185.0,18_pseudohuerfanas,3
83689,18,no informativa,385556,3,0.0,9162.0,0.5038218311795436,186530.0,9162.0,indirecta,18185.0,18_pseudohuerfanas,3
84577,18,informativa,385556,7,5.538953085703857e-06,156.5,0.0086059939510585,2948.0,156.5,indirecta,18185.0,18_pseudohuerfanas,3
86692,18,no informativa,385556,3,0.0,9132.0,0.5021721198790212,184753.0,9132.0,indirecta,18185.0,18_pseudohuerfanas,3
87563,18,no informativa,184913,39,0.0,9173.5,0.5044542205114105,185584.5,9173.5,indirecta,18185.0,18_pseudohuerfanas,3
87636,18,no informativa,385556,3,0.0,9153.0,0.5033269177893869,186161.5,9153.0,indirecta,18185.0,18_pseudohuerfanas,3
92066,18,informativa,131493,109,0.0055360375639157,85.0,0.0046741820181468,2506.0,85.0,indirecta,18185.0,18_pseudohuerfanas,2
93280,18,no informativa,99356,2,0.0,9116.5,0.501319769040418,185039.0,9116.5,indirecta,18185.0,18_pseudohuerfanas,3
94615,18,no informativa,72341,5,0.0,9181.5,0.5048941435248832,185704.5,9181.5,indirecta,18185.0,18_pseudohuerfanas,1
97656,18,informativa,169493,3,0.2313932950375961,3.0,0.0001649711300522,4.5,3.0,directa,18185.0,18_pseudohuerfanas,1
98629,18,no informativa,164615,9,0.0,9164.0,0.5039318119329117,185085.5,9164.0,indirecta,18185.0,18_pseudohuerfanas,3
102960,18,informativa,9289,4,2.3600000830946866,1.0,5.499037668408029e-05,3.0,1.0,directa,18185.0,18_pseudohuerfanas,3
105693,18,no informativa,385556,3,0.0,9895.0,0.5441297772889744,186564.0,9895.0,indirecta,18185.0,18_pseudohuerfanas,3
106111,18,informativa,378170,2,0.0254686880975154,1.5,8.248556502612044e-05,11.5,1.5,directa,18185.0,18_pseudohuerfanas,1
106560,18,informativa,385556,7,0.1648821421169349,1.0,5.499037668408029e-05,3.0,1.0,directa,18185.0,18_pseudohuerfanas,3
108147,18,informativa,9289,4,3.868000136190784,1.0,5.499037668408029e-05,3.0,1.0,directa,18185.0,18_pseudohuerfanas,3
113084,18,informativa,9289,4,0.3240000114079147,1.0,5.499037668408029e-05,3.0,1.0,directa,18185.0,18_pseudohuerfanas,3
114251,18,informativa,169493,9,0.0448028020004457,4.0,0.0002199615067363,7.5,4.0,directa,18185.0,18_pseudohuerfanas,3
116874,18,no informativa,385556,2,0.0,9154.0,0.503381908166071,186194.0,9154.0,indirecta,18185.0,18_pseudohuerfanas,3
118608,18,informativa,224619,3,0.4457515914808018,1.0,5.499037668408029e-05,5.0,1.0,directa,18185.0,18_pseudohuerfanas,3
126901,18,no informativa,138641,5,0.0,9140.5,0.5026395380808358,185238.5,9140.5,indirecta,18185.0,18_pseudohuerfanas,1
127771,18,informativa,138641,17,0.0158150739802895,47.0,0.0025845477041517,303.0,47.0,directa,18185.0,18_pseudohuerfanas,1
128479,18,no informativa,385556,5,0.0,9962.5,0.5478416277151499,188860.5,9962.5,indirecta,18185.0,18_pseudohuerfanas,3
132276,18,no informativa,385556,3,0.0,9185.0,0.5050866098432775,185891.0,9185.0,indirecta,18185.0,18_pseudohuerfanas,3
134781,18,no informativa,385556,6,0.0,9236.0,0.5078911190541655,188006.0,9236.0,indirecta,18185.0,18_pseudohuerfanas,3
137973,18,informativa,131529,64,0.0076235901170143,74.0,0.0040692878746219,1183.0,74.0,indirecta,18185.0,18_pseudohuerfanas,3
138463,18,no informativa,385556,5,0.0,9949.0,0.5470992576299147,187284.5,9949.0,indirecta,18185.0,18_pseudohuerfanas,1
138521,18,informativa,331627,29,0.3654397122618528,1.0,5.499037668408029e-05,9.0,1.0,directa,18185.0,18_pseudohuerfanas,1
139484,18,informativa,31290,2,0.0765830526695186,2.0,0.0001099807533681,5.0,2.0,directa,18185.0,18_pseudohuerfanas,3
141768,18,informativa,385556,11,0.2918413915469748,1.0,5.499037668408029e-05,4.0,1.0,directa,18185.0,18_pseudohuerfanas,3
154120,18,no informativa,118615,4,0.0,9950.5,0.5471817431949408,188368.0,9950.5,indirecta,18185.0,18_pseudohuerfanas,3
159872,18,informativa,385556,4,0.1450962850629027,1.0,5.499037668408029e-05,2.0,1.0,directa,18185.0,18_pseudohuerfanas,3
163219,18,no informativa,385556,10,0.0,9968.0,0.5481440747869123,188986.0,9968.0,indirecta,18185.0,18_pseudohuerfanas,3
163336,18,no informativa,118615,4,0.0,9174.5,0.5045092108880945,185645.0,9174.5,indirecta,18185.0,18_pseudohuerfanas,3
164680,18,no informativa,164575,7,0.0,9229.5,0.507533681605719,187063.5,9229.5,indirecta,18185.0,18_pseudohuerfanas,3
178643,18,no informativa,385556,3,0.0,9111.0,0.5010173219686554,184714.0,9111.0,indirecta,18185.0,18_pseudohuerfanas,2
180790,18,informativa,385556,7,0.1401442818463089,1.0,5.499037668408029e-05,2.0,1.0,directa,18185.0,18_pseudohuerfanas,3
181644,18,no informativa,385556,5,0.0,9155.0,0.503436898542755,185339.0,9155.0,indirecta,18185.0,18_pseudohuerfanas,3
183573,18,informativa,232981,4,0.0481618003613253,2.5,0.0001374759417102,54.0,2.5,directa,18185.0,18_pseudohuerfanas,1
188281,18,informativa,385556,5,0.1483939279052414,1.0,5.499037668408029e-05,2.0,1.0,directa,18185.0,18_pseudohuerfanas,3
189072,18,informativa,169493,3,0.4664762325928759,3.0,0.0001649711300522,4.5,3.0,directa,18185.0,18_pseudohuerfanas,1
190101,18,no informativa,385556,3,0.0,9881.5,0.5433874072037393,186297.5,9881.5,indirecta,18185.0,18_pseudohuerfanas,3
196599,18,no informativa,385556,3,0.0,9102.5,0.5005499037668408,184691.0,9102.5,indirecta,18185.0,18_pseudohuerfanas,3
197261,18,no informativa,381886,8,0.0,9194.5,0.5056090184217762,185038.5,9194.5,indirecta,18185.0,18_pseudohuerfanas,1
198925,18,no informativa,385556,2,0.0,9093.5,0.5000549903766841,184285.0,9093.5,indirecta,18185.0,18_pseudohuerfanas,3
200272,18,no informativa,385556,2,0.0,9120.5,0.5015397305471543,184966.0,9120.5,indirecta,18185.0,18_pseudohuerfanas,3
201116,18,informativa,220387,3,0.0055971180234231,9.0,0.0004949133901567,106.0,9.0,indirecta,18185.0,18_pseudohuerfanas,3
201729,18,no informativa,385556,2,0.0,9141.5,0.5026945284575199,185485.0,9141.5,indirecta,18185.0,18_pseudohuerfanas,1
203016,18,no informativa,385556,3,0.0,9113.0,0.5011273027220237,184767.0,9113.0,indirecta,18185.0,18_pseudohuerfanas,3
203255,18,no informativa,385556,2,0.0,9878.5,0.5432224360736871,186140.5,9878.5,indirecta,18185.0,18_pseudohuerfanas,3
204160,18,informativa,9289,4,4.092000144077737,1.0,5.499037668408029e-05,3.0,1.0,directa,18185.0,18_pseudohuerfanas,3
208716,18,informativa,385556,30,0.5737843156138478,2.0,0.0001099807533681,4.0,2.0,directa,18185.0,18_pseudohuerfanas,3
208900,18,no informativa,118615,2,0.0,9097.0,0.5002474566950783,184313.0,9097.0,indirecta,18185.0,18_pseudohuerfanas,1
210396,18,no informativa,26216,10,0.0,9103.5,0.5006048941435249,184760.5,9103.5,indirecta,18185.0,18_pseudohuerfanas,3
211074,18,no informativa,385556,7,0.0,9248.0,0.5085510035743744,188328.5,9248.0,indirecta,18185.0,18_pseudohuerfanas,3
211773,18,no informativa,118615,3,0.0,9164.0,0.5039318119329117,186447.5,9164.0,indirecta,18185.0,18_pseudohuerfanas,1
213531,18,informativa,385556,7,6.5164153949457145e-06,184.5,0.0101457244982128,5683.0,184.5,indirecta,18185.0,18_pseudohuerfanas,2
216585,18,informativa,202074,2,5.237410301690768e-05,35.0,0.0019246631839428,427.0,35.0,directa,18185.0,18_pseudohuerfanas,3
227285,18,informativa,114047,10,4.0126161362951685e-08,252.5,0.0138850701127302,5801.0,252.5,indirecta,18185.0,18_pseudohuerfanas,3
228946,18,no informativa,196555,10,0.0,9195.5,0.5056640087984603,184727.5,9195.5,indirecta,18185.0,18_pseudohuerfanas,3
231957,18,informativa,9289,4,4.124000145204444,1.0,5.499037668408029e-05,3.0,1.0,directa,18185.0,18_pseudohuerfanas,3
232638,18,informativa,385556,5,5.4737889317544e-06,64.5,0.0035468792961231,1797.0,64.5,indirecta,18185.0,18_pseudohuerfanas,3
233307,18,informativa,38374,21,0.0591701740659397,11.0,0.0006048941435248,81.5,11.0,directa,18185.0,18_pseudohuerfanas,3
239676,18,informativa,71559,5,0.0248236189461258,1.0,5.499037668408029e-05,13.0,1.0,directa,18185.0,18_pseudohuerfanas,2
246265,18,no informativa,385556,7,0.0,9907.0,0.5447896618091834,186338.0,9907.0,indirecta,18185.0,18_pseudohuerfanas,3
247791,18,informativa,385556,11,0.156631844416463,1.0,5.499037668408029e-05,2.0,1.0,directa,18185.0,18_pseudohuerfanas,3
250090,18,informativa,385556,12,0.1384955255892935,1.0,5.499037668408029e-05,5.0,1.0,directa,18185.0,18_pseudohuerfanas,3
250362,18,informativa,300863,4,0.1232483309669225,3.5,0.0001924663183942,13.0,3.5,directa,18185.0,18_pseudohuerfanas,3
250776,18,no informativa,221301,6,0.0,9190.5,0.5053890569150399,186517.0,9190.5,indirecta,18185.0,18_pseudohuerfanas,1
258184,18,informativa,25888,3,0.0557752469089218,2.0,0.0001099807533681,6.5,2.0,directa,18185.0,18_pseudohuerfanas,1
259106,18,no informativa,304526,37,0.0,9140.5,0.5026395380808358,185055.5,9140.5,indirecta,18185.0,18_pseudohuerfanas,2
259995,18,no informativa,385556,5,0.0,9179.0,0.504756667583173,185671.0,9179.0,indirecta,18185.0,18_pseudohuerfanas,3
264082,18,no informativa,385556,2,0.0,9878.5,0.5432224360736871,186140.5,9878.5,indirecta,18185.0,18_pseudohuerfanas,3
267526,18,informativa,61306,66,0.0690153231721017,4.5,0.0002474566950783,188.5,4.5,indirecta,18185.0,18_pseudohuerfanas,3
268959,18,informativa,222520,21,0.1550571024354803,1.0,5.499037668408029e-05,1.5,1.0,directa,18185.0,18_pseudohuerfanas,0
277723,18,no informativa,169493,3,0.0,9886.0,0.5436348638988177,186243.5,9886.0,indirecta,18185.0,18_pseudohuerfanas,3
279267,18,no informativa,381886,16,0.0,9102.5,0.5005499037668408,184630.0,9102.5,indirecta,18185.0,18_pseudohuerfanas,0
287680,18,no informativa,385556,2,0.0,9109.5,0.5009348364036293,184678.0,9109.5,indirecta,18185.0,18_pseudohuerfanas,1
292046,18,no informativa,385556,2,0.0,9110.0,0.5009623315919715,184701.0,9110.0,indirecta,18185.0,18_pseudohuerfanas,3
292645,18,no informativa,271455,3,0.0,9115.5,0.5012647786637339,184777.0,9115.5,indirecta,18185.0,18_pseudohuerfanas,2
295553,18,informativa,169493,4,0.2255952853669502,3.0,0.0001649711300522,4.5,3.0,directa,18185.0,18_pseudohuerfanas,1
295801,18,informativa,232981,2,0.0133870793767499,2.5,0.0001374759417102,67.0,2.5,directa,18185.0,18_pseudohuerfanas,1
304568,18,no informativa,118615,5,0.0,9230.5,0.5075886719824031,187874.5,9230.5,indirecta,18185.0,18_pseudohuerfanas,1
313619,18,informativa,265404,13,0.042,5.0,0.0002749518834204,33.0,5.0,directa,18185.0,18_pseudohuerfanas,3
314212,18,no informativa,9689,17,0.0,9125.5,0.5018146824305747,185130.0,9125.5,indirecta,18185.0,18_pseudohuerfanas,3
314823,18,informativa,20492,23,0.0578053735142258,3.5,0.0001924663183942,66.0,3.5,directa,18185.0,18_pseudohuerfanas,3
317429,18,informativa,114047,32,0.212511701620198,3.0,0.0001649711300522,6.0,3.0,directa,18185.0,18_pseudohuerfanas,3
318467,18,informativa,118615,6,0.0159243936587858,7.5,0.0004124278251306,83.0,7.5,directa,18185.0,18_pseudohuerfanas,1
319718,18,no informativa,385556,9,0.0,9240.0,0.5081110805609018,187771.5,9240.0,indirecta,18185.0,18_pseudohuerfanas,3
320803,18,informativa,220387,4,0.0093508817167001,11.0,0.0006048941435248,87.0,11.0,indirecta,18185.0,18_pseudohuerfanas,3
323305,18,informativa,331627,123,0.1786137919482089,3.0,0.0001649711300522,90.0,3.0,directa,18185.0,18_pseudohuerfanas,3
323368,18,no informativa,295565,12,0.0,9104.0,0.5006323893318669,184522.0,9104.0,indirecta,18185.0,18_pseudohuerfanas,2
323884,18,no informativa,385556,2,0.0,9110.5,0.5009898267803135,184744.0,9110.5,indirecta,18185.0,18_pseudohuerfanas,3
324736,18,no informativa,385556,2,0.0,9094.0,0.5000824855650261,184278.0,9094.0,indirecta,18185.0,18_pseudohuerfanas,3
324831,18,no informativa,385556,7,0.0,9129.5,0.502034643937311,185460.5,9129.5,indirecta,18185.0,18_pseudohuerfanas,3
325391,18,no informativa,18489,9,0.0,9181.5,0.5048941435248832,185616.0,9181.5,indirecta,18185.0,18_pseudohuerfanas,3
329870,18,informativa,9289,4,3.180000111966569,1.0,5.499037668408029e-05,3.0,1.0,directa,18185.0,18_pseudohuerfanas,3
335133,18,informativa,169493,6,0.1333542224248561,3.0,0.0001649711300522,4.5,3.0,directa,18185.0,18_pseudohuerfanas,1
337559,18,informativa,385556,8,5.278296469906029e-06,53.5,0.0029419851525982,1678.0,53.5,indirecta,18185.0,18_pseudohuerfanas,3
340527,18,informativa,25888,4,0.0557752469089218,2.0,0.0001099807533681,16.5,2.0,directa,18185.0,18_pseudohuerfanas,1
341344,18,informativa,14833,2,0.0229015134167163,1.0,5.499037668408029e-05,9.5,1.0,directa,18185.0,18_pseudohuerfanas,3
343473,18,no informativa,118615,10,0.0,9254.5,0.508908441022821,188069.0,9254.5,indirecta,18185.0,18_pseudohuerfanas,3
345638,18,informativa,334536,6,0.0248190467885045,4.0,0.0002199615067363,22.0,4.0,directa,18185.0,18_pseudohuerfanas,3
348293,18,no informativa,385556,5,0.0,9885.0,0.5435798735221337,186231.0,9885.0,indirecta,18185.0,18_pseudohuerfanas,1
352658,18,informativa,202074,2,5.237410301690768e-05,35.0,0.0019246631839428,427.0,35.0,directa,18185.0,18_pseudohuerfanas,3
353899,18,no informativa,114047,4,0.0,9228.0,0.5074511960406929,186877.0,9228.0,indirecta,18185.0,18_pseudohuerfanas,3
356096,18,no informativa,71559,6,0.0,9149.5,0.5031344514709926,184865.0,9149.5,indirecta,18185.0,18_pseudohuerfanas,2
356765,18,informativa,9289,4,1.7760000625322727,1.0,5.499037668408029e-05,3.0,1.0,directa,18185.0,18_pseudohuerfanas,3
359030,18,no informativa,118615,3,0.0,9150.0,0.5031619466593347,184950.0,9150.0,indirecta,18185.0,18_pseudohuerfanas,1
360349,18,informativa,169493,2,0.4079690440981762,3.0,0.0001649711300522,4.5,3.0,directa,18185.0,18_pseudohuerfanas,1
360510,18,informativa,390128,7,0.9114285714285714,1.5,8.248556502612044e-05,4.0,1.5,directa,18185.0,18_pseudohuerfanas,1
362100,18,no informativa,189126,19,0.0,9290.0,0.5108605993951059,188772.5,9290.0,indirecta,18185.0,18_pseudohuerfanas,2
363958,18,informativa,232981,2,0.0147337086631686,1.5,8.248556502612044e-05,50.0,1.5,directa,18185.0,18_pseudohuerfanas,3
366820,18,informativa,9289,4,1.4200000499976506,1.0,5.499037668408029e-05,3.0,1.0,directa,18185.0,18_pseudohuerfanas,3
368247,18,no informativa,385556,3,0.0,9153.0,0.5033269177893869,185560.0,9153.0,indirecta,18185.0,18_pseudohuerfanas,3
368357,18,no informativa,326953,22,0.0,9144.5,0.5028594995875721,185124.0,9144.5,indirecta,18185.0,18_pseudohuerfanas,3
368652,18,no informativa,385556,4,0.0,9904.0,0.5446246906791311,186970.0,9904.0,indirecta,18185.0,18_pseudohuerfanas,3
369874,18,no informativa,385556,3,0.0,9095.5,0.5001649711300522,184339.5,9095.5,indirecta,18185.0,18_pseudohuerfanas,3
369965,18,informativa,266647,2,0.83,1.0,5.499037668408029e-05,1.5,1.0,directa,18185.0,18_pseudohuerfanas,1
377189,18,informativa,231352,3,0.0146169867750963,2.0,0.0001099807533681,71.5,2.0,directa,18185.0,18_pseudohuerfanas,2
382585,18,no informativa,202074,2,0.0,9108.5,0.5008798460269452,184411.0,9108.5,indirecta,18185.0,18_pseudohuerfanas,1
383078,18,informativa,9289,4,3.180000111966569,1.0,5.499037668408029e-05,3.0,1.0,directa,18185.0,18_pseudohuerfanas,3
385508,18,informativa,182403,126,0.0062628562124441,107.0,0.0058839703051965,1904.0,107.0,indirecta,18185.0,18_pseudohuerfanas,3
386670,18,no informativa,114047,8,0.0,10030.5,0.5515809733296673,190291.0,10030.5,indirecta,18185.0,18_pseudohuerfanas,3
387923,18,no informativa,385556,6,0.0,9392.5,0.516497113005224,188267.0,9392.5,indirecta,18185.0,18_pseudohuerfanas,3
388301,18,informativa,328320,37,0.0091875776862594,50.5,0.002777014022546,658.0,50.5,indirecta,18185.0,18_pseudohuerfanas,3
404774,18,no informativa,385556,2,0.0,9169.5,0.5042342590046742,186583.0,9169.5,indirecta,18185.0,18_pseudohuerfanas,3
409376,18,informativa,106653,879,0.0438095238095238,161.0,0.0088534506461369,4068.5,161.0,indirecta,18185.0,18_pseudohuerfanas,3
413955,18,informativa,122193,5,0.2122991395550198,1.0,5.499037668408029e-05,2.5,1.0,directa,18185.0,18_pseudohuerfanas,3
417384,18,no informativa,324240,18,0.0,9285.0,0.5105856475116854,187725.0,9285.0,indirecta,18185.0,18_pseudohuerfanas,2
418997,18,no informativa,118615,8,0.0,9343.0,0.5137750893593621,188340.5,9343.0,indirecta,18185.0,18_pseudohuerfanas,3
419441,18,no informativa,385556,8,0.0,9969.5,0.5482265603519384,188936.5,9969.5,indirecta,18185.0,18_pseudohuerfanas,3
423114,18,informativa,231352,2,0.0279765983437328,1.0,5.499037668408029e-05,22.5,1.0,directa,18185.0,18_pseudohuerfanas,2
425641,18,no informativa,385556,6,0.0,9957.0,0.5475391806433874,187648.5,9957.0,indirecta,18185.0,18_pseudohuerfanas,3
425797,18,no informativa,385556,2,0.0,9109.5,0.5009348364036293,184678.0,9109.5,indirecta,18185.0,18_pseudohuerfanas,1
427679,18,informativa,169493,1,0.0527091788240537,3.0,0.0001649711300522,4.5,3.0,directa,18185.0,18_pseudohuerfanas,0
435697,18,informativa,51142,2,0.0216734393895394,1.0,5.499037668408029e-05,12.0,1.0,directa,18185.0,18_pseudohuerfanas,3
436286,18,no informativa,385556,12,0.0,9258.0,0.5091009073412153,188511.5,9258.0,indirecta,18185.0,18_pseudohuerfanas,3
445110,18,informativa,392012,13,0.0935097056911856,5.0,0.0002749518834204,59.0,5.0,indirecta,18185.0,18_pseudohuerfanas,1
447652,18,informativa,231341,5,0.0028503341196476,21.0,0.0011547979103656,525.0,21.0,indirecta,18185.0,18_pseudohuerfanas,3
447680,18,informativa,184913,25,0.1174257071249552,1.0,5.499037668408029e-05,40.0,1.0,directa,18185.0,18_pseudohuerfanas,3
448474,18,no informativa,38374,3,0.0,9097.5,0.5002749518834204,184356.0,9097.5,indirecta,18185.0,18_pseudohuerfanas,2
449381,18,no informativa,169493,6,0.0,9187.5,0.5052240857849877,185801.0,9187.5,indirecta,18185.0,18_pseudohuerfanas,3
449771,18,no informativa,385556,2,0.0,9163.0,0.5038768215562277,185326.5,9163.0,indirecta,18185.0,18_pseudohuerfanas,3
450638,18,informativa,71559,6,0.0496472378922517,2.0,0.0001099807533681,28.0,2.0,directa,18185.0,18_pseudohuerfanas,2
451810,18,no informativa,34268,8,0.0,9124.5,0.5017596920538906,185252.0,9124.5,indirecta,18185.0,18_pseudohuerfanas,3
455220,18,no informativa,385556,5,0.0,9159.0,0.5036568600494913,185351.5,9159.0,indirecta,18185.0,18_pseudohuerfanas,3
459644,18,informativa,122193,3,0.114995367258969,1.0,5.499037668408029e-05,2.5,1.0,directa,18185.0,18_pseudohuerfanas,3
460227,18,informativa,385556,7,0.1648821421169349,1.0,5.499037668408029e-05,2.0,1.0,directa,18185.0,18_pseudohuerfanas,3
462292,18,informativa,9289,4,1.0560000371813516,1.0,5.499037668408029e-05,3.0,1.0,directa,18185.0,18_pseudohuerfanas,3
464010,18,no informativa,35157,217,0.0,10701.5,0.5884795160846852,197795.5,10701.5,indirecta,18185.0,18_pseudohuerfanas,3
465220,18,informativa,9289,4,3.212000113093277,1.0,5.499037668408029e-05,3.0,1.0,directa,18185.0,18_pseudohuerfanas,3
467709,18,no informativa,385556,3,0.0,9151.5,0.5032444322243608,184960.0,9151.5,indirecta,18185.0,18_pseudohuerfanas,1
469831,18,no informativa,130049,6,0.0,9112.0,0.5010723123453396,184491.0,9112.0,indirecta,18185.0,18_pseudohuerfanas,2
472878,18,no informativa,20492,2,0.0,9093.5,0.5000549903766841,184309.0,9093.5,indirecta,18185.0,18_pseudohuerfanas,1
475021,18,no informativa,385556,4,0.0,9111.0,0.5010173219686554,184743.0,9111.0,indirecta,18185.0,18_pseudohuerfanas,3
476172,18,no informativa,385556,8,0.0,9977.5,0.548666483365411,187689.0,9977.5,indirecta,18185.0,18_pseudohuerfanas,3
477098,18,informativa,224619,3,0.4409064654864454,1.0,5.499037668408029e-05,5.0,1.0,directa,18185.0,18_pseudohuerfanas,3
479781,18,no informativa,385556,4,0.0,9902.5,0.544542205114105,186955.5,9902.5,indirecta,18185.0,18_pseudohuerfanas,3
481507,18,informativa,390714,2,0.0719927454879966,1.5,8.248556502612044e-05,6.5,1.5,directa,18185.0,18_pseudohuerfanas,3
485106,18,no informativa,381886,5,0.0,9100.5,0.5004399230134726,184460.5,9100.5,indirecta,18185.0,18_pseudohuerfanas,0
488964,18,no informativa,385556,6,0.0,10012.0,0.5505636513610118,189382.5,10012.0,indirecta,18185.0,18_pseudohuerfanas,3
489481,18,no informativa,385556,5,0.0,9112.5,0.5010998075336816,184978.0,9112.5,indirecta,18185.0,18_pseudohuerfanas,3
490840,18,no informativa,385556,6,0.0,9116.0,0.5012922738520759,184628.5,9116.0,indirecta,18185.0,18_pseudohuerfanas,3
492982,18,informativa,356171,1500,0.0122637573744617,813.0,0.0447071762441572,12698.0,813.0,directa,18185.0,18_pseudohuerfanas,3
501353,18,informativa,169493,12,0.1428418746131857,3.0,0.0001649711300522,4.5,3.0,directa,18185.0,18_pseudohuerfanas,3
503317,18,informativa,169493,13,0.1860634012489098,3.0,0.0001649711300522,4.5,3.0,directa,18185.0,18_pseudohuerfanas,3
505576,18,informativa,385556,8,0.1368467693322781,1.0,5.499037668408029e-05,2.0,1.0,directa,18185.0,18_pseudohuerfanas,3
508794,18,no informativa,18489,2,0.0,9110.0,0.5009623315919715,184708.5,9110.0,indirecta,18185.0,18_pseudohuerfanas,3
513349,18,no informativa,38374,2,0.0,9105.5,0.500714874896893,184616.0,9105.5,indirecta,18185.0,18_pseudohuerfanas,2
515254,18,informativa,169493,3,0.1897530437665936,3.0,0.0001649711300522,4.5,3.0,directa,18185.0,18_pseudohuerfanas,1
522248,18,informativa,390128,6,0.9414285714285714,1.5,8.248556502612044e-05,4.0,1.5,directa,18185.0,18_pseudohuerfanas,1
522318,18,informativa,175526,4,0.0772704532929344,1.0,5.499037668408029e-05,19.5,1.0,directa,18185.0,18_pseudohuerfanas,0
524297,18,informativa,385556,15,0.1401498207993946,2.0,0.0001099807533681,5.0,2.0,directa,18185.0,18_pseudohuerfanas,3
526065,18,no informativa,385556,5,0.0,9236.0,0.5078911190541655,188006.0,9236.0,indirecta,18185.0,18_pseudohuerfanas,3
530673,18,no informativa,169493,3,0.0,9164.0,0.5039318119329117,185096.0,9164.0,indirecta,18185.0,18_pseudohuerfanas,3
531322,18,informativa,385556,4,0.1500427493264107,1.0,5.499037668408029e-05,2.0,1.0,directa,18185.0,18_pseudohuerfanas,3
532573,18,no informativa,318896,6,0.0,9104.5,0.5006598845202089,184620.5,9104.5,indirecta,18185.0,18_pseudohuerfanas,2
533035,18,informativa,160254,4,0.0283429145203714,1.0,5.499037668408029e-05,23.0,1.0,indirecta,18185.0,18_pseudohuerfanas,2
543191,18,informativa,89717,2,0.022689916996793,1.5,8.248556502612044e-05,14.5,1.5,directa,18185.0,18_pseudohuerfanas,1
544328,18,informativa,224619,3,0.43444629749397,1.0,5.499037668408029e-05,5.0,1.0,directa,18185.0,18_pseudohuerfanas,3
545135,18,no informativa,385556,351,0.0,10422.0,0.5731097058014848,195841.5,10422.0,indirecta,18185.0,18_pseudohuerfanas,3
547247,18,informativa,122193,2,0.1074448806221493,1.0,5.499037668408029e-05,2.5,1.0,directa,18185.0,18_pseudohuerfanas,3
557479,18,no informativa,331627,65,0.0,9210.5,0.5064888644487214,187486.0,9210.5,indirecta,18185.0,18_pseudohuerfanas,3
561396,18,informativa,138641,2,0.0163291004302147,2.0,0.0001099807533681,9.0,2.0,directa,18185.0,18_pseudohuerfanas,1
562538,18,informativa,169493,7,0.0448028020004457,3.0,0.0001649711300522,4.5,3.0,directa,18185.0,18_pseudohuerfanas,3
567521,18,informativa,169493,11,0.1344084060013371,7.0,0.0003849326367885,50.5,7.0,directa,18185.0,18_pseudohuerfanas,3
569503,18,informativa,390128,7,0.9414285714285714,1.5,8.248556502612044e-05,4.0,1.5,directa,18185.0,18_pseudohuerfanas,1
570417,18,informativa,9289,4,1.06000003732219,1.0,5.499037668408029e-05,3.0,1.0,directa,18185.0,18_pseudohuerfanas,3
574148,18,informativa,118615,6,0.01357764090907,9.5,0.0005224085784987,88.0,9.5,directa,18185.0,18_pseudohuerfanas,3
574443,18,informativa,232981,2,0.0145752816882958,1.5,8.248556502612044e-05,50.0,1.5,directa,18185.0,18_pseudohuerfanas,3
580188,18,informativa,334536,6,0.0248190467885045,2.0,0.0001099807533681,18.0,2.0,directa,18185.0,18_pseudohuerfanas,1
583540,18,informativa,169493,5,0.0432215266357241,3.0,0.0001649711300522,5.5,3.0,directa,18185.0,18_pseudohuerfanas,3
589443,18,informativa,138641,239,0.0162250863214406,78.0,0.0042892493813582,1968.0,78.0,directa,18185.0,18_pseudohuerfanas,2
593152,18,no informativa,318917,21,0.0,9185.0,0.5050866098432775,185858.5,9185.0,indirecta,18185.0,18_pseudohuerfanas,2
597073,18,informativa,265404,11,0.046,1.0,5.499037668408029e-05,20.0,1.0,directa,18185.0,18_pseudohuerfanas,3
597289,18,no informativa,385556,81,0.0,9842.5,0.5412427825130602,192840.5,9842.5,indirecta,18185.0,18_pseudohuerfanas,3
602847,18,no informativa,385556,5,0.0,9179.0,0.504756667583173,185498.5,9179.0,indirecta,18185.0,18_pseudohuerfanas,3
605511,18,informativa,118615,18,0.0444206770481921,12.5,0.000687379708551,152.0,12.5,directa,18185.0,18_pseudohuerfanas,3
605672,18,informativa,266647,2,1.0,1.0,5.499037668408029e-05,1.5,1.0,directa,18185.0,18_pseudohuerfanas,3
607955,18,no informativa,202074,5,0.0,9900.5,0.5444322243607369,186559.5,9900.5,indirecta,18185.0,18_pseudohuerfanas,2
607985,18,no informativa,2963,3,0.0,9097.0,0.5002474566950783,184329.5,9097.0,indirecta,18185.0,18_pseudohuerfanas,2
609814,18,informativa,385556,12,0.1566380350110881,1.0,5.499037668408029e-05,2.0,1.0,directa,18185.0,18_pseudohuerfanas,3
611773,18,no informativa,169493,2,0.0,9183.0,0.5049766290899093,185379.0,9183.0,indirecta,18185.0,18_pseudohuerfanas,3
613315,18,informativa,169493,7,0.1792112080017828,3.0,0.0001649711300522,4.5,3.0,directa,18185.0,18_pseudohuerfanas,3
614056,18,no informativa,184913,33,0.0,9116.5,0.501319769040418,184924.0,9116.5,indirecta,18185.0,18_pseudohuerfanas,3
614572,18,no informativa,385556,3,0.0,9158.5,0.5036293648611493,185405.0,9158.5,indirecta,18185.0,18_pseudohuerfanas,3
615530,18,no informativa,6552,4,0.0,9168.5,0.5041792686279901,185744.0,9168.5,indirecta,18185.0,18_pseudohuerfanas,2
619475,18,informativa,71559,4,0.0248236189461258,1.0,5.499037668408029e-05,11.0,1.0,directa,18185.0,18_pseudohuerfanas,2
620444,18,no informativa,385556,3,0.0,9116.0,0.5012922738520759,184776.0,9116.0,indirecta,18185.0,18_pseudohuerfanas,3
624031,18,informativa,322319,503,0.0851540783782324,23.0,0.0012647786637338,725.0,23.0,directa,18185.0,18_pseudohuerfanas,3
626477,18,no informativa,348989,25,0.0,9153.5,0.5033544129777289,185831.5,9153.5,indirecta,18185.0,18_pseudohuerfanas,3
630329,18,informativa,385556,5,6.3860870870468e-06,149.5,0.00822106131427,4334.0,149.5,indirecta,18185.0,18_pseudohuerfanas,3
634298,18,informativa,75095,9,0.0879957893660708,2.0,0.0001099807533681,32.5,2.0,indirecta,18185.0,18_pseudohuerfanas,3
636607,18,informativa,169493,2,0.0474382609416484,3.0,0.0001649711300522,4.5,3.0,directa,18185.0,18_pseudohuerfanas,1
639411,18,informativa,9289,4,1.0640000374630283,1.0,5.499037668408029e-05,3.0,1.0,directa,18185.0,18_pseudohuerfanas,3
640201,18,informativa,9289,4,2.340000082390494,1.0,5.499037668408029e-05,3.0,1.0,directa,18185.0,18_pseudohuerfanas,3
644677,18,no informativa,385556,2,0.0,9094.5,0.5001099807533682,184332.5,9094.5,indirecta,18185.0,18_pseudohuerfanas,3
650790,18,no informativa,269994,232,0.0,10704.0,0.5886169920263954,198117.5,10704.0,indirecta,18185.0,18_pseudohuerfanas,3
651494,18,informativa,20492,129,0.0950378175203317,7.5,0.0004124278251306,225.0,7.5,directa,18185.0,18_pseudohuerfanas,3
651522,18,informativa,9289,4,3.1960001125299238,1.0,5.499037668408029e-05,3.0,1.0,directa,18185.0,18_pseudohuerfanas,3
653482,18,informativa,14833,2,0.0229015134167163,1.0,5.499037668408029e-05,9.5,1.0,directa,18185.0,18_pseudohuerfanas,3
653534,18,informativa,89717,2,0.022689916996793,1.5,8.248556502612044e-05,14.5,1.5,directa,18185.0,18_pseudohuerfanas,1
655636,18,informativa,232981,4,0.0411117999794866,2.5,0.0001374759417102,54.0,2.5,directa,18185.0,18_pseudohuerfanas,1
656298,18,no informativa,385556,6,0.0,9957.0,0.5475391806433874,188436.5,9957.0,indirecta,18185.0,18_pseudohuerfanas,3
666972,18,informativa,169493,13,0.1428418746131857,3.0,0.0001649711300522,4.5,3.0,directa,18185.0,18_pseudohuerfanas,3
667900,18,no informativa,385556,5,0.0,9223.0,0.5071762441572725,187267.5,9223.0,indirecta,18185.0,18_pseudohuerfanas,3
668421,18,no informativa,326953,17,0.0,9971.5,0.5483365411053066,187687.0,9971.5,indirecta,18185.0,18_pseudohuerfanas,2
670221,18,informativa,232981,2,0.0145752816882958,1.5,8.248556502612044e-05,50.0,1.5,directa,18185.0,18_pseudohuerfanas,3
670952,18,no informativa,118615,3,0.0,9132.0,0.5021721198790212,184753.0,9132.0,indirecta,18185.0,18_pseudohuerfanas,1
671054,18,informativa,184913,8,0.0380415324024346,2.0,0.0001099807533681,35.0,2.0,directa,18185.0,18_pseudohuerfanas,3
672075,18,informativa,193754,2,0.0843676402326244,1.0,5.499037668408029e-05,9.0,1.0,directa,18185.0,18_pseudohuerfanas,1
674394,18,no informativa,385556,11,0.0,10015.5,0.5507561176794061,189242.5,10015.5,indirecta,18185.0,18_pseudohuerfanas,3
675960,18,informativa,178853,152,0.0140382168079262,58.0,0.0031894418476766,1697.5,58.0,directa,18185.0,18_pseudohuerfanas,3
679715,18,informativa,178853,124,0.0140382168079262,67.0,0.0036843552378333,1725.5,67.0,directa,18185.0,18_pseudohuerfanas,2
680545,18,informativa,169493,1,0.0527091788240537,3.0,0.0001649711300522,4.5,3.0,directa,18185.0,18_pseudohuerfanas,0
680684,18,no informativa,385556,10,0.0,9967.0,0.5480890844102282,187587.0,9967.0,indirecta,18185.0,18_pseudohuerfanas,3
685536,18,informativa,325633,81,0.0006470354768706,407.5,0.0224085784987627,5884.0,407.5,directa,18185.0,18_pseudohuerfanas,3
685657,18,no informativa,385556,9,0.0,9298.5,0.5113280175969206,187421.0,9298.5,indirecta,18185.0,18_pseudohuerfanas,3
690617,18,no informativa,385556,4,0.0,9222.0,0.5071212537805884,187221.5,9222.0,indirecta,18185.0,18_pseudohuerfanas,3
693535,18,no informativa,326330,5,0.0,9148.0,0.5030519659059665,184787.5,9148.0,indirecta,18185.0,18_pseudohuerfanas,3
694886,18,no informativa,328320,355,0.0,10390.5,0.5713775089359362,195615.5,10390.5,indirecta,18185.0,18_pseudohuerfanas,1
696317,18,informativa,17871,490,0.0013400485936162,940.5,0.0517184492713775,10901.5,940.5,indirecta,18185.0,18_pseudohuerfanas,3
696981,18,no informativa,385556,11,0.0,10071.0,0.5538080835853726,190172.0,10071.0,indirecta,18185.0,18_pseudohuerfanas,3
697477,18,no informativa,199252,2,0.0,9096.5,0.5002199615067363,184424.0,9096.5,indirecta,18185.0,18_pseudohuerfanas,0
705943,18,informativa,279606,3,0.0025614912819283,9.5,0.0005224085784987,255.0,9.5,indirecta,18185.0,18_pseudohuerfanas,2
706516,18,no informativa,52969,4,0.0,9128.0,0.5019521583722848,184727.5,9128.0,indirecta,18185.0,18_pseudohuerfanas,2
708370,18,informativa,352526,42,0.0,10468.5,0.5756667583172945,194837.5,10468.5,indirecta,18185.0,18_pseudohuerfanas,3
710444,18,informativa,385556,2,0.1434417943603397,1.0,5.499037668408029e-05,2.0,1.0,directa,18185.0,18_pseudohuerfanas,1
710709,18,informativa,271968,834,0.0116907397009146,458.0,0.0251855925213087,11300.5,458.0,directa,18185.0,18_pseudohuerfanas,2
713089,18,no informativa,292504,2,0.0,9100.5,0.5004399230134726,184554.0,9100.5,indirecta,18185.0,18_pseudohuerfanas,2
714835,18,no informativa,385556,5,0.0,9199.0,0.5058564751168545,186203.0,9199.0,indirecta,18185.0,18_pseudohuerfanas,3
717328,18,informativa,385556,4,5.734445547552228e-06,42.5,0.0023370910090734,829.0,42.5,indirecta,18185.0,18_pseudohuerfanas,3
718022,18,informativa,129130,59,8.375025127860127e-06,926.0,0.0509210888094583,11509.5,926.0,indirecta,18185.0,18_pseudohuerfanas,3
721747,18,informativa,169493,5,0.0442757102122051,3.0,0.0001649711300522,4.5,3.0,directa,18185.0,18_pseudohuerfanas,3
726671,18,informativa,20492,2,0.0120286946248943,3.5,0.0001924663183942,61.0,3.5,indirecta,18185.0,18_pseudohuerfanas,2
728051,18,informativa,385556,6,5.734445547552228e-06,67.5,0.0037118504261754,1291.0,67.5,indirecta,18185.0,18_pseudohuerfanas,1
728519,18,informativa,9289,4,0.6800000239425368,1.0,5.499037668408029e-05,3.0,1.0,directa,18185.0,18_pseudohuerfanas,3
733255,18,no informativa,385556,6,0.0,9136.5,0.5024195765740995,185198.0,9136.5,indirecta,18185.0,18_pseudohuerfanas,3
733660,18,informativa,169493,2,0.452771846098622,3.0,0.0001649711300522,4.5,3.0,directa,18185.0,18_pseudohuerfanas,1
734646,18,no informativa,328320,3,0.0,9105.5,0.500714874896893,184588.5,9105.5,indirecta,18185.0,18_pseudohuerfanas,2
734727,18,informativa,118615,16,0.0298372849606724,15.5,0.0008523508386032,180.0,15.5,directa,18185.0,18_pseudohuerfanas,3
736054,18,informativa,385556,13,0.1417930381033244,1.0,5.499037668408029e-05,2.0,1.0,directa,18185.0,18_pseudohuerfanas,3
738739,18,informativa,344691,70,0.347438480251681,1.0,5.499037668408029e-05,35.5,1.0,directa,18185.0,18_pseudohuerfanas,3
742289,18,informativa,9289,4,3.69600013013473,1.0,5.499037668408029e-05,3.0,1.0,directa,18185.0,18_pseudohuerfanas,3
742506,18,informativa,169493,3,0.2313932950375961,3.0,0.0001649711300522,4.5,3.0,directa,18185.0,18_pseudohuerfanas,1
761200,18,informativa,30253,91,0.251459502860117,1.0,5.499037668408029e-05,140.5,1.0,directa,18185.0,18_pseudohuerfanas,1
761411,18,informativa,9289,4,1.080000038026382,1.0,5.499037668408029e-05,3.0,1.0,directa,18185.0,18_pseudohuerfanas,3
764804,18,informativa,388524,2,0.0246773072262806,1.5,8.248556502612044e-05,3.5,1.5,directa,18185.0,18_pseudohuerfanas,1
765393,18,informativa,169493,2,0.4037523097922519,3.0,0.0001649711300522,4.5,3.0,directa,18185.0,18_pseudohuerfanas,1
768573,18,informativa,111669,244,0.028758551740475,75.0,0.004124278251306,2098.0,75.0,indirecta,18185.0,18_pseudohuerfanas,3
768902,18,informativa,390128,6,0.9114285714285716,1.5,8.248556502612044e-05,4.0,1.5,directa,18185.0,18_pseudohuerfanas,1
777584,18,no informativa,385556,3,0.0,9104.0,0.5006323893318669,184404.0,9104.0,indirecta,18185.0,18_pseudohuerfanas,3
777950,18,informativa,374842,25,0.0578201810004353,10.5,0.0005773989551828,80.5,10.5,directa,18185.0,18_pseudohuerfanas,3
779388,18,informativa,51142,2,0.0337580237764341,1.0,5.499037668408029e-05,12.0,1.0,directa,18185.0,18_pseudohuerfanas,1
782725,18,no informativa,385556,2,0.0,9121.5,0.5015947209238383,185009.0,9121.5,indirecta,18185.0,18_pseudohuerfanas,3
785683,18,informativa,232981,2,0.0147337086631686,1.5,8.248556502612044e-05,50.0,1.5,directa,18185.0,18_pseudohuerfanas,3
787738,18,no informativa,128686,2,0.0,9096.0,0.5001924663183943,184347.5,9096.0,indirecta,18185.0,18_pseudohuerfanas,2
788424,18,informativa,9289,4,3.864000136049945,1.0,5.499037668408029e-05,3.0,1.0,directa,18185.0,18_pseudohuerfanas,3
788525,18,no informativa,169493,13,0.0,9369.5,0.5152323343414903,188061.5,9369.5,indirecta,18185.0,18_pseudohuerfanas,3
792222,18,informativa,385556,4,0.1450962850629027,1.0,5.499037668408029e-05,2.0,1.0,directa,18185.0,18_pseudohuerfanas,3
793168,18,informativa,169493,1,0.0527091788240537,3.0,0.0001649711300522,4.5,3.0,directa,18185.0,18_pseudohuerfanas,0
794493,18,informativa,331627,27,0.2648411397852754,1.0,5.499037668408029e-05,18.0,1.0,directa,18185.0,18_pseudohuerfanas,1
796745,18,no informativa,38374,2,0.0,9122.5,0.5016497113005224,185004.0,9122.5,indirecta,18185.0,18_pseudohuerfanas,1
797938,18,informativa,20492,10,0.0474606961368166,3.5,0.0001924663183942,40.0,3.5,directa,18185.0,18_pseudohuerfanas,3
798157,18,no informativa,385556,2,0.0,9895.0,0.5441297772889744,186564.0,9895.0,indirecta,18185.0,18_pseudohuerfanas,3
803405,18,no informativa,326846,18,0.0,9237.0,0.5079461094308496,186425.0,9237.0,indirecta,18185.0,18_pseudohuerfanas,1
808662,18,informativa,385556,7,0.138506538331311,2.0,0.0001099807533681,5.0,2.0,directa,18185.0,18_pseudohuerfanas,3
809033,18,informativa,385556,7,0.1648821421169349,1.0,5.499037668408029e-05,3.0,1.0,directa,18185.0,18_pseudohuerfanas,3
809771,18,no informativa,385556,10,0.0,9984.0,0.5490239208138575,188133.0,9984.0,indirecta,18185.0,18_pseudohuerfanas,3
809945,18,informativa,385556,19,0.1401498207993946,2.0,0.0001099807533681,4.0,2.0,directa,18185.0,18_pseudohuerfanas,3
813192,18,no informativa,385556,7,0.0,9204.0,0.5061314270002749,187428.0,9204.0,indirecta,18185.0,18_pseudohuerfanas,3
815267,18,informativa,331627,843,0.0882803799284251,62.0,0.0034094033544129,1598.0,62.0,directa,18185.0,18_pseudohuerfanas,2
822556,18,no informativa,356655,25,0.0,9233.0,0.5077261479241133,187023.0,9233.0,indirecta,18185.0,18_pseudohuerfanas,2
824687,18,informativa,322319,2,0.0263484189871095,3.0,0.0001649711300522,68.0,3.0,directa,18185.0,18_pseudohuerfanas,1
828033,18,no informativa,334536,1,0.0,9109.5,0.5009348364036293,184678.0,9109.5,indirecta,18185.0,18_pseudohuerfanas,2
829199,18,no informativa,118615,11,0.0,10018.0,0.5508935936211163,189829.5,10018.0,indirecta,18185.0,18_pseudohuerfanas,1
831098,18,informativa,385556,15,0.1385009993782253,1.0,5.499037668408029e-05,10.0,1.0,directa,18185.0,18_pseudohuerfanas,1
5218,1,no informativa,260916,9,0.0,2279.5,0.5028678579307302,185066.5,2279.5,indirecta,4533.0,1_pseudohuerfanas,2
12243,1,informativa,33349,15,0.0152506684491978,3.5,0.000772115596735,129.5,3.5,directa,4533.0,1_pseudohuerfanas,3
16447,1,informativa,342379,891,0.0662004402905603,59.0,0.0130156629163909,1733.5,59.0,indirecta,4533.0,1_pseudohuerfanas,1
16696,1,no informativa,260916,4,0.0,2267.0,0.500110302228105,184969.0,2267.0,indirecta,4533.0,1_pseudohuerfanas,2
18006,1,no informativa,97330,190,0.0,2411.0,0.5318773439223472,195491.5,2411.0,indirecta,4533.0,1_pseudohuerfanas,3
18082,1,informativa,36096,250,0.9333333333333332,2.5,0.000551511140525,12.0,2.5,directa,4533.0,1_pseudohuerfanas,3
20866,1,informativa,3177,255,0.0483367983367983,37.0,0.0081623648797705,1040.0,37.0,indirecta,4533.0,1_pseudohuerfanas,1
21080,1,no informativa,260987,14,0.0,2276.0,0.5020957423339951,184764.0,2276.0,indirecta,4533.0,1_pseudohuerfanas,2
25578,1,no informativa,230796,13,0.0,2284.5,0.5039708802117803,184795.0,2284.5,indirecta,4533.0,1_pseudohuerfanas,3
27202,1,no informativa,33349,7,0.0,2278.0,0.5025369512464152,186072.5,2278.0,indirecta,4533.0,1_pseudohuerfanas,3
34914,1,no informativa,338388,352,0.0,2411.0,0.5318773439223472,196027.0,2411.0,indirecta,4533.0,1_pseudohuerfanas,3
35056,1,no informativa,15687,69,0.0,2292.5,0.5057357158614604,185578.0,2292.5,indirecta,4533.0,1_pseudohuerfanas,2
35730,1,no informativa,179550,5,0.0,2271.0,0.500992720052945,184377.5,2271.0,indirecta,4533.0,1_pseudohuerfanas,3
36747,1,no informativa,97330,7,0.0,2286.5,0.5044120891242003,186871.0,2286.5,indirecta,4533.0,1_pseudohuerfanas,3
42779,1,informativa,257269,11,0.0212675010091129,7.0,0.0015442311934701,88.5,7.0,indirecta,4533.0,1_pseudohuerfanas,3
46944,1,informativa,28755,13,0.021359062179822,20.0,0.0044120891242003,81.0,20.0,directa,4533.0,1_pseudohuerfanas,1
48769,1,informativa,268357,4,0.0578998407672795,1.5,0.000330906684315,9.5,1.5,directa,4533.0,1_pseudohuerfanas,3
49737,1,no informativa,33349,2,0.0,2277.0,0.5023163467902052,185039.0,2277.0,indirecta,4533.0,1_pseudohuerfanas,3
54431,1,no informativa,43545,161,0.0,2361.0,0.5208471211118465,188368.5,2361.0,indirecta,4533.0,1_pseudohuerfanas,3
56908,1,informativa,227615,17,0.0777370784002667,3.0,0.00066181336863,44.5,3.0,indirecta,4533.0,1_pseudohuerfanas,2
58473,1,no informativa,33349,3,0.0,2267.5,0.50022060445621,184675.5,2267.5,indirecta,4533.0,1_pseudohuerfanas,2
65993,1,no informativa,178555,12,0.0,2273.5,0.5015442311934701,184887.0,2273.5,indirecta,4533.0,1_pseudohuerfanas,3
66386,1,no informativa,43545,5,0.0,2268.0,0.500330906684315,184388.5,2268.0,indirecta,4533.0,1_pseudohuerfanas,2
66989,1,no informativa,257269,3,0.0,2328.5,0.5136774762850209,186225.5,2328.5,indirecta,4533.0,1_pseudohuerfanas,1
67433,1,no informativa,314765,2,0.0,2327.0,0.5133465696007059,186160.0,2327.0,indirecta,4533.0,1_pseudohuerfanas,3
68339,1,no informativa,241375,30,0.0,2284.0,0.5038605779836752,186475.0,2284.0,indirecta,4533.0,1_pseudohuerfanas,3
71438,1,informativa,43124,289,0.1721835653359841,3.0,0.00066181336863,138.0,3.0,directa,4533.0,1_pseudohuerfanas,2
75650,1,informativa,36096,251,0.9373333333333334,2.5,0.000551511140525,12.0,2.5,directa,4533.0,1_pseudohuerfanas,3
76685,1,informativa,315926,17,0.4401119204068244,1.0,0.00022060445621,5.5,1.0,directa,4533.0,1_pseudohuerfanas,3
77010,1,no informativa,278575,11,0.0,2285.5,0.5041914846679902,185399.0,2285.5,indirecta,4533.0,1_pseudohuerfanas,3
83972,1,informativa,160031,769,0.0020319488850874,510.5,0.1126185748952128,20630.5,510.5,indirecta,4533.0,1_pseudohuerfanas,2
84188,1,informativa,64145,362,0.0015708432336531,142.0,0.0313258327818221,5868.5,142.0,directa,4533.0,1_pseudohuerfanas,3
86435,1,informativa,203907,49,0.1220384241699313,4.0,0.00088241782484,38.5,4.0,directa,4533.0,1_pseudohuerfanas,3
86511,1,no informativa,33349,18,0.0,2294.0,0.5060666225457754,188107.0,2294.0,indirecta,4533.0,1_pseudohuerfanas,3
89331,1,no informativa,130859,34,0.0,2271.5,0.5011030222810501,186031.5,2271.5,indirecta,4533.0,1_pseudohuerfanas,3
91289,1,no informativa,200370,446,0.0,2529.0,0.5579086697551291,207616.5,2529.0,indirecta,4533.0,1_pseudohuerfanas,3
92280,1,no informativa,33349,3,0.0,2267.0,0.500110302228105,184746.5,2267.0,indirecta,4533.0,1_pseudohuerfanas,3
94573,1,no informativa,33349,8,0.0,2292.0,0.5056254136333554,186853.5,2292.0,indirecta,4533.0,1_pseudohuerfanas,3
94657,1,no informativa,226773,3,0.0,2267.5,0.50022060445621,184256.5,2267.5,indirecta,4533.0,1_pseudohuerfanas,3
95700,1,no informativa,353286,11,0.0,2270.5,0.5008824178248401,184401.0,2270.5,indirecta,4533.0,1_pseudohuerfanas,3
98372,1,informativa,361373,2,0.0856014683711884,1.0,0.00022060445621,6.0,1.0,directa,4533.0,1_pseudohuerfanas,2
105122,1,informativa,33349,6,0.0030514705882352,2.5,0.000551511140525,194.0,2.5,indirecta,4533.0,1_pseudohuerfanas,3
106815,1,informativa,3113,5,0.0930065065065065,1.0,0.00022060445621,12.5,1.0,indirecta,4533.0,1_pseudohuerfanas,3
109489,1,no informativa,260987,11,0.0,2274.0,0.5016545334215751,185367.5,2274.0,indirecta,4533.0,1_pseudohuerfanas,3
110285,1,informativa,152239,2,0.0079366938341029,2.0,0.00044120891242,24.0,2.0,directa,4533.0,1_pseudohuerfanas,1
112077,1,informativa,382238,124,0.0491089059208188,19.0,0.0041914846679902,287.0,19.0,directa,4533.0,1_pseudohuerfanas,2
116784,1,informativa,33349,12,0.0329489750445632,14.5,0.0031987646150452,63.5,14.5,directa,4533.0,1_pseudohuerfanas,3
126064,1,informativa,90992,5,0.0204439681183867,1.5,0.000330906684315,98.5,1.5,indirecta,4533.0,1_pseudohuerfanas,3
127706,1,informativa,6165,17,0.066063869769106,2.0,0.00044120891242,10.5,2.0,directa,4533.0,1_pseudohuerfanas,3
130624,1,informativa,131938,15,0.1039914927814649,2.0,0.00044120891242,11.0,2.0,directa,4533.0,1_pseudohuerfanas,3
143645,1,no informativa,6165,212,0.0,2403.0,0.5301125082726671,197522.5,2403.0,indirecta,4533.0,1_pseudohuerfanas,3
147537,1,informativa,195831,10,0.0097123998114097,16.0,0.0035296712993602,243.5,16.0,indirecta,4533.0,1_pseudohuerfanas,3
147837,1,informativa,6165,17,0.066063869769106,2.0,0.00044120891242,10.5,2.0,directa,4533.0,1_pseudohuerfanas,3
150860,1,no informativa,384655,3,0.0,2268.0,0.500330906684315,184425.5,2268.0,indirecta,4533.0,1_pseudohuerfanas,3
151877,1,informativa,36096,247,0.926,2.5,0.000551511140525,12.0,2.5,directa,4533.0,1_pseudohuerfanas,1
156507,1,informativa,33349,11,0.0476348039215686,5.5,0.001213324509155,34.5,5.5,directa,4533.0,1_pseudohuerfanas,3
158200,1,informativa,330142,6,0.0492230223844069,1.5,0.000330906684315,10.0,1.5,indirecta,4533.0,1_pseudohuerfanas,3
161584,1,informativa,30711,11,0.0178034682080924,7.0,0.0015442311934701,204.5,7.0,indirecta,4533.0,1_pseudohuerfanas,3
166897,1,informativa,45072,225,0.8413333333333334,2.5,0.000551511140525,13.0,2.5,directa,4533.0,1_pseudohuerfanas,3
170409,1,informativa,14393,13,0.019444799190742,5.0,0.00110302228105,54.0,5.0,indirecta,4533.0,1_pseudohuerfanas,1
176937,1,informativa,36096,237,0.9233333333333336,2.5,0.000551511140525,11.0,2.5,directa,4533.0,1_pseudohuerfanas,3
184394,1,informativa,10261,4,0.4558772450968982,1.0,0.00022060445621,1.0,1.0,directa,4533.0,1_pseudohuerfanas,1
189116,1,no informativa,2492,2,0.0,2267.0,0.500110302228105,184271.0,2267.0,indirecta,4533.0,1_pseudohuerfanas,0
193375,1,informativa,171164,2,0.0239170578170254,1.0,0.00022060445621,14.0,1.0,directa,4533.0,1_pseudohuerfanas,1
197274,1,informativa,329383,48,0.0580396223222884,15.0,0.0033090668431502,151.5,15.0,directa,4533.0,1_pseudohuerfanas,1
197841,1,informativa,167535,154,0.0483091787439613,15.0,0.0033090668431502,554.0,15.0,indirecta,4533.0,1_pseudohuerfanas,2
198999,1,informativa,176099,838,0.4541000944287063,1.0,0.00022060445621,46.5,1.0,indirecta,4533.0,1_pseudohuerfanas,3
201555,1,no informativa,119628,14,0.0,2292.5,0.5057357158614604,187173.5,2292.5,indirecta,4533.0,1_pseudohuerfanas,3
213608,1,informativa,213685,802,0.0853846153846153,46.0,0.0101478049856607,1100.0,46.0,directa,4533.0,1_pseudohuerfanas,3
215866,1,informativa,33907,2,0.017197471646001,2.0,0.00044120891242,18.5,2.0,directa,4533.0,1_pseudohuerfanas,3
220048,1,informativa,33349,9,0.0308778966131907,1.5,0.000330906684315,36.5,1.5,directa,4533.0,1_pseudohuerfanas,3
225028,1,no informativa,114651,876,0.0,2669.0,0.5887932936245313,216018.5,2669.0,indirecta,4533.0,1_pseudohuerfanas,2
228901,1,no informativa,333247,5,0.0,2278.5,0.5026472534745202,184648.5,2278.5,indirecta,4533.0,1_pseudohuerfanas,3
229323,1,informativa,157998,246,0.1192774617409889,15.0,0.0033090668431502,265.5,15.0,directa,4533.0,1_pseudohuerfanas,3
231220,1,no informativa,271967,3,0.0,2268.0,0.500330906684315,184285.5,2268.0,indirecta,4533.0,1_pseudohuerfanas,1
231890,1,no informativa,33349,2,0.0,2267.0,0.500110302228105,184915.0,2267.0,indirecta,4533.0,1_pseudohuerfanas,3
234446,1,informativa,352095,4,0.1137045462639864,1.0,0.00022060445621,2.0,1.0,indirecta,4533.0,1_pseudohuerfanas,2
234447,1,informativa,316627,8,0.1807814700924955,1.0,0.00022060445621,3.5,1.0,directa,4533.0,1_pseudohuerfanas,3
237840,1,informativa,33349,8,0.0161920677361853,1.5,0.000330906684315,36.5,1.5,directa,4533.0,1_pseudohuerfanas,3
240986,1,no informativa,272115,5,0.0,2273.0,0.5014339289653651,184580.0,2273.0,indirecta,4533.0,1_pseudohuerfanas,3
242546,1,informativa,48272,5,0.0859432517500173,2.5,0.000551511140525,19.0,2.5,indirecta,4533.0,1_pseudohuerfanas,1
248716,1,informativa,327769,221,0.004410417078288,167.0,0.0368409441870725,5418.5,167.0,indirecta,4533.0,1_pseudohuerfanas,1
259591,1,no informativa,286739,39,0.0,2323.5,0.5125744540039708,187022.5,2323.5,indirecta,4533.0,1_pseudohuerfanas,3
264075,1,no informativa,260916,10,0.0,2270.5,0.5008824178248401,184917.5,2270.5,indirecta,4533.0,1_pseudohuerfanas,2
270664,1,no informativa,88070,268,0.0,2409.0,0.5314361350099271,195720.5,2409.0,indirecta,4533.0,1_pseudohuerfanas,2
275311,1,informativa,37996,247,0.0556793635006432,22.0,0.0048532980366203,448.5,22.0,indirecta,4533.0,1_pseudohuerfanas,3
278167,1,informativa,33349,4,0.0679690285204991,3.5,0.000772115596735,129.5,3.5,directa,4533.0,1_pseudohuerfanas,1
280919,1,no informativa,107239,2,0.0,2267.5,0.50022060445621,184257.5,2267.5,indirecta,4533.0,1_pseudohuerfanas,1
286300,1,informativa,30711,6,0.1071948316899013,1.0,0.00022060445621,13.0,1.0,directa,4533.0,1_pseudohuerfanas,0
291341,1,no informativa,84852,2,0.0,2269.0,0.500551511140525,184324.5,2269.0,indirecta,4533.0,1_pseudohuerfanas,0
291343,1,informativa,252716,41,0.1982324263038549,1.0,0.00022060445621,38.0,1.0,directa,4533.0,1_pseudohuerfanas,1
291725,1,informativa,353286,74,0.0664383805956839,15.5,0.0034193690712552,289.0,15.5,directa,4533.0,1_pseudohuerfanas,3
292110,1,no informativa,33349,8,0.0,2274.0,0.5016545334215751,187524.0,2274.0,indirecta,4533.0,1_pseudohuerfanas,3
292816,1,informativa,58034,14,0.0526235762169082,1.0,0.00022060445621,3.5,1.0,directa,4533.0,1_pseudohuerfanas,1
292948,1,no informativa,213685,19,0.0,2345.0,0.5173174498124862,187583.5,2345.0,indirecta,4533.0,1_pseudohuerfanas,3
298540,1,informativa,353286,74,0.0775559122525414,13.5,0.0029781601588352,224.0,13.5,directa,4533.0,1_pseudohuerfanas,3
301731,1,informativa,333247,17,0.012873045835176,8.0,0.0017648356496801,258.0,8.0,directa,4533.0,1_pseudohuerfanas,1
308352,1,informativa,59167,27,0.0006427199528382,48.5,0.0106993161261857,2401.5,48.5,indirecta,4533.0,1_pseudohuerfanas,2
310240,1,informativa,93355,6,0.0142163502338963,8.5,0.0018751378777851,104.5,8.5,indirecta,4533.0,1_pseudohuerfanas,3
320848,1,no informativa,33349,3,0.0,2279.0,0.5027575557026251,185311.5,2279.0,indirecta,4533.0,1_pseudohuerfanas,3
321688,1,informativa,121940,2,0.0298690671031096,1.0,0.00022060445621,13.5,1.0,indirecta,4533.0,1_pseudohuerfanas,2
321954,1,informativa,247281,9,0.1586695139254325,1.0,0.00022060445621,5.0,1.0,directa,4533.0,1_pseudohuerfanas,3
323966,1,no informativa,162045,9,0.0,2273.5,0.5015442311934701,186645.0,2273.5,indirecta,4533.0,1_pseudohuerfanas,3
333873,1,no informativa,81800,2,0.0,2267.0,0.500110302228105,184258.5,2267.0,indirecta,4533.0,1_pseudohuerfanas,3
337559,1,informativa,33349,8,0.0152506684491978,1.5,0.000330906684315,16.5,1.5,directa,4533.0,1_pseudohuerfanas,3
340588,1,informativa,33349,13,0.0169451871657754,5.5,0.001213324509155,200.5,5.5,directa,4533.0,1_pseudohuerfanas,3
344187,1,informativa,131938,17,0.1039914927814649,2.0,0.00044120891242,11.0,2.0,directa,4533.0,1_pseudohuerfanas,3
349892,1,informativa,361373,2,0.0285338227903961,1.0,0.00022060445621,6.0,1.0,directa,4533.0,1_pseudohuerfanas,1
349979,1,informativa,308733,10,0.0433816183816183,2.5,0.000551511140525,37.0,2.5,indirecta,4533.0,1_pseudohuerfanas,1
350704,1,no informativa,137728,8,0.0,2288.0,0.5047429958085153,185094.0,2288.0,indirecta,4533.0,1_pseudohuerfanas,2
358392,1,informativa,2492,9,0.0328525641025641,3.0,0.00066181336863,48.5,3.0,directa,4533.0,1_pseudohuerfanas,1
364783,1,no informativa,288665,2,0.0,2267.5,0.50022060445621,184290.5,2267.5,indirecta,4533.0,1_pseudohuerfanas,2
367357,1,no informativa,74145,11,0.0,2332.0,0.514449591881756,188659.0,2332.0,indirecta,4533.0,1_pseudohuerfanas,2
378771,1,no informativa,33349,4,0.0,2328.5,0.5136774762850209,186869.5,2328.5,indirecta,4533.0,1_pseudohuerfanas,3
381601,1,informativa,11452,3,0.10125,1.0,0.00022060445621,4.5,1.0,directa,4533.0,1_pseudohuerfanas,3
381881,1,no informativa,33349,8,0.0,2339.0,0.5159938230752261,188473.5,2339.0,indirecta,4533.0,1_pseudohuerfanas,3
382234,1,no informativa,98958,254,0.0,2483.0,0.5477608647694684,194865.0,2483.0,indirecta,4533.0,1_pseudohuerfanas,3
385482,1,no informativa,229060,5,0.0,2271.5,0.5011030222810501,186398.5,2271.5,indirecta,4533.0,1_pseudohuerfanas,2
390990,1,no informativa,43545,30,0.0,2280.0,0.5029781601588352,185062.5,2280.0,indirecta,4533.0,1_pseudohuerfanas,3
392371,1,informativa,188767,8,0.0494261715296198,2.0,0.00044120891242,48.5,2.0,directa,4533.0,1_pseudohuerfanas,1
396914,1,informativa,77506,154,0.0517650793650793,14.0,0.0030884623869402,459.5,14.0,directa,4533.0,1_pseudohuerfanas,3
398250,1,informativa,33349,2,0.0158155080213903,1.5,0.000330906684315,18.5,1.5,directa,4533.0,1_pseudohuerfanas,1
400752,1,no informativa,124266,7,0.0,2267.5,0.50022060445621,186721.5,2267.5,indirecta,4533.0,1_pseudohuerfanas,2
400885,1,no informativa,33349,10,0.0,2275.5,0.5019854401058902,184635.5,2275.5,indirecta,4533.0,1_pseudohuerfanas,2
404990,1,informativa,160031,4,0.0529568321038722,1.0,0.00022060445621,1.5,1.0,directa,4533.0,1_pseudohuerfanas,1
405324,1,informativa,268357,10,0.0627522264807717,1.5,0.000330906684315,35.5,1.5,directa,4533.0,1_pseudohuerfanas,3
406594,1,informativa,353286,51,0.0506795077581594,13.5,0.0029781601588352,253.0,13.5,directa,4533.0,1_pseudohuerfanas,3
406918,1,informativa,160031,3,0.0518048377039979,1.0,0.00022060445621,1.5,1.0,directa,4533.0,1_pseudohuerfanas,3
409162,1,no informativa,33349,13,0.0,2272.5,0.50132362673726,184386.0,2272.5,indirecta,4533.0,1_pseudohuerfanas,3
410272,1,no informativa,198748,49,0.0,2328.0,0.513567174056916,185913.5,2328.0,indirecta,4533.0,1_pseudohuerfanas,2
411046,1,no informativa,84852,2,0.0,2269.0,0.500551511140525,184324.5,2269.0,indirecta,4533.0,1_pseudohuerfanas,2
415134,1,informativa,203907,94,0.1228643142586476,5.0,0.00110302228105,65.5,5.0,directa,4533.0,1_pseudohuerfanas,3
417101,1,no informativa,33349,4,0.0,2268.0,0.500330906684315,184343.0,2268.0,indirecta,4533.0,1_pseudohuerfanas,3
418425,1,informativa,152239,161,0.0003607405143936,143.0,0.0315464372380322,7807.0,143.0,indirecta,4533.0,1_pseudohuerfanas,1
419100,1,informativa,252716,34,0.1498204837490551,2.0,0.00044120891242,49.0,2.0,directa,4533.0,1_pseudohuerfanas,3
420534,1,informativa,188767,8,0.0496949602122015,2.0,0.00044120891242,48.5,2.0,directa,4533.0,1_pseudohuerfanas,1
422032,1,informativa,121940,42,0.2030482815057283,2.0,0.00044120891242,23.5,2.0,directa,4533.0,1_pseudohuerfanas,1
423274,1,no informativa,98503,498,0.0,2598.5,0.5732406794617251,207898.0,2598.5,indirecta,4533.0,1_pseudohuerfanas,3
423619,1,informativa,58034,14,0.0526235762169082,1.0,0.00022060445621,3.5,1.0,directa,4533.0,1_pseudohuerfanas,3
430547,1,informativa,33349,3,0.0344552139037433,1.5,0.000330906684315,16.5,1.5,directa,4533.0,1_pseudohuerfanas,1
444852,1,informativa,33349,3,0.0180748663101604,1.5,0.000330906684315,16.5,1.5,directa,4533.0,1_pseudohuerfanas,3
447680,1,no informativa,143865,25,0.0,2285.5,0.5041914846679902,184572.5,2285.5,indirecta,4533.0,1_pseudohuerfanas,3
451103,1,informativa,152239,10,0.0019150422369043,22.0,0.0048532980366203,1302.0,22.0,indirecta,4533.0,1_pseudohuerfanas,1
454848,1,informativa,203907,4,0.0468469308716181,2.0,0.00044120891242,21.5,2.0,directa,4533.0,1_pseudohuerfanas,3
455914,1,no informativa,36623,2,0.0,2267.0,0.500110302228105,184357.5,2267.0,indirecta,4533.0,1_pseudohuerfanas,3
459890,1,informativa,315926,16,0.4396531086053408,1.0,0.00022060445621,4.5,1.0,directa,4533.0,1_pseudohuerfanas,3
460333,1,informativa,33349,14,0.0325724153297682,1.5,0.000330906684315,46.5,1.5,directa,4533.0,1_pseudohuerfanas,3
467471,1,no informativa,208842,98,0.0,2303.0,0.5080520626516656,185478.0,2303.0,indirecta,4533.0,1_pseudohuerfanas,3
468976,1,informativa,245748,2,0.0417458617332035,1.0,0.00022060445621,11.0,1.0,directa,4533.0,1_pseudohuerfanas,3
473104,1,informativa,385666,47,0.4027777777777777,2.0,0.00044120891242,23.5,2.0,directa,4533.0,1_pseudohuerfanas,3
473283,1,informativa,36096,247,0.926,2.5,0.000551511140525,12.0,2.5,directa,4533.0,1_pseudohuerfanas,1
473819,1,no informativa,162045,3,0.0,2269.0,0.500551511140525,185373.5,2269.0,indirecta,4533.0,1_pseudohuerfanas,3
477481,1,informativa,33349,5,0.0156272281639928,4.5,0.000992720052945,62.5,4.5,directa,4533.0,1_pseudohuerfanas,3
477717,1,no informativa,33349,4,0.0,2273.0,0.5014339289653651,184621.5,2273.0,indirecta,4533.0,1_pseudohuerfanas,3
478194,1,informativa,33349,12,0.0320075757575757,1.5,0.000330906684315,124.5,1.5,directa,4533.0,1_pseudohuerfanas,3
479089,1,informativa,262502,17,0.0046489355457519,7.0,0.0015442311934701,324.5,7.0,directa,4533.0,1_pseudohuerfanas,3
483215,1,informativa,33349,16,0.0188279857397504,1.5,0.000330906684315,109.5,1.5,directa,4533.0,1_pseudohuerfanas,2
489230,1,informativa,353286,55,0.0558212948100588,17.5,0.0038605779836752,282.0,17.5,directa,4533.0,1_pseudohuerfanas,3
492393,1,informativa,45072,226,0.7533333333333333,2.5,0.000551511140525,16.0,2.5,directa,4533.0,1_pseudohuerfanas,3
492728,1,informativa,33349,15,0.0651448306595365,2.5,0.000551511140525,88.5,2.5,directa,4533.0,1_pseudohuerfanas,3
493107,1,no informativa,241915,5,0.0,2282.0,0.5034193690712553,184960.5,2282.0,indirecta,4533.0,1_pseudohuerfanas,3
494101,1,informativa,1054,1556,0.0808937198067632,73.0,0.0161041253033311,3092.0,73.0,indirecta,4533.0,1_pseudohuerfanas,3
496873,1,no informativa,282175,21,0.0,2287.5,0.5046326935804103,185671.5,2287.5,indirecta,4533.0,1_pseudohuerfanas,2
498528,1,no informativa,206576,4,0.0,2272.5,0.50132362673726,185665.5,2272.5,indirecta,4533.0,1_pseudohuerfanas,3
504894,1,informativa,121940,2,0.0451718494271685,1.0,0.00022060445621,13.5,1.0,indirecta,4533.0,1_pseudohuerfanas,1
505007,1,no informativa,124067,184,0.0,2337.0,0.5155526141628061,190268.0,2337.0,indirecta,4533.0,1_pseudohuerfanas,2
509096,1,informativa,57084,119,0.0592474955599955,23.0,0.0050739024928303,316.5,23.0,directa,4533.0,1_pseudohuerfanas,1
513013,1,informativa,33349,7,0.0156272281639928,6.5,0.0014339289653651,111.5,6.5,directa,4533.0,1_pseudohuerfanas,3
513136,1,no informativa,174688,5,0.0,2329.0,0.513787778513126,186898.0,2329.0,indirecta,4533.0,1_pseudohuerfanas,1
513275,1,informativa,58034,41,0.0034122607975785,24.5,0.0054048091771453,1074.0,24.5,indirecta,4533.0,1_pseudohuerfanas,3
514818,1,informativa,33907,12,0.0325960191769015,2.0,0.00044120891242,104.5,2.0,directa,4533.0,1_pseudohuerfanas,1
515069,1,informativa,11785,2,0.0895945945945946,1.0,0.00022060445621,7.0,1.0,directa,4533.0,1_pseudohuerfanas,3
519220,1,informativa,201173,238,0.485,4.5,0.000992720052945,40.5,4.5,directa,4533.0,1_pseudohuerfanas,3
519686,1,informativa,228423,12,0.0139837398373983,16.5,0.0036399735274652,69.0,16.5,indirecta,4533.0,1_pseudohuerfanas,1
519850,1,informativa,33349,2,0.0504590017825311,1.5,0.000330906684315,16.5,1.5,directa,4533.0,1_pseudohuerfanas,1
520289,1,informativa,333247,11,0.0073858526876799,6.0,0.00132362673726,201.0,6.0,directa,4533.0,1_pseudohuerfanas,3
527195,1,informativa,302039,23,0.3054742227251466,4.0,0.00088241782484,22.5,4.0,directa,4533.0,1_pseudohuerfanas,3
534245,1,no informativa,199804,13,0.0,2291.5,0.5055151114052504,185391.0,2291.5,indirecta,4533.0,1_pseudohuerfanas,1
535114,1,no informativa,214755,4,0.0,2267.5,0.50022060445621,184985.0,2267.5,indirecta,4533.0,1_pseudohuerfanas,1
536320,1,informativa,52573,3,0.028480971943376,2.0,0.00044120891242,15.0,2.0,directa,4533.0,1_pseudohuerfanas,1
536761,1,informativa,213685,796,0.1507692307692307,21.0,0.0046326935804103,457.0,21.0,directa,4533.0,1_pseudohuerfanas,1
537509,1,informativa,353286,6,0.0088598180845371,2.5,0.000551511140525,45.0,2.5,directa,4533.0,1_pseudohuerfanas,3
540500,1,informativa,33349,3,0.0329489750445632,1.5,0.000330906684315,16.5,1.5,directa,4533.0,1_pseudohuerfanas,1
542886,1,informativa,262502,2,0.0095848424214885,1.0,0.00022060445621,12.5,1.0,directa,4533.0,1_pseudohuerfanas,1
544808,1,informativa,67750,846,0.0930557742830002,48.0,0.0105890138980807,1098.0,48.0,directa,4533.0,1_pseudohuerfanas,3
547037,1,no informativa,188767,3,0.0,2270.5,0.5008824178248401,184414.5,2270.5,indirecta,4533.0,1_pseudohuerfanas,1
548518,1,informativa,374333,237,0.0423612181301744,37.0,0.0081623648797705,1035.5,37.0,indirecta,4533.0,1_pseudohuerfanas,3
549262,1,informativa,215349,95,0.0120163230240549,44.0,0.0097065960732406,1351.5,44.0,indirecta,4533.0,1_pseudohuerfanas,3
549787,1,informativa,352095,26,0.2495880784671734,1.0,0.00022060445621,4.0,1.0,indirecta,4533.0,1_pseudohuerfanas,3
550046,1,no informativa,186737,881,0.0,2667.5,0.5884623869402162,216538.5,2667.5,indirecta,4533.0,1_pseudohuerfanas,1
553657,1,informativa,111552,2,0.05,1.0,0.00022060445621,20.5,1.0,directa,4533.0,1_pseudohuerfanas,2
553900,1,no informativa,213685,98,0.0,2423.5,0.5346348996249725,191299.5,2423.5,indirecta,4533.0,1_pseudohuerfanas,3
560558,1,informativa,233384,5,0.0309713646309209,1.5,0.000330906684315,100.0,1.5,indirecta,4533.0,1_pseudohuerfanas,3
563322,1,informativa,339029,3,0.0590494799318328,1.0,0.00022060445621,3.0,1.0,directa,4533.0,1_pseudohuerfanas,1
566357,1,informativa,188767,8,0.0473468906572354,2.0,0.00044120891242,48.5,2.0,directa,4533.0,1_pseudohuerfanas,1
568970,1,no informativa,377895,4,0.0,2267.5,0.50022060445621,185382.5,2267.5,indirecta,4533.0,1_pseudohuerfanas,0
568997,1,informativa,33349,3,0.0180748663101604,1.5,0.000330906684315,16.5,1.5,directa,4533.0,1_pseudohuerfanas,3
570117,1,informativa,33349,4,0.0312544563279857,1.5,0.000330906684315,18.5,1.5,directa,4533.0,1_pseudohuerfanas,3
572653,1,informativa,311464,850,0.0904145346132701,49.0,0.0108096183542907,1082.0,49.0,directa,4533.0,1_pseudohuerfanas,3
582210,1,informativa,365680,117,0.0005744822979291,211.0,0.0465475402603132,7721.5,211.0,indirecta,4533.0,1_pseudohuerfanas,1
588063,1,no informativa,228423,9,0.0,2277.0,0.5023163467902052,184745.5,2277.0,indirecta,4533.0,1_pseudohuerfanas,3
590878,1,informativa,260916,7,0.0044006862203031,2.0,0.00044120891242,113.5,2.0,directa,4533.0,1_pseudohuerfanas,3
597522,1,no informativa,100571,2,0.0,2268.0,0.500330906684315,184296.5,2268.0,indirecta,4533.0,1_pseudohuerfanas,1
599614,1,informativa,33349,13,0.0169451871657754,3.5,0.000772115596735,107.5,3.5,directa,4533.0,1_pseudohuerfanas,3
601074,1,informativa,93355,91,0.2743851294709389,4.5,0.000992720052945,70.5,4.5,directa,4533.0,1_pseudohuerfanas,1
606397,1,informativa,58034,13,0.0578209664605535,1.0,0.00022060445621,3.5,1.0,directa,4533.0,1_pseudohuerfanas,1
611074,1,no informativa,38159,14,0.0,2278.5,0.5026472534745202,186408.5,2278.5,indirecta,4533.0,1_pseudohuerfanas,2
612320,1,no informativa,191960,13,0.0,2281.5,0.5033090668431502,184725.0,2281.5,indirecta,4533.0,1_pseudohuerfanas,3
614834,1,informativa,33349,3,0.0342669340463458,1.5,0.000330906684315,16.5,1.5,directa,4533.0,1_pseudohuerfanas,3
615551,1,no informativa,119628,7,0.0,2268.5,0.50044120891242,185185.0,2268.5,indirecta,4533.0,1_pseudohuerfanas,2
618871,1,informativa,339489,11,0.0367132733332525,4.0,0.00088241782484,46.0,4.0,directa,4533.0,1_pseudohuerfanas,1
622484,1,informativa,33349,10,0.0152506684491978,2.5,0.000551511140525,105.5,2.5,directa,4533.0,1_pseudohuerfanas,3
623084,1,informativa,30711,4,0.0694185651139068,1.0,0.00022060445621,13.0,1.0,directa,4533.0,1_pseudohuerfanas,2
623311,1,informativa,100571,37,0.129508989402498,5.5,0.001213324509155,56.0,5.5,directa,4533.0,1_pseudohuerfanas,3
624195,1,informativa,33349,3,0.066839349376114,3.5,0.000772115596735,129.5,3.5,directa,4533.0,1_pseudohuerfanas,1
634298,1,no informativa,388958,9,0.0,2275.0,0.5018751378777851,184766.0,2275.0,indirecta,4533.0,1_pseudohuerfanas,3
634682,1,no informativa,121940,3,0.0,2269.0,0.500551511140525,184777.0,2269.0,indirecta,4533.0,1_pseudohuerfanas,1
638148,1,no informativa,346755,53,0.0,2308.0,0.5091550849327157,185969.0,2308.0,indirecta,4533.0,1_pseudohuerfanas,3
640298,1,no informativa,329159,10,0.0,2273.5,0.5015442311934701,184502.5,2273.5,indirecta,4533.0,1_pseudohuerfanas,2
641395,1,informativa,174688,79,0.4560185185185185,5.5,0.001213324509155,37.0,5.5,directa,4533.0,1_pseudohuerfanas,3
647473,1,informativa,329159,108,0.0171698113207547,29.5,0.0065078314581954,1111.5,29.5,indirecta,4533.0,1_pseudohuerfanas,2
651272,1,informativa,253906,23,0.237985650019161,7.5,0.0016545334215751,37.0,7.5,directa,4533.0,1_pseudohuerfanas,3
651913,1,no informativa,33349,3,0.0,2269.5,0.50066181336863,184368.0,2269.5,indirecta,4533.0,1_pseudohuerfanas,3
657413,1,no informativa,178540,2,0.0,2273.5,0.5015442311934701,184302.5,2273.5,indirecta,4533.0,1_pseudohuerfanas,2
659920,1,informativa,166375,2,0.0282153729149925,1.5,0.000330906684315,10.0,1.5,indirecta,4533.0,1_pseudohuerfanas,3
663615,1,no informativa,104873,3,0.0,2269.5,0.50066181336863,184471.5,2269.5,indirecta,4533.0,1_pseudohuerfanas,1
664838,1,no informativa,33349,3,0.0,2327.5,0.513456871828811,186682.0,2327.5,indirecta,4533.0,1_pseudohuerfanas,1
665925,1,informativa,64145,2,0.0024856284108982,1.0,0.00022060445621,24.5,1.0,directa,4533.0,1_pseudohuerfanas,1
671054,1,informativa,8367,8,0.002891156462585,17.0,0.0037502757555702,193.0,17.0,indirecta,4533.0,1_pseudohuerfanas,3
674752,1,no informativa,195046,120,0.0,2447.5,0.5399294065740128,192575.5,2447.5,indirecta,4533.0,1_pseudohuerfanas,3
680060,1,informativa,33349,3,0.0651448306595365,3.5,0.000772115596735,129.5,3.5,directa,4533.0,1_pseudohuerfanas,3
681025,1,no informativa,124266,2,0.0,2269.0,0.500551511140525,184620.5,2269.0,indirecta,4533.0,1_pseudohuerfanas,3
682180,1,informativa,43124,163,0.1721835653359841,5.0,0.00110302228105,196.0,5.0,directa,4533.0,1_pseudohuerfanas,3
682946,1,informativa,252716,44,0.1723689531368102,1.0,0.00022060445621,47.0,1.0,directa,4533.0,1_pseudohuerfanas,3
684325,1,no informativa,152465,3,0.0,2272.5,0.50132362673726,184961.5,2272.5,indirecta,4533.0,1_pseudohuerfanas,3
695089,1,informativa,52573,3,0.028480971943376,2.0,0.00044120891242,15.0,2.0,directa,4533.0,1_pseudohuerfanas,1
695534,1,no informativa,211236,42,0.0,2356.5,0.5198544010589013,186224.0,2356.5,indirecta,4533.0,1_pseudohuerfanas,2
696317,1,no informativa,241375,490,0.0,2420.0,0.5338627840282374,197526.5,2420.0,indirecta,4533.0,1_pseudohuerfanas,3
696534,1,informativa,130859,128,0.1442975248529113,7.0,0.0015442311934701,89.0,7.0,directa,4533.0,1_pseudohuerfanas,0
699944,1,no informativa,33349,8,0.0,2271.5,0.5011030222810501,186099.0,2271.5,indirecta,4533.0,1_pseudohuerfanas,3
702577,1,no informativa,33349,2,0.0,2267.0,0.500110302228105,184312.5,2267.0,indirecta,4533.0,1_pseudohuerfanas,1
703573,1,no informativa,136351,9,0.0,2292.0,0.5056254136333554,185642.0,2292.0,indirecta,4533.0,1_pseudohuerfanas,3
707250,1,no informativa,265158,2,0.0,2267.5,0.50022060445621,184308.0,2267.5,indirecta,4533.0,1_pseudohuerfanas,1
710709,1,informativa,390451,834,0.0052103093900692,348.5,0.0768806529891903,13615.5,348.5,indirecta,4533.0,1_pseudohuerfanas,2
713089,1,no informativa,324590,2,0.0,2278.0,0.5025369512464152,184554.0,2278.0,indirecta,4533.0,1_pseudohuerfanas,2
714298,1,informativa,33349,7,0.0331372549019607,1.5,0.000330906684315,18.5,1.5,directa,4533.0,1_pseudohuerfanas,3
715011,1,informativa,121940,41,0.2332078559738134,2.0,0.00044120891242,23.5,2.0,directa,4533.0,1_pseudohuerfanas,3
721904,1,informativa,33349,2,0.0169451871657754,1.5,0.000330906684315,16.5,1.5,directa,4533.0,1_pseudohuerfanas,1
722863,1,no informativa,307963,7,0.0,2278.0,0.5025369512464152,184390.0,2278.0,indirecta,4533.0,1_pseudohuerfanas,2
726515,1,informativa,131938,16,0.1039914927814649,2.0,0.00044120891242,11.0,2.0,directa,4533.0,1_pseudohuerfanas,3
727329,1,informativa,353286,72,0.076230961298377,13.5,0.0029781601588352,204.0,13.5,directa,4533.0,1_pseudohuerfanas,3
733207,1,informativa,160031,6,0.0021836329437727,4.0,0.00088241782484,222.0,4.0,indirecta,4533.0,1_pseudohuerfanas,3
734187,1,informativa,252716,35,0.250615268329554,1.0,0.00022060445621,21.0,1.0,directa,4533.0,1_pseudohuerfanas,3
734646,1,no informativa,260916,3,0.0,2272.0,0.5012133245091551,184588.5,2272.0,indirecta,4533.0,1_pseudohuerfanas,2
736054,1,informativa,33349,13,0.0640151515151515,2.5,0.000551511140525,105.5,2.5,directa,4533.0,1_pseudohuerfanas,3
741904,1,no informativa,185113,25,0.0,2336.5,0.5154423119347011,187011.0,2336.5,indirecta,4533.0,1_pseudohuerfanas,3
743764,1,no informativa,33349,2,0.0,2269.0,0.500551511140525,184950.5,2269.0,indirecta,4533.0,1_pseudohuerfanas,1
745018,1,informativa,237725,5,0.0494864148221617,1.0,0.00022060445621,14.5,1.0,indirecta,4533.0,1_pseudohuerfanas,1
749904,1,informativa,262502,3,0.0149225091592037,1.0,0.00022060445621,12.5,1.0,directa,4533.0,1_pseudohuerfanas,1
750070,1,informativa,33349,14,0.0188279857397504,3.5,0.000772115596735,144.5,3.5,directa,4533.0,1_pseudohuerfanas,3
750124,1,no informativa,119628,10,0.0,2292.0,0.5056254136333554,187107.5,2292.0,indirecta,4533.0,1_pseudohuerfanas,3
755091,1,informativa,93355,35,0.0043760672814207,25.5,0.0056254136333553,442.5,25.5,indirecta,4533.0,1_pseudohuerfanas,3
757783,1,no informativa,72068,2,0.0,2267.5,0.50022060445621,184365.0,2267.5,indirecta,4533.0,1_pseudohuerfanas,1
760368,1,informativa,11785,5,0.0032046332046332,5.5,0.001213324509155,77.0,5.5,indirecta,4533.0,1_pseudohuerfanas,2
760463,1,informativa,353286,64,0.0747322989120742,10.5,0.0023163467902051,241.0,10.5,directa,4533.0,1_pseudohuerfanas,3
760818,1,informativa,33349,11,0.0500824420677361,2.5,0.000551511140525,105.5,2.5,directa,4533.0,1_pseudohuerfanas,3
762186,1,no informativa,309770,9,0.0,2274.0,0.5016545334215751,184432.5,2274.0,indirecta,4533.0,1_pseudohuerfanas,3
766997,1,informativa,36096,251,0.9246666666666666,2.5,0.000551511140525,12.0,2.5,directa,4533.0,1_pseudohuerfanas,3
767298,1,informativa,257269,275,0.0039846735828993,137.0,0.0302228105007721,6626.5,137.0,indirecta,4533.0,1_pseudohuerfanas,2
768573,1,informativa,157998,244,0.1192631350934244,15.0,0.0033090668431502,268.5,15.0,directa,4533.0,1_pseudohuerfanas,3
768621,1,no informativa,119628,9,0.0,2279.5,0.5028678579307302,185787.5,2279.5,indirecta,4533.0,1_pseudohuerfanas,2
769332,1,no informativa,119628,5,0.0,2271.0,0.500992720052945,184670.0,2271.0,indirecta,4533.0,1_pseudohuerfanas,3
771027,1,informativa,315926,18,0.4507853881573544,1.0,0.00022060445621,5.5,1.0,directa,4533.0,1_pseudohuerfanas,3
775623,1,no informativa,33349,4,0.0,2329.0,0.513787778513126,186861.0,2329.0,indirecta,4533.0,1_pseudohuerfanas,3
776311,1,no informativa,173720,19,0.0,2284.0,0.5038605779836752,185764.0,2284.0,indirecta,4533.0,1_pseudohuerfanas,2
776451,1,informativa,93355,3,0.034213646454297,1.5,0.000330906684315,20.5,1.5,directa,4533.0,1_pseudohuerfanas,3
782732,1,no informativa,33349,4,0.0,2332.5,0.514559894109861,187515.5,2332.5,indirecta,4533.0,1_pseudohuerfanas,3
787957,1,informativa,262542,885,0.0518777948661152,85.0,0.0187513787778513,2318.0,85.0,indirecta,4533.0,1_pseudohuerfanas,3
795448,1,no informativa,33349,2,0.0,2267.0,0.500110302228105,186566.0,2267.0,indirecta,4533.0,1_pseudohuerfanas,1
795813,1,informativa,316627,10,0.1807814700924955,1.0,0.00022060445621,1.5,1.0,directa,4533.0,1_pseudohuerfanas,3
801625,1,no informativa,52573,28,0.0,2291.0,0.5054048091771454,186606.0,2291.0,indirecta,4533.0,1_pseudohuerfanas,1
811032,1,no informativa,227953,3,0.0,2268.5,0.50044120891242,184381.0,2268.5,indirecta,4533.0,1_pseudohuerfanas,3
811733,1,informativa,353286,9,0.0246019261637239,2.5,0.000551511140525,45.0,2.5,directa,4533.0,1_pseudohuerfanas,1
814684,1,no informativa,171964,160,0.0,2472.0,0.5453342157511581,192115.0,2472.0,indirecta,4533.0,1_pseudohuerfanas,2
817860,1,no informativa,261965,5,0.0,2271.0,0.500992720052945,184394.5,2271.0,indirecta,4533.0,1_pseudohuerfanas,3
820888,1,informativa,33349,3,0.0152506684491978,1.5,0.000330906684315,18.5,1.5,directa,4533.0,1_pseudohuerfanas,1
824874,1,no informativa,245748,7,0.0,2273.5,0.5015442311934701,184361.0,2273.5,indirecta,4533.0,1_pseudohuerfanas,3
3758,21,informativa,19901,54,0.1086715642271573,3.5,0.000161186331399,93.0,3.5,directa,21714.0,21_pseudohuerfanas,3
8517,21,informativa,259250,77,1.0527608915906788,59.0,0.0027171410150133,1147.0,59.0,directa,21714.0,21_pseudohuerfanas,0
10806,21,informativa,370623,17,0.0861830223878459,1.0,4.6053237542599246e-05,9.0,1.0,directa,21714.0,21_pseudohuerfanas,0
11300,21,informativa,144533,2,0.1428571428571428,1.5,6.907985631389887e-05,6.0,1.5,directa,21714.0,21_pseudohuerfanas,2
15876,21,informativa,162296,102,0.0144338200708407,36.5,0.0016809431703048,761.0,36.5,indirecta,21714.0,21_pseudohuerfanas,3
27474,21,no informativa,322313,22,0.0,10917.0,0.502763194252556,184888.0,10917.0,indirecta,21714.0,21_pseudohuerfanas,1
37669,21,informativa,210862,8,0.0749131421023918,4.5,0.0002072395689416,11.5,4.5,directa,21714.0,21_pseudohuerfanas,0
43361,21,informativa,210862,3,0.1123697131535877,4.5,0.0002072395689416,9.5,4.5,directa,21714.0,21_pseudohuerfanas,2
44354,21,no informativa,185379,17,0.0,10950.0,0.5042829510914617,185219.0,10950.0,indirecta,21714.0,21_pseudohuerfanas,3
48769,21,informativa,78892,4,0.0326220629895017,2.5,0.0001151330938564,55.5,2.5,indirecta,21714.0,21_pseudohuerfanas,3
56857,21,informativa,99019,2,0.2379310344827586,7.5,0.0003453992815694,15.0,7.5,directa,21714.0,21_pseudohuerfanas,1
59031,21,no informativa,342476,10,0.0,10930.0,0.5033618863406097,185676.0,10930.0,indirecta,21714.0,21_pseudohuerfanas,3
71070,21,informativa,99019,2,0.0572413793103448,7.5,0.0003453992815694,15.0,7.5,directa,21714.0,21_pseudohuerfanas,1
73457,21,no informativa,83135,461,0.0,12817.0,0.5902643455834945,212717.0,12817.0,indirecta,21714.0,21_pseudohuerfanas,1
76864,21,no informativa,214910,5,0.0,10858.5,0.5000690798563139,184506.0,10858.5,indirecta,21714.0,21_pseudohuerfanas,3
86104,21,no informativa,195462,3,0.0,10862.5,0.5002532928064843,184350.5,10862.5,indirecta,21714.0,21_pseudohuerfanas,1
86267,21,informativa,137854,67,0.0054214147272901,123.0,0.0056645482177397,1581.0,123.0,directa,21714.0,21_pseudohuerfanas,3
87072,21,informativa,19901,24,0.0928539325842696,2.5,0.0001151330938564,39.0,2.5,directa,21714.0,21_pseudohuerfanas,1
87116,21,informativa,19901,55,0.111752808988764,3.5,0.000161186331399,81.0,3.5,directa,21714.0,21_pseudohuerfanas,1
100468,21,informativa,71015,3,0.2022222222222222,1.5,6.907985631389887e-05,5.0,1.5,directa,21714.0,21_pseudohuerfanas,2
103432,21,informativa,99019,2,0.2413793103448275,7.5,0.0003453992815694,15.0,7.5,directa,21714.0,21_pseudohuerfanas,1
103442,21,informativa,259114,8,0.0092782274621455,28.0,0.0012894906511927,175.5,28.0,indirecta,21714.0,21_pseudohuerfanas,3
104326,21,informativa,144533,2,0.1428571428571428,1.5,6.907985631389887e-05,6.0,1.5,directa,21714.0,21_pseudohuerfanas,2
111961,21,informativa,322313,175,0.0016606295618774,447.5,0.0206088238003131,8972.5,447.5,indirecta,21714.0,21_pseudohuerfanas,3
130182,21,informativa,144533,2,0.0714285714285714,1.5,6.907985631389887e-05,6.0,1.5,directa,21714.0,21_pseudohuerfanas,2
131657,21,no informativa,322313,9,0.0,10946.5,0.5041217647600627,187311.0,10946.5,indirecta,21714.0,21_pseudohuerfanas,2
134107,21,no informativa,191600,3,0.0,10859.0,0.5000921064750852,184321.5,10859.0,indirecta,21714.0,21_pseudohuerfanas,3
139023,21,no informativa,376664,2,0.0,10860.5,0.500161186331399,184323.5,10860.5,indirecta,21714.0,21_pseudohuerfanas,2
144385,21,no informativa,71920,139,0.0,11434.5,0.526595744680851,194134.0,11434.5,indirecta,21714.0,21_pseudohuerfanas,3
159854,21,informativa,298995,13,0.375,1.0,4.6053237542599246e-05,2.5,1.0,directa,21714.0,21_pseudohuerfanas,2
163496,21,informativa,371464,122,0.2442767295597484,2.0,9.210647508519848e-05,72.5,2.0,directa,21714.0,21_pseudohuerfanas,1
190714,21,no informativa,259250,5,0.0,10873.5,0.5007598784194529,184538.0,10873.5,indirecta,21714.0,21_pseudohuerfanas,3
192832,21,informativa,71729,4,0.0312124049146465,1.0,4.6053237542599246e-05,10.0,1.0,directa,21714.0,21_pseudohuerfanas,0
198999,21,informativa,124172,838,0.0110966747891872,794.5,0.0365892972275951,14545.5,794.5,indirecta,21714.0,21_pseudohuerfanas,3
210286,21,informativa,185379,172,0.017376968820315,87.0,0.0040066316662061,1939.5,87.0,indirecta,21714.0,21_pseudohuerfanas,3
216287,21,no informativa,120016,14,0.0,11027.0,0.5078290503822419,187169.0,11027.0,indirecta,21714.0,21_pseudohuerfanas,3
219048,21,informativa,119112,23,0.0312488078541374,16.0,0.0007368518006815,189.5,16.0,indirecta,21714.0,21_pseudohuerfanas,3
229323,21,informativa,336109,246,0.0549999999999999,55.0,0.0025329280648429,1389.5,55.0,directa,21714.0,21_pseudohuerfanas,3
239676,21,no informativa,44676,5,0.0,10882.0,0.501151330938565,185369.5,10882.0,indirecta,21714.0,21_pseudohuerfanas,2
240680,21,informativa,228817,9,0.0026881720430107,23.5,0.001082251082251,230.5,23.5,indirecta,21714.0,21_pseudohuerfanas,2
246519,21,no informativa,19901,3,0.0,10894.5,0.5017269964078475,184693.0,10894.5,indirecta,21714.0,21_pseudohuerfanas,2
284865,21,no informativa,229182,8,0.0,10860.5,0.500161186331399,184831.5,10860.5,indirecta,21714.0,21_pseudohuerfanas,0
298116,21,informativa,208924,353,0.3677777777777777,2.0,9.210647508519848e-05,51.0,2.0,indirecta,21714.0,21_pseudohuerfanas,3
304902,21,informativa,195462,1540,0.0666666666666666,327.0,0.0150594086764299,4819.5,327.0,directa,21714.0,21_pseudohuerfanas,2
305018,21,informativa,71015,2,0.0911111111111111,1.5,6.907985631389887e-05,5.0,1.5,indirecta,21714.0,21_pseudohuerfanas,1
311164,21,informativa,137854,178,0.0054214147272901,243.0,0.0111909367228516,4772.0,243.0,directa,21714.0,21_pseudohuerfanas,3
314823,21,no informativa,114137,23,0.0,11487.0,0.5290135396518375,190848.0,11487.0,indirecta,21714.0,21_pseudohuerfanas,3
317051,21,informativa,99019,2,0.2427586206896551,7.5,0.0003453992815694,15.0,7.5,directa,21714.0,21_pseudohuerfanas,1
320803,21,informativa,337630,4,0.0040377412817112,41.0,0.0018881827392465,450.5,41.0,indirecta,21714.0,21_pseudohuerfanas,3
323953,21,no informativa,195148,6,0.0,10867.5,0.5004835589941973,184475.0,10867.5,indirecta,21714.0,21_pseudohuerfanas,2
349040,21,informativa,229182,66,0.0037675253429088,151.0,0.0069540388689324,2320.0,151.0,indirecta,21714.0,21_pseudohuerfanas,3
364155,21,no informativa,253617,2,0.0,10940.0,0.5038224187160357,185351.0,10940.0,indirecta,21714.0,21_pseudohuerfanas,1
375127,21,informativa,210862,7,0.0374565710511959,4.5,0.0002072395689416,11.5,4.5,directa,21714.0,21_pseudohuerfanas,2
386648,21,informativa,357330,98,0.0459677419354838,30.5,0.0014046237450492,200.0,30.5,indirecta,21714.0,21_pseudohuerfanas,3
390042,21,informativa,99019,2,0.246551724137931,7.5,0.0003453992815694,15.0,7.5,directa,21714.0,21_pseudohuerfanas,1
394550,21,no informativa,45032,69,0.0,11215.0,0.5164870590402505,189392.0,11215.0,indirecta,21714.0,21_pseudohuerfanas,1
400147,21,informativa,71729,4,0.0312124049146465,1.0,4.6053237542599246e-05,10.0,1.0,directa,21714.0,21_pseudohuerfanas,1
404820,21,no informativa,143906,104,0.0,11344.0,0.5224279266832458,188428.0,11344.0,indirecta,21714.0,21_pseudohuerfanas,3
414141,21,informativa,120022,255,0.0348574132089405,104.5,0.0048125633232016,2198.5,104.5,indirecta,21714.0,21_pseudohuerfanas,3
421113,21,informativa,99019,2,0.2437931034482758,7.5,0.0003453992815694,15.0,7.5,directa,21714.0,21_pseudohuerfanas,1
424195,21,informativa,335638,21,0.0056308043970016,133.0,0.0061250805931656,666.5,133.0,indirecta,21714.0,21_pseudohuerfanas,3
426811,21,informativa,99019,2,0.2393103448275862,7.5,0.0003453992815694,15.0,7.5,directa,21714.0,21_pseudohuerfanas,1
430381,21,no informativa,297244,11,0.0,10870.0,0.5005986920880537,184503.5,10870.0,indirecta,21714.0,21_pseudohuerfanas,2
445193,21,no informativa,240670,179,0.0,11671.0,0.5374873353596757,198647.5,11671.0,indirecta,21714.0,21_pseudohuerfanas,3
447308,21,informativa,354339,105,0.0071179836676475,194.5,0.0089573547020355,2785.0,194.5,indirecta,21714.0,21_pseudohuerfanas,3
450953,21,no informativa,293136,130,0.0,11577.0,0.5331583310306715,193323.5,11577.0,indirecta,21714.0,21_pseudohuerfanas,3
457768,21,informativa,199018,3,0.044833509513742,3.0,0.0001381597126277,20.5,3.0,indirecta,21714.0,21_pseudohuerfanas,3
458137,21,no informativa,370623,3,0.0,10904.5,0.5021875287832734,184911.5,10904.5,indirecta,21714.0,21_pseudohuerfanas,2
459617,21,informativa,381679,7,0.0037936204738119,46.5,0.0021414755457308,613.0,46.5,indirecta,21714.0,21_pseudohuerfanas,3
467838,21,informativa,259250,77,1.0527608915906788,59.0,0.0027171410150133,1147.0,59.0,directa,21714.0,21_pseudohuerfanas,2
469940,21,no informativa,337630,26,0.0,11746.5,0.5409643547941421,194197.0,11746.5,indirecta,21714.0,21_pseudohuerfanas,3
475290,21,no informativa,235079,36,0.0,11221.0,0.5167633784655061,187201.0,11221.0,indirecta,21714.0,21_pseudohuerfanas,2
496265,21,informativa,35463,8,0.0310524475524475,2.0,9.210647508519848e-05,54.5,2.0,indirecta,21714.0,21_pseudohuerfanas,3
505460,21,no informativa,169612,20,0.0,10953.5,0.5044441374228609,185983.0,10953.5,indirecta,21714.0,21_pseudohuerfanas,3
506133,21,no informativa,279020,7,0.0,10864.0,0.5003223726627982,184360.0,10864.0,indirecta,21714.0,21_pseudohuerfanas,3
518224,21,informativa,102099,86,0.1176470588235294,2.0,9.210647508519848e-05,42.0,2.0,directa,21714.0,21_pseudohuerfanas,0
518685,21,informativa,102099,81,0.1176470588235294,2.0,9.210647508519848e-05,56.0,2.0,directa,21714.0,21_pseudohuerfanas,3
519619,21,informativa,381679,10,0.0036671664580181,42.5,0.0019572625955604,456.0,42.5,indirecta,21714.0,21_pseudohuerfanas,3
526533,21,informativa,195876,1025,0.0150945633485504,738.5,0.0340103159252095,13874.0,738.5,indirecta,21714.0,21_pseudohuerfanas,3
541152,21,no informativa,119812,19,0.0,10923.0,0.5030395136778115,185764.0,10923.0,indirecta,21714.0,21_pseudohuerfanas,2
548518,21,informativa,258227,237,0.0109870270739535,255.5,0.0117666021921341,4758.5,255.5,indirecta,21714.0,21_pseudohuerfanas,3
550058,21,informativa,353948,16,0.0132243422511058,35.0,0.0016118633139909,199.5,35.0,indirecta,21714.0,21_pseudohuerfanas,3
560558,21,informativa,223320,5,0.0367992762078022,15.5,0.0007138251819102,184.0,15.5,indirecta,21714.0,21_pseudohuerfanas,3
561248,21,no informativa,142360,25,0.0,11040.5,0.508450769089067,186581.5,11040.5,indirecta,21714.0,21_pseudohuerfanas,3
585654,21,informativa,129970,17,0.0019101123595505,70.5,0.0032467532467532,1685.0,70.5,indirecta,21714.0,21_pseudohuerfanas,2
586286,21,no informativa,322313,55,0.0,11681.0,0.5379478677351017,195912.5,11681.0,indirecta,21714.0,21_pseudohuerfanas,2
586521,21,no informativa,322313,10,0.0,10949.0,0.5042368978539191,187398.0,10949.0,indirecta,21714.0,21_pseudohuerfanas,0
591075,21,no informativa,387305,3,0.0,10859.0,0.5000921064750852,184397.5,10859.0,indirecta,21714.0,21_pseudohuerfanas,2
592154,21,informativa,169612,8,0.001847115134345,22.0,0.0010131712259371,410.0,22.0,indirecta,21714.0,21_pseudohuerfanas,3
608649,21,no informativa,203288,6,0.0,10860.5,0.500161186331399,186286.0,10860.5,indirecta,21714.0,21_pseudohuerfanas,2
621308,21,informativa,113222,2,0.0271914132379248,10.5,0.0004835589941972,20.0,10.5,directa,21714.0,21_pseudohuerfanas,2
647090,21,informativa,124268,2,0.1666666666666666,1.0,4.6053237542599246e-05,6.5,1.0,directa,21714.0,21_pseudohuerfanas,2
647473,21,informativa,198842,108,0.0140190922385703,258.5,0.0119047619047619,1994.0,258.5,indirecta,21714.0,21_pseudohuerfanas,2
649958,21,informativa,127834,19,0.0237989743512708,57.0,0.0026250345399281,228.0,57.0,indirecta,21714.0,21_pseudohuerfanas,1
655357,21,informativa,99019,2,0.2441379310344827,7.5,0.0003453992815694,15.0,7.5,directa,21714.0,21_pseudohuerfanas,1
664418,21,informativa,336109,252,0.0549999999999999,56.0,0.0025789813023855,1394.0,56.0,directa,21714.0,21_pseudohuerfanas,3
669672,21,informativa,322313,159,0.0096996569840677,135.5,0.0062402136870221,3160.5,135.5,directa,21714.0,21_pseudohuerfanas,2
673030,21,informativa,102099,99,0.1064705882352941,2.0,9.210647508519848e-05,55.0,2.0,directa,21714.0,21_pseudohuerfanas,3
691302,21,informativa,124268,2,0.1666666666666666,1.0,4.6053237542599246e-05,6.5,1.0,directa,21714.0,21_pseudohuerfanas,2
697645,21,no informativa,376664,12,0.0,10906.0,0.5022566086395873,185541.0,10906.0,indirecta,21714.0,21_pseudohuerfanas,3
700380,21,informativa,376664,2,0.0475410861167916,1.0,4.6053237542599246e-05,13.0,1.0,directa,21714.0,21_pseudohuerfanas,1
705943,21,no informativa,264932,3,0.0,10867.0,0.500460532375426,184473.0,10867.0,indirecta,21714.0,21_pseudohuerfanas,2
707833,21,no informativa,169612,72,0.0,10971.5,0.5052730956986277,185809.5,10971.5,indirecta,21714.0,21_pseudohuerfanas,3
708370,21,informativa,22100,42,0.0026561731932681,142.0,0.006539559731049,3599.5,142.0,indirecta,21714.0,21_pseudohuerfanas,3
712706,21,informativa,6611,72,0.0044212962962962,121.0,0.0055724417426545,2359.0,121.0,indirecta,21714.0,21_pseudohuerfanas,3
713089,21,no informativa,341155,2,0.0,10872.5,0.5007138251819103,184554.0,10872.5,indirecta,21714.0,21_pseudohuerfanas,2
721444,21,informativa,19901,35,0.0928426966292134,6.5,0.0002993460440268,114.0,6.5,directa,21714.0,21_pseudohuerfanas,3
723434,21,informativa,298995,2,0.4770620726159657,1.0,4.6053237542599246e-05,3.5,1.0,directa,21714.0,21_pseudohuerfanas,2
724241,21,no informativa,322313,20,0.0,10986.5,0.5059638942617666,186515.0,10986.5,indirecta,21714.0,21_pseudohuerfanas,3
735415,21,informativa,359952,89,0.0093294524685595,83.0,0.0038224187160357,1828.0,83.0,indirecta,21714.0,21_pseudohuerfanas,3
737010,21,informativa,223320,5,0.0139533601338032,18.5,0.000851984894538,332.5,18.5,indirecta,21714.0,21_pseudohuerfanas,2
752848,21,informativa,101757,100,0.0022163048365548,403.0,0.0185594547296674,6344.0,403.0,indirecta,21714.0,21_pseudohuerfanas,3
760368,21,informativa,227070,5,0.0129392383142131,3.0,0.0001381597126277,50.5,3.0,indirecta,21714.0,21_pseudohuerfanas,2
761268,21,informativa,256991,14,0.3793103448275862,7.5,0.0003453992815694,15.0,7.5,directa,21714.0,21_pseudohuerfanas,0
777824,21,informativa,370623,10,0.0861830223878459,1.0,4.6053237542599246e-05,2.0,1.0,directa,21714.0,21_pseudohuerfanas,2
786537,21,no informativa,26858,14,0.0,10955.0,0.5045132172791748,185803.5,10955.0,indirecta,21714.0,21_pseudohuerfanas,2
787738,21,no informativa,147855,2,0.0,10874.0,0.5007829050382242,184347.5,10874.0,indirecta,21714.0,21_pseudohuerfanas,2
795329,21,informativa,146801,33,0.0435564872341829,17.0,0.0007829050382241,206.5,17.0,indirecta,21714.0,21_pseudohuerfanas,3
797298,21,informativa,102099,99,0.1176470588235294,2.0,9.210647508519848e-05,48.0,2.0,directa,21714.0,21_pseudohuerfanas,3
806260,21,informativa,144533,3,0.2142857142857142,1.5,6.907985631389887e-05,6.0,1.5,directa,21714.0,21_pseudohuerfanas,2
808661,21,informativa,355490,240,0.0754964856356175,34.0,0.0015658100764483,786.0,34.0,indirecta,21714.0,21_pseudohuerfanas,3
813653,21,informativa,113222,3,0.0135957066189624,15.5,0.0007138251819102,44.0,15.5,directa,21714.0,21_pseudohuerfanas,2
827002,21,no informativa,84500,4,0.0,10857.5,0.5000230266187713,186175.0,10857.5,indirecta,21714.0,21_pseudohuerfanas,2
26546,22,no informativa,135396,16,0.0,6651.0,0.5081754278728606,185573.0,6651.0,indirecta,13088.0,22_pseudohuerfanas,1
66168,22,no informativa,135396,7,0.0,6550.0,0.500458435207824,184484.0,6550.0,indirecta,13088.0,22_pseudohuerfanas,1
76665,22,informativa,135396,815,0.0245192307692307,211.5,0.0161598410757946,6841.5,211.5,indirecta,13088.0,22_pseudohuerfanas,1
103107,22,no informativa,6314,43,0.0,6619.5,0.5057686430317848,186545.0,6619.5,indirecta,13088.0,22_pseudohuerfanas,1
114853,22,no informativa,233877,28,0.0,6554.0,0.5007640586797066,185340.5,6554.0,indirecta,13088.0,22_pseudohuerfanas,3
175165,22,no informativa,146326,68,0.0,6571.0,0.5020629584352079,185558.5,6571.0,indirecta,13088.0,22_pseudohuerfanas,2
219944,22,no informativa,6314,29,0.0,6611.0,0.5051191931540342,186161.0,6611.0,indirecta,13088.0,22_pseudohuerfanas,2
263086,22,informativa,135396,2,0.013701923076923,1.5,0.0001146088019559,26.5,1.5,directa,13088.0,22_pseudohuerfanas,2
284123,22,no informativa,6314,31,0.0,6606.0,0.5047371638141809,185781.5,6606.0,indirecta,13088.0,22_pseudohuerfanas,2
355292,22,informativa,165952,8,0.0060053115362404,11.0,0.0008404645476772,305.5,11.0,directa,13088.0,22_pseudohuerfanas,3
378303,22,informativa,172986,71,0.0066770288169541,69.0,0.0052720048899755,1669.0,69.0,indirecta,13088.0,22_pseudohuerfanas,2
480561,22,informativa,85285,7,0.0001426830966304,161.0,0.0123013447432762,6596.5,161.0,indirecta,13088.0,22_pseudohuerfanas,2
492982,22,informativa,227381,1500,0.0126582278481012,325.0,0.0248319070904645,15597.0,325.0,indirecta,13088.0,22_pseudohuerfanas,3
511468,22,no informativa,165952,3,0.0,6560.0,0.5012224938875306,185043.5,6560.0,indirecta,13088.0,22_pseudohuerfanas,2
541378,22,no informativa,264540,512,0.0,7481.5,0.5716305012224939,213882.0,7481.5,indirecta,13088.0,22_pseudohuerfanas,2
582507,22,informativa,165952,18,0.0075512057177528,27.0,0.0020629584352078,421.5,27.0,directa,13088.0,22_pseudohuerfanas,3
586286,22,no informativa,262096,55,0.0,6839.0,0.5225397310513448,195912.5,6839.0,indirecta,13088.0,22_pseudohuerfanas,2
671391,22,no informativa,262096,377,0.0,7292.0,0.5571515892420538,210233.5,7292.0,indirecta,13088.0,22_pseudohuerfanas,3
681912,22,no informativa,146326,36,0.0,6634.5,0.5069147310513448,187747.0,6634.5,indirecta,13088.0,22_pseudohuerfanas,2
692331,22,informativa,7973,2,0.0107213449896087,1.5,0.0001146088019559,37.5,1.5,indirecta,13088.0,22_pseudohuerfanas,2
774705,22,informativa,135396,435,0.013701923076923,221.5,0.0169238997555012,6678.5,221.5,indirecta,13088.0,22_pseudohuerfanas,3
789235,22,no informativa,132165,2,0.0,6563.5,0.5014899144254279,184929.5,6563.5,indirecta,13088.0,22_pseudohuerfanas,3
61622,23,no informativa,112197,2,0.0,3283.0,0.5001523461304083,184257.0,3283.0,indirecta,6564.0,23_pseudohuerfanas,3
95441,23,informativa,307145,2,0.0138845749307462,1.0,0.0001523461304082,16.0,1.0,directa,6564.0,23_pseudohuerfanas,1
146370,23,no informativa,284803,5,0.0,3285.0,0.5004570383912249,185425.5,3285.0,indirecta,6564.0,23_pseudohuerfanas,3
216681,23,informativa,307145,3,0.0171809128639449,1.0,0.0001523461304082,16.0,1.0,directa,6564.0,23_pseudohuerfanas,1
271137,23,no informativa,284021,22,0.0,3293.0,0.5016758074344911,184836.5,3293.0,indirecta,6564.0,23_pseudohuerfanas,2
321688,23,no informativa,284803,2,0.0,3283.0,0.5001523461304083,184318.5,3283.0,indirecta,6564.0,23_pseudohuerfanas,2
323086,23,no informativa,122661,503,0.0,3778.0,0.5755636806825106,215801.0,3778.0,indirecta,6564.0,23_pseudohuerfanas,3
401431,23,informativa,284021,15,0.008120519640323,2.0,0.0003046922608165,90.0,2.0,indirecta,6564.0,23_pseudohuerfanas,3
420906,23,no informativa,368020,4,0.0,3286.5,0.5006855575868373,184446.5,3286.5,indirecta,6564.0,23_pseudohuerfanas,3
502987,23,informativa,307145,2,0.0129855736762374,1.0,0.0001523461304082,16.0,1.0,directa,6564.0,23_pseudohuerfanas,1
503918,23,no informativa,385889,2,0.0,3286.5,0.5006855575868373,184680.0,3286.5,indirecta,6564.0,23_pseudohuerfanas,2
511468,23,no informativa,112197,3,0.0,3289.0,0.501066422912858,185043.5,3289.0,indirecta,6564.0,23_pseudohuerfanas,2
513192,23,no informativa,398952,6,0.0,3289.0,0.501066422912858,185113.5,3289.0,indirecta,6564.0,23_pseudohuerfanas,2
532573,23,no informativa,322380,6,0.0,3288.5,0.5009902498476538,184620.5,3288.5,indirecta,6564.0,23_pseudohuerfanas,2
548724,23,no informativa,88993,6,0.0,3347.5,0.5099786715417428,188108.0,3347.5,indirecta,6564.0,23_pseudohuerfanas,2
550836,23,no informativa,368020,2,0.0,3283.0,0.5001523461304083,184307.0,3283.0,indirecta,6564.0,23_pseudohuerfanas,2
566276,23,informativa,307145,3,0.0125360730489831,1.0,0.0001523461304082,16.0,1.0,directa,6564.0,23_pseudohuerfanas,3
586286,23,informativa,263638,55,0.0049718422184814,10.0,0.0015234613040828,461.5,10.0,indirecta,6564.0,23_pseudohuerfanas,2
645377,23,informativa,322380,840,0.0002617759404661,443.0,0.0674893357708714,23949.0,443.0,indirecta,6564.0,23_pseudohuerfanas,3
658353,23,informativa,307145,247,0.033712547044078,3.0,0.0004570383912248,373.0,3.0,indirecta,6564.0,23_pseudohuerfanas,3
659808,23,informativa,284803,2,0.0607407407407407,1.0,0.0001523461304082,5.0,1.0,directa,6564.0,23_pseudohuerfanas,1
660615,23,no informativa,284803,4,0.0,3289.5,0.5011425959780622,185430.0,3289.5,indirecta,6564.0,23_pseudohuerfanas,1
684605,23,no informativa,322380,9,0.0,3284.5,0.5003808653260208,184470.5,3284.5,indirecta,6564.0,23_pseudohuerfanas,2
701517,23,no informativa,348518,6,0.0,3286.0,0.5006093845216332,184421.0,3286.0,indirecta,6564.0,23_pseudohuerfanas,2
709212,23,no informativa,284803,76,0.0,3335.5,0.5081505179768434,188128.0,3335.5,indirecta,6564.0,23_pseudohuerfanas,2
712706,23,informativa,274521,72,0.0003008311090995,31.5,0.004798903107861,2638.0,31.5,indirecta,6564.0,23_pseudohuerfanas,3
726671,23,no informativa,284803,2,0.0,3290.0,0.5012187690432663,184555.0,3290.0,indirecta,6564.0,23_pseudohuerfanas,2
738739,23,no informativa,112197,70,0.0,3298.0,0.5024375380865326,185626.5,3298.0,indirecta,6564.0,23_pseudohuerfanas,3
782392,23,no informativa,284803,106,0.0,3353.0,0.5108165752589884,189724.0,3353.0,indirecta,6564.0,23_pseudohuerfanas,2
786200,23,no informativa,16842,6,0.0,3283.5,0.5002285191956124,186321.5,3283.5,indirecta,6564.0,23_pseudohuerfanas,3
804264,23,informativa,379357,250,0.0005065587192709,119.0,0.0181291895185862,7052.0,119.0,indirecta,6564.0,23_pseudohuerfanas,2
822556,23,no informativa,112197,25,0.0,3316.0,0.5051797684338818,187023.0,3316.0,indirecta,6564.0,23_pseudohuerfanas,2
51445,25,informativa,38190,256,0.005212529257535,129.0,0.0213576158940397,6190.5,129.0,indirecta,6040.0,25_pseudohuerfanas,2
87563,25,no informativa,317030,39,0.0,3043.5,0.5038907284768211,185584.5,3043.5,indirecta,6040.0,25_pseudohuerfanas,3
113187,25,no informativa,324181,5,0.0,3059.0,0.5064569536423841,185869.5,3059.0,indirecta,6040.0,25_pseudohuerfanas,3
146370,25,no informativa,376557,5,0.0,3021.5,0.500248344370861,185425.5,3021.5,indirecta,6040.0,25_pseudohuerfanas,3
146677,25,no informativa,57231,5,0.0,3062.0,0.506953642384106,187090.5,3062.0,indirecta,6040.0,25_pseudohuerfanas,3
210396,25,no informativa,363906,10,0.0,3025.5,0.50091059602649,184760.5,3025.5,indirecta,6040.0,25_pseudohuerfanas,3
219307,25,informativa,229560,18,0.0055609960730792,2.0,0.0003311258278145,178.0,2.0,directa,6040.0,25_pseudohuerfanas,3
219944,25,no informativa,317030,29,0.0,3055.5,0.5058774834437086,186161.0,3055.5,indirecta,6040.0,25_pseudohuerfanas,2
329786,25,informativa,229560,24,0.0188556169944967,4.0,0.0006622516556291,183.0,4.0,directa,6040.0,25_pseudohuerfanas,1
347198,25,no informativa,331805,12,0.0,3072.5,0.5086920529801324,186678.0,3072.5,indirecta,6040.0,25_pseudohuerfanas,2
350885,25,informativa,38190,849,0.2104025010597561,4.5,0.0007450331125827,299.5,4.5,directa,6040.0,25_pseudohuerfanas,3
362100,25,no informativa,60949,19,0.0,3119.0,0.5163907284768212,188772.5,3119.0,indirecta,6040.0,25_pseudohuerfanas,2
364783,25,informativa,317030,2,0.0225,2.0,0.0003311258278145,27.5,2.0,indirecta,6040.0,25_pseudohuerfanas,2
368357,25,no informativa,42448,22,0.0,3024.0,0.5006622516556292,185124.0,3024.0,indirecta,6040.0,25_pseudohuerfanas,3
378303,25,informativa,299120,71,0.0180540473671144,13.0,0.0021523178807947,780.5,13.0,indirecta,6040.0,25_pseudohuerfanas,2
390326,25,informativa,55047,62,0.0661065600177442,5.0,0.0008278145695364,252.0,5.0,indirecta,6040.0,25_pseudohuerfanas,2
391470,25,no informativa,324181,10,0.0,3073.0,0.508774834437086,186893.5,3073.0,indirecta,6040.0,25_pseudohuerfanas,3
403988,25,informativa,389522,242,0.0048729003435287,81.5,0.0134933774834437,4315.0,81.5,indirecta,6040.0,25_pseudohuerfanas,3
410272,25,informativa,229560,49,0.0077160201973938,16.0,0.0026490066225165,915.0,16.0,indirecta,6040.0,25_pseudohuerfanas,2
430381,25,no informativa,376557,11,0.0,3027.0,0.501158940397351,184503.5,3027.0,indirecta,6040.0,25_pseudohuerfanas,2
448635,25,no informativa,116122,1,0.0,3021.5,0.500248344370861,184377.0,3021.5,indirecta,6040.0,25_pseudohuerfanas,2
453648,25,no informativa,87449,1190,0.0,3346.0,0.5539735099337748,210745.0,3346.0,indirecta,6040.0,25_pseudohuerfanas,2
503918,25,no informativa,64896,2,0.0,3024.5,0.5007450331125828,184680.0,3024.5,indirecta,6040.0,25_pseudohuerfanas,2
505460,25,no informativa,299120,20,0.0,3034.5,0.5024006622516556,185336.0,3034.5,indirecta,6040.0,25_pseudohuerfanas,3
510737,25,no informativa,324181,4,0.0,3023.5,0.5005794701986755,184526.5,3023.5,indirecta,6040.0,25_pseudohuerfanas,3
514874,25,informativa,113545,1332,0.0748807539931726,28.0,0.0046357615894039,2787.5,28.0,indirecta,6040.0,25_pseudohuerfanas,2
532573,25,no informativa,376557,6,0.0,3029.0,0.5014900662251656,184620.5,3029.0,indirecta,6040.0,25_pseudohuerfanas,2
540809,25,informativa,322054,75,0.1045955056179775,3.0,0.0004966887417218,144.0,3.0,indirecta,6040.0,25_pseudohuerfanas,3
544626,25,no informativa,113545,12,0.0,3025.5,0.50091059602649,184747.5,3025.5,indirecta,6040.0,25_pseudohuerfanas,2
560558,25,informativa,144228,5,0.0309713646309209,1.5,0.0002483443708609,88.5,1.5,indirecta,6040.0,25_pseudohuerfanas,3
561248,25,informativa,231693,25,0.25,1.0,0.0001655629139072,4.5,1.0,indirecta,6040.0,25_pseudohuerfanas,3
585801,25,informativa,38190,850,0.2325151681027434,3.5,0.0005794701986754,247.5,3.5,directa,6040.0,25_pseudohuerfanas,3
625051,25,informativa,38190,855,0.2324897292037522,3.5,0.0005794701986754,263.5,3.5,directa,6040.0,25_pseudohuerfanas,3
633214,25,no informativa,324181,8,0.0,3074.0,0.5089403973509934,186610.0,3074.0,indirecta,6040.0,25_pseudohuerfanas,3
644520,25,informativa,376557,18,0.0116573279031394,5.0,0.0008278145695364,296.0,5.0,indirecta,6040.0,25_pseudohuerfanas,1
658353,25,informativa,155297,247,0.1970982142857142,3.0,0.0004966887417218,184.0,3.0,indirecta,6040.0,25_pseudohuerfanas,3
679715,25,informativa,229560,124,0.0042658927517768,33.0,0.0054635761589403,1980.0,33.0,indirecta,6040.0,25_pseudohuerfanas,2
679849,25,informativa,38190,857,0.2394902884714086,3.5,0.0005794701986754,234.5,3.5,directa,6040.0,25_pseudohuerfanas,3
697645,25,informativa,322054,12,0.0009775280898876,21.0,0.0034768211920529,1271.0,21.0,indirecta,6040.0,25_pseudohuerfanas,3
702284,25,no informativa,324181,6,0.0,3043.5,0.5038907284768211,185361.0,3043.5,indirecta,6040.0,25_pseudohuerfanas,3
710800,25,no informativa,184809,5,0.0,3030.5,0.5017384105960265,185164.0,3030.5,indirecta,6040.0,25_pseudohuerfanas,2
712706,25,informativa,269785,72,0.0044212962962962,20.5,0.0033940397350993,1786.0,20.5,indirecta,6040.0,25_pseudohuerfanas,3
738739,25,no informativa,317030,70,0.0,3043.5,0.5038907284768211,185626.5,3043.5,indirecta,6040.0,25_pseudohuerfanas,3
757583,25,informativa,38190,848,0.2323170982838064,3.5,0.0005794701986754,247.5,3.5,directa,6040.0,25_pseudohuerfanas,3
770404,25,no informativa,113545,14,0.0,3023.5,0.5005794701986755,184740.5,3023.5,indirecta,6040.0,25_pseudohuerfanas,2
772485,25,informativa,38190,847,0.2298430752521471,3.5,0.0005794701986754,262.5,3.5,directa,6040.0,25_pseudohuerfanas,3
782392,25,no informativa,216040,106,0.0,3139.5,0.5197847682119205,189724.0,3139.5,indirecta,6040.0,25_pseudohuerfanas,2
827002,25,no informativa,376557,4,0.0,3020.5,0.5000827814569536,186175.0,3020.5,indirecta,6040.0,25_pseudohuerfanas,2
955,26,informativa,182568,2,0.0200863368140074,1.0,0.000181983621474,6.5,1.0,directa,5495.0,26_pseudohuerfanas,1
1650,26,no informativa,182568,4,0.0,2799.5,0.5094631483166515,187586.5,2799.5,indirecta,5495.0,26_pseudohuerfanas,3
6000,26,no informativa,373691,6,0.0,2759.5,0.5021838034576888,187069.5,2759.5,indirecta,5495.0,26_pseudohuerfanas,3
6087,26,no informativa,182568,4,0.0,2781.5,0.5061874431301183,188492.0,2781.5,indirecta,5495.0,26_pseudohuerfanas,3
6120,26,informativa,373691,4,0.0116898574352479,2.0,0.0003639672429481,121.0,2.0,directa,5495.0,26_pseudohuerfanas,1
10310,26,informativa,373691,8,0.0221361130156822,4.0,0.0007279344858962,140.0,4.0,directa,5495.0,26_pseudohuerfanas,3
12394,26,no informativa,373691,5,0.0,2792.5,0.508189262966333,188062.0,2792.5,indirecta,5495.0,26_pseudohuerfanas,3
14250,26,informativa,182568,5,0.078598709272203,1.0,0.000181983621474,6.5,1.0,directa,5495.0,26_pseudohuerfanas,1
15627,26,informativa,182568,4,0.0207413260579424,1.0,0.000181983621474,6.5,1.0,directa,5495.0,26_pseudohuerfanas,1
18781,26,no informativa,182568,5,0.0,2765.0,0.5031847133757962,185281.0,2765.0,indirecta,5495.0,26_pseudohuerfanas,3
22311,26,no informativa,373691,7,0.0,2800.5,0.5096451319381256,188011.0,2800.5,indirecta,5495.0,26_pseudohuerfanas,3
24538,26,informativa,182568,3,0.0598223509460656,1.0,0.000181983621474,6.5,1.0,directa,5495.0,26_pseudohuerfanas,1
25062,26,informativa,182568,9,0.0207413260579424,2.0,0.0003639672429481,110.5,2.0,directa,5495.0,26_pseudohuerfanas,3
29815,26,no informativa,373691,2,0.0,2765.0,0.5031847133757962,185577.0,2765.0,indirecta,5495.0,26_pseudohuerfanas,1
30524,26,informativa,292241,841,0.0238337688110893,66.0,0.0120109190172884,4752.0,66.0,directa,5495.0,26_pseudohuerfanas,1
31840,26,no informativa,373691,2,0.0,2749.0,0.500272975432211,184353.5,2749.0,indirecta,5495.0,26_pseudohuerfanas,1
35599,26,informativa,373691,2,0.0205194306044245,1.0,0.000181983621474,25.0,1.0,directa,5495.0,26_pseudohuerfanas,3
41005,26,no informativa,182568,13,0.0,2798.0,0.5091901728844404,187991.0,2798.0,indirecta,5495.0,26_pseudohuerfanas,3
42256,26,no informativa,182568,3,0.0,2749.0,0.500272975432211,184378.5,2749.0,indirecta,5495.0,26_pseudohuerfanas,1
42824,26,informativa,182568,2,0.0207413260579424,1.0,0.000181983621474,6.5,1.0,directa,5495.0,26_pseudohuerfanas,3
44144,26,informativa,182568,4,0.0218329747978341,1.0,0.000181983621474,66.5,1.0,directa,5495.0,26_pseudohuerfanas,3
44551,26,informativa,182568,2,0.017903039334224,1.0,0.000181983621474,6.5,1.0,directa,5495.0,26_pseudohuerfanas,1
45826,26,informativa,182568,5,0.0196496773180507,1.0,0.000181983621474,6.5,1.0,directa,5495.0,26_pseudohuerfanas,3
47057,26,no informativa,373691,5,0.0,2759.0,0.5020928116469517,185164.5,2759.0,indirecta,5495.0,26_pseudohuerfanas,3
47246,26,no informativa,182568,2,0.0,2761.5,0.5025477707006369,185264.5,2761.5,indirecta,5495.0,26_pseudohuerfanas,3
51333,26,no informativa,182568,8,0.0,2764.5,0.5030937215650592,185320.0,2764.5,indirecta,5495.0,26_pseudohuerfanas,3
51503,26,informativa,373691,3,0.0111924166933224,1.0,0.000181983621474,94.0,1.0,directa,5495.0,26_pseudohuerfanas,1
52852,26,informativa,182568,2,0.0366793976603614,1.0,0.000181983621474,6.5,1.0,directa,5495.0,26_pseudohuerfanas,1
59232,26,no informativa,373691,7,0.0,2753.0,0.5010009099181074,185023.0,2753.0,indirecta,5495.0,26_pseudohuerfanas,3
59511,26,no informativa,373691,7,0.0,2762.5,0.502729754322111,185409.5,2762.5,indirecta,5495.0,26_pseudohuerfanas,3
60607,26,informativa,373691,6,0.0114411370642851,1.0,0.000181983621474,119.0,1.0,directa,5495.0,26_pseudohuerfanas,3
61920,26,informativa,373691,6,0.0218873926447194,1.0,0.000181983621474,25.0,1.0,directa,5495.0,26_pseudohuerfanas,3
65223,26,informativa,68927,2,0.0273757837771181,1.0,0.000181983621474,3.5,1.0,indirecta,5495.0,26_pseudohuerfanas,3
68371,26,informativa,129046,861,0.0148703871990978,97.0,0.0176524112829845,6605.5,97.0,directa,5495.0,26_pseudohuerfanas,2
68868,26,no informativa,373691,7,0.0,2775.5,0.5050955414012739,186220.5,2775.5,indirecta,5495.0,26_pseudohuerfanas,3
72681,26,informativa,182568,6,0.0176847095862456,1.0,0.000181983621474,33.5,1.0,directa,5495.0,26_pseudohuerfanas,3
73326,26,informativa,182568,2,0.0196496773180507,1.0,0.000181983621474,6.5,1.0,directa,5495.0,26_pseudohuerfanas,3
82800,26,informativa,182568,5,0.0203046665619857,1.0,0.000181983621474,38.5,1.0,directa,5495.0,26_pseudohuerfanas,3
84504,26,no informativa,182568,11,0.0,2815.5,0.5123748862602365,189059.0,2815.5,indirecta,5495.0,26_pseudohuerfanas,3
86140,26,no informativa,182568,2,0.0,2752.5,0.5009099181073703,184320.5,2752.5,indirecta,5495.0,26_pseudohuerfanas,1
87563,26,informativa,98869,39,0.0121671805314012,4.0,0.0007279344858962,455.5,4.0,directa,5495.0,26_pseudohuerfanas,3
90560,26,no informativa,182568,3,0.0,2790.0,0.5077343039126478,186493.5,2790.0,indirecta,5495.0,26_pseudohuerfanas,3
92872,26,no informativa,373691,2,0.0,2748.5,0.500181983621474,184336.0,2748.5,indirecta,5495.0,26_pseudohuerfanas,3
92991,26,no informativa,182568,4,0.0,2784.5,0.5067333939945405,186218.0,2784.5,indirecta,5495.0,26_pseudohuerfanas,3
94089,26,informativa,182568,5,0.1478092393813373,1.0,0.000181983621474,6.5,1.0,directa,5495.0,26_pseudohuerfanas,1
95167,26,no informativa,373691,3,0.0,2756.5,0.5016378525932667,185351.0,2756.5,indirecta,5495.0,26_pseudohuerfanas,3
95674,26,informativa,182568,4,0.0181213690822023,1.0,0.000181983621474,9.5,1.0,directa,5495.0,26_pseudohuerfanas,1
96715,26,no informativa,373691,4,0.0,2789.5,0.5076433121019108,186808.0,2789.5,indirecta,5495.0,26_pseudohuerfanas,3
99234,26,no informativa,373691,4,0.0,2754.0,0.5011828935395815,184697.0,2754.0,indirecta,5495.0,26_pseudohuerfanas,1
100263,26,informativa,182568,2,0.0216146450498558,1.0,0.000181983621474,75.5,1.0,directa,5495.0,26_pseudohuerfanas,1
102374,26,informativa,373691,3,0.0105706157659156,1.0,0.000181983621474,29.0,1.0,directa,5495.0,26_pseudohuerfanas,1
104279,26,informativa,373691,6,0.0115654972497665,1.0,0.000181983621474,29.0,1.0,directa,5495.0,26_pseudohuerfanas,3
113187,26,no informativa,373691,5,0.0,2788.5,0.5074613284804368,185869.5,2788.5,indirecta,5495.0,26_pseudohuerfanas,3
113288,26,informativa,182568,9,0.0375527166522747,1.0,0.000181983621474,6.5,1.0,directa,5495.0,26_pseudohuerfanas,3
114567,26,no informativa,182568,5,0.0,2757.5,0.5018198362147407,185015.5,2757.5,indirecta,5495.0,26_pseudohuerfanas,3
115646,26,informativa,182568,7,0.0200863368140074,1.0,0.000181983621474,78.5,1.0,directa,5495.0,26_pseudohuerfanas,3
118983,26,informativa,182568,6,0.0176847095862456,1.0,0.000181983621474,55.5,1.0,directa,5495.0,26_pseudohuerfanas,3
121092,26,no informativa,373691,4,0.0,2751.0,0.5006369426751592,184545.0,2751.0,indirecta,5495.0,26_pseudohuerfanas,3
125774,26,no informativa,373691,29,0.0,2811.5,0.5116469517743403,188503.0,2811.5,indirecta,5495.0,26_pseudohuerfanas,3
127067,26,informativa,182568,5,0.0392993546361015,1.0,0.000181983621474,6.5,1.0,directa,5495.0,26_pseudohuerfanas,3
127086,26,informativa,373691,4,0.012436018548136,3.0,0.0005459508644222,124.0,3.0,directa,5495.0,26_pseudohuerfanas,1
128831,26,informativa,373691,2,0.0417850223217371,1.0,0.000181983621474,25.0,1.0,directa,5495.0,26_pseudohuerfanas,1
129727,26,informativa,182568,9,0.0587307022061739,1.0,0.000181983621474,6.5,1.0,directa,5495.0,26_pseudohuerfanas,1
135200,26,informativa,182568,17,0.0211779855538991,1.0,0.000181983621474,99.5,1.0,directa,5495.0,26_pseudohuerfanas,1
135562,26,informativa,373691,2,0.0114411370642851,1.0,0.000181983621474,55.0,1.0,directa,5495.0,26_pseudohuerfanas,1
139647,26,informativa,182568,6,0.0558924154824554,1.0,0.000181983621474,10.5,1.0,directa,5495.0,26_pseudohuerfanas,1
139756,26,no informativa,373691,2,0.0,2756.0,0.5015468607825295,185326.5,2756.0,indirecta,5495.0,26_pseudohuerfanas,3
149662,26,no informativa,373691,8,0.0,2782.5,0.5063694267515924,188523.5,2782.5,indirecta,5495.0,26_pseudohuerfanas,3
155359,26,no informativa,182568,3,0.0,2757.5,0.5018198362147407,184614.5,2757.5,indirecta,5495.0,26_pseudohuerfanas,3
155590,26,informativa,182568,19,0.0548007667425637,1.0,0.000181983621474,120.5,1.0,directa,5495.0,26_pseudohuerfanas,3
159486,26,no informativa,182568,4,0.0,2756.5,0.5016378525932667,184683.5,2756.5,indirecta,5495.0,26_pseudohuerfanas,3
169687,26,no informativa,182568,5,0.0,2754.5,0.5012738853503185,185801.0,2754.5,indirecta,5495.0,26_pseudohuerfanas,3
175317,26,informativa,373691,4,0.0108193361368783,1.0,0.000181983621474,55.0,1.0,directa,5495.0,26_pseudohuerfanas,1
179081,26,no informativa,373691,3,0.0,2757.0,0.5017288444040037,184752.0,2757.0,indirecta,5495.0,26_pseudohuerfanas,1
181394,26,informativa,182568,5,0.0600406806940439,1.0,0.000181983621474,6.5,1.0,directa,5495.0,26_pseudohuerfanas,3
181506,26,informativa,373691,2,0.022757913943089,1.0,0.000181983621474,25.0,1.0,directa,5495.0,26_pseudohuerfanas,3
182342,26,no informativa,182568,8,0.0,2753.5,0.5010919017288444,185444.5,2753.5,indirecta,5495.0,26_pseudohuerfanas,3
182612,26,no informativa,182568,2,0.0,2752.0,0.5008189262966333,186274.5,2752.0,indirecta,5495.0,26_pseudohuerfanas,1
184906,26,no informativa,182568,3,0.0,2749.0,0.500272975432211,184360.0,2749.0,indirecta,5495.0,26_pseudohuerfanas,3
186261,26,no informativa,182568,2,0.0,2761.5,0.5025477707006369,185264.5,2761.5,indirecta,5495.0,26_pseudohuerfanas,3
188423,26,no informativa,182568,3,0.0,2782.0,0.5062784349408553,186316.5,2782.0,indirecta,5495.0,26_pseudohuerfanas,1
196788,26,informativa,182568,6,0.0410459926199282,1.0,0.000181983621474,6.5,1.0,directa,5495.0,26_pseudohuerfanas,3
198809,26,informativa,373691,8,0.0113167768788038,2.0,0.0003639672429481,146.0,2.0,directa,5495.0,26_pseudohuerfanas,3
201633,26,informativa,182568,3,0.0205229963099641,1.0,0.000181983621474,6.5,1.0,directa,5495.0,26_pseudohuerfanas,3
209306,26,no informativa,182568,13,0.0,2835.0,0.5159235668789809,189278.0,2835.0,indirecta,5495.0,26_pseudohuerfanas,3
214645,26,informativa,335701,11,0.0019554284649958,5.0,0.0009099181073703,516.5,5.0,directa,5495.0,26_pseudohuerfanas,3
219967,26,no informativa,182568,4,0.0,2749.0,0.500272975432211,184720.5,2749.0,indirecta,5495.0,26_pseudohuerfanas,3
220114,26,informativa,182568,5,0.0209596558059208,1.0,0.000181983621474,6.5,1.0,directa,5495.0,26_pseudohuerfanas,3
224629,26,no informativa,182568,19,0.0,2812.5,0.5118289353958144,187714.0,2812.5,indirecta,5495.0,26_pseudohuerfanas,3
225141,26,informativa,373691,2,0.0103218953949529,2.0,0.0003639672429481,38.0,2.0,directa,5495.0,26_pseudohuerfanas,3
225734,26,no informativa,182568,8,0.0,2786.5,0.5070973612374886,185710.5,2786.5,indirecta,5495.0,26_pseudohuerfanas,3
227526,26,no informativa,326709,55,0.0,2750.5,0.5005459508644222,185479.0,2750.5,indirecta,5495.0,26_pseudohuerfanas,2
230760,26,no informativa,373691,2,0.0,2764.0,0.5030027297543221,185191.5,2764.0,indirecta,5495.0,26_pseudohuerfanas,3
232724,26,informativa,182568,2,0.0203046665619857,1.0,0.000181983621474,6.5,1.0,directa,5495.0,26_pseudohuerfanas,1
233145,26,no informativa,182568,7,0.0,2760.0,0.5022747952684259,187369.0,2760.0,indirecta,5495.0,26_pseudohuerfanas,3
239211,26,informativa,182568,11,0.0386443653921664,1.0,0.000181983621474,78.5,1.0,directa,5495.0,26_pseudohuerfanas,3
241312,26,no informativa,373691,2,0.0,2781.5,0.5061874431301183,186583.0,2781.5,indirecta,5495.0,26_pseudohuerfanas,1
243310,26,no informativa,373691,6,0.0,2799.0,0.5093721565059145,187234.0,2799.0,indirecta,5495.0,26_pseudohuerfanas,1
244060,26,no informativa,182568,8,0.0,2754.5,0.5012738853503185,187401.5,2754.5,indirecta,5495.0,26_pseudohuerfanas,3
248157,26,no informativa,373691,6,0.0,2782.0,0.5062784349408553,188135.5,2782.0,indirecta,5495.0,26_pseudohuerfanas,3
248482,26,no informativa,373691,4,0.0,2751.5,0.5007279344858963,184877.0,2751.5,indirecta,5495.0,26_pseudohuerfanas,3
249624,26,informativa,373691,6,0.0111924166933224,1.0,0.000181983621474,131.0,1.0,directa,5495.0,26_pseudohuerfanas,3
250696,26,informativa,182568,10,0.0362427381644047,1.0,0.000181983621474,78.5,1.0,directa,5495.0,26_pseudohuerfanas,3
250946,26,informativa,182568,10,0.019868007066029,1.0,0.000181983621474,59.5,1.0,directa,5495.0,26_pseudohuerfanas,3
252066,26,no informativa,373691,2,0.0,2749.5,0.5003639672429482,186271.5,2749.5,indirecta,5495.0,26_pseudohuerfanas,1
256759,26,informativa,182568,8,0.0207413260579424,1.0,0.000181983621474,124.5,1.0,directa,5495.0,26_pseudohuerfanas,1
257525,26,informativa,373691,8,0.0322092880396724,1.0,0.000181983621474,101.0,1.0,directa,5495.0,26_pseudohuerfanas,3
264743,26,no informativa,182568,3,0.0,2790.5,0.5078252957233849,186874.0,2790.5,indirecta,5495.0,26_pseudohuerfanas,1
267086,26,informativa,200168,6,0.0592842105263157,1.0,0.000181983621474,21.5,1.0,indirecta,5495.0,26_pseudohuerfanas,3
267414,26,informativa,353978,2,0.0622696745276562,1.0,0.000181983621474,2.5,1.0,directa,5495.0,26_pseudohuerfanas,3
268626,26,no informativa,373691,3,0.0,2755.0,0.5013648771610555,184751.5,2755.0,indirecta,5495.0,26_pseudohuerfanas,3
269908,26,informativa,182568,4,0.0200863368140074,1.0,0.000181983621474,6.5,1.0,directa,5495.0,26_pseudohuerfanas,1
271658,26,no informativa,373691,4,0.0,2755.5,0.5014558689717925,185172.0,2755.5,indirecta,5495.0,26_pseudohuerfanas,1
273466,26,informativa,373691,5,0.0116898574352479,2.0,0.0003639672429481,77.0,2.0,directa,5495.0,26_pseudohuerfanas,3
274174,26,no informativa,182568,6,0.0,2757.5,0.5018198362147407,185069.5,2757.5,indirecta,5495.0,26_pseudohuerfanas,3
279457,26,no informativa,182568,5,0.0,2756.0,0.5015468607825295,185157.5,2756.0,indirecta,5495.0,26_pseudohuerfanas,3
282584,26,no informativa,182568,2,0.0,2748.5,0.500181983621474,184800.5,2748.5,indirecta,5495.0,26_pseudohuerfanas,3
283039,26,informativa,182568,2,0.0196496773180507,1.0,0.000181983621474,6.5,1.0,directa,5495.0,26_pseudohuerfanas,1
284331,26,informativa,182568,2,0.0194313475700724,1.0,0.000181983621474,6.5,1.0,directa,5495.0,26_pseudohuerfanas,1
285418,26,informativa,373691,4,0.0114411370642851,5.0,0.0009099181073703,188.0,5.0,directa,5495.0,26_pseudohuerfanas,3
289345,26,no informativa,59971,13,0.0,2818.0,0.5128298453139217,189114.5,2818.0,indirecta,5495.0,26_pseudohuerfanas,1
289787,26,informativa,182568,3,0.018558028578159,1.0,0.000181983621474,6.5,1.0,directa,5495.0,26_pseudohuerfanas,3
290923,26,informativa,373691,5,0.021389951902794,4.0,0.0007279344858962,139.0,4.0,directa,5495.0,26_pseudohuerfanas,3
292046,26,informativa,335701,2,0.0019554284649958,1.0,0.000181983621474,50.5,1.0,directa,5495.0,26_pseudohuerfanas,3
292939,26,no informativa,182568,14,0.0,2833.0,0.5155595996360327,188720.0,2833.0,indirecta,5495.0,26_pseudohuerfanas,1
293005,26,no informativa,373691,2,0.0,2748.0,0.500090991810737,184687.5,2748.0,indirecta,5495.0,26_pseudohuerfanas,3
293228,26,informativa,335701,5,0.0020761339257981,2.0,0.0003639672429481,250.5,2.0,directa,5495.0,26_pseudohuerfanas,3
294747,26,no informativa,182568,2,0.0,2781.5,0.5061874431301183,186583.0,2781.5,indirecta,5495.0,26_pseudohuerfanas,3
299596,26,informativa,182568,4,0.0757604225484845,1.0,0.000181983621474,6.5,1.0,directa,5495.0,26_pseudohuerfanas,1
304812,26,no informativa,182568,10,0.0,2774.5,0.5049135577797998,186801.5,2774.5,indirecta,5495.0,26_pseudohuerfanas,3
313781,26,no informativa,373691,5,0.0,2765.5,0.5032757051865332,185331.5,2765.5,indirecta,5495.0,26_pseudohuerfanas,3
314823,26,no informativa,182568,23,0.0,2762.0,0.502638762511374,186481.0,2762.0,indirecta,5495.0,26_pseudohuerfanas,3
319485,26,informativa,373691,2,0.0115654972497665,2.0,0.0003639672429481,52.0,2.0,directa,5495.0,26_pseudohuerfanas,1
322412,26,informativa,373691,2,0.0110680565078411,1.0,0.000181983621474,29.0,1.0,directa,5495.0,26_pseudohuerfanas,1
322561,26,no informativa,373691,5,0.0,2748.5,0.500181983621474,186629.0,2748.5,indirecta,5495.0,26_pseudohuerfanas,3
327867,26,no informativa,373691,5,0.0,2763.0,0.502820746132848,185353.0,2763.0,indirecta,5495.0,26_pseudohuerfanas,1
329571,26,informativa,182568,2,0.0746687738085928,1.0,0.000181983621474,6.5,1.0,directa,5495.0,26_pseudohuerfanas,1
331935,26,informativa,292241,13,0.0081015973033742,5.5,0.0010009099181073,163.0,5.5,indirecta,5495.0,26_pseudohuerfanas,2
332656,26,no informativa,182568,8,0.0,2798.0,0.5091901728844404,188486.5,2798.0,indirecta,5495.0,26_pseudohuerfanas,3
335757,26,no informativa,110102,4,0.0,2748.0,0.500090991810737,184346.5,2748.0,indirecta,5495.0,26_pseudohuerfanas,3
335778,26,no informativa,373691,7,0.0,2757.5,0.5018198362147407,185084.0,2757.5,indirecta,5495.0,26_pseudohuerfanas,3
340026,26,informativa,182568,10,0.079908687760073,1.0,0.000181983621474,6.5,1.0,directa,5495.0,26_pseudohuerfanas,3
340232,26,informativa,233874,2,0.1111111111111111,1.0,0.000181983621474,9.0,1.0,directa,5495.0,26_pseudohuerfanas,0
341674,26,no informativa,373691,3,0.0,2771.5,0.5043676069153776,185908.0,2771.5,indirecta,5495.0,26_pseudohuerfanas,1
346603,26,informativa,182568,3,0.0181213690822023,1.0,0.000181983621474,6.5,1.0,directa,5495.0,26_pseudohuerfanas,3
347997,26,no informativa,182568,3,0.0,2756.5,0.5016378525932667,185013.0,2756.5,indirecta,5495.0,26_pseudohuerfanas,1
349408,26,no informativa,373691,2,0.0,2748.0,0.500090991810737,184710.5,2748.0,indirecta,5495.0,26_pseudohuerfanas,3
349740,26,informativa,182568,6,0.019868007066029,1.0,0.000181983621474,29.5,1.0,directa,5495.0,26_pseudohuerfanas,3
350886,26,informativa,182568,11,0.0580757129622388,1.0,0.000181983621474,76.5,1.0,directa,5495.0,26_pseudohuerfanas,3
358395,26,informativa,373691,2,0.0220117528302008,1.0,0.000181983621474,25.0,1.0,directa,5495.0,26_pseudohuerfanas,1
362230,26,informativa,373691,3,0.0115654972497665,1.0,0.000181983621474,40.0,1.0,directa,5495.0,26_pseudohuerfanas,1
368057,26,informativa,373691,4,0.0435260649184762,1.0,0.000181983621474,25.0,1.0,directa,5495.0,26_pseudohuerfanas,1
371259,26,informativa,373691,8,0.0223848333866449,4.0,0.0007279344858962,208.0,4.0,directa,5495.0,26_pseudohuerfanas,3
373762,26,no informativa,182568,8,0.0,2794.0,0.5084622383985441,187317.5,2794.0,indirecta,5495.0,26_pseudohuerfanas,3
373843,26,informativa,182568,2,0.0956284296145136,1.0,0.000181983621474,6.5,1.0,directa,5495.0,26_pseudohuerfanas,1
376065,26,no informativa,373691,8,0.0,2764.0,0.5030027297543221,185611.5,2764.0,indirecta,5495.0,26_pseudohuerfanas,1
376840,26,informativa,373691,3,0.0120629379916919,1.0,0.000181983621474,30.0,1.0,directa,5495.0,26_pseudohuerfanas,1
379753,26,informativa,182568,11,0.0181213690822023,1.0,0.000181983621474,94.5,1.0,directa,5495.0,26_pseudohuerfanas,3
381395,26,informativa,182568,6,0.1340544652587018,1.0,0.000181983621474,6.5,1.0,directa,5495.0,26_pseudohuerfanas,1
383017,26,informativa,182568,3,0.0196496773180507,1.0,0.000181983621474,6.5,1.0,directa,5495.0,26_pseudohuerfanas,3
385060,26,informativa,373691,4,0.0419093825072185,1.0,0.000181983621474,25.0,1.0,directa,5495.0,26_pseudohuerfanas,1
394389,26,no informativa,373691,3,0.0,2754.0,0.5011828935395815,185069.5,2754.0,indirecta,5495.0,26_pseudohuerfanas,3
394843,26,no informativa,277211,261,0.0,2892.5,0.5263876251137397,199001.5,2892.5,indirecta,5495.0,26_pseudohuerfanas,3
399437,26,no informativa,80207,7,0.0,2749.5,0.5003639672429482,184469.5,2749.5,indirecta,5495.0,26_pseudohuerfanas,3
402020,26,no informativa,182568,6,0.0,2760.0,0.5022747952684259,185517.5,2760.0,indirecta,5495.0,26_pseudohuerfanas,3
403452,26,informativa,182568,2,0.0615689889298923,1.0,0.000181983621474,6.5,1.0,directa,5495.0,26_pseudohuerfanas,1
405356,26,no informativa,182568,10,0.0,2803.0,0.5101000909918108,186884.0,2803.0,indirecta,5495.0,26_pseudohuerfanas,1
409377,26,informativa,182568,3,0.053054128758737,1.0,0.000181983621474,6.5,1.0,directa,5495.0,26_pseudohuerfanas,3
410914,26,informativa,182568,2,0.018558028578159,1.0,0.000181983621474,6.5,1.0,directa,5495.0,26_pseudohuerfanas,3
413334,26,informativa,373691,5,0.0104462555804342,1.0,0.000181983621474,135.0,1.0,directa,5495.0,26_pseudohuerfanas,3
414161,26,informativa,373691,4,0.0105706157659156,1.0,0.000181983621474,25.0,1.0,directa,5495.0,26_pseudohuerfanas,3
415011,26,informativa,373691,4,0.0101975352094715,2.0,0.0003639672429481,42.0,2.0,directa,5495.0,26_pseudohuerfanas,3
423533,26,informativa,373691,6,0.0453914677006966,1.0,0.000181983621474,40.0,1.0,directa,5495.0,26_pseudohuerfanas,3
427723,26,informativa,353978,2,0.08130304674177,1.0,0.000181983621474,2.5,1.0,directa,5495.0,26_pseudohuerfanas,1
430595,26,informativa,373691,2,0.0119385778062106,2.0,0.0003639672429481,52.0,2.0,directa,5495.0,26_pseudohuerfanas,1
431864,26,informativa,182568,5,0.1109115119729975,1.0,0.000181983621474,6.5,1.0,directa,5495.0,26_pseudohuerfanas,1
436706,26,no informativa,373691,3,0.0,2756.5,0.5016378525932667,184968.5,2756.5,indirecta,5495.0,26_pseudohuerfanas,3
437769,26,no informativa,182568,5,0.0,2790.5,0.5078252957233849,186951.5,2790.5,indirecta,5495.0,26_pseudohuerfanas,3
445426,26,informativa,182568,9,0.0373343869042964,1.0,0.000181983621474,83.5,1.0,directa,5495.0,26_pseudohuerfanas,1
448340,26,no informativa,373691,5,0.0,2792.5,0.508189262966333,188085.0,2792.5,indirecta,5495.0,26_pseudohuerfanas,1
450042,26,informativa,373691,3,0.0105706157659156,2.0,0.0003639672429481,107.0,2.0,directa,5495.0,26_pseudohuerfanas,1
451584,26,informativa,373691,4,0.0221361130156822,1.0,0.000181983621474,25.0,1.0,directa,5495.0,26_pseudohuerfanas,3
453631,26,no informativa,373691,3,0.0,2792.5,0.508189262966333,186161.0,2792.5,indirecta,5495.0,26_pseudohuerfanas,1
454713,26,no informativa,182568,6,0.0,2799.0,0.5093721565059145,188067.5,2799.0,indirecta,5495.0,26_pseudohuerfanas,3
460161,26,no informativa,335701,2,0.0,2749.0,0.500272975432211,184296.0,2749.0,indirecta,5495.0,26_pseudohuerfanas,3
464067,26,no informativa,182568,3,0.0,2756.0,0.5015468607825295,185552.5,2756.0,indirecta,5495.0,26_pseudohuerfanas,1
464770,26,no informativa,182568,12,0.0,2800.5,0.5096451319381256,186862.5,2800.5,indirecta,5495.0,26_pseudohuerfanas,3
469039,26,informativa,373691,9,0.0116898574352479,1.0,0.000181983621474,64.0,1.0,directa,5495.0,26_pseudohuerfanas,3
470165,26,no informativa,182568,4,0.0,2792.5,0.508189262966333,186228.5,2792.5,indirecta,5495.0,26_pseudohuerfanas,3
475167,26,informativa,182568,3,0.0399543438800365,1.0,0.000181983621474,6.5,1.0,directa,5495.0,26_pseudohuerfanas,3
476594,26,informativa,182568,2,0.0176847095862456,1.0,0.000181983621474,6.5,1.0,directa,5495.0,26_pseudohuerfanas,3
478060,26,informativa,373691,4,0.0328310889670792,1.0,0.000181983621474,27.0,1.0,directa,5495.0,26_pseudohuerfanas,1
481405,26,informativa,182568,4,0.1115665012169325,1.0,0.000181983621474,6.5,1.0,directa,5495.0,26_pseudohuerfanas,3
483273,26,no informativa,182568,8,0.0,2813.5,0.5120109190172885,188300.5,2813.5,indirecta,5495.0,26_pseudohuerfanas,3
483572,26,informativa,129046,6,0.0004103279059769,1.5,0.0002729754322111,379.0,1.5,indirecta,5495.0,26_pseudohuerfanas,1
488951,26,no informativa,373691,2,0.0,2748.0,0.500090991810737,184712.5,2748.0,indirecta,5495.0,26_pseudohuerfanas,1
492740,26,no informativa,335701,2,0.0,2748.0,0.500090991810737,185044.0,2748.0,indirecta,5495.0,26_pseudohuerfanas,3
492787,26,informativa,182568,3,0.0218329747978341,1.0,0.000181983621474,29.5,1.0,directa,5495.0,26_pseudohuerfanas,2
493469,26,no informativa,182568,4,0.0,2792.5,0.508189262966333,186640.0,2792.5,indirecta,5495.0,26_pseudohuerfanas,3
495788,26,no informativa,182568,10,0.0,2777.0,0.5053685168334849,187190.5,2777.0,indirecta,5495.0,26_pseudohuerfanas,3
496265,26,no informativa,301814,8,0.0,2751.5,0.5007279344858963,184955.5,2751.5,indirecta,5495.0,26_pseudohuerfanas,3
503377,26,informativa,353978,2,0.1219545701126551,1.0,0.000181983621474,2.5,1.0,directa,5495.0,26_pseudohuerfanas,1
504947,26,informativa,373691,5,0.0217630324592381,1.0,0.000181983621474,94.0,1.0,directa,5495.0,26_pseudohuerfanas,1
505370,26,informativa,373691,26,0.0109436963223597,9.0,0.0016378525932666,636.0,9.0,directa,5495.0,26_pseudohuerfanas,3
507814,26,informativa,98869,58,0.0121671805314012,7.0,0.0012738853503184,686.5,7.0,directa,5495.0,26_pseudohuerfanas,2
509842,26,no informativa,373691,5,0.0,2760.0,0.5022747952684259,185193.0,2760.0,indirecta,5495.0,26_pseudohuerfanas,3
511103,26,no informativa,373691,2,0.0,2748.0,0.500090991810737,184701.0,2748.0,indirecta,5495.0,26_pseudohuerfanas,3
511468,26,no informativa,335701,3,0.0,2754.5,0.5012738853503185,185043.5,2754.5,indirecta,5495.0,26_pseudohuerfanas,2
512530,26,informativa,58118,146,0.0132446808510638,13.0,0.0023657870791628,1742.5,13.0,indirecta,5495.0,26_pseudohuerfanas,3
515665,26,informativa,110102,26,0.0364118412491867,1.0,0.000181983621474,84.5,1.0,directa,5495.0,26_pseudohuerfanas,2
518507,26,informativa,182568,14,0.0181213690822023,1.0,0.000181983621474,100.5,1.0,directa,5495.0,26_pseudohuerfanas,3
521722,26,informativa,182568,2,0.0569840642223471,1.0,0.000181983621474,6.5,1.0,directa,5495.0,26_pseudohuerfanas,1
526906,26,no informativa,373691,4,0.0,2757.5,0.5018198362147407,184684.0,2757.5,indirecta,5495.0,26_pseudohuerfanas,3
532521,26,informativa,182568,5,0.0410459926199282,1.0,0.000181983621474,9.5,1.0,directa,5495.0,26_pseudohuerfanas,3
532870,26,informativa,182568,5,0.1117848309649109,1.0,0.000181983621474,6.5,1.0,directa,5495.0,26_pseudohuerfanas,1
533841,26,informativa,70535,15,0.0534121047262835,1.0,0.000181983621474,101.0,1.0,directa,5495.0,26_pseudohuerfanas,1
539704,26,informativa,278913,2,0.0086679989928971,5.0,0.0009099181073703,30.5,5.0,directa,5495.0,26_pseudohuerfanas,1
544210,26,informativa,358303,7,0.0007176135006997,18.0,0.0032757051865332,668.0,18.0,directa,5495.0,26_pseudohuerfanas,3
544756,26,informativa,373691,7,0.0113167768788038,1.0,0.000181983621474,134.0,1.0,directa,5495.0,26_pseudohuerfanas,3
544928,26,no informativa,373691,2,0.0,2749.0,0.500272975432211,184759.5,2749.0,indirecta,5495.0,26_pseudohuerfanas,1
546076,26,no informativa,335701,2,0.0,2749.0,0.500272975432211,184363.5,2749.0,indirecta,5495.0,26_pseudohuerfanas,3
546110,26,no informativa,373691,3,0.0,2789.0,0.5075523202911738,186596.0,2789.0,indirecta,5495.0,26_pseudohuerfanas,1
549201,26,informativa,182568,9,0.0589490319541522,1.0,0.000181983621474,6.5,1.0,directa,5495.0,26_pseudohuerfanas,1
556881,26,informativa,182568,11,0.0807820067519864,1.0,0.000181983621474,10.5,1.0,directa,5495.0,26_pseudohuerfanas,1
559159,26,informativa,373691,5,0.0111924166933224,1.0,0.000181983621474,131.0,1.0,directa,5495.0,26_pseudohuerfanas,3
559799,26,informativa,373691,3,0.0226335537576076,1.0,0.000181983621474,25.0,1.0,directa,5495.0,26_pseudohuerfanas,3
562021,26,informativa,182568,6,0.0200863368140074,1.0,0.000181983621474,67.5,1.0,directa,5495.0,26_pseudohuerfanas,3
563186,26,informativa,80207,1,0.0103430492508452,1.0,0.000181983621474,16.0,1.0,indirecta,5495.0,26_pseudohuerfanas,2
572026,26,informativa,182568,2,0.0196496773180507,1.0,0.000181983621474,6.5,1.0,directa,5495.0,26_pseudohuerfanas,1
573175,26,informativa,373691,4,0.0114411370642851,5.0,0.0009099181073703,189.0,5.0,directa,5495.0,26_pseudohuerfanas,1
573220,26,no informativa,373691,8,0.0,2764.5,0.5030937215650592,185320.0,2764.5,indirecta,5495.0,26_pseudohuerfanas,3
575555,26,informativa,182568,2,0.0189946880741157,1.0,0.000181983621474,6.5,1.0,directa,5495.0,26_pseudohuerfanas,1
577921,26,informativa,182568,3,0.0211779855538991,1.0,0.000181983621474,6.5,1.0,directa,5495.0,26_pseudohuerfanas,1
579023,26,informativa,182568,6,0.1371110817303985,1.0,0.000181983621474,6.5,1.0,directa,5495.0,26_pseudohuerfanas,1
581014,26,no informativa,373691,2,0.0,2781.5,0.5061874431301183,186594.0,2781.5,indirecta,5495.0,26_pseudohuerfanas,1
583596,26,no informativa,182568,10,0.0,2792.5,0.508189262966333,186767.5,2792.5,indirecta,5495.0,26_pseudohuerfanas,1
586286,26,informativa,52877,55,0.0362298245614035,4.0,0.0007279344858962,286.5,4.0,indirecta,5495.0,26_pseudohuerfanas,2
592319,26,no informativa,182568,6,0.0,2790.0,0.5077343039126478,188438.5,2790.0,indirecta,5495.0,26_pseudohuerfanas,3
594962,26,no informativa,182568,2,0.0,2753.5,0.5010919017288444,184650.0,2753.5,indirecta,5495.0,26_pseudohuerfanas,3
595563,26,informativa,373691,7,0.0406657806524049,1.0,0.000181983621474,40.0,1.0,directa,5495.0,26_pseudohuerfanas,3
601426,26,no informativa,373691,2,0.0,2765.0,0.5031847133757962,185577.0,2765.0,indirecta,5495.0,26_pseudohuerfanas,3
602633,26,informativa,182568,3,0.0205229963099641,1.0,0.000181983621474,6.5,1.0,directa,5495.0,26_pseudohuerfanas,3
603045,26,informativa,182568,5,0.0541457774986287,1.0,0.000181983621474,10.5,1.0,directa,5495.0,26_pseudohuerfanas,3
606927,26,informativa,182568,8,0.0969384081023837,1.0,0.000181983621474,6.5,1.0,directa,5495.0,26_pseudohuerfanas,3
611347,26,informativa,373691,3,0.0338259704509301,1.0,0.000181983621474,25.0,1.0,directa,5495.0,26_pseudohuerfanas,1
617341,26,informativa,182568,7,0.0183396988301807,1.0,0.000181983621474,86.5,1.0,directa,5495.0,26_pseudohuerfanas,3
617721,26,informativa,70535,5,0.0260702142128527,1.0,0.000181983621474,35.0,1.0,directa,5495.0,26_pseudohuerfanas,3
620416,26,no informativa,182568,4,0.0,2768.5,0.5038216560509554,185257.5,2768.5,indirecta,5495.0,26_pseudohuerfanas,1
620444,26,no informativa,373691,3,0.0,2748.0,0.500090991810737,184776.0,2748.0,indirecta,5495.0,26_pseudohuerfanas,3
626363,26,informativa,335701,23,0.0024141092160443,12.0,0.0021838034576888,765.5,12.0,directa,5495.0,26_pseudohuerfanas,2
627012,26,informativa,373691,2,0.0104462555804342,2.0,0.0003639672429481,38.0,2.0,directa,5495.0,26_pseudohuerfanas,1
627738,26,informativa,373691,7,0.0317118472977469,1.0,0.000181983621474,33.0,1.0,directa,5495.0,26_pseudohuerfanas,3
632069,26,no informativa,182568,2,0.0,2749.0,0.500272975432211,184308.5,2749.0,indirecta,5495.0,26_pseudohuerfanas,3
633735,26,informativa,182568,2,0.017903039334224,1.0,0.000181983621474,6.5,1.0,directa,5495.0,26_pseudohuerfanas,1
636635,26,no informativa,182568,2,0.0,2748.0,0.500090991810737,186564.0,2748.0,indirecta,5495.0,26_pseudohuerfanas,3
646320,26,informativa,373691,6,0.0559620834666123,1.0,0.000181983621474,40.0,1.0,directa,5495.0,26_pseudohuerfanas,3
647110,26,no informativa,358303,53,0.0,2786.0,0.5070063694267516,188362.5,2786.0,indirecta,5495.0,26_pseudohuerfanas,3
650285,26,informativa,373691,2,0.023130994499533,1.0,0.000181983621474,25.0,1.0,directa,5495.0,26_pseudohuerfanas,3
653574,26,informativa,373691,5,0.0308413259993774,1.0,0.000181983621474,40.0,1.0,directa,5495.0,26_pseudohuerfanas,3
658589,26,no informativa,373691,6,0.0,2759.0,0.5020928116469517,185125.5,2759.0,indirecta,5495.0,26_pseudohuerfanas,3
664022,26,no informativa,182568,2,0.0,2748.0,0.500090991810737,186175.0,2748.0,indirecta,5495.0,26_pseudohuerfanas,3
664172,26,informativa,182568,3,0.0207413260579424,1.0,0.000181983621474,6.5,1.0,directa,5495.0,26_pseudohuerfanas,3
664762,26,no informativa,3190,20,0.0,2768.5,0.5038216560509554,185702.0,2768.5,indirecta,5495.0,26_pseudohuerfanas,2
665844,26,informativa,182568,3,0.0390810248881231,1.0,0.000181983621474,6.5,1.0,directa,5495.0,26_pseudohuerfanas,3
667078,26,no informativa,373691,3,0.0,2755.5,0.5014558689717925,184725.5,2755.5,indirecta,5495.0,26_pseudohuerfanas,1
667250,26,no informativa,373691,2,0.0,2748.0,0.500090991810737,186564.0,2748.0,indirecta,5495.0,26_pseudohuerfanas,3
668790,26,informativa,182568,2,0.019868007066029,1.0,0.000181983621474,6.5,1.0,directa,5495.0,26_pseudohuerfanas,3
670597,26,no informativa,182568,3,0.0,2789.5,0.5076433121019108,187221.5,2789.5,indirecta,5495.0,26_pseudohuerfanas,3
671700,26,informativa,182568,7,0.0401726736280148,1.0,0.000181983621474,52.5,1.0,directa,5495.0,26_pseudohuerfanas,3
672170,26,informativa,182568,7,0.0218329747978341,1.0,0.000181983621474,48.5,1.0,directa,5495.0,26_pseudohuerfanas,3
676019,26,informativa,335701,20,0.0024141092160443,10.0,0.0018198362147406,603.5,10.0,directa,5495.0,26_pseudohuerfanas,3
684292,26,informativa,373691,2,0.0118142176207292,1.0,0.000181983621474,62.0,1.0,directa,5495.0,26_pseudohuerfanas,1
685615,26,informativa,373691,10,0.0119385778062106,1.0,0.000181983621474,100.0,1.0,directa,5495.0,26_pseudohuerfanas,1
687762,26,no informativa,182568,26,0.0,2821.5,0.513466787989081,189400.5,2821.5,indirecta,5495.0,26_pseudohuerfanas,3
687981,26,informativa,373691,4,0.0212655917173126,1.0,0.000181983621474,42.0,1.0,directa,5495.0,26_pseudohuerfanas,1
691600,26,no informativa,182568,3,0.0,2764.0,0.5030027297543221,185614.5,2764.0,indirecta,5495.0,26_pseudohuerfanas,1
699107,26,informativa,182568,5,0.1124398202088459,1.0,0.000181983621474,6.5,1.0,directa,5495.0,26_pseudohuerfanas,3
702505,26,informativa,182568,5,0.019213017822094,1.0,0.000181983621474,31.5,1.0,directa,5495.0,26_pseudohuerfanas,3
703231,26,informativa,182568,2,0.0205229963099641,1.0,0.000181983621474,6.5,1.0,directa,5495.0,26_pseudohuerfanas,3
703340,26,informativa,373691,3,0.0208925111608685,1.0,0.000181983621474,27.0,1.0,directa,5495.0,26_pseudohuerfanas,1
703573,26,no informativa,395216,9,0.0,2760.0,0.5022747952684259,185642.0,2760.0,indirecta,5495.0,26_pseudohuerfanas,3
703689,26,informativa,182568,5,0.1307795190390266,1.0,0.000181983621474,6.5,1.0,directa,5495.0,26_pseudohuerfanas,1
704086,26,informativa,335701,4,0.0044902431418424,1.0,0.000181983621474,70.5,1.0,directa,5495.0,26_pseudohuerfanas,3
704387,26,informativa,373691,2,0.0110680565078411,1.0,0.000181983621474,55.0,1.0,directa,5495.0,26_pseudohuerfanas,1
704621,26,informativa,86736,8,0.0011094316478515,4.0,0.0007279344858962,234.5,4.0,indirecta,5495.0,26_pseudohuerfanas,2
705943,26,no informativa,68927,3,0.0,2748.5,0.500181983621474,184473.0,2748.5,indirecta,5495.0,26_pseudohuerfanas,2
707322,26,informativa,373691,6,0.0105706157659156,1.0,0.000181983621474,98.0,1.0,directa,5495.0,26_pseudohuerfanas,3
707445,26,no informativa,182568,3,0.0,2773.5,0.5047315741583257,185848.0,2773.5,indirecta,5495.0,26_pseudohuerfanas,3
709672,26,no informativa,182568,2,0.0,2756.0,0.5015468607825295,185326.5,2756.0,indirecta,5495.0,26_pseudohuerfanas,1
709998,26,no informativa,373691,7,0.0,2763.0,0.502820746132848,185879.5,2763.0,indirecta,5495.0,26_pseudohuerfanas,3
715717,26,informativa,182568,3,0.0194313475700724,1.0,0.000181983621474,6.5,1.0,directa,5495.0,26_pseudohuerfanas,1
719885,26,no informativa,182568,9,0.0,2757.5,0.5018198362147407,185048.0,2757.5,indirecta,5495.0,26_pseudohuerfanas,3
720312,26,informativa,373691,6,0.0222604732011635,1.0,0.000181983621474,121.0,1.0,directa,5495.0,26_pseudohuerfanas,3
720536,26,informativa,353978,2,0.0829479060689157,1.0,0.000181983621474,2.5,1.0,directa,5495.0,26_pseudohuerfanas,1
725832,26,informativa,373691,3,0.0203950704189431,1.0,0.000181983621474,25.0,1.0,directa,5495.0,26_pseudohuerfanas,3
728117,26,informativa,373691,9,0.0109436963223597,1.0,0.000181983621474,49.0,1.0,directa,5495.0,26_pseudohuerfanas,3
730706,26,no informativa,182568,4,0.0,2749.5,0.5003639672429482,184430.5,2749.5,indirecta,5495.0,26_pseudohuerfanas,3
733038,26,informativa,182568,2,0.0176847095862456,1.0,0.000181983621474,6.5,1.0,directa,5495.0,26_pseudohuerfanas,3
733558,26,informativa,182568,4,0.0200863368140074,1.0,0.000181983621474,6.5,1.0,directa,5495.0,26_pseudohuerfanas,3
733883,26,no informativa,182568,2,0.0,2761.5,0.5025477707006369,185264.5,2761.5,indirecta,5495.0,26_pseudohuerfanas,3
734076,26,no informativa,373691,3,0.0,2756.5,0.5016378525932667,185357.0,2756.5,indirecta,5495.0,26_pseudohuerfanas,3
735552,26,no informativa,182568,3,0.0,2782.0,0.5062784349408553,186629.0,2782.0,indirecta,5495.0,26_pseudohuerfanas,1
736607,26,informativa,373691,7,0.0221361130156822,1.0,0.000181983621474,25.0,1.0,directa,5495.0,26_pseudohuerfanas,3
738369,26,no informativa,182568,5,0.0,2753.5,0.5010919017288444,186613.5,2753.5,indirecta,5495.0,26_pseudohuerfanas,3
741664,26,informativa,182568,6,0.0403910033759932,1.0,0.000181983621474,52.5,1.0,directa,5495.0,26_pseudohuerfanas,3
743536,26,no informativa,182568,4,0.0,2785.5,0.5069153776160146,185591.5,2785.5,indirecta,5495.0,26_pseudohuerfanas,3
743608,26,informativa,373691,3,0.035193932491225,1.0,0.000181983621474,25.0,1.0,directa,5495.0,26_pseudohuerfanas,1
743684,26,informativa,373691,5,0.010694975951397,2.0,0.0003639672429481,158.0,2.0,directa,5495.0,26_pseudohuerfanas,3
746875,26,no informativa,182568,9,0.0,2758.0,0.5019108280254777,186992.5,2758.0,indirecta,5495.0,26_pseudohuerfanas,3
750784,26,informativa,335701,7,0.004031562390794,2.0,0.0003639672429481,262.5,2.0,directa,5495.0,26_pseudohuerfanas,3
751031,26,no informativa,373691,2,0.0,2748.5,0.500181983621474,184319.5,2748.5,indirecta,5495.0,26_pseudohuerfanas,1
752044,26,no informativa,358303,75,0.0,2801.5,0.5098271155595996,191472.0,2801.5,indirecta,5495.0,26_pseudohuerfanas,2
752443,26,informativa,373691,3,0.0210168713463499,1.0,0.000181983621474,27.0,1.0,directa,5495.0,26_pseudohuerfanas,1
753875,26,informativa,182568,21,0.0415082537266231,1.0,0.000181983621474,10.5,1.0,directa,5495.0,26_pseudohuerfanas,1
755050,26,no informativa,182568,7,0.0,2759.5,0.5021838034576888,185453.0,2759.5,indirecta,5495.0,26_pseudohuerfanas,3
759470,26,no informativa,373691,3,0.0,2749.5,0.5003639672429482,184809.0,2749.5,indirecta,5495.0,26_pseudohuerfanas,1
761655,26,no informativa,182568,9,0.0,2754.5,0.5012738853503185,184523.5,2754.5,indirecta,5495.0,26_pseudohuerfanas,3
764266,26,no informativa,373691,3,0.0,2748.0,0.500090991810737,186564.5,2748.0,indirecta,5495.0,26_pseudohuerfanas,1
769264,26,informativa,182568,2,0.0768520712883762,1.0,0.000181983621474,6.5,1.0,directa,5495.0,26_pseudohuerfanas,1
769824,26,no informativa,373691,2,0.0,2748.0,0.500090991810737,184678.0,2748.0,indirecta,5495.0,26_pseudohuerfanas,1
771507,26,no informativa,182568,4,0.0,2754.0,0.5011828935395815,185368.5,2754.0,indirecta,5495.0,26_pseudohuerfanas,1
775269,26,informativa,182568,2,0.019868007066029,1.0,0.000181983621474,6.5,1.0,directa,5495.0,26_pseudohuerfanas,3
783146,26,no informativa,373691,4,0.0,2789.5,0.5076433121019108,188368.0,2789.5,indirecta,5495.0,26_pseudohuerfanas,1
784496,26,no informativa,373691,2,0.0,2748.0,0.500090991810737,184321.5,2748.0,indirecta,5495.0,26_pseudohuerfanas,3
785668,26,no informativa,182568,3,0.0,2750.0,0.5004549590536852,184756.0,2750.0,indirecta,5495.0,26_pseudohuerfanas,1
786757,26,informativa,182568,6,0.1353644437465718,1.0,0.000181983621474,6.5,1.0,directa,5495.0,26_pseudohuerfanas,1
787496,26,informativa,373691,2,0.0315874871122656,1.0,0.000181983621474,25.0,1.0,directa,5495.0,26_pseudohuerfanas,1
789176,26,informativa,182568,14,0.0399543438800365,1.0,0.000181983621474,99.5,1.0,directa,5495.0,26_pseudohuerfanas,3
789180,26,no informativa,182568,2,0.0,2756.0,0.5015468607825295,184938.0,2756.0,indirecta,5495.0,26_pseudohuerfanas,3
790861,26,no informativa,182568,4,0.0,2805.5,0.510555050045496,187795.0,2805.5,indirecta,5495.0,26_pseudohuerfanas,3
794611,26,no informativa,335701,3,0.0,2789.5,0.5076433121019108,188684.5,2789.5,indirecta,5495.0,26_pseudohuerfanas,3
796521,26,no informativa,182568,9,0.0,2791.0,0.5079162875341219,189641.0,2791.0,indirecta,5495.0,26_pseudohuerfanas,3
802484,26,no informativa,335701,4,0.0,2756.0,0.5015468607825295,185140.0,2756.0,indirecta,5495.0,26_pseudohuerfanas,3
804294,26,no informativa,182568,2,0.0,2756.0,0.5015468607825295,185326.5,2756.0,indirecta,5495.0,26_pseudohuerfanas,3
807650,26,informativa,182568,5,0.0183396988301807,1.0,0.000181983621474,63.5,1.0,directa,5495.0,26_pseudohuerfanas,3
808645,26,no informativa,373691,5,0.0,2755.5,0.5014558689717925,185209.0,2755.5,indirecta,5495.0,26_pseudohuerfanas,3
813324,26,no informativa,373691,4,0.0,2748.5,0.500181983621474,184341.5,2748.5,indirecta,5495.0,26_pseudohuerfanas,3
813631,26,informativa,373691,3,0.0119385778062106,1.0,0.000181983621474,43.0,1.0,directa,5495.0,26_pseudohuerfanas,1
814047,26,informativa,373691,2,0.0108193361368783,2.0,0.0003639672429481,52.0,2.0,directa,5495.0,26_pseudohuerfanas,1
814684,26,no informativa,358303,160,0.0,2825.0,0.5141037306642402,192115.0,2825.0,indirecta,5495.0,26_pseudohuerfanas,2
817357,26,no informativa,182568,8,0.0,2761.0,0.5024567788898999,185085.5,2761.0,indirecta,5495.0,26_pseudohuerfanas,3
821238,26,informativa,182568,10,0.0578573832142605,1.0,0.000181983621474,38.5,1.0,directa,5495.0,26_pseudohuerfanas,3
821818,26,informativa,182568,2,0.0194313475700724,1.0,0.000181983621474,6.5,1.0,directa,5495.0,26_pseudohuerfanas,3
824724,26,informativa,373691,5,0.0438991454749203,1.0,0.000181983621474,40.0,1.0,directa,5495.0,26_pseudohuerfanas,3
827002,26,no informativa,366555,4,0.0,2748.0,0.500090991810737,186175.0,2748.0,indirecta,5495.0,26_pseudohuerfanas,2
92187,28,informativa,97100,26,0.0204657301969705,1.5,6.814464837361439e-05,59.0,1.5,directa,22012.0,28_pseudohuerfanas,3
120124,28,no informativa,90594,93,0.0,11401.0,0.5179447574050517,195367.0,11401.0,indirecta,22012.0,28_pseudohuerfanas,3
186973,28,informativa,307233,36,0.5160107774756464,56.0,0.0025440668726149,482.5,56.0,indirecta,22012.0,28_pseudohuerfanas,3
210757,28,informativa,352400,27,0.0080073899191602,24.0,0.0010903143739778,444.0,24.0,directa,22012.0,28_pseudohuerfanas,2
220688,28,informativa,387067,3,0.0006442090169741,33.5,0.0015218971470107,65.0,33.5,directa,22012.0,28_pseudohuerfanas,1
226612,28,informativa,226625,1389,0.1367967326340563,81.5,0.0037025258949663,1745.0,81.5,indirecta,22012.0,28_pseudohuerfanas,3
229109,28,informativa,361341,1286,0.0647797310305142,225.5,0.0102444121388333,3285.0,225.5,indirecta,22012.0,28_pseudohuerfanas,2
285311,28,informativa,106633,8,0.0050882164491377,71.5,0.0032482282391422,580.5,71.5,indirecta,22012.0,28_pseudohuerfanas,2
302562,28,no informativa,99905,2,0.0,11006.5,0.5000227148827912,184256.0,11006.5,indirecta,22012.0,28_pseudohuerfanas,3
304902,28,informativa,176554,1540,0.0691660822523893,244.5,0.0111075776848991,3499.5,244.5,indirecta,22012.0,28_pseudohuerfanas,2
399210,28,informativa,354415,37,0.04044187243731,12.5,0.0005678720697801,178.5,12.5,indirecta,22012.0,28_pseudohuerfanas,3
481557,28,no informativa,253739,73,0.0,11301.5,0.513424495729602,191037.5,11301.5,indirecta,22012.0,28_pseudohuerfanas,2
503918,28,no informativa,362273,2,0.0,11016.5,0.5004770125386153,184680.0,11016.5,indirecta,22012.0,28_pseudohuerfanas,2
540809,28,informativa,99905,75,0.0126086956521739,82.0,0.0037252407777575,1047.5,82.0,indirecta,22012.0,28_pseudohuerfanas,3
566551,28,no informativa,296265,7,0.0,11009.0,0.5001362892967472,184387.0,11009.0,indirecta,22012.0,28_pseudohuerfanas,2
597174,28,informativa,387067,3,0.0006442090169741,33.5,0.0015218971470107,65.0,33.5,directa,22012.0,28_pseudohuerfanas,1
626387,28,no informativa,90594,6,0.0,11067.0,0.502771215700527,185537.5,11067.0,indirecta,22012.0,28_pseudohuerfanas,3
684325,28,no informativa,379033,3,0.0,11020.0,0.5006360167181537,184961.5,11020.0,indirecta,22012.0,28_pseudohuerfanas,3
690745,28,informativa,75446,3,3.381495408158411e-05,83.5,0.0037933854261312,269.5,83.5,indirecta,22012.0,28_pseudohuerfanas,1
695416,28,informativa,330546,260,0.0030179231053547,177.0,0.0080410685080864,4872.5,177.0,indirecta,22012.0,28_pseudohuerfanas,3
726416,28,informativa,90594,125,0.012846157653476,9.0,0.0004088678902416,768.5,9.0,directa,22012.0,28_pseudohuerfanas,2
800522,28,no informativa,354415,5,0.0,11014.0,0.5003634381246593,184403.5,11014.0,indirecta,22012.0,28_pseudohuerfanas,2
3775,3,informativa,17841,3,0.1179781360240538,1.0,6.134592969756457e-05,35.0,1.0,directa,16301.0,3_pseudohuerfanas,3
5008,3,no informativa,257124,2,0.0,8160.0,0.5005827863321268,184708.5,8160.0,indirecta,16301.0,3_pseudohuerfanas,1
5259,3,informativa,252595,3,1.5621762102098355,1.5,9.201889454634684e-05,2.5,1.5,directa,16301.0,3_pseudohuerfanas,1
8845,3,informativa,317193,38,0.5939696961967,3.5,0.0002147107539414,51.5,3.5,indirecta,16301.0,3_pseudohuerfanas,1
9151,3,informativa,268394,6,0.0690028639153823,12.5,0.0007668241212195,174.5,12.5,directa,16301.0,3_pseudohuerfanas,3
9644,3,informativa,144367,2,0.1430528082691785,4.5,0.000276056683639,64.0,4.5,indirecta,16301.0,3_pseudohuerfanas,3
10682,3,no informativa,268394,2,0.0,8160.0,0.5005827863321268,184708.5,8160.0,indirecta,16301.0,3_pseudohuerfanas,1
16964,3,no informativa,229074,3,0.0,8166.0,0.5009508619103122,184811.5,8166.0,indirecta,16301.0,3_pseudohuerfanas,3
23037,3,informativa,339211,12,0.7360240205059951,1.0,6.134592969756457e-05,3.5,1.0,directa,16301.0,3_pseudohuerfanas,3
26377,3,informativa,267263,2,0.636295444425437,2.0,0.0001226918593951,3.0,2.0,directa,16301.0,3_pseudohuerfanas,1
26460,3,informativa,268394,3,0.0757834921614025,8.5,0.0005214404024292,116.5,8.5,directa,16301.0,3_pseudohuerfanas,1
27101,3,informativa,317623,2,0.3070144844968012,9.0,0.000552113367278,35.5,9.0,directa,16301.0,3_pseudohuerfanas,3
29443,3,informativa,118579,2,0.1124458562049888,4.5,0.000276056683639,35.0,4.5,directa,16301.0,3_pseudohuerfanas,1
35665,3,informativa,377805,4,0.4246079987394555,3.0,0.0001840377890926,12.0,3.0,directa,16301.0,3_pseudohuerfanas,3
36664,3,informativa,126561,1,0.1789707834546311,1.5,9.201889454634684e-05,15.5,1.5,directa,16301.0,3_pseudohuerfanas,1
37158,3,informativa,118579,2,0.4928182586761856,1.5,9.201889454634684e-05,5.0,1.5,directa,16301.0,3_pseudohuerfanas,1
40302,3,informativa,118579,2,0.1166105175459143,1.5,9.201889454634684e-05,7.0,1.5,directa,16301.0,3_pseudohuerfanas,1
41296,3,no informativa,17841,3,0.0,8160.5,0.5006134592969756,184674.0,8160.5,indirecta,16301.0,3_pseudohuerfanas,1
44984,3,no informativa,95577,2,0.0,8168.5,0.5011042267345561,184746.5,8168.5,indirecta,16301.0,3_pseudohuerfanas,1
46039,3,informativa,268394,2,0.0686040034303222,4.5,0.000276056683639,83.5,4.5,directa,16301.0,3_pseudohuerfanas,1
47246,3,informativa,118579,2,0.1249398402277654,1.5,9.201889454634684e-05,5.0,1.5,directa,16301.0,3_pseudohuerfanas,3
49380,3,informativa,317623,4,0.1588005954293799,1.0,6.134592969756457e-05,20.5,1.0,directa,16301.0,3_pseudohuerfanas,3
49939,3,informativa,317623,9,0.1429205358864419,4.0,0.0002453837187902,35.5,4.0,directa,16301.0,3_pseudohuerfanas,1
51673,3,no informativa,317623,4,0.0,8180.0,0.5018097049260781,184767.5,8180.0,indirecta,16301.0,3_pseudohuerfanas,3
51754,3,no informativa,317623,6,0.0,8309.0,0.509723329857064,188294.0,8309.0,indirecta,16301.0,3_pseudohuerfanas,1
51918,3,informativa,268394,4,0.0650142590647821,10.5,0.0006441322618244,123.5,10.5,directa,16301.0,3_pseudohuerfanas,3
60130,3,informativa,277090,5,0.0882777844955616,5.5,0.0003374026133366,154.0,5.5,directa,16301.0,3_pseudohuerfanas,2
60886,3,informativa,268394,2,0.1013105632052433,3.5,0.0002147107539414,64.5,3.5,directa,16301.0,3_pseudohuerfanas,1
61897,3,informativa,118579,10,1.3077036610506112,1.5,9.201889454634684e-05,5.0,1.5,directa,16301.0,3_pseudohuerfanas,1
65537,3,informativa,317623,6,0.2964277781348425,3.0,0.0001840377890926,50.5,3.0,directa,16301.0,3_pseudohuerfanas,1
66039,3,informativa,17841,2,0.3238379448007191,1.0,6.134592969756457e-05,35.0,1.0,directa,16301.0,3_pseudohuerfanas,1
66826,3,informativa,32271,3,2.6868491756231188,1.5,9.201889454634684e-05,6.0,1.5,directa,16301.0,3_pseudohuerfanas,1
67897,3,informativa,118579,5,0.113834076651964,7.5,0.0004600944727317,24.0,7.5,directa,16301.0,3_pseudohuerfanas,3
68245,3,no informativa,268394,6,0.0,8243.0,0.5056744984970247,186114.5,8243.0,indirecta,16301.0,3_pseudohuerfanas,1
74661,3,no informativa,317623,2,0.0,8207.0,0.5034660450279124,185264.5,8207.0,indirecta,16301.0,3_pseudohuerfanas,1
75554,3,informativa,118579,2,0.6024876739872242,1.5,9.201889454634684e-05,5.0,1.5,directa,16301.0,3_pseudohuerfanas,3
75586,3,informativa,268394,2,0.032706559774921,3.5,0.0002147107539414,91.5,3.5,directa,16301.0,3_pseudohuerfanas,1
84909,3,no informativa,268394,4,0.0,8235.0,0.5051837310594443,185942.5,8235.0,indirecta,16301.0,3_pseudohuerfanas,1
85063,3,no informativa,229074,3,0.0,8207.5,0.5034967179927612,185295.0,8207.5,indirecta,16301.0,3_pseudohuerfanas,3
85099,3,informativa,252595,2,0.2440023883092562,1.5,9.201889454634684e-05,2.5,1.5,directa,16301.0,3_pseudohuerfanas,1
90761,3,informativa,231904,2,0.1272167645313555,1.0,6.134592969756457e-05,15.5,1.0,directa,16301.0,3_pseudohuerfanas,1
92919,3,informativa,181323,5,0.1535292565730868,35.0,0.0021471075394147,597.5,35.0,directa,16301.0,3_pseudohuerfanas,1
93586,3,informativa,268394,2,0.0358974436554011,11.5,0.0007054781915219,97.5,11.5,directa,16301.0,3_pseudohuerfanas,1
102485,3,informativa,17841,2,0.3250418033315768,1.0,6.134592969756457e-05,35.0,1.0,directa,16301.0,3_pseudohuerfanas,1
108990,3,informativa,252595,3,0.255220888921176,1.5,9.201889454634684e-05,2.5,1.5,directa,16301.0,3_pseudohuerfanas,3
109372,3,no informativa,118579,2,0.0,8157.5,0.5004294215078829,184542.5,8157.5,indirecta,16301.0,3_pseudohuerfanas,1
114641,3,informativa,268394,2,0.0658119800349021,3.5,0.0002147107539414,79.5,3.5,directa,16301.0,3_pseudohuerfanas,3
117765,3,informativa,33124,4,0.3659822161006091,2.5,0.0001533648242439,5.0,2.5,directa,16301.0,3_pseudohuerfanas,3
119138,3,informativa,118579,4,0.1124458562049888,1.5,9.201889454634684e-05,7.0,1.5,directa,16301.0,3_pseudohuerfanas,1
124058,3,informativa,17841,8,0.3238379448007191,1.0,6.134592969756457e-05,35.0,1.0,directa,16301.0,3_pseudohuerfanas,1
125501,3,no informativa,103597,2,0.0,8166.0,0.5009508619103122,184399.5,8166.0,indirecta,16301.0,3_pseudohuerfanas,1
135296,3,informativa,229074,25,0.2332659644320278,11.5,0.0007054781915219,106.5,11.5,directa,16301.0,3_pseudohuerfanas,3
138937,3,informativa,17841,2,0.1107549848389076,4.0,0.0002453837187902,52.0,4.0,directa,16301.0,3_pseudohuerfanas,1
145981,3,no informativa,118579,4,0.0,8407.0,0.5157352309674254,186997.5,8407.0,indirecta,16301.0,3_pseudohuerfanas,1
146434,3,informativa,317623,4,0.472872884167487,2.0,0.0001226918593951,6.5,2.0,directa,16301.0,3_pseudohuerfanas,1
152196,3,no informativa,231904,2,0.0,8201.5,0.5031286424145758,184934.0,8201.5,indirecta,16301.0,3_pseudohuerfanas,2
155171,3,informativa,229128,4,1.3086675660450535,2.0,0.0001226918593951,6.5,2.0,directa,16301.0,3_pseudohuerfanas,1
157398,3,no informativa,118579,2,0.0,8176.5,0.5015949941721367,184716.0,8176.5,indirecta,16301.0,3_pseudohuerfanas,3
157642,3,no informativa,268394,7,0.0,8258.5,0.506625360407337,186120.5,8258.5,indirecta,16301.0,3_pseudohuerfanas,3
157846,3,informativa,118579,2,1.646429450112553,1.5,9.201889454634684e-05,5.0,1.5,directa,16301.0,3_pseudohuerfanas,1
158510,3,informativa,118579,5,0.4983711404640863,1.5,9.201889454634684e-05,5.0,1.5,directa,16301.0,3_pseudohuerfanas,1
165293,3,informativa,257124,2,0.1341721801009564,2.5,0.0001533648242439,23.5,2.5,directa,16301.0,3_pseudohuerfanas,1
173173,3,informativa,17841,5,0.3358765301092961,3.0,0.0001840377890926,46.0,3.0,directa,16301.0,3_pseudohuerfanas,1
178237,3,no informativa,103597,4,0.0,8169.0,0.501134899699405,185084.0,8169.0,indirecta,16301.0,3_pseudohuerfanas,3
180252,3,informativa,118579,3,0.5941583513053732,1.5,9.201889454634684e-05,5.0,1.5,directa,16301.0,3_pseudohuerfanas,3
183117,3,informativa,118579,3,0.3664901980014451,1.5,9.201889454634684e-05,5.0,1.5,directa,16301.0,3_pseudohuerfanas,3
184215,3,informativa,268394,4,0.1076923309662035,7.5,0.0004600944727317,125.5,7.5,directa,16301.0,3_pseudohuerfanas,3
188448,3,informativa,118579,2,0.2443267986676301,1.5,9.201889454634684e-05,5.0,1.5,directa,16301.0,3_pseudohuerfanas,3
190412,3,informativa,118579,3,0.2318328146448535,1.5,9.201889454634684e-05,5.0,1.5,directa,16301.0,3_pseudohuerfanas,1
191358,3,no informativa,118579,3,0.0,8259.5,0.5066867063370345,186594.0,8259.5,indirecta,16301.0,3_pseudohuerfanas,1
194822,3,informativa,118579,6,0.478936054206434,1.5,9.201889454634684e-05,20.0,1.5,directa,16301.0,3_pseudohuerfanas,3
196656,3,informativa,317623,2,0.1605650464897063,1.0,6.134592969756457e-05,2.5,1.0,directa,16301.0,3_pseudohuerfanas,1
201574,3,no informativa,58793,2,0.0,8158.0,0.5004600944727318,184573.0,8158.0,indirecta,16301.0,3_pseudohuerfanas,1
204252,3,informativa,95577,3,0.0866137527625114,5.5,0.0003374026133366,25.0,5.5,directa,16301.0,3_pseudohuerfanas,1
212678,3,no informativa,118579,4,0.0,8172.5,0.5013496104533465,184809.0,8172.5,indirecta,16301.0,3_pseudohuerfanas,3
217285,3,informativa,229074,4,0.1032488695027008,13.5,0.0008281700509171,60.5,13.5,directa,16301.0,3_pseudohuerfanas,1
219450,3,no informativa,268394,2,0.0,8207.0,0.5034660450279124,185044.0,8207.0,indirecta,16301.0,3_pseudohuerfanas,1
223844,3,informativa,252595,5,1.6996028427058534,1.5,9.201889454634684e-05,2.5,1.5,directa,16301.0,3_pseudohuerfanas,1
223876,3,informativa,95577,6,0.1810178459007008,5.5,0.0003374026133366,133.0,5.5,directa,16301.0,3_pseudohuerfanas,3
224315,3,informativa,118579,3,0.884296424723184,1.5,9.201889454634684e-05,5.0,1.5,directa,16301.0,3_pseudohuerfanas,1
225960,3,informativa,118579,4,0.3712289956412285,1.5,9.201889454634684e-05,5.0,1.5,directa,16301.0,3_pseudohuerfanas,1
226572,3,no informativa,124858,38,0.0,8226.5,0.504662290657015,186191.0,8226.5,indirecta,16301.0,3_pseudohuerfanas,1
229426,3,informativa,252595,4,0.2299792625443563,1.5,9.201889454634684e-05,2.5,1.5,directa,16301.0,3_pseudohuerfanas,1
230933,3,informativa,176376,18,0.438308436736376,12.0,0.0007361511563707,292.5,12.0,directa,16301.0,3_pseudohuerfanas,1
232702,3,informativa,232952,53,0.1011241165920461,21.5,0.0013189374884976,769.0,21.5,directa,16301.0,3_pseudohuerfanas,3
236797,3,informativa,118579,4,0.7357568368968407,1.5,9.201889454634684e-05,5.0,1.5,directa,16301.0,3_pseudohuerfanas,1
243292,3,no informativa,95298,2,0.0,8160.5,0.5006134592969756,184357.5,8160.5,indirecta,16301.0,3_pseudohuerfanas,3
245015,3,informativa,84247,23,0.1278421480665792,16.5,0.0010122078400098,392.0,16.5,directa,16301.0,3_pseudohuerfanas,3
248579,3,informativa,194297,3,0.1852076846045867,7.0,0.0004294215078829,20.0,7.0,directa,16301.0,3_pseudohuerfanas,1
252136,3,informativa,118579,3,0.2387739168797294,1.5,9.201889454634684e-05,7.0,1.5,directa,16301.0,3_pseudohuerfanas,1
258418,3,no informativa,118579,2,0.0,8375.5,0.513802834181952,186177.0,8375.5,indirecta,16301.0,3_pseudohuerfanas,1
259680,3,no informativa,254455,3,0.0,8188.5,0.5023311453285074,185265.5,8188.5,indirecta,16301.0,3_pseudohuerfanas,1
263680,3,informativa,268394,6,0.0650142590647821,14.5,0.0008895159806146,198.5,14.5,directa,16301.0,3_pseudohuerfanas,1
267129,3,informativa,317623,9,0.7304827389751477,1.0,6.134592969756457e-05,2.5,1.0,directa,16301.0,3_pseudohuerfanas,1
269184,3,informativa,103597,8,0.2284509268447545,18.0,0.0011042267345561,57.5,18.0,directa,16301.0,3_pseudohuerfanas,3
269472,3,no informativa,118579,2,0.0,8164.0,0.5008281700509172,184385.5,8164.0,indirecta,16301.0,3_pseudohuerfanas,3
272025,3,informativa,17841,4,0.1011241165920461,10.0,0.0006134592969756,89.0,10.0,directa,16301.0,3_pseudohuerfanas,3
273846,3,informativa,118579,5,0.5969347921993235,3.5,0.0002147107539414,24.0,3.5,directa,16301.0,3_pseudohuerfanas,1
277151,3,no informativa,229074,2,0.0,8152.5,0.5001226918593952,184329.5,8152.5,indirecta,16301.0,3_pseudohuerfanas,3
277750,3,informativa,118579,7,0.259597223584357,2.5,0.0001533648242439,7.0,2.5,directa,16301.0,3_pseudohuerfanas,1
278671,3,informativa,317623,5,0.1429205358864419,1.0,6.134592969756457e-05,2.5,1.0,directa,16301.0,3_pseudohuerfanas,3
283515,3,informativa,268394,4,0.1802849392471259,4.5,0.000276056683639,133.5,4.5,directa,16301.0,3_pseudohuerfanas,1
286627,3,informativa,118579,4,0.1263280606747405,5.5,0.0003374026133366,41.0,5.5,directa,16301.0,3_pseudohuerfanas,1
289947,3,no informativa,33124,2,0.0,8160.0,0.5005827863321268,184708.5,8160.0,indirecta,16301.0,3_pseudohuerfanas,1
295085,3,no informativa,110725,7,0.0,8248.0,0.5059812281455125,186352.5,8248.0,indirecta,16301.0,3_pseudohuerfanas,3
296742,3,informativa,118579,2,0.3692666388953955,1.5,9.201889454634684e-05,5.0,1.5,directa,16301.0,3_pseudohuerfanas,3
300234,3,informativa,118579,8,0.1249398402277654,2.5,0.0001533648242439,38.0,2.5,directa,16301.0,3_pseudohuerfanas,1
305007,3,informativa,317623,2,0.1605650464897063,1.0,6.134592969756457e-05,2.5,1.0,directa,16301.0,3_pseudohuerfanas,1
305135,3,informativa,118579,2,0.122163399333815,1.5,9.201889454634684e-05,5.0,1.5,directa,16301.0,3_pseudohuerfanas,1
305845,3,informativa,268394,2,0.0335042807450411,13.5,0.0008281700509171,135.5,13.5,directa,16301.0,3_pseudohuerfanas,1
306736,3,no informativa,317623,3,0.0,8288.5,0.5084657382982639,187464.0,8288.5,indirecta,16301.0,3_pseudohuerfanas,1
306745,3,informativa,118579,4,0.1291045015686909,1.5,9.201889454634684e-05,24.0,1.5,directa,16301.0,3_pseudohuerfanas,3
311397,3,informativa,181323,7,0.0431639492385614,39.0,0.002392491258205,869.5,39.0,directa,16301.0,3_pseudohuerfanas,1
312063,3,informativa,181323,4,0.0222281415240496,76.0,0.0046622906570149,1953.5,76.0,directa,16301.0,3_pseudohuerfanas,1
312968,3,informativa,95577,8,1.3039652888422046,3.5,0.0002147107539414,15.0,3.5,directa,16301.0,3_pseudohuerfanas,1
314093,3,informativa,118579,6,0.9675896515416942,1.5,9.201889454634684e-05,5.0,1.5,directa,16301.0,3_pseudohuerfanas,1
315898,3,informativa,268394,2,0.0666097010050222,3.5,0.0002147107539414,91.5,3.5,directa,16301.0,3_pseudohuerfanas,3
316066,3,informativa,118579,2,0.1332691629096164,1.5,9.201889454634684e-05,7.0,1.5,directa,16301.0,3_pseudohuerfanas,1
318583,3,informativa,252595,4,0.2664393895330958,1.5,9.201889454634684e-05,2.5,1.5,directa,16301.0,3_pseudohuerfanas,3
319428,3,no informativa,226161,2,0.0,8375.5,0.513802834181952,186177.0,8375.5,indirecta,16301.0,3_pseudohuerfanas,1
321993,3,informativa,268394,11,0.1064957495110235,14.5,0.0008895159806146,347.5,14.5,directa,16301.0,3_pseudohuerfanas,3
322141,3,informativa,118579,5,0.3859252842590976,1.5,9.201889454634684e-05,5.0,1.5,directa,16301.0,3_pseudohuerfanas,3
323114,3,no informativa,118579,4,0.0,8230.0,0.5048770014109564,185635.5,8230.0,indirecta,16301.0,3_pseudohuerfanas,1
323613,3,informativa,118579,4,0.1124458562049888,1.5,9.201889454634684e-05,5.0,1.5,directa,16301.0,3_pseudohuerfanas,3
324984,3,informativa,268394,3,0.032307699289861,8.5,0.0005214404024292,106.5,8.5,directa,16301.0,3_pseudohuerfanas,1
324986,3,informativa,268394,4,0.0694017244004422,12.5,0.0007668241212195,154.5,12.5,directa,16301.0,3_pseudohuerfanas,1
331040,3,no informativa,118579,4,0.0,8233.5,0.5050917121648979,186045.5,8233.5,indirecta,16301.0,3_pseudohuerfanas,1
338144,3,informativa,118579,2,0.1263280606747405,1.5,9.201889454634684e-05,5.0,1.5,directa,16301.0,3_pseudohuerfanas,1
339874,3,no informativa,268394,3,0.0,8272.0,0.5074535304582541,186815.5,8272.0,indirecta,16301.0,3_pseudohuerfanas,1
343147,3,no informativa,268394,2,0.0,8202.5,0.5031899883442733,184941.0,8202.5,indirecta,16301.0,3_pseudohuerfanas,1
347379,3,informativa,229074,6,0.0406303421654146,19.5,0.0011962456291025,246.0,19.5,indirecta,16301.0,3_pseudohuerfanas,3
348285,3,informativa,268394,12,0.1380057278307646,29.5,0.0018097049260781,855.5,29.5,directa,16301.0,3_pseudohuerfanas,1
349540,3,no informativa,317623,2,0.0,8209.5,0.5036194098521564,185007.0,8209.5,indirecta,16301.0,3_pseudohuerfanas,1
353237,3,informativa,268394,2,0.0686040034303222,3.5,0.0002147107539414,79.5,3.5,directa,16301.0,3_pseudohuerfanas,1
354010,3,informativa,268394,3,0.0705983058556223,7.5,0.0004600944727317,190.5,7.5,directa,16301.0,3_pseudohuerfanas,1
354841,3,informativa,252595,6,0.2355885128503163,1.5,9.201889454634684e-05,2.5,1.5,directa,16301.0,3_pseudohuerfanas,1
355821,3,informativa,268394,7,0.1049003075707834,13.5,0.0008281700509171,138.5,13.5,directa,16301.0,3_pseudohuerfanas,1
358615,3,informativa,118579,4,0.3623255366605196,1.5,9.201889454634684e-05,9.0,1.5,directa,16301.0,3_pseudohuerfanas,3
361280,3,informativa,229074,2,0.1274677401267911,4.0,0.0002453837187902,50.0,4.0,directa,16301.0,3_pseudohuerfanas,2
365502,3,no informativa,268394,3,0.0,8230.0,0.5048770014109564,186000.5,8230.0,indirecta,16301.0,3_pseudohuerfanas,3
366852,3,informativa,118579,2,0.1207751788868398,8.5,0.0005214404024292,24.0,8.5,directa,16301.0,3_pseudohuerfanas,1
376358,3,informativa,118579,2,0.1277162811217157,1.5,9.201889454634684e-05,5.0,1.5,directa,16301.0,3_pseudohuerfanas,1
378953,3,informativa,268394,4,0.0366951646255212,11.5,0.0007054781915219,227.5,11.5,directa,16301.0,3_pseudohuerfanas,1
380635,3,informativa,181323,4,0.0209358077145118,45.0,0.0027605668363904,852.5,45.0,directa,16301.0,3_pseudohuerfanas,1
388147,3,no informativa,268394,2,0.0,8203.5,0.503251334273971,184932.5,8203.5,indirecta,16301.0,3_pseudohuerfanas,1
390304,3,informativa,118579,11,0.3720430797893458,8.5,0.0005214404024292,24.0,8.5,directa,16301.0,3_pseudohuerfanas,3
392530,3,informativa,268394,4,0.0686040034303222,8.5,0.0005214404024292,189.5,8.5,directa,16301.0,3_pseudohuerfanas,1
395127,3,informativa,398375,4,0.2116238896782762,1.0,6.134592969756457e-05,1.5,1.0,directa,16301.0,3_pseudohuerfanas,1
397049,3,informativa,118579,7,0.2415503577736797,2.5,0.0001533648242439,76.0,2.5,directa,16301.0,3_pseudohuerfanas,1
397648,3,no informativa,118579,2,0.0,8166.0,0.5009508619103122,184966.0,8166.0,indirecta,16301.0,3_pseudohuerfanas,3
398072,3,no informativa,33124,2,0.0,8160.0,0.5005827863321268,184712.5,8160.0,indirecta,16301.0,3_pseudohuerfanas,3
399719,3,informativa,118579,2,0.2429385782206549,1.5,9.201889454634684e-05,5.0,1.5,directa,16301.0,3_pseudohuerfanas,1
404160,3,informativa,17841,2,0.2058598087766653,1.0,6.134592969756457e-05,35.0,1.0,directa,16301.0,3_pseudohuerfanas,1
405331,3,no informativa,268394,6,0.0,8239.5,0.5054597877430832,185532.0,8239.5,indirecta,16301.0,3_pseudohuerfanas,3
409049,3,no informativa,277090,4,0.0,8162.5,0.5007361511563708,184521.0,8162.5,indirecta,16301.0,3_pseudohuerfanas,2
412047,3,informativa,118579,3,0.3762077411302714,1.5,9.201889454634684e-05,5.0,1.5,directa,16301.0,3_pseudohuerfanas,1
412138,3,informativa,268394,7,0.032307699289861,15.5,0.0009508619103122,247.5,15.5,directa,16301.0,3_pseudohuerfanas,3
415353,3,informativa,339723,1,0.7746904247869295,1.0,6.134592969756457e-05,2.0,1.0,directa,16301.0,3_pseudohuerfanas,1
418460,3,informativa,238256,2,0.8212516957827771,2.5,0.0001533648242439,23.5,2.5,directa,16301.0,3_pseudohuerfanas,1
420937,3,informativa,252595,11,0.5244649036072518,1.5,9.201889454634684e-05,2.5,1.5,directa,16301.0,3_pseudohuerfanas,3
424694,3,no informativa,118579,3,0.0,8218.0,0.5041408502545857,186551.0,8218.0,indirecta,16301.0,3_pseudohuerfanas,3
427315,3,no informativa,95577,3,0.0,8158.0,0.5004600944727318,184680.5,8158.0,indirecta,16301.0,3_pseudohuerfanas,1
442759,3,informativa,118579,3,0.113834076651964,2.5,0.0001533648242439,23.0,2.5,directa,16301.0,3_pseudohuerfanas,1
443646,3,no informativa,17841,4,0.0,8458.0,0.5188638733820011,188303.5,8458.0,indirecta,16301.0,3_pseudohuerfanas,3
444031,3,informativa,118579,3,0.7371450573438159,1.5,9.201889454634684e-05,5.0,1.5,directa,16301.0,3_pseudohuerfanas,1
444977,3,informativa,118579,6,0.3692666388953955,2.5,0.0001533648242439,74.0,2.5,directa,16301.0,3_pseudohuerfanas,1
448849,3,informativa,231904,2,0.2425994114318872,1.0,6.134592969756457e-05,15.5,1.0,directa,16301.0,3_pseudohuerfanas,1
450017,3,informativa,317623,3,0.2911344249538632,9.0,0.000552113367278,35.5,9.0,directa,16301.0,3_pseudohuerfanas,1
452888,3,informativa,17841,5,0.2275292623321038,1.0,6.134592969756457e-05,35.0,1.0,directa,16301.0,3_pseudohuerfanas,1
456085,3,informativa,118579,3,1.0370006738904527,1.5,9.201889454634684e-05,5.0,1.5,directa,16301.0,3_pseudohuerfanas,1
462181,3,informativa,181323,11,0.0669428913340564,74.0,0.0045395987976197,1466.5,74.0,directa,16301.0,3_pseudohuerfanas,3
462859,3,no informativa,268394,4,0.0,8390.0,0.5146923501625668,186854.0,8390.0,indirecta,16301.0,3_pseudohuerfanas,3
465089,3,informativa,268394,2,0.0354985831703411,8.5,0.0005214404024292,112.5,8.5,directa,16301.0,3_pseudohuerfanas,3
465646,3,informativa,118579,2,0.1179987379928895,1.5,9.201889454634684e-05,7.0,1.5,directa,16301.0,3_pseudohuerfanas,3
466671,3,informativa,118579,4,0.1124458562049888,1.5,9.201889454634684e-05,24.0,1.5,directa,16301.0,3_pseudohuerfanas,3
469502,3,no informativa,95577,2,0.0,8217.5,0.5041101772897368,186520.5,8217.5,indirecta,16301.0,3_pseudohuerfanas,3
470762,3,informativa,231904,2,0.1360923527544733,2.0,0.0001226918593951,20.5,2.0,directa,16301.0,3_pseudohuerfanas,1
477041,3,informativa,103597,11,1.0409825738699126,4.0,0.0002453837187902,14.5,4.0,directa,16301.0,3_pseudohuerfanas,1
480778,3,no informativa,118579,4,0.0,8169.0,0.501134899699405,185097.5,8169.0,indirecta,16301.0,3_pseudohuerfanas,3
481638,3,informativa,17841,2,0.097512540999473,3.0,0.0001840377890926,44.0,3.0,directa,16301.0,3_pseudohuerfanas,3
486273,3,no informativa,118579,3,0.0,8212.5,0.503803447641249,186224.5,8212.5,indirecta,16301.0,3_pseudohuerfanas,3
489691,3,no informativa,17841,2,0.0,8209.5,0.5036194098521564,185326.5,8209.5,indirecta,16301.0,3_pseudohuerfanas,1
489907,3,no informativa,244907,11,0.0,8446.0,0.5181277222256303,187385.0,8446.0,indirecta,16301.0,3_pseudohuerfanas,3
490910,3,informativa,17841,5,0.2082675258383807,2.0,0.0001226918593951,53.0,2.0,directa,16301.0,3_pseudohuerfanas,3
492307,3,informativa,252595,4,0.2636347643801158,1.5,9.201889454634684e-05,2.5,1.5,directa,16301.0,3_pseudohuerfanas,1
493131,3,no informativa,33124,2,0.0,8204.5,0.5033126802036685,184913.0,8204.5,indirecta,16301.0,3_pseudohuerfanas,3
494857,3,no informativa,108439,2,0.0,8164.5,0.5008588430157659,184620.0,8164.5,indirecta,16301.0,3_pseudohuerfanas,1
500581,3,informativa,17841,4,0.2166945355543845,1.0,6.134592969756457e-05,35.0,1.0,directa,16301.0,3_pseudohuerfanas,3
504350,3,informativa,229074,5,0.2205191904193487,5.5,0.0003374026133366,18.5,5.5,directa,16301.0,3_pseudohuerfanas,1
512379,3,informativa,118579,3,0.1124458562049888,1.5,9.201889454634684e-05,7.0,1.5,directa,16301.0,3_pseudohuerfanas,3
513287,3,informativa,108439,3,0.1247400392858615,1.5,9.201889454634684e-05,12.0,1.5,directa,16301.0,3_pseudohuerfanas,1
517738,3,informativa,229074,2,0.1185449983179157,8.0,0.0004907674375805,58.0,8.0,directa,16301.0,3_pseudohuerfanas,1
518239,3,no informativa,244907,2,0.0,8152.0,0.5000920188945464,184319.5,8152.0,indirecta,16301.0,3_pseudohuerfanas,1
521856,3,no informativa,268394,2,0.0,8170.5,0.5012269185939513,184673.5,8170.5,indirecta,16301.0,3_pseudohuerfanas,1
525095,3,no informativa,317623,4,0.0,8205.5,0.503374026133366,184955.0,8205.5,indirecta,16301.0,3_pseudohuerfanas,3
526103,3,informativa,268394,5,0.0662108405199622,16.5,0.0010122078400098,191.5,16.5,directa,16301.0,3_pseudohuerfanas,1
533258,3,informativa,260539,6,0.0454322854651869,18.0,0.0011042267345561,257.0,18.0,directa,16301.0,3_pseudohuerfanas,1
533596,3,informativa,317623,6,0.1464494380070948,2.0,0.0001226918593951,27.5,2.0,directa,16301.0,3_pseudohuerfanas,1
534475,3,informativa,17841,7,0.4177389102076191,1.0,6.134592969756457e-05,37.0,1.0,directa,16301.0,3_pseudohuerfanas,1
535496,3,informativa,17841,2,0.429777495516196,1.0,6.134592969756457e-05,35.0,1.0,directa,16301.0,3_pseudohuerfanas,1
539621,3,informativa,118579,6,0.8343204886320778,1.5,9.201889454634684e-05,5.0,1.5,directa,16301.0,3_pseudohuerfanas,3
540285,3,informativa,229074,7,0.1198196757191836,8.0,0.0004907674375805,65.0,8.0,directa,16301.0,3_pseudohuerfanas,1
540616,3,no informativa,78979,2,0.0,8160.0,0.5005827863321268,184712.5,8160.0,indirecta,16301.0,3_pseudohuerfanas,3
540660,3,no informativa,272275,5,0.0,8164.5,0.5008588430157659,184737.0,8164.5,indirecta,16301.0,3_pseudohuerfanas,1
541788,3,informativa,118579,8,0.2443267986676301,1.5,9.201889454634684e-05,5.0,1.5,directa,16301.0,3_pseudohuerfanas,3
544306,3,informativa,95577,2,0.1646613101968623,3.5,0.0002147107539414,15.0,3.5,directa,16301.0,3_pseudohuerfanas,1
547649,3,informativa,268394,8,0.181082660217246,4.5,0.000276056683639,87.5,4.5,directa,16301.0,3_pseudohuerfanas,1
552066,3,informativa,268394,4,0.1348148439502844,3.5,0.0002147107539414,66.5,3.5,directa,16301.0,3_pseudohuerfanas,1
556765,3,informativa,118579,2,0.122163399333815,1.5,9.201889454634684e-05,7.0,1.5,directa,16301.0,3_pseudohuerfanas,1
563212,3,informativa,317623,2,0.1482138890674212,3.0,0.0001840377890926,12.5,3.0,directa,16301.0,3_pseudohuerfanas,1
563519,3,informativa,268394,4,0.032706559774921,90.5,0.0055518066376295,851.5,90.5,directa,16301.0,3_pseudohuerfanas,1
568795,3,informativa,156156,7,0.018114258852977,135.5,0.0083123734740199,1709.5,135.5,indirecta,16301.0,3_pseudohuerfanas,2
572411,3,no informativa,277206,2,0.0,8199.5,0.5030059505551807,184719.5,8199.5,indirecta,16301.0,3_pseudohuerfanas,3
576141,3,informativa,33124,3,0.3993924011591418,3.5,0.0002147107539414,8.5,3.5,directa,16301.0,3_pseudohuerfanas,3
578568,3,informativa,17841,6,0.316614793615573,1.0,6.134592969756457e-05,49.0,1.0,directa,16301.0,3_pseudohuerfanas,3
581657,3,informativa,118579,11,0.2373856964327542,1.5,9.201889454634684e-05,37.0,1.5,directa,16301.0,3_pseudohuerfanas,3
585876,3,informativa,120612,4,0.0143283713985683,251.5,0.0154285013189374,2272.5,251.5,indirecta,16301.0,3_pseudohuerfanas,1
591055,3,informativa,118579,2,0.113834076651964,1.5,9.201889454634684e-05,5.0,1.5,directa,16301.0,3_pseudohuerfanas,3
592399,3,informativa,17841,2,0.2046559502458076,1.0,6.134592969756457e-05,35.0,1.0,directa,16301.0,3_pseudohuerfanas,1
592550,3,no informativa,363878,3,0.0,8209.5,0.5036194098521564,185027.0,8209.5,indirecta,16301.0,3_pseudohuerfanas,3
593192,3,no informativa,95577,5,0.0,8269.0,0.5072694926691614,185852.0,8269.0,indirecta,16301.0,3_pseudohuerfanas,3
596414,3,no informativa,268394,6,0.0,8208.5,0.5035580639224587,185444.0,8208.5,indirecta,16301.0,3_pseudohuerfanas,3
597870,3,informativa,118579,4,0.1124458562049888,1.5,9.201889454634684e-05,7.0,1.5,directa,16301.0,3_pseudohuerfanas,3
598498,3,informativa,118579,2,0.2498796804555308,1.5,9.201889454634684e-05,5.0,1.5,directa,16301.0,3_pseudohuerfanas,1
599049,3,informativa,118579,6,0.3595490957665693,8.5,0.0005214404024292,24.0,8.5,directa,16301.0,3_pseudohuerfanas,3
600145,3,no informativa,230453,2,0.0,8152.5,0.5001226918593952,184377.5,8152.5,indirecta,16301.0,3_pseudohuerfanas,1
602122,3,no informativa,277090,2,0.0,8176.5,0.5015949941721367,184716.0,8176.5,indirecta,16301.0,3_pseudohuerfanas,1
604743,3,no informativa,118579,2,0.0,8221.5,0.5043555610085271,185577.0,8221.5,indirecta,16301.0,3_pseudohuerfanas,1
607231,3,informativa,393810,2,0.435,1.0,6.134592969756457e-05,8.5,1.0,directa,16301.0,3_pseudohuerfanas,3
611183,3,no informativa,268394,3,0.0,8208.0,0.50352739095761,185325.0,8208.0,indirecta,16301.0,3_pseudohuerfanas,1
613727,3,informativa,231904,4,0.2618298525819759,1.0,6.134592969756457e-05,15.5,1.0,directa,16301.0,3_pseudohuerfanas,1
629033,3,informativa,226161,5,0.1939184050730795,8.0,0.0004907674375805,31.0,8.0,directa,16301.0,3_pseudohuerfanas,3
635955,3,informativa,231904,4,0.254433529062711,1.0,6.134592969756457e-05,15.5,1.0,directa,16301.0,3_pseudohuerfanas,1
638677,3,informativa,17841,2,0.1143665604314807,2.0,0.0001226918593951,53.0,2.0,directa,16301.0,3_pseudohuerfanas,3
641407,3,informativa,118579,2,0.1152222970989391,1.5,9.201889454634684e-05,5.0,1.5,directa,16301.0,3_pseudohuerfanas,1
649032,3,informativa,118579,3,0.130492722015666,3.5,0.0002147107539414,61.0,3.5,directa,16301.0,3_pseudohuerfanas,3
654548,3,informativa,108439,3,0.2263324424155838,1.5,9.201889454634684e-05,12.0,1.5,directa,16301.0,3_pseudohuerfanas,3
657261,3,informativa,268394,2,0.0705983058556223,4.5,0.000276056683639,133.5,4.5,directa,16301.0,3_pseudohuerfanas,1
662387,3,informativa,268394,5,0.1655271012999055,5.5,0.0003374026133366,68.5,5.5,directa,16301.0,3_pseudohuerfanas,1
668050,3,informativa,118579,2,0.122163399333815,1.5,9.201889454634684e-05,5.0,1.5,directa,16301.0,3_pseudohuerfanas,1
670856,3,informativa,252595,4,0.2299792625443563,1.5,9.201889454634684e-05,4.5,1.5,directa,16301.0,3_pseudohuerfanas,1
673562,3,informativa,252595,10,0.2327838876973363,1.5,9.201889454634684e-05,5.5,1.5,directa,16301.0,3_pseudohuerfanas,1
674341,3,informativa,317623,8,1.573958202139244,1.0,6.134592969756457e-05,2.5,1.0,directa,16301.0,3_pseudohuerfanas,1
677433,3,informativa,41837,2,0.8491288554609697,1.5,9.201889454634684e-05,5.0,1.5,directa,16301.0,3_pseudohuerfanas,1
682378,3,no informativa,252595,2,0.0,8214.5,0.5039261395006441,186205.5,8214.5,indirecta,16301.0,3_pseudohuerfanas,1
688434,3,informativa,95577,2,0.0073270081015406,236.5,0.014508312373474,2623.0,236.5,indirecta,16301.0,3_pseudohuerfanas,1
690004,3,informativa,32271,4,1.423572077425317,1.5,9.201889454634684e-05,6.0,1.5,directa,16301.0,3_pseudohuerfanas,1
694676,3,informativa,338312,114,0.1650237805410837,155.0,0.0095086191031225,1631.5,155.0,directa,16301.0,3_pseudohuerfanas,3
695561,3,informativa,118579,5,0.1124458562049888,1.5,9.201889454634684e-05,34.0,1.5,directa,16301.0,3_pseudohuerfanas,3
697870,3,informativa,118579,4,0.6982748848285111,1.5,9.201889454634684e-05,5.0,1.5,directa,16301.0,3_pseudohuerfanas,3
699725,3,no informativa,118579,3,0.0,8384.0,0.5143242745843813,186596.5,8384.0,indirecta,16301.0,3_pseudohuerfanas,1
699960,3,no informativa,231904,3,0.0,8230.5,0.5049076743758052,186788.5,8230.5,indirecta,16301.0,3_pseudohuerfanas,1
700006,3,no informativa,268394,3,0.0,8248.5,0.5060119011103613,185271.0,8248.5,indirecta,16301.0,3_pseudohuerfanas,1
703669,3,informativa,118579,4,0.4664420701836574,3.5,0.0002147107539414,22.0,3.5,directa,16301.0,3_pseudohuerfanas,1
704932,3,informativa,268394,4,0.1352137044353444,4.5,0.000276056683639,133.5,4.5,directa,16301.0,3_pseudohuerfanas,1
705078,3,no informativa,119381,2,0.0,8204.0,0.5032820072388197,184950.5,8204.0,indirecta,16301.0,3_pseudohuerfanas,1
706287,3,informativa,268394,9,0.2329345232750477,5.5,0.0003374026133366,83.5,5.5,directa,16301.0,3_pseudohuerfanas,1
713640,3,no informativa,268394,2,0.0,8209.5,0.5036194098521564,185326.5,8209.5,indirecta,16301.0,3_pseudohuerfanas,1
714937,3,informativa,317623,10,0.1429205358864419,7.0,0.0004294215078829,162.5,7.0,directa,16301.0,3_pseudohuerfanas,1
715698,3,informativa,103597,3,0.2284509268447545,2.0,0.0001226918593951,3.5,2.0,directa,16301.0,3_pseudohuerfanas,3
725939,3,informativa,21103,2,0.2520985089759842,1.0,6.134592969756457e-05,3.0,1.0,directa,16301.0,3_pseudohuerfanas,2
728493,3,informativa,277206,6,0.0928083343562021,9.5,0.0005827863321268,152.5,9.5,directa,16301.0,3_pseudohuerfanas,3
728712,3,informativa,268394,3,0.0331054202599811,8.5,0.0005214404024292,244.5,8.5,directa,16301.0,3_pseudohuerfanas,1
729651,3,informativa,118579,3,0.1263280606747405,1.5,9.201889454634684e-05,5.0,1.5,directa,16301.0,3_pseudohuerfanas,3
738081,3,informativa,181323,2,0.0211942744764194,35.0,0.0021471075394147,678.5,35.0,directa,16301.0,3_pseudohuerfanas,1
739764,3,no informativa,229074,2,0.0,8161.0,0.5006441322618245,184702.5,8161.0,indirecta,16301.0,3_pseudohuerfanas,3
743386,3,no informativa,118579,2,0.0,8160.0,0.5005827863321268,184708.5,8160.0,indirecta,16301.0,3_pseudohuerfanas,3
744639,3,informativa,268394,3,0.0686040034303222,6.5,0.0003987485430341,166.5,6.5,directa,16301.0,3_pseudohuerfanas,1
744752,3,informativa,118579,5,0.2526561213494811,1.5,9.201889454634684e-05,5.0,1.5,directa,16301.0,3_pseudohuerfanas,3
750965,3,informativa,95577,3,0.0770957579534442,11.5,0.0007054781915219,370.0,11.5,directa,16301.0,3_pseudohuerfanas,1
753279,3,informativa,17841,3,0.1011241165920461,2.0,0.0001226918593951,88.0,2.0,directa,16301.0,3_pseudohuerfanas,3
756075,3,no informativa,118579,2,0.0,8217.5,0.5041101772897368,186520.5,8217.5,indirecta,16301.0,3_pseudohuerfanas,1
756457,3,informativa,17841,12,0.2275292623321037,8.0,0.0004907674375805,76.0,8.0,indirecta,16301.0,3_pseudohuerfanas,1
760514,3,informativa,95577,3,0.0951799480906718,4.5,0.000276056683639,21.0,4.5,directa,16301.0,3_pseudohuerfanas,0
763955,3,no informativa,244907,4,0.0,8221.5,0.5043555610085271,185780.5,8221.5,indirecta,16301.0,3_pseudohuerfanas,2
767800,3,no informativa,268394,2,0.0,8160.0,0.5005827863321268,184708.5,8160.0,indirecta,16301.0,3_pseudohuerfanas,1
767849,3,informativa,118579,5,0.3401140095089169,1.5,9.201889454634684e-05,5.0,1.5,directa,16301.0,3_pseudohuerfanas,1
768621,3,no informativa,95751,9,0.0,8226.0,0.5046316176921661,185787.5,8226.0,indirecta,16301.0,3_pseudohuerfanas,2
776260,3,informativa,268394,1,0.1400000302560646,3.5,0.0002147107539414,64.5,3.5,directa,16301.0,3_pseudohuerfanas,1
777808,3,informativa,181323,2,0.0214527412383269,35.0,0.0021471075394147,678.5,35.0,directa,16301.0,3_pseudohuerfanas,1
778085,3,no informativa,229074,2,0.0,8217.5,0.5041101772897368,184963.5,8217.5,indirecta,16301.0,3_pseudohuerfanas,1
782973,3,no informativa,205572,12,0.0,8274.5,0.507606895282498,186852.0,8274.5,indirecta,16301.0,3_pseudohuerfanas,1
785200,3,informativa,118579,3,0.2554325622434314,1.5,9.201889454634684e-05,5.0,1.5,directa,16301.0,3_pseudohuerfanas,3
785765,3,informativa,103597,3,0.2072544490962722,2.0,0.0001226918593951,18.5,2.0,directa,16301.0,3_pseudohuerfanas,3
786965,3,informativa,268394,3,0.0666097010050222,13.5,0.0008281700509171,446.5,13.5,directa,16301.0,3_pseudohuerfanas,3
789904,3,no informativa,277090,3,0.0,8164.0,0.5008281700509172,184934.0,8164.0,indirecta,16301.0,3_pseudohuerfanas,1
791298,3,informativa,167152,12,0.5305149431669844,3.0,0.0001840377890926,80.0,3.0,directa,16301.0,3_pseudohuerfanas,3
792065,3,informativa,268394,5,0.1750997529413457,4.5,0.000276056683639,67.5,4.5,directa,16301.0,3_pseudohuerfanas,1
795426,3,informativa,114091,6,0.8377960605216863,2.0,0.0001226918593951,5.5,2.0,directa,16301.0,3_pseudohuerfanas,1
796451,3,informativa,268394,10,0.1328205415249844,7.5,0.0004600944727317,105.5,7.5,directa,16301.0,3_pseudohuerfanas,1
800474,3,informativa,118579,2,0.122163399333815,1.5,9.201889454634684e-05,5.0,1.5,directa,16301.0,3_pseudohuerfanas,3
804375,3,no informativa,268394,4,0.0,8378.5,0.5139868719710448,186224.0,8378.5,indirecta,16301.0,3_pseudohuerfanas,3
804632,3,no informativa,17841,7,0.0,8262.5,0.5068707441261272,187459.0,8262.5,indirecta,16301.0,3_pseudohuerfanas,2
817583,3,informativa,229074,2,0.1236437079229874,7.5,0.0004600944727317,27.5,7.5,directa,16301.0,3_pseudohuerfanas,1
820151,3,no informativa,17841,3,0.0,8161.0,0.5006441322618245,184752.0,8161.0,indirecta,16301.0,3_pseudohuerfanas,3
820674,3,no informativa,268394,2,0.0,8154.5,0.5002453837187902,184336.0,8154.5,indirecta,16301.0,3_pseudohuerfanas,1
822767,3,informativa,268394,2,0.0741880502211624,5.5,0.0003374026133366,74.5,5.5,directa,16301.0,3_pseudohuerfanas,1
826066,3,informativa,118579,3,0.1193869584398647,1.5,9.201889454634684e-05,24.0,1.5,directa,16301.0,3_pseudohuerfanas,1
826245,3,informativa,268394,3,0.0370940251105812,4.5,0.000276056683639,160.5,4.5,directa,16301.0,3_pseudohuerfanas,1
826868,3,informativa,317623,4,0.1535072422484006,9.0,0.000552113367278,44.5,9.0,directa,16301.0,3_pseudohuerfanas,1
827357,3,informativa,17841,6,1.254420589153715,1.0,6.134592969756457e-05,35.0,1.0,directa,16301.0,3_pseudohuerfanas,3
114853,4,no informativa,74369,28,0.0,9631.5,0.5005716958578037,185340.5,9631.5,indirecta,19241.0,4_pseudohuerfanas,3
219048,4,informativa,112530,23,0.0312488078541374,12.0,0.000623668208513,191.5,12.0,indirecta,19241.0,4_pseudohuerfanas,3
219944,4,no informativa,224264,29,0.0,9703.0,0.5042877189335274,186161.0,9703.0,indirecta,19241.0,4_pseudohuerfanas,2
225760,4,no informativa,112530,2,0.0,9707.5,0.5045215945117197,186527.0,9707.5,indirecta,19241.0,4_pseudohuerfanas,3
312910,4,no informativa,285902,9,0.0,9630.5,0.5005197235070942,184507.0,9630.5,indirecta,19241.0,4_pseudohuerfanas,3
378303,4,informativa,224264,71,0.0967875816993464,1.5,7.795852606413388e-05,111.0,1.5,directa,19241.0,4_pseudohuerfanas,2
399437,4,no informativa,372117,7,0.0,9628.0,0.5003897926303207,184469.5,9628.0,indirecta,19241.0,4_pseudohuerfanas,3
410272,4,no informativa,1563,49,0.0,9654.0,0.5017410737487656,186640.5,9654.0,indirecta,19241.0,4_pseudohuerfanas,2
475290,4,no informativa,104302,36,0.0,9683.5,0.5032742580946936,187201.0,9683.5,indirecta,19241.0,4_pseudohuerfanas,2
548724,4,no informativa,71093,6,0.0,9772.0,0.5078738111324775,188108.0,9772.0,indirecta,19241.0,4_pseudohuerfanas,2
549787,4,informativa,224264,26,0.0145261437908496,7.5,0.0003897926303206,495.0,7.5,indirecta,19241.0,4_pseudohuerfanas,3
550058,4,informativa,5585,16,0.0278793103448275,4.5,0.0002338755781924,117.0,4.5,indirecta,19241.0,4_pseudohuerfanas,3
553020,4,informativa,372117,195,0.0113841372766015,117.0,0.0060807650330024,3448.5,117.0,indirecta,19241.0,4_pseudohuerfanas,3
608649,4,no informativa,132555,6,0.0,9625.5,0.5002598617535471,186286.0,9625.5,indirecta,19241.0,4_pseudohuerfanas,2
664762,4,informativa,112530,20,0.0907698924731182,2.0,0.0001039447014188,38.0,2.0,directa,19241.0,4_pseudohuerfanas,2
709212,4,no informativa,1563,76,0.0,9741.5,0.5062886544358401,188128.0,9741.5,indirecta,19241.0,4_pseudohuerfanas,2
10858,5,no informativa,178601,3,0.0,1094.0,0.5002286236854138,184489.0,1094.0,indirecta,2187.0,5_pseudohuerfanas,1
23007,5,informativa,132630,2,0.2538555374538027,1.5,0.0006858710562414,33.0,1.5,directa,2187.0,5_pseudohuerfanas,2
51445,5,informativa,208149,256,0.5823197721065249,13.0,0.005944215820759,934.0,13.0,indirecta,2187.0,5_pseudohuerfanas,2
197841,5,no informativa,142267,154,0.0,1121.0,0.5125743026977595,187771.0,1121.0,indirecta,2187.0,5_pseudohuerfanas,2
390097,5,informativa,81681,855,0.4893706106068102,41.0,0.0187471422039323,2810.5,41.0,indirecta,2187.0,5_pseudohuerfanas,1
477481,5,informativa,71947,5,0.0519371483123844,4.0,0.0018289894833104,189.0,4.0,indirecta,2187.0,5_pseudohuerfanas,3
503918,5,no informativa,75288,2,0.0,1097.0,0.5016003657978967,184680.0,1097.0,indirecta,2187.0,5_pseudohuerfanas,2
532573,5,no informativa,227138,6,0.0,1103.5,0.5045724737082762,184620.5,1103.5,indirecta,2187.0,5_pseudohuerfanas,2
540406,5,informativa,281862,12,0.0006693694871521,22.5,0.0102880658436214,4637.5,22.5,indirecta,2187.0,5_pseudohuerfanas,3
541378,5,no informativa,377085,512,0.0,1314.5,0.6010516689529035,205851.5,1314.5,indirecta,2187.0,5_pseudohuerfanas,2
559860,5,no informativa,358008,3,0.0,1098.0,0.5020576131687243,184741.0,1098.0,indirecta,2187.0,5_pseudohuerfanas,2
599166,5,informativa,178601,5,0.0985235976325229,1.0,0.0004572473708276,19.5,1.0,directa,2187.0,5_pseudohuerfanas,2
603813,5,no informativa,291886,12,0.0,1136.0,0.5194330132601738,186776.0,1136.0,indirecta,2187.0,5_pseudohuerfanas,3
607231,5,informativa,132630,2,0.1284570189525266,1.5,0.0006858710562414,33.0,1.5,directa,2187.0,5_pseudohuerfanas,3
684605,5,no informativa,227138,9,0.0,1100.5,0.5032007315957934,184470.5,1100.5,indirecta,2187.0,5_pseudohuerfanas,2
692043,5,informativa,132630,2,0.1284570189525266,1.5,0.0006858710562414,33.0,1.5,directa,2187.0,5_pseudohuerfanas,1
785389,5,informativa,9241,18,0.3954488105054752,5.0,0.002286236854138,36.5,5.0,indirecta,2187.0,5_pseudohuerfanas,2
804264,5,informativa,178601,250,0.1450286885619015,36.0,0.0164609053497942,4219.0,36.0,indirecta,2187.0,5_pseudohuerfanas,2
2691,9,no informativa,236580,3,0.0,13740.0,0.5010027347310848,184777.0,13740.0,indirecta,27425.0,9_pseudohuerfanas,3
5436,9,informativa,236580,2,3.6184242665398014e-05,22.5,0.0008204193254329,193.5,22.5,directa,27425.0,9_pseudohuerfanas,3
15689,9,informativa,307602,83,0.0106917610850859,3.0,0.000109389243391,205.0,3.0,indirecta,27425.0,9_pseudohuerfanas,3
17660,9,no informativa,185018,4,0.0,14071.0,0.5130720145852324,188368.0,14071.0,indirecta,27425.0,9_pseudohuerfanas,3
33126,9,no informativa,236580,4,0.0,13808.5,0.5035004557885141,186206.5,13808.5,indirecta,27425.0,9_pseudohuerfanas,3
34962,9,informativa,236580,5,7.14965758689792e-05,14.5,0.0005287146763901,156.5,14.5,directa,27425.0,9_pseudohuerfanas,3
35376,9,informativa,236580,9,0.0001268628266943,31.5,0.0011485870556061,567.5,31.5,directa,27425.0,9_pseudohuerfanas,3
35973,9,no informativa,185018,4,0.0,13758.0,0.5016590701914312,185027.5,13758.0,indirecta,27425.0,9_pseudohuerfanas,3
46801,9,no informativa,236580,8,0.0,13819.5,0.503901549680948,186501.0,13819.5,indirecta,27425.0,9_pseudohuerfanas,3
48859,9,no informativa,236580,5,0.0,13913.0,0.5073108477666363,188330.5,13913.0,indirecta,27425.0,9_pseudohuerfanas,3
50093,9,no informativa,240045,7,0.0,13842.5,0.5047402005469462,186927.5,13842.5,indirecta,27425.0,9_pseudohuerfanas,3
51445,9,informativa,23984,256,0.0005909451152928,309.0,0.0112670920692798,5429.5,309.0,indirecta,27425.0,9_pseudohuerfanas,2
52839,9,no informativa,236580,2,0.0,13934.5,0.5080948040109389,184708.5,13934.5,indirecta,27425.0,9_pseudohuerfanas,3
57453,9,no informativa,185018,3,0.0,14048.5,0.5122515952597995,187221.5,14048.5,indirecta,27425.0,9_pseudohuerfanas,1
57784,9,no informativa,236580,8,0.0,14124.0,0.5150045578851413,188432.0,14124.0,indirecta,27425.0,9_pseudohuerfanas,3
58199,9,no informativa,236580,4,0.0,14013.5,0.510975387420237,186763.0,14013.5,indirecta,27425.0,9_pseudohuerfanas,3
64270,9,no informativa,236580,6,0.0,13775.0,0.5022789425706472,185420.0,13775.0,indirecta,27425.0,9_pseudohuerfanas,3
67310,9,no informativa,236580,3,0.0,13988.0,0.510045578851413,186283.0,13988.0,indirecta,27425.0,9_pseudohuerfanas,2
69267,9,no informativa,185018,3,0.0,13734.0,0.5007839562443026,184620.0,13734.0,indirecta,27425.0,9_pseudohuerfanas,1
73841,9,no informativa,236580,3,0.0,13870.5,0.5057611668185962,187481.0,13870.5,indirecta,27425.0,9_pseudohuerfanas,3
78684,9,informativa,236580,8,0.0009067858402894,15.5,0.0005651777575205,241.5,15.5,directa,27425.0,9_pseudohuerfanas,1
81110,9,informativa,236580,7,0.0001207594604616,20.5,0.0007474931631722,260.5,20.5,directa,27425.0,9_pseudohuerfanas,1
82531,9,no informativa,236580,3,0.0,13952.0,0.5087329079307201,184966.0,13952.0,indirecta,27425.0,9_pseudohuerfanas,3
86506,9,informativa,185018,9,0.0001621751598979,31.5,0.0011485870556061,424.5,31.5,directa,27425.0,9_pseudohuerfanas,3
86511,9,informativa,236580,18,0.0001935639005233,37.5,0.0013673655423883,835.5,37.5,directa,27425.0,9_pseudohuerfanas,3
90062,9,no informativa,185018,4,0.0,13738.5,0.5009480401093892,184706.5,13738.5,indirecta,27425.0,9_pseudohuerfanas,1
95622,9,no informativa,236580,2,0.0,13729.5,0.500619872379216,184646.0,13729.5,indirecta,27425.0,9_pseudohuerfanas,1
102162,9,informativa,206362,147,0.0189013784184904,5.0,0.0001823154056517,226.0,5.0,directa,27425.0,9_pseudohuerfanas,2
110782,9,no informativa,236580,3,0.0,13808.5,0.5035004557885141,185682.5,13808.5,indirecta,27425.0,9_pseudohuerfanas,3
113290,9,informativa,240045,4,0.0004572147364147,3.0,0.000109389243391,60.0,3.0,directa,27425.0,9_pseudohuerfanas,3
115783,9,informativa,185018,5,3.57482879344896e-05,33.5,0.0012215132178669,582.5,33.5,directa,27425.0,9_pseudohuerfanas,3
115891,9,informativa,185018,6,4.010783524357371e-05,24.5,0.0008933454876937,536.5,24.5,directa,27425.0,9_pseudohuerfanas,3
117041,9,informativa,236580,8,0.0001517122463561,26.5,0.0009662716499544,533.5,26.5,directa,27425.0,9_pseudohuerfanas,3
117376,9,informativa,236580,15,8.065162521805582e-05,57.5,0.0020966271649954,1171.5,57.5,directa,27425.0,9_pseudohuerfanas,1
121574,9,no informativa,311009,15,0.0,13761.5,0.5017866909753874,184822.5,13761.5,indirecta,27425.0,9_pseudohuerfanas,2
123838,9,no informativa,240045,3,0.0,14271.0,0.5203646308113036,188469.0,14271.0,indirecta,27425.0,9_pseudohuerfanas,1
125534,9,no informativa,236580,6,0.0,13834.5,0.5044484958979034,186909.5,13834.5,indirecta,27425.0,9_pseudohuerfanas,1
140254,9,no informativa,185018,10,0.0,14053.5,0.5124339106654512,187216.0,14053.5,indirecta,27425.0,9_pseudohuerfanas,3
143645,9,no informativa,143521,212,0.0,15030.5,0.5480583409298085,197522.5,15030.5,indirecta,27425.0,9_pseudohuerfanas,3
147991,9,informativa,185018,15,0.0002458784682323,60.5,0.0022060164083865,1172.5,60.5,directa,27425.0,9_pseudohuerfanas,3
150124,9,no informativa,236580,12,0.0,13849.5,0.5049954421148587,186352.5,13849.5,indirecta,27425.0,9_pseudohuerfanas,3
155029,9,no informativa,240045,13,0.0,13921.5,0.5076207839562443,188598.5,13921.5,indirecta,27425.0,9_pseudohuerfanas,3
155135,9,no informativa,185018,6,0.0,14039.5,0.5119234275296263,186469.5,14039.5,indirecta,27425.0,9_pseudohuerfanas,3
156365,9,no informativa,236580,7,0.0,14240.0,0.5192342752962625,187420.5,14240.0,indirecta,27425.0,9_pseudohuerfanas,3
161567,9,no informativa,185018,4,0.0,13961.5,0.5090793072014586,184946.0,13961.5,indirecta,27425.0,9_pseudohuerfanas,3
164821,9,no informativa,185018,3,0.0,13971.5,0.5094439380127621,184879.0,13971.5,indirecta,27425.0,9_pseudohuerfanas,3
166075,9,informativa,185018,5,8.108757994896424e-05,14.5,0.0005287146763901,205.5,14.5,directa,27425.0,9_pseudohuerfanas,1
167457,9,informativa,236580,4,3.6184242665398014e-05,25.5,0.000929808568824,368.5,25.5,directa,27425.0,9_pseudohuerfanas,3
168903,9,informativa,236580,7,0.0001207594604616,20.5,0.0007474931631722,260.5,20.5,directa,27425.0,9_pseudohuerfanas,3
168935,9,informativa,185018,20,0.0002201571391087,102.5,0.0037374658158614,1337.5,102.5,directa,27425.0,9_pseudohuerfanas,1
170256,9,informativa,185018,6,0.0007759994210169,21.5,0.0007839562443026,348.5,21.5,directa,27425.0,9_pseudohuerfanas,3
173869,9,no informativa,236580,8,0.0,13817.5,0.5038286235186873,186398.5,13817.5,indirecta,27425.0,9_pseudohuerfanas,3
174988,9,no informativa,185018,2,0.0,13714.5,0.5000729261622607,184285.0,13714.5,indirecta,27425.0,9_pseudohuerfanas,1
176912,9,no informativa,248144,5,0.0,13795.0,0.5030082041932543,184645.5,13795.0,indirecta,27425.0,9_pseudohuerfanas,1
187157,9,informativa,185018,17,0.0001460448348543,51.5,0.0018778486782133,1005.5,51.5,directa,27425.0,9_pseudohuerfanas,3
188326,9,no informativa,185018,5,0.0,13825.5,0.5041203281677302,186573.5,13825.5,indirecta,27425.0,9_pseudohuerfanas,3
190919,9,no informativa,185018,13,0.0,14215.5,0.5183409298085688,189562.0,14215.5,indirecta,27425.0,9_pseudohuerfanas,3
194357,9,no informativa,185018,5,0.0,13834.0,0.5044302643573382,186932.0,13834.0,indirecta,27425.0,9_pseudohuerfanas,1
196934,9,no informativa,236580,3,0.0,13756.0,0.5015861440291705,184950.5,13756.0,indirecta,27425.0,9_pseudohuerfanas,3
197725,9,no informativa,236580,4,0.0,14018.0,0.5111394712853236,186759.0,14018.0,indirecta,27425.0,9_pseudohuerfanas,1
205925,9,informativa,236580,4,8.195948941078105e-05,16.5,0.0006016408386508,198.5,16.5,directa,27425.0,9_pseudohuerfanas,1
206195,9,informativa,236580,9,3.879997105084848e-05,70.5,0.00257064721969,715.5,70.5,directa,27425.0,9_pseudohuerfanas,3
207325,9,no informativa,236580,2,0.0,13714.5,0.5000729261622607,184336.0,13714.5,indirecta,27425.0,9_pseudohuerfanas,1
208411,9,no informativa,236580,10,0.0,14093.5,0.5138924339106654,188610.5,14093.5,indirecta,27425.0,9_pseudohuerfanas,3
209306,9,no informativa,236580,13,0.0,14146.5,0.5158249772105743,189278.0,14146.5,indirecta,27425.0,9_pseudohuerfanas,3
211589,9,no informativa,397607,4,0.0,13720.0,0.5002734731084777,184411.0,13720.0,indirecta,27425.0,9_pseudohuerfanas,3
220092,9,no informativa,185018,2,0.0,13934.0,0.5080765724703737,184723.0,13934.0,indirecta,27425.0,9_pseudohuerfanas,1
221101,9,no informativa,236580,17,0.0,13905.0,0.5070191431175934,187657.0,13905.0,indirecta,27425.0,9_pseudohuerfanas,2
223351,9,informativa,240045,3,0.0004572147364147,3.0,0.000109389243391,60.0,3.0,directa,27425.0,9_pseudohuerfanas,1
226612,9,informativa,140487,1389,0.0138748181628444,43.5,0.0015861440291704,3233.0,43.5,indirecta,27425.0,9_pseudohuerfanas,3
229109,9,informativa,194539,1286,0.0006976598896783,593.5,0.021640838650866,14155.5,593.5,indirecta,27425.0,9_pseudohuerfanas,2
232216,9,no informativa,236580,5,0.0,13780.5,0.5024794895168642,185426.5,13780.5,indirecta,27425.0,9_pseudohuerfanas,3
233555,9,informativa,236580,5,0.0001207594604616,10.5,0.0003828623518687,112.5,10.5,directa,27425.0,9_pseudohuerfanas,1
237079,9,informativa,236580,9,0.0002001032214869,25.5,0.000929808568824,400.5,25.5,directa,27425.0,9_pseudohuerfanas,1
241698,9,no informativa,23984,7,0.0,13715.5,0.5001093892433911,184401.5,13715.5,indirecta,27425.0,9_pseudohuerfanas,2
251112,9,no informativa,236580,2,0.0,13713.5,0.5000364630811304,184288.0,13713.5,indirecta,27425.0,9_pseudohuerfanas,1
251982,9,no informativa,185018,4,0.0,13774.5,0.5022607110300821,185349.0,13774.5,indirecta,27425.0,9_pseudohuerfanas,1
256737,9,no informativa,240045,6,0.0,14203.0,0.5178851412944394,186676.0,14203.0,indirecta,27425.0,9_pseudohuerfanas,3
259407,9,informativa,236580,26,3.792806158903165e-05,326.5,0.011905195989061,4376.5,326.5,directa,27425.0,9_pseudohuerfanas,3
262374,9,informativa,185018,2,8.719094618168197e-05,10.5,0.0003828623518687,66.5,10.5,directa,27425.0,9_pseudohuerfanas,1
267357,9,informativa,236580,22,7.847185156351377e-05,134.5,0.0049042844120328,1737.5,134.5,directa,27425.0,9_pseudohuerfanas,3
278067,9,informativa,185018,10,0.0001957436741778,26.5,0.0009662716499544,551.5,26.5,directa,27425.0,9_pseudohuerfanas,3
283887,9,informativa,185018,8,0.000199667266756,25.5,0.000929808568824,400.5,25.5,directa,27425.0,9_pseudohuerfanas,1
285311,9,informativa,14701,8,0.0003929707147869,30.0,0.0010938924339106,418.0,30.0,indirecta,27425.0,9_pseudohuerfanas,2
287756,9,no informativa,240045,3,0.0,13808.5,0.5035004557885141,185682.5,13808.5,indirecta,27425.0,9_pseudohuerfanas,3
289012,9,no informativa,236580,7,0.0,13782.5,0.5025524156791249,185509.0,13782.5,indirecta,27425.0,9_pseudohuerfanas,3
292671,9,informativa,236580,8,8.283139887259787e-05,40.5,0.0014767547857793,636.5,40.5,directa,27425.0,9_pseudohuerfanas,1
302489,9,no informativa,236580,2,0.0,13723.5,0.5004010938924339,184349.0,13723.5,indirecta,27425.0,9_pseudohuerfanas,3
304500,9,no informativa,185018,8,0.0,13772.5,0.5021877848678213,185388.0,13772.5,indirecta,27425.0,9_pseudohuerfanas,3
311015,9,no informativa,236580,2,0.0,13714.5,0.5000729261622607,184296.0,13714.5,indirecta,27425.0,9_pseudohuerfanas,1
311592,9,no informativa,240045,2,0.0,13787.0,0.5027164995442115,186192.0,13787.0,indirecta,27425.0,9_pseudohuerfanas,3
316929,9,no informativa,240045,6,0.0,13791.5,0.5028805834092981,185653.0,13791.5,indirecta,27425.0,9_pseudohuerfanas,1
319870,9,no informativa,185018,4,0.0,13772.0,0.5021695533272561,185352.0,13772.0,indirecta,27425.0,9_pseudohuerfanas,3
322170,9,informativa,236580,18,3.9671880512665296e-05,202.5,0.0073837739288969,2092.5,202.5,directa,27425.0,9_pseudohuerfanas,3
325881,9,no informativa,236580,3,0.0,13798.0,0.5031175934366454,185622.0,13798.0,indirecta,27425.0,9_pseudohuerfanas,1
331407,9,no informativa,185018,3,0.0,13744.5,0.5011668185961714,184873.5,13744.5,indirecta,27425.0,9_pseudohuerfanas,3
336567,9,no informativa,236580,5,0.0,13933.0,0.5080401093892434,184701.0,13933.0,indirecta,27425.0,9_pseudohuerfanas,3
344924,9,no informativa,236580,3,0.0,13730.5,0.5006563354603464,184680.5,13730.5,indirecta,27425.0,9_pseudohuerfanas,3
355635,9,no informativa,185018,4,0.0,13995.5,0.5103190519598906,185655.0,13995.5,indirecta,27425.0,9_pseudohuerfanas,3
358615,9,informativa,185018,4,3.792806158903165e-05,24.5,0.0008933454876937,293.5,24.5,directa,27425.0,9_pseudohuerfanas,3
360820,9,no informativa,185018,12,0.0,13910.5,0.5072196900638104,187639.5,13910.5,indirecta,27425.0,9_pseudohuerfanas,3
366334,9,informativa,185018,2,0.0001578156125888,10.5,0.0003828623518687,66.5,10.5,directa,27425.0,9_pseudohuerfanas,1
369433,9,no informativa,185018,6,0.0,13727.5,0.5005469462169553,184465.5,13727.5,indirecta,27425.0,9_pseudohuerfanas,3
376121,9,informativa,185018,8,3.836401631994006e-05,87.5,0.0031905195989061,726.5,87.5,indirecta,27425.0,9_pseudohuerfanas,1
377676,9,no informativa,185018,6,0.0,14095.0,0.513947128532361,188215.0,14095.0,indirecta,27425.0,9_pseudohuerfanas,1
388811,9,no informativa,240045,6,0.0,14041.0,0.5119781221513218,187251.0,14041.0,indirecta,27425.0,9_pseudohuerfanas,3
401272,9,no informativa,185018,5,0.0,13983.5,0.5098814949863263,185439.5,13983.5,indirecta,27425.0,9_pseudohuerfanas,3
404155,9,no informativa,236580,3,0.0,13723.5,0.5004010938924339,184395.0,13723.5,indirecta,27425.0,9_pseudohuerfanas,3
406424,9,informativa,236580,2,3.749210685812325e-05,14.5,0.0005287146763901,160.5,14.5,directa,27425.0,9_pseudohuerfanas,1
406660,9,no informativa,185018,9,0.0,13846.5,0.5048860528714676,185541.5,13846.5,indirecta,27425.0,9_pseudohuerfanas,3
407790,9,no informativa,236580,6,0.0,13977.0,0.5096444849589791,185429.0,13977.0,indirecta,27425.0,9_pseudohuerfanas,3
409947,9,no informativa,185018,6,0.0,13824.5,0.5040838650865999,186580.0,13824.5,indirecta,27425.0,9_pseudohuerfanas,3
410702,9,informativa,185018,22,0.0001857167153669,60.5,0.0022060164083865,1365.5,60.5,directa,27425.0,9_pseudohuerfanas,3
411098,9,no informativa,185018,5,0.0,13849.5,0.5049954421148587,186951.5,13849.5,indirecta,27425.0,9_pseudohuerfanas,1
411598,9,informativa,185018,12,3.6620197396306425e-05,36.5,0.0013309024612579,782.5,36.5,directa,27425.0,9_pseudohuerfanas,3
413245,9,informativa,236580,14,7.54201684471549e-05,139.5,0.0050865998176845,1618.5,139.5,directa,27425.0,9_pseudohuerfanas,1
416130,9,informativa,236580,20,3.9671880512665296e-05,206.5,0.0075296262534184,2258.5,206.5,directa,27425.0,9_pseudohuerfanas,3
416221,9,no informativa,236580,9,0.0,13896.5,0.5067092069279854,187349.0,13896.5,indirecta,27425.0,9_pseudohuerfanas,3
418741,9,informativa,236580,20,7.324039479261285e-05,180.5,0.0065815861440291,2105.5,180.5,directa,27425.0,9_pseudohuerfanas,3
424664,9,no informativa,185018,2,0.0,13729.5,0.500619872379216,184646.0,13729.5,indirecta,27425.0,9_pseudohuerfanas,1
425555,9,no informativa,236580,4,0.0,14024.5,0.5113764813126709,186102.0,14024.5,indirecta,27425.0,9_pseudohuerfanas,3
435437,9,informativa,185018,4,8.370330833441469e-05,17.5,0.0006381039197812,189.5,17.5,directa,27425.0,9_pseudohuerfanas,1
441907,9,no informativa,15768,2,0.0,13721.0,0.5003099361896081,184394.5,13721.0,indirecta,27425.0,9_pseudohuerfanas,2
443366,9,no informativa,185018,3,0.0,13944.5,0.5084594348222424,184843.5,13944.5,indirecta,27425.0,9_pseudohuerfanas,1
447526,9,no informativa,185018,4,0.0,13804.0,0.5033363719234275,186605.5,13804.0,indirecta,27425.0,9_pseudohuerfanas,3
450793,9,no informativa,185018,7,0.0,13824.5,0.5040838650865999,186571.5,13824.5,indirecta,27425.0,9_pseudohuerfanas,3
451583,9,informativa,185018,4,0.0001490965179706,11.5,0.000419325432999,90.5,11.5,directa,27425.0,9_pseudohuerfanas,1
456225,9,no informativa,236580,2,0.0,13787.5,0.5027347310847766,186194.0,13787.5,indirecta,27425.0,9_pseudohuerfanas,1
458302,9,informativa,236580,10,0.0001922560363306,26.5,0.0009662716499544,551.5,26.5,directa,27425.0,9_pseudohuerfanas,1
458564,9,informativa,236580,7,3.6184242665398014e-05,37.5,0.0013673655423883,898.5,37.5,directa,27425.0,9_pseudohuerfanas,3
458968,9,no informativa,185018,3,0.0,13772.0,0.5021695533272561,185295.0,13772.0,indirecta,27425.0,9_pseudohuerfanas,3
460973,9,no informativa,185018,6,0.0,14060.0,0.5126709206927985,187385.5,14060.0,indirecta,27425.0,9_pseudohuerfanas,3
466071,9,no informativa,236580,4,0.0,13999.0,0.5104466727438468,185554.5,13999.0,indirecta,27425.0,9_pseudohuerfanas,1
469468,9,no informativa,236580,5,0.0,13773.0,0.5022060164083865,185329.5,13773.0,indirecta,27425.0,9_pseudohuerfanas,3
479744,9,informativa,185018,7,0.0003339413238758,16.5,0.0006016408386508,260.5,16.5,directa,27425.0,9_pseudohuerfanas,1
486557,9,no informativa,185018,2,0.0,13720.5,0.5002917046490428,184379.0,13720.5,indirecta,27425.0,9_pseudohuerfanas,1
487823,9,no informativa,185018,6,0.0,14215.0,0.5183226982680037,186996.0,14215.0,indirecta,27425.0,9_pseudohuerfanas,3
488563,9,no informativa,397607,5,0.0,13719.5,0.5002552415679125,184397.5,13719.5,indirecta,27425.0,9_pseudohuerfanas,3
490910,9,informativa,185018,5,4.010783524357371e-05,25.5,0.000929808568824,459.5,25.5,directa,27425.0,9_pseudohuerfanas,3
491047,9,no informativa,236580,2,0.0,13717.5,0.5001823154056517,184383.5,13717.5,indirecta,27425.0,9_pseudohuerfanas,1
498761,9,informativa,236580,3,7.49842137162465e-05,12.5,0.0004557885141294,135.5,12.5,directa,27425.0,9_pseudohuerfanas,3
500805,9,no informativa,131266,3,0.0,13728.0,0.5005651777575205,184727.5,13728.0,indirecta,27425.0,9_pseudohuerfanas,3
501522,9,no informativa,185018,5,0.0,14009.0,0.5108113035551504,185885.5,14009.0,indirecta,27425.0,9_pseudohuerfanas,3
509487,9,no informativa,185018,2,0.0,13979.0,0.5097174111212397,186182.0,13979.0,indirecta,27425.0,9_pseudohuerfanas,1
511468,9,no informativa,236580,3,0.0,13957.5,0.5089334548769371,185043.5,13957.5,indirecta,27425.0,9_pseudohuerfanas,2
517146,9,no informativa,236580,3,0.0,13722.0,0.5003463992707384,184383.5,13722.0,indirecta,27425.0,9_pseudohuerfanas,1
517491,9,informativa,240045,3,0.0004628593627902,5.0,0.0001823154056517,71.0,5.0,directa,27425.0,9_pseudohuerfanas,1
520804,9,no informativa,236580,18,0.0,13874.0,0.5058887876025524,187393.5,13874.0,indirecta,27425.0,9_pseudohuerfanas,3
526411,9,informativa,185018,8,3.6620197396306425e-05,27.5,0.0010027347310847,482.5,27.5,directa,27425.0,9_pseudohuerfanas,3
526681,9,no informativa,236580,2,0.0,13729.0,0.5006016408386509,184660.5,13729.0,indirecta,27425.0,9_pseudohuerfanas,3
532785,9,informativa,185018,15,0.0001586875220506,53.5,0.001950774840474,1027.5,53.5,directa,27425.0,9_pseudohuerfanas,3
535448,9,informativa,236580,14,3.6184242665398014e-05,84.5,0.003081130355515,1681.5,84.5,directa,27425.0,9_pseudohuerfanas,3
542965,9,no informativa,236580,4,0.0,14023.5,0.5113400182315405,186843.5,14023.5,indirecta,27425.0,9_pseudohuerfanas,1
545991,9,no informativa,236580,24,0.0,14222.0,0.5185779398359162,189235.5,14222.0,indirecta,27425.0,9_pseudohuerfanas,3
550394,9,no informativa,240045,2,0.0,13717.0,0.5001640838650866,184331.5,13717.0,indirecta,27425.0,9_pseudohuerfanas,3
552549,9,no informativa,185018,5,0.0,13912.5,0.5072926162260711,188120.0,13912.5,indirecta,27425.0,9_pseudohuerfanas,3
555791,9,no informativa,236580,3,0.0,13808.5,0.5035004557885141,185682.5,13808.5,indirecta,27425.0,9_pseudohuerfanas,1
557675,9,no informativa,236580,6,0.0,13773.5,0.5022242479489517,185395.5,13773.5,indirecta,27425.0,9_pseudohuerfanas,1
561744,9,no informativa,6302,222,0.0,14168.0,0.5166089334548769,191775.0,14168.0,indirecta,27425.0,9_pseudohuerfanas,1
562947,9,informativa,179876,4,0.0003322022120809,4.0,0.0001458523245214,93.0,4.0,directa,27425.0,9_pseudohuerfanas,1
565724,9,informativa,185018,6,7.49842137162465e-05,24.5,0.0008933454876937,517.5,24.5,directa,27425.0,9_pseudohuerfanas,3
571449,9,no informativa,185018,9,0.0,14295.5,0.5212579762989973,188882.5,14295.5,indirecta,27425.0,9_pseudohuerfanas,3
574214,9,informativa,179876,7,0.0003322022120809,3.0,0.000109389243391,73.0,3.0,directa,27425.0,9_pseudohuerfanas,1
576060,9,no informativa,185018,2,0.0,13933.0,0.5080401093892434,184688.0,13933.0,indirecta,27425.0,9_pseudohuerfanas,1
577979,9,no informativa,236580,6,0.0,14072.5,0.5131267092069279,187720.5,14072.5,indirecta,27425.0,9_pseudohuerfanas,3
584318,9,no informativa,185018,2,0.0,13714.0,0.5000546946216955,184289.0,13714.0,indirecta,27425.0,9_pseudohuerfanas,3
587817,9,no informativa,185018,3,0.0,13956.5,0.5088969917958067,185074.5,13956.5,indirecta,27425.0,9_pseudohuerfanas,3
589028,9,no informativa,236580,4,0.0,14022.0,0.511285323609845,186854.5,14022.0,indirecta,27425.0,9_pseudohuerfanas,1
589443,9,informativa,128522,239,0.0001254352857239,433.0,0.0157885141294439,9430.0,433.0,indirecta,27425.0,9_pseudohuerfanas,2
590139,9,informativa,236580,23,0.0003452761468794,72.5,0.0026435733819507,847.5,72.5,directa,27425.0,9_pseudohuerfanas,1
596048,9,informativa,240045,3,0.0004628593627902,5.0,0.0001823154056517,71.0,5.0,directa,27425.0,9_pseudohuerfanas,1
596618,9,informativa,185018,2,7.411230425442967e-05,10.5,0.0003828623518687,66.5,10.5,directa,27425.0,9_pseudohuerfanas,1
598280,9,informativa,185018,15,8.719094618168197e-05,40.5,0.0014767547857793,1004.5,40.5,directa,27425.0,9_pseudohuerfanas,3
599137,9,informativa,236580,8,7.454825898533808e-05,36.5,0.0013309024612579,570.5,36.5,directa,27425.0,9_pseudohuerfanas,3
601620,9,no informativa,236580,18,0.0,14179.5,0.5170282588878761,188576.5,14179.5,indirecta,27425.0,9_pseudohuerfanas,3
607285,9,no informativa,236580,3,0.0,13748.0,0.5012944393801276,184944.0,13748.0,indirecta,27425.0,9_pseudohuerfanas,3
619094,9,no informativa,185018,3,0.0,13797.5,0.5030993618960802,184737.5,13797.5,indirecta,27425.0,9_pseudohuerfanas,3
620990,9,no informativa,185018,17,0.0,14427.5,0.5260711030082041,191281.0,14427.5,indirecta,27425.0,9_pseudohuerfanas,3
626363,9,informativa,236580,23,8.195948941078105e-05,74.5,0.0027164995442114,1469.5,74.5,directa,27425.0,9_pseudohuerfanas,2
626616,9,no informativa,185018,11,0.0,14181.0,0.5170829535095716,189416.0,14181.0,indirecta,27425.0,9_pseudohuerfanas,3
629121,9,no informativa,236580,4,0.0,14272.5,0.5204193254329991,188501.5,14272.5,indirecta,27425.0,9_pseudohuerfanas,3
634442,9,no informativa,236580,15,0.0,13896.5,0.5067092069279854,187277.5,13896.5,indirecta,27425.0,9_pseudohuerfanas,3
638040,9,no informativa,236580,4,0.0,13772.0,0.5021695533272561,185352.0,13772.0,indirecta,27425.0,9_pseudohuerfanas,3
642709,9,no informativa,236580,2,0.0,13981.0,0.5097903372835004,186178.0,13981.0,indirecta,27425.0,9_pseudohuerfanas,1
659290,9,no informativa,236580,4,0.0,14048.0,0.5122333637192342,186616.0,14048.0,indirecta,27425.0,9_pseudohuerfanas,1
666750,9,informativa,236580,5,0.0001172718226143,10.5,0.0003828623518687,112.5,10.5,directa,27425.0,9_pseudohuerfanas,3
668890,9,no informativa,185018,2,0.0,13724.0,0.500419325432999,184396.0,13724.0,indirecta,27425.0,9_pseudohuerfanas,1
671391,9,informativa,355820,377,0.0003980538866539,454.5,0.0165724703737465,9168.5,454.5,indirecta,27425.0,9_pseudohuerfanas,3
678018,9,no informativa,236580,3,0.0,13755.5,0.5015679124886053,184904.5,13755.5,indirecta,27425.0,9_pseudohuerfanas,3
678562,9,informativa,236580,6,0.0001268628266943,27.5,0.0010027347310847,410.5,27.5,directa,27425.0,9_pseudohuerfanas,3
680012,9,no informativa,185018,4,0.0,14022.0,0.511285323609845,186867.0,14022.0,indirecta,27425.0,9_pseudohuerfanas,1
684605,9,no informativa,37269,9,0.0,13715.5,0.5001093892433911,184470.5,13715.5,indirecta,27425.0,9_pseudohuerfanas,2
692456,9,no informativa,236580,2,0.0,13766.0,0.501950774840474,185527.5,13766.0,indirecta,27425.0,9_pseudohuerfanas,1
696393,9,no informativa,236580,6,0.0,14066.0,0.5128896991795807,187647.5,14066.0,indirecta,27425.0,9_pseudohuerfanas,3
700332,9,no informativa,236580,6,0.0,14099.5,0.5141112123974476,188036.5,14099.5,indirecta,27425.0,9_pseudohuerfanas,3
702082,9,no informativa,284885,3,0.0,13726.5,0.500510483135825,184532.5,13726.5,indirecta,27425.0,9_pseudohuerfanas,2
705943,9,no informativa,311009,3,0.0,13727.0,0.5005287146763902,184473.0,13727.0,indirecta,27425.0,9_pseudohuerfanas,2
707671,9,no informativa,185018,5,0.0,13786.5,0.5026982680036463,185353.0,13786.5,indirecta,27425.0,9_pseudohuerfanas,1
708401,9,no informativa,185018,2,0.0,13975.5,0.5095897903372835,185326.5,13975.5,indirecta,27425.0,9_pseudohuerfanas,1
720391,9,informativa,236580,11,0.0002968851717486,24.5,0.0008933454876937,537.5,24.5,directa,27425.0,9_pseudohuerfanas,3
725152,9,no informativa,185018,2,0.0,13975.5,0.5095897903372835,185326.5,13975.5,indirecta,27425.0,9_pseudohuerfanas,3
729528,9,no informativa,236580,7,0.0,14044.5,0.512105742935278,187036.5,14044.5,indirecta,27425.0,9_pseudohuerfanas,3
729722,9,informativa,236580,8,0.0004032581260902,23.5,0.0008568824065633,399.5,23.5,directa,27425.0,9_pseudohuerfanas,1
730415,9,no informativa,236580,11,0.0,13951.5,0.508714676390155,189260.5,13951.5,indirecta,27425.0,9_pseudohuerfanas,1
733883,9,no informativa,236580,2,0.0,13770.5,0.5021148587055606,185264.5,13770.5,indirecta,27425.0,9_pseudohuerfanas,3
734309,9,no informativa,236580,20,0.0,13998.0,0.5104102096627166,188576.5,13998.0,indirecta,27425.0,9_pseudohuerfanas,3
735097,9,informativa,236580,18,0.0002942694433631,87.5,0.0031905195989061,1091.5,87.5,directa,27425.0,9_pseudohuerfanas,1
740704,9,no informativa,240045,6,0.0,13939.0,0.5082588878760256,184838.0,13939.0,indirecta,27425.0,9_pseudohuerfanas,3
740961,9,no informativa,185018,3,0.0,13756.0,0.5015861440291705,184960.0,13756.0,indirecta,27425.0,9_pseudohuerfanas,1
743245,9,informativa,236580,6,3.6184242665398014e-05,36.5,0.0013309024612579,833.5,36.5,directa,27425.0,9_pseudohuerfanas,1
743269,9,no informativa,240045,3,0.0,13985.5,0.509954421148587,185392.5,13985.5,indirecta,27425.0,9_pseudohuerfanas,3
753194,9,no informativa,240045,3,0.0,13790.5,0.5028441203281677,185590.5,13790.5,indirecta,27425.0,9_pseudohuerfanas,3
753782,9,no informativa,236580,5,0.0,13971.5,0.5094439380127621,185445.0,13971.5,indirecta,27425.0,9_pseudohuerfanas,3
765716,9,informativa,185018,4,7.672803263988013e-05,20.5,0.0007474931631722,369.5,20.5,directa,27425.0,9_pseudohuerfanas,1
767265,9,informativa,236580,4,0.0001604313409742,16.5,0.0006016408386508,210.5,16.5,directa,27425.0,9_pseudohuerfanas,1
769531,9,no informativa,185018,5,0.0,14048.0,0.5122333637192342,186433.0,14048.0,indirecta,27425.0,9_pseudohuerfanas,1
782392,9,no informativa,378399,106,0.0,13981.5,0.5098085688240657,189724.0,13981.5,indirecta,27425.0,9_pseudohuerfanas,2
783248,9,informativa,185018,4,3.792806158903165e-05,24.5,0.0008933454876937,293.5,24.5,directa,27425.0,9_pseudohuerfanas,3
784774,9,no informativa,185018,3,0.0,13798.0,0.5031175934366454,186331.0,13798.0,indirecta,27425.0,9_pseudohuerfanas,3
786116,9,no informativa,236580,4,0.0,14227.0,0.5187602552415679,187031.5,14227.0,indirecta,27425.0,9_pseudohuerfanas,1
787738,9,no informativa,185648,2,0.0,13717.0,0.5001640838650866,184347.5,13717.0,indirecta,27425.0,9_pseudohuerfanas,2
793748,9,informativa,236580,27,3.792806158903165e-05,328.5,0.0119781221513217,4464.5,328.5,directa,27425.0,9_pseudohuerfanas,3
795990,9,informativa,236580,8,0.000199667266756,25.5,0.000929808568824,397.5,25.5,directa,27425.0,9_pseudohuerfanas,1
798160,9,informativa,185018,19,0.000271163842625,79.5,0.0028988149498632,994.5,79.5,directa,27425.0,9_pseudohuerfanas,1
801399,9,no informativa,236580,3,0.0,13796.5,0.5030628988149498,185742.5,13796.5,indirecta,27425.0,9_pseudohuerfanas,3
803294,9,no informativa,236580,3,0.0,13814.0,0.5037010027347311,186217.0,13814.0,indirecta,27425.0,9_pseudohuerfanas,3
803527,9,informativa,236580,13,7.280444006170443e-05,117.5,0.0042844120328167,1391.5,117.5,directa,27425.0,9_pseudohuerfanas,1
805039,9,no informativa,185018,6,0.0,13843.0,0.5047584320875114,186378.5,13843.0,indirecta,27425.0,9_pseudohuerfanas,1
807532,9,no informativa,240045,5,0.0,13875.5,0.5059434822242479,187549.0,13875.5,indirecta,27425.0,9_pseudohuerfanas,3
808979,9,no informativa,236580,4,0.0,13765.0,0.5019143117593436,185037.5,13765.0,indirecta,27425.0,9_pseudohuerfanas,3
813145,9,informativa,236580,8,0.0001538920200106,25.5,0.000929808568824,499.5,25.5,directa,27425.0,9_pseudohuerfanas,3
813192,9,no informativa,236580,7,0.0,14053.5,0.5124339106654512,187428.0,14053.5,indirecta,27425.0,9_pseudohuerfanas,3
813731,9,informativa,185018,6,0.0004163367680175,24.5,0.0008933454876937,311.5,24.5,directa,27425.0,9_pseudohuerfanas,1
817918,9,no informativa,236580,6,0.0,13931.5,0.5079854147675479,187395.0,13931.5,indirecta,27425.0,9_pseudohuerfanas,1
826264,9,no informativa,185018,5,0.0,13813.5,0.5036827711941659,185969.5,13813.5,indirecta,27425.0,9_pseudohuerfanas,1
